{"latitud": 7.1933, "longitud": -72.4037, "radiacion": [2.6418853269682994, 2.6306875427563994, 2.5769231359163913, 2.5376188490125875, 2.52895534435908, 2.5117198930846323, 2.470662779278225, 2.4865299423535667, 2.498352571328481, 2.541386373837789, 2.588624726401435, 2.544655466079711, 2.5657129605611164, 2.562238789929284, 2.6053423974249097, 2.584916583697001, 2.5321967681248982, 2.5149411771032546, 2.49263930188285, 2.478531894418929, 2.45925206873152, 2.486680087778304, 2.55638536479738, 2.542558011743757, 2.538581621646881, 2.595460228125254, 2.5832244912783304, 2.5715983205371438, 2.5495489041010533, 2.5834213548236424, 2.6062032368448054, 2.619849240779877, 2.6162850353452893, 2.634489609135522, 2.6605016681883074, 2.657830848958757, 2.61610698170132, 2.601389559110006, 2.6480772415796916, 2.686704176002078, 2.635508882999421, 2.6346544358465405, 2.659001113308802, 2.615873013602363, 2.6054025636778935, 2.615479575263129, 2.6440000004238553, 2.6277541571193272, 2.6257461004787017, 2.6422224958737686, 2.6635319868723553, 2.6825766258769566, 2.6699471473693848, 2.7061965319845407, 2.7383088337050547, 2.7212463763025068, 2.6389200210571286, 2.5984016246265838, 2.5788902415169606, 2.5833707451820374, 2.5823311116960315, 2.6126286029815673, 2.5925477531221177, 2.6050174448225234, 2.636822375986311, 2.625914890236325, 2.622088248199887, 2.675787576039633, 2.636771967675951, 2.605392331547207, 2.630266613430447, 2.6543063031302565, 2.6441174017058477, 2.630746971236335, 2.658064077960121, 2.7010349472363795, 2.72709622780482, 2.675717394881779, 2.674541801876492, 2.7039920012156173, 2.7167867687013416, 2.7136049018965824, 2.678309256500668, 2.5948562449879113, 2.5915098031361894, 2.5672437681092157, 2.5865757028261824, 2.663599677880605, 2.656286240948571, 2.65884874396854, 2.7236470646328406, 2.7062197698487176, 2.6936410188674924, 2.7012141585350036, 2.719774378670586, 2.7699573622809517, 2.7396940628687543, 2.7140776607725363, 2.6921833859549635, 2.6873635570208236, 2.7349143067995705, 2.728405427932739, 2.775210675928328, 2.7562146968311736, 2.756244642204709, 2.828600988123153, 2.829045242733425, 2.7552956144015, 2.728803280989329, 2.7507928689320877, 2.741982587178548, 2.7247093333138364, 2.722721825705634, 2.7514938579665285, 2.808406738440196, 2.797114014625549, 2.7904176976945663, 2.7961479200257195, 2.769331991672516, 2.7428773403167725, 2.8242430090904236, 2.821861272388034, 2.795798746744792, 2.867133140563965, 2.8346573975351124, 2.860201036930084, 2.8436526762114624, 2.8272846950425046, 2.883918212519751, 2.884913776980506, 2.9335046185387506, 2.910954552226596, 2.9667977889378867, 2.904730024602678, 2.898596264256371, 2.9070056186781987, 2.8703884151246815, 2.8734579483668017, 2.8977482504314858, 2.9581999301910407, 2.998323747846815, 2.9978639311260644, 2.9889994462331138, 2.9959672119882375, 3.0320465074645155, 3.011366940206951, 2.9833895577324756, 3.001135770479838, 3.050687368710836, 3.0926042450798885, 3.091786156760321, 3.0902090628941856, 3.092245046297709, 3.0950348324245867, 3.0786742554770563, 3.1176830662621398, 3.1608720938364665, 3.1546465979682075, 3.134316953023275, 3.110691769917807, 3.126175196965536, 3.1779405593872068, 3.1440412653817074, 3.1018508354822796, 3.09257816473643, 3.1375109566582577, 3.142271039221022, 3.147752067777846, 3.155403031243219, 3.2071454869376286, 3.173835465643142, 3.140344972080655, 3.1709793355729836, 3.194874400562711, 3.151350518067678, 3.1462470266554092, 3.1840765688154433, 3.202226869265239, 3.181985674964057, 3.1623823907640243, 3.1722532245847916, 3.174284021059672, 3.146809824307759, 3.137354567315844, 3.1525669707192314, 3.1467650281058415, 3.167869443363614, 3.143700914912754, 3.1840624464882747, 3.153499876128303, 3.1570055458280772, 3.140366352929009, 3.137027666303847, 3.1230145825280093, 3.156230849689907, 3.1822278420130417, 3.1518048895729915, 3.1409316513273446, 3.093695855140686, 3.110267771614923, 3.107904680569966, 3.1227711412641734, 3.152211054166159, 3.0613032791349615, 3.128852613766989, 3.0569518778059215, 3.0654594606823395, 3.127604413032532, 3.143213325076632, 3.0390822066201113, 3.0472082535425824, 3.091823940806919, 3.068197014596727, 3.0835435681872903, 3.136416753133138, 3.0888037867016265, 3.0699258632130095, 3.058447888162401, 3.0503849691814846, 2.975375644365947, 2.994398887952169, 3.001141842206319, 2.973880468474494, 2.995626844300165, 3.0223282006051804, 3.0093733045789937, 2.9660945283042057, 2.9456070979436233, 2.946648624208238, 2.9510067065556846, 2.967044777340359, 2.924818972746531, 2.9418995009528266, 2.991408443450928, 2.992722193400066, 2.969237181875441, 2.915895742840237, 2.9651825163099503, 2.909226462576125, 2.9178798913955695, 2.9271922376420765, 2.871312475204468, 2.8779956605699333, 2.8582967095904874, 2.9133964591556123, 2.8699284394582114, 2.905758656395806, 2.9009408301777313, 2.871234548091888, 2.8557429631551106, 2.8796877026557923, 2.9301573276519775, 2.9536958932876582, 2.8831456820170076, 2.8834258437156683, 2.854634728696612, 2.836267917686039, 2.8031877742873292, 2.8406803369522096, 2.841710172759161, 2.85038890308804, 2.8338009913762416, 2.807745183838738, 2.782661114798652, 2.799189888106452, 2.7833183500501844, 2.785561847686768, 2.8064367347293424, 2.7721386604838902, 2.784477048450046, 2.751378118991853, 2.725709078047011, 2.713667009936439, 2.6856281055344478, 2.727205361260307, 2.703819066948361, 2.6614870607852934, 2.670036539766523, 2.69361462328169, 2.7255271871884665, 2.7482220252354943, 2.7046860059102382, 2.6527569664849175, 2.647465794616276, 2.576487750477261, 2.5693764183256356, 2.596329916848076, 2.6315576314926155, 2.6071612636248265, 2.5576978352334767, 2.5963053133752614, 2.578622053729163, 2.5456279913584385, 2.557431101799011, 2.549005634254879, 2.5387669232156544, 2.545599933465321, 2.5114069236649406, 2.5074470056427844, 2.518908678160774, 2.4830812639660302, 2.4598525100284157, 2.4171000772052342, 2.4659713308016458, 2.461742175949945, 2.4558647288216484, 2.4608075731330445, 2.4197011907895405, 2.430319963561164, 2.3825837651888526, 2.4123650484614902, 2.396665929423438, 2.4124511784977387, 2.41970809035831, 2.4378818935818143, 2.456358664565617, 2.469674315717485, 2.4603986753357785, 2.4971164120568177, 2.4725768407185877, 2.4948785371250577, 2.5000747548209303, 2.474775188499027, 2.5028739081488713, 2.5008169558313162, 2.4975370274649724, 2.485015001561907, 2.4732125361760455, 2.463628156979879, 2.475144608815512, 2.5248123473591275, 2.49729088279936, 2.4915410929256017, 2.525435309939915, 2.524183060063256, 2.5194975799984403, 2.5013387468126083, 2.4983901858329776, 2.4865821109877695, 2.520696821477678, 2.5744958016607495, 2.5618715047836305, 2.532256476084392, 2.4797581341531543, 2.524981725215912, 2.5621988534927365, 2.5456564293967356, 2.577633115980361, 2.5500899049970838, 2.488729769653745, 2.5355066749784676, 2.556263181898329, 2.594830102390713, 2.6445226245456266, 2.627600736088223, 2.6196491863992484, 2.6434967226452297, 2.6533031940460203, 2.6134016023741826, 2.617621878782908]}