{"latitud": 1.1388, "longitud": -73.00399999999998, "radiacion": [1.2277594215340084, 1.2281709459092884, 1.2398743900987836, 1.208303390608893, 1.2166853083504572, 1.2177993098894748, 1.2367323405212824, 1.2096500866942943, 1.2396793100568984, 1.244099281893836, 1.221717031796773, 1.2063721067375606, 1.2075777451197307, 1.2314226203494605, 1.2620662649472554, 1.270361339383655, 1.2528640137778388, 1.2507414943642088, 1.2601125458876297, 1.2777585228284203, 1.282045825322469, 1.2841441578335233, 1.30697703493966, 1.3336955202950367, 1.3326651639408535, 1.3369704676998986, 1.356765828529993, 1.3561728139718374, 1.3320808755026923, 1.353610908322864, 1.3225876722070904, 1.3507986307144166, 1.3312443839179149, 1.3403592016961834, 1.3813305636247002, 1.3672286881340872, 1.3444865332709417, 1.3435063759485881, 1.3420826713244123, 1.3692091776265043, 1.3410308043162023, 1.3349377797709565, 1.317642507288191, 1.3296117325623833, 1.32873289320204, 1.3064652694596182, 1.2742272350523207, 1.285244694683287, 1.2662703553835557, 1.2757244461112554, 1.2811413453684912, 1.2570742156770491, 1.2240139895015292, 1.2198618650436401, 1.262977404726876, 1.2699548575613233, 1.247306974066629, 1.2632061236434509, 1.2421508537398447, 1.241968598630693, 1.216744025548299, 1.2308491832680175, 1.1874248464902244, 1.2047941472795278, 1.2150933523972833, 1.1853685008154977, 1.1666806803809269, 1.1582015196482338, 1.1268614113330842, 1.1417059693071574, 1.1283962998125288, 1.1258673701021407, 1.0956923352347483, 1.0806735767258537, 1.064330171214209, 1.0913184636169009, 1.0845242599646248, 1.0819098909695946, 1.0861689812607234, 1.0908661550945706, 1.0805449479156064, 1.0942479716406928, 1.0832577235168885, 1.063340223497814, 1.085045373439789, 1.0558760318491196, 1.038542618354162, 1.0126515534189011, 1.0177834987640382, 1.016588807106018, 1.0191262576315137, 0.9985818770196703, 0.9794497503174675, 0.9903183235062493, 0.9809265885088179, 0.9908095240592955, 0.984902181228002, 0.9687515556812286, 0.9827498853206634, 1.0047490285502543, 1.0037349376413556, 1.004619538784027, 0.9844156099690329, 0.9757096065415277, 0.9646558238400355, 0.9840400848123764, 0.9837445583608414, 0.9894368734624651, 0.9611347814400993, 0.9527517497539523, 0.950022424591912, 0.9892311771710717, 0.969114740027322, 0.9490708563062878, 0.9618180003431106, 0.9770423690478006, 0.980035854710473, 0.9771250824133554, 0.9599366558922661, 0.9451595147450762, 0.9471628242068818, 0.9654498292340173, 0.9479285319646197, 0.9154088073306615, 0.9272010240289901, 0.9357395642333559, 0.9465474148591354, 0.93687185049057, 0.936071025662952, 0.9039716157648301, 0.9423841357231142, 0.9452807996008131, 0.9537542005379995, 0.9259444064564176, 0.9403529935412939, 0.9477235621876184, 0.9428045901987291, 0.9594784597555793, 0.944298905796475, 0.9183408359686536, 0.9265434794955784, 0.9329831699530283, 0.919459142949846, 0.9060291707515716, 0.9201635797818497, 0.9193594164318507, 0.9206181857320997, 0.9200257367557952, 0.9147200538052455, 0.8992843151092532, 0.9286619166533153, 0.9285723083549077, 0.9299202501773834, 0.9068700677818723, 0.9124311367670694, 0.8937974631786351, 0.9115262872642943, 0.9236106243398453, 0.8841639856497445, 0.9029021673732335, 0.9057092520925737, 0.9126248935858406, 0.9122207886642878, 0.9457423501544527, 0.9024945126639471, 0.9007469832897187, 0.8687847442097135, 0.8741710570123463, 0.856890829404195, 0.8428965118196275, 0.8589585416846806, 0.8588662929005094, 0.8168353014522126, 0.8273164139853586, 0.8370195428530375, 0.8645708315902288, 0.8616097635693022, 0.8834207693735759, 0.8485497117042543, 0.8501776973406473, 0.8654552936553954, 0.8515358017550575, 0.8645226048098671, 0.8648304548528459, 0.8847910079691147, 0.8800361249181959, 0.8644391152593824, 0.8557098587354024, 0.8711436020003424, 0.8725020402007635, 0.8449363582664066, 0.8279818428887259, 0.8193799091709982, 0.8510016474458907, 0.8941603885756598, 0.8708458271291519, 0.8662024789386326, 0.8471385902828642, 0.8475899835427603, 0.8468052698506252, 0.8488111231062149, 0.8534456239806278, 0.841949874162674, 0.8184942202435598, 0.8263163851367102, 0.8436497237947251, 0.8729247278637358, 0.8787113308906555, 0.8402162141270108, 0.8437730080551572, 0.8645217882262338, 0.860061733590232, 0.8417101522286733, 0.8241871628496383, 0.8315120902326373, 0.8023349781831106, 0.8061824195914798, 0.844901008076138, 0.8350988772180346, 0.8238969968424903, 0.8369149731265173, 0.8477414197391934, 0.859794882271025, 0.8481608159012263, 0.8542372054523891, 0.8529177659087711, 0.8702712304062312, 0.8743005938000149, 0.8760451893011729, 0.8791026837295958, 0.8764098703861235, 0.8788976417647469, 0.87803196310997, 0.9178274068567486, 0.9096906661987306, 0.8804545309808519, 0.8581139783064525, 0.8491750558217365, 0.8554886599381764, 0.8715698666042747, 0.8742813991175757, 0.8842415743403964, 0.9085060007042355, 0.8868497080273099, 0.8878259009785122, 0.8804996139473383, 0.8599695516957175, 0.860847429434458, 0.8962713665432399, 0.93222881158193, 0.905633905198839, 0.9444948759343887, 0.9520964264869689, 0.9204433778921765, 0.923622628715303, 0.9014238741662769, 0.8528468522760604, 0.8895407199859621, 0.9293003625339932, 0.9268843273321785, 0.8985470838016933, 0.917048575480779, 0.9367277522881826, 0.9045157028569116, 0.9140505810578664, 0.9376441558202108, 0.9274460679954952, 0.9132110397020976, 0.9013664676083458, 0.9073220835791694, 0.9458661536375682, 0.9449687679608666, 0.936294060945511, 0.8951101713710362, 0.8974105185932584, 0.8980389290385776, 0.8791386862595877, 0.911017011271583, 0.9114319543043776, 0.9382259004645878, 0.9238829718695746, 0.9289232148064507, 0.9417277998394437, 0.9443890631198881, 0.9199894818994734, 0.9315812607606254, 0.887711481253306, 0.9402608301904465, 0.9557712740368313, 0.9244658662213222, 0.9080408798323738, 0.9439534670776792, 0.9395513905419243, 0.929265386528439, 0.9348763790395527, 0.9180448227458532, 0.9102407707108394, 0.9405216991901398, 0.9718593511316514, 0.9510705682966444, 0.9182998961872523, 0.93016234503852, 0.9357342693540787, 0.9452397909429338, 0.950178422530492, 0.9833168711927205, 0.9835532274511127, 0.9599000662565235, 0.9529610627227361, 0.9750429305765365, 0.9744113696946042, 0.9892293155193331, 0.9694090969032713, 0.9962718559636006, 1.0284299406740407, 1.013034423192342, 1.0166550775369008, 1.00733691851298, 1.040663160218133, 1.060195897022883, 1.0670831620693213, 1.0431387351618875, 1.0541771345668371, 1.0874682452943591, 1.0904601494471236, 1.0272098925378585, 1.0255572272671591, 1.0281078146563631, 1.030017438199785, 1.065249903334512, 1.081947850518757, 1.0418842706415392, 1.0453079448805915, 1.0808656977282627, 1.0813042329417335, 1.0460137486457823, 1.068798058562809, 1.0757570829656389, 1.1181839691268072, 1.1411764535639022, 1.1307630386617449, 1.1434408187866207, 1.1386530386077036, 1.1741625534163578, 1.1891404728094734, 1.1751832584540054, 1.1867883450455137, 1.2100941565301682, 1.1932383279005692, 1.2046867297755346, 1.1902514927917058, 1.1703755411836838, 1.1832187910874685, 1.2312969048817954, 1.2170350511868797, 1.1914789040883378, 1.1873395442962646, 1.2052625490559474, 1.2216114514403869, 1.2376761138439185]}