{"latitud": 6.6621, "longitud": -73.0596, "radiacion": [3.774764980210198, 3.8231718513700694, 3.802567278014289, 3.7894621796078147, 3.859519635306464, 3.8451722966300124, 3.8974140087763467, 3.808534762594435, 3.8854615132013954, 3.9327142953872687, 3.8814423958460496, 3.8816342883639865, 3.9761334101359047, 3.9997686545054125, 3.959926517804463, 4.065312311384413, 4.125148155954149, 4.06507866912418, 4.113307023048402, 4.152478120062086, 4.125582345326742, 4.141631449593437, 4.047976019647385, 4.109216602643332, 4.172229894002279, 4.154795434739855, 4.225015574031406, 4.177818846702576, 4.238599848747254, 4.310433702998691, 4.29990611076355, 4.256629451115927, 4.19363058673011, 4.248964630232917, 4.230228691630894, 4.240755277209812, 4.294149178928799, 4.3940360572603, 4.3162067227893415, 4.294963383674621, 4.244917927847969, 4.241097153557671, 4.287506800227695, 4.305160360866123, 4.327568324406941, 4.370748631159465, 4.31767131752438, 4.219670024183061, 4.322435429361131, 4.353111545244853, 4.375217633777194, 4.270170352194045, 4.276933802498712, 4.231370393435161, 4.242103611098394, 4.364192088445027, 4.396396499209935, 4.3602816767162755, 4.308951931529575, 4.325615983539158, 4.305097349484762, 4.22303700182173, 4.238030290603637, 4.317979060278998, 4.288387277391221, 4.323026318020291, 4.214582981003655, 4.212256987889609, 4.176943575011358, 4.175024999512567, 4.1168676853179935, 4.152624450789557, 4.163847634527419, 4.204384761386447, 4.117407006687588, 4.06108189423879, 4.015225172042847, 4.020527508523729, 4.124448193444145, 4.116665954060025, 4.045503910382588, 4.106577976544698, 4.1159959236780805, 4.13428795867496, 4.096497297286987, 4.008354579077825, 3.9967105600568984, 3.9385008679495925, 3.9055913474824693, 3.8609284241994217, 3.875533572832744, 3.8814184294806586, 3.8163716263241234, 3.826704457071093, 3.8028535233603584, 3.761956980493334, 3.7884624905056428, 3.839254607094658, 3.8754990948571097, 3.9207319974899293, 3.8046224355697635, 3.809239040480719, 3.713727638456557, 3.783242991235521, 3.7490577061971027, 3.82030967341529, 3.723319745063782, 3.6834332995944563, 3.7241480482949143, 3.723878545231288, 3.691259270244174, 3.647396074401007, 3.553805266486274, 3.4858496480517918, 3.5751142634285826, 3.545147350099351, 3.49171648422877, 3.414825571907891, 3.4388590680228344, 3.4167137808269934, 3.434776255819532, 3.3863454023996993, 3.3418836249245536, 3.361863846249051, 3.36906389925215, 3.3450008418824937, 3.4019496149486965, 3.3123482174343533, 3.2184885038269893, 3.164426143964132, 3.2491507490475975, 3.3386267370647857, 3.2584249681896633, 3.26356967025333, 3.2702512476179333, 3.2691844145456948, 3.235784843232896, 3.119213445981343, 3.195758728186289, 3.1370805369483095, 3.025594880845811, 3.022534361150529, 3.006769131289588, 3.0462951434983148, 3.020969033241272, 3.0131045116318593, 3.1103358030319215, 3.141177323129442, 3.068418856461843, 3.071742741266886, 3.0625534958309597, 2.944290967782338, 2.972468324502309, 2.9322060532040073, 2.9531247244940855, 2.9391956249872844, 2.898329779836866, 2.9510983056492286, 3.003284744421641, 2.9750177303949994, 2.9245150910483466, 2.934357900089688, 2.926584649085998, 3.0411140521367392, 3.0277437369028726, 2.825161417325338, 2.8568878783120053, 2.832833589447869, 2.8688699536853366, 2.87707597679562, 2.913588167561425, 2.8353073226081, 2.8496460689438714, 2.825504575835334, 2.8151018646028305, 2.8008928232722816, 2.728573146131304, 2.670240126715767, 2.7355108737945564, 2.814664551946852, 2.855958641899957, 2.7992920425203116, 2.7223321371608313, 2.8890264285935294, 2.83986030154758, 2.7887903875774804, 2.7741432653533082, 2.818730278809865, 2.9605210794342884, 2.9020883546935194, 2.8218629439671843, 2.8892851286464265, 2.848766018284692, 2.8008789473109776, 2.734861530197992, 2.896505697568258, 3.060571718215943, 2.9284187369876444, 2.9055508865250474, 2.937866030799018, 2.9142715427610617, 2.8829647474818763, 2.824443421098921, 2.9262720558378432, 2.869823001490699, 2.846404744519127, 2.8538097514046563, 2.820422816276551, 2.8456278906928163, 2.8597038785616555, 2.8973809798558547, 2.855314628283183, 2.832893300056458, 2.8749061452017894, 2.791576664977603, 2.8164907217025754, 2.721122935083178, 2.8726020084487067, 2.9553579582108394, 2.958106289969551, 2.8906775130165947, 2.8804866525861956, 2.8782260179519654, 2.867004960113101, 2.8473580625322126, 2.823465821478102, 2.9282641026708807, 2.9392597675323486, 2.8647311435805434, 2.8659219463666274, 2.8466440518697103, 3.0226971613036255, 2.9415963199403556, 2.8336124115520054, 2.7430451671282454, 2.8222525808546277, 2.868346983856625, 2.885486841201782, 2.9290804055002, 2.8678070373005347, 2.76730569601059, 2.9384405003653633, 2.900766525003645, 2.893858161237505, 2.8762098709742223, 2.908951727549235, 2.932064322630564, 2.9125757853190106, 2.944063537650638, 3.0283542553583787, 2.9772195816040035, 2.8968898124165006, 2.8750472254223296, 2.999266280068292, 3.030378878116609, 2.9745929201443997, 2.8985274129443703, 2.985036248630948, 3.0216565476523507, 3.037992575433519, 3.017017273108164, 3.033044219017029, 3.037405461735196, 3.092298685179817, 3.0823680506812203, 3.025825961430867, 3.1280316432317097, 3.065779128339555, 3.0659017139010962, 3.076655477947659, 3.0878770218955154, 3.1273853010601473, 3.199783444404602, 3.204256362385221, 3.242971099747552, 3.1581557194391885, 3.2253178358078, 3.243717024061415, 3.212247289551629, 3.191219238440196, 3.202192661497328, 3.1736178265677553, 3.1306780338287354, 3.1636349625057645, 3.2401925086975094, 3.237878759702047, 3.2175234953562417, 3.261695191595289, 3.190767116016812, 3.2410965522130333, 3.2526096396976047, 3.1633483595318257, 3.2782945262061225, 3.255015550719367, 3.3199808067745633, 3.372429000006781, 3.33460320101844, 3.3449902084138654, 3.315388184123569, 3.345443415641785, 3.391256512535943, 3.3898430188496906, 3.343108815617032, 3.374567336506314, 3.346896685494317, 3.336171685324775, 3.4093505038155456, 3.3666133191850456, 3.3394823259777495, 3.358047731717427, 3.4140392939249673, 3.3688874165217086, 3.3051379521687827, 3.3769470241334703, 3.4162879493501443, 3.41298209561242, 3.363307393921746, 3.4563088761435616, 3.4310706562466096, 3.4690028482013275, 3.4082723670535615, 3.351455349392362, 3.3712285439173377, 3.4067116737365724, 3.3894181119071107, 3.3975287013583704, 3.409049889776442, 3.4560345119900173, 3.499766707420349, 3.3897306707170274, 3.30885496934255, 3.344817884763082, 3.4695105181799994, 3.456783988740709, 3.390459900432163, 3.4719377358754477, 3.6426449060440063, 3.5666027996275154, 3.4637022760179312, 3.4937367492251936, 3.5579687833786013, 3.57130405637953, 3.588544840282864, 3.57043092250824, 3.5634671741061745, 3.5715374363793266, 3.5699374331368343, 3.5552951733271283, 3.550654183493721, 3.5617143498526675, 3.5435148212644783, 3.48148402372996, 3.4627859671910604, 3.4449307468202384, 3.5527916590372723, 3.5918536000781587, 3.6674326287375556, 3.6500362210803563, 3.7210971408420135, 3.7604408820470177]}