{"latitud": -3.9593, "longitud": -70.4855, "radiacion": [0.8147102607621086, 0.8202724085913765, 0.8238164669937559, 0.8621281623840334, 0.8321250544653997, 0.8323650836944582, 0.8374330043792725, 0.8592592987749311, 0.8685358504454294, 0.8464610099792481, 0.8551618046230741, 0.8424332479635873, 0.8497536778450012, 0.8699175662464566, 0.8745086842113068, 0.9006908059120179, 0.8581994679239061, 0.867069438430998, 0.8930978006786772, 0.8949082871278128, 0.9116250316301984, 0.9188856489128537, 0.9131727702087827, 0.9078907820913527, 0.8797158406840428, 0.8927435775597893, 0.9029158115386965, 0.9117948604954615, 0.8997589217291938, 0.8872368872165679, 0.9068889684147305, 0.9020151396592458, 0.9086659146679774, 0.8735773987240262, 0.8846169405513339, 0.9154972308211858, 0.9182439671622382, 0.920831949843301, 0.906879911820094, 0.9074034068319533, 0.9176815986633301, 0.9244141466087764, 0.939808467361662, 0.9220462077193791, 0.8931627763642206, 0.9167396081818474, 0.9328861216704049, 0.9573797716034781, 0.9282098081376815, 0.9305697553687627, 0.8994767884413403, 0.9013534088929491, 0.8967404537730749, 0.8947082453303867, 0.871444891558753, 0.8962082074748143, 0.9100205096933579, 0.9139566514227125, 0.9146603968408371, 0.8995902326371937, 0.9040560060077244, 0.8794483741124474, 0.8963747739791869, 0.8971308516131508, 0.9051111121972402, 0.895014177428351, 0.8778524312708114, 0.8657931096023984, 0.8956702126397024, 0.8730861021412745, 0.8992088701989918, 0.91342021756702, 0.895838053358926, 0.8544374306996662, 0.8635347902774808, 0.9166774862342413, 0.8902510007222496, 0.8827570001284281, 0.8472212599383461, 0.848709531625112, 0.858097227414449, 0.8753399908542633, 0.8612220797273845, 0.8862386080953811, 0.8849480357435016, 0.8884664807054733, 0.9222541146808201, 0.8901903682284887, 0.8999082419607375, 0.8462463001410164, 0.8697400828202566, 0.8842674718962774, 0.8870771434572008, 0.8701984941959385, 0.8900879919528958, 0.8818433225154876, 0.8963049716419641, 0.8707661251227061, 0.8559401134649912, 0.8552473763624824, 0.8891141116619109, 0.9118762751420336, 0.8905187057124245, 0.8953124629126658, 0.8494995680120255, 0.8871069755819109, 0.8748571150832705, 0.8811451574166614, 0.8899890614880456, 0.8793729497326743, 0.9039610293176438, 0.9025435103310477, 0.9051169766320122, 0.9134425295723806, 0.9448520620663959, 0.9367398553424412, 0.9487754424413041, 0.9369208216667176, 0.8895810590849983, 0.8816673060258231, 0.8690227952268389, 0.9051473869217767, 0.8985996272828843, 0.922907191514969, 0.9383867290284899, 0.931217098236084, 0.9252169291178385, 0.8908686359723408, 0.9088929785622488, 0.9167702244387733, 0.9282060510582396, 0.922086842192544, 0.9034771952364182, 0.8654201500945623, 0.874554548660914, 0.8979783958858913, 0.8807886640230814, 0.886189666059282, 0.8987456480662028, 0.9074684361616772, 0.9278935035069785, 0.9056249592039323, 0.8977560182412466, 0.8662638412581553, 0.8881074859036341, 0.8937580108642579, 0.885102312432395, 0.8611293421851265, 0.8296413477924135, 0.833486795425415, 0.876011614004771, 0.9054896030161116, 0.9537308222717709, 0.9038766602675121, 0.8865134729279412, 0.8789216597874959, 0.8857319553693136, 0.9089961939387852, 0.8577595763736303, 0.8560722867647806, 0.8770457711484697, 0.8923436972830029, 0.895918599764506, 0.8862947291798063, 0.8652729776170517, 0.8773237254884506, 0.8727668225765228, 0.8732868081993527, 0.8494938313961029, 0.885858037074407, 0.8759543041388196, 0.8505245288213095, 0.8465333713425531, 0.8624451782968308, 0.888103605972396, 0.90409820344713, 0.9028444230556488, 0.8961216820610894, 0.9074829108185241, 0.8975876046551595, 0.8857498910692003, 0.885384112596512, 0.9031358136071103, 0.9188644323084089, 0.9257130232122212, 0.9252470559544035, 0.9428325282202827, 0.9179333243105147, 0.9285577028989791, 0.9383976307180193, 0.953392199012968, 0.9945572952429452, 0.969180470705032, 0.9430807908376061, 0.9301071888870661, 0.9415336966514589, 0.9688447422451444, 1.0029323200384777, 0.9606431656413608, 0.9778560724523332, 1.00055669148763, 0.9733865992890468, 1.0121082590685957, 0.9746607575151658, 0.9919869734181299, 0.989424560467402, 0.9764759500821433, 0.9815970639387768, 1.0029509676827326, 1.0417904675006868, 1.0499607953760355, 1.0593248499764334, 1.0567699915832942, 1.039499190780852, 1.0485074884361694, 1.0345994055271144, 1.025314472781287, 1.0243343803617688, 1.0200634035799239, 1.0206399559974668, 1.0539460910691159, 1.0310420234998066, 1.0393461452590096, 1.0196759952439203, 1.0207680536641017, 1.0425275080733825, 1.0444728102948937, 1.0486545277966395, 1.0435339781973096, 1.0353921002811857, 1.0800387601057686, 1.0529477225409616, 1.0775225599606835, 1.0700375907950932, 1.079220543967353, 1.125259702735477, 1.099450859758589, 1.0932478553718992, 1.0370993534723916, 1.0625102579593662, 1.0873822000291613, 1.090189448992411, 1.0562455389234753, 1.0510615977976057, 1.0474124179946056, 1.044957414600584, 1.0417579465442237, 1.0631260699696012, 1.0386001586914062, 1.0489248507552673, 1.0792320231596628, 1.0651460813151468, 1.0335654642846845, 1.0224153664377005, 0.9998526791731513, 1.0099376791053347, 1.024416283104155, 1.055447904931174, 0.971314389838113, 0.9728558970822228, 0.997529570923911, 1.0013376620080738, 1.0165884534517924, 0.9753348463111458, 0.9617730524804857, 0.9651833918359548, 0.9706477476490872, 0.9668699781099953, 0.9478742056422762, 0.9463288896613652, 0.9507043666309783, 0.9605500790807935, 0.976929832167096, 0.9685779538419513, 0.9054007689158122, 0.9360597206486597, 0.9362744086318546, 0.9463712427351206, 0.9308412525388929, 0.9191541320747797, 0.9369237071937984, 0.9477266781859929, 0.9391247603628372, 0.9211789853043025, 0.9046737260288663, 0.8873959839344027, 0.8804550733831192, 0.9051317652066548, 0.874425196647644, 0.8564835336473253, 0.9090231014622582, 0.8957914703422126, 0.8792253189616733, 0.8643371045589449, 0.8520707229773202, 0.8483333627382915, 0.8702109032207064, 0.8811104820834267, 0.8664206809467739, 0.8375452644295162, 0.8611076805326672, 0.8587397429678175, 0.846905501683553, 0.8183748516771527, 0.8321232987774744, 0.8134885867436727, 0.8368262317445545, 0.8331105232238768, 0.8211692810058596, 0.8143957608275944, 0.8090643909242418, 0.807251363992691, 0.8249887148539227, 0.8228557454215154, 0.8143250842889148, 0.8223431229591371, 0.8036755879720054, 0.7908142811722226, 0.7942659629715813, 0.801288413339191, 0.7918811748425169, 0.8291728695233663, 0.7934138907326594, 0.7955184181531268, 0.7890519314342074, 0.774823170900345, 0.7777683549457125, 0.7986926860279507, 0.8088551289505429, 0.8079194664955138, 0.7847197228007846, 0.7753736039002739, 0.7842146502600776, 0.7970854726102617, 0.7851104259490967, 0.8008495118882921, 0.810677910513348, 0.7947474234633978, 0.7882717318005031, 0.816305093632804, 0.8255142344368828, 0.82016224861145, 0.8295753889613681, 0.8176921288172402, 0.7976017541355556, 0.7688077323966556, 0.7660816272099812, 0.8244212951925064, 0.8136336677604253, 0.8094160854816437, 0.7947244955433739, 0.8041497018602158, 0.8223381684886083, 0.8423759440581003, 0.7990446547667185, 0.7935370067755381, 0.8134980201721193, 0.8114039414458804, 0.8417103383276197, 0.814130613538954]}