{"latitud": 2.6292, "longitud": -68.5288, "radiacion": [1.0826464944415626, 1.0684588505162134, 1.0762133532100249, 1.095059915383657, 1.1084781514273747, 1.0817474769221411, 1.1060759683450065, 1.1246838013331093, 1.1350339611371358, 1.1680024451679656, 1.1407502008808978, 1.119145480129454, 1.1273570603794523, 1.1262935459613799, 1.175519825352563, 1.1487714144918655, 1.1436884727742935, 1.1415531006124293, 1.1586189091205594, 1.1876280963420867, 1.1786319832007093, 1.2002372834417552, 1.1793209360705486, 1.1953361630439756, 1.2178911434279553, 1.231639825635486, 1.211073448922899, 1.229860809776518, 1.208930061923133, 1.2408582985401155, 1.2375858426094057, 1.2162745409541662, 1.2136786235703367, 1.246850476000044, 1.2725881907675005, 1.2583401335610287, 1.2636420004897648, 1.2463390403323698, 1.275558128621843, 1.3023036473327207, 1.2712634053495193, 1.2625817557175951, 1.3039963649378883, 1.2825956589645804, 1.3001294010215334, 1.2780380772219766, 1.269597789976332, 1.2599552922778663, 1.2484403961234625, 1.2713271266884274, 1.2646841188271838, 1.2546493073304494, 1.2452685104476078, 1.2707595970895553, 1.2786018941137527, 1.2763865384790636, 1.2753552933533983, 1.2635160353448651, 1.2988885316583845, 1.291588874657949, 1.2747590998808542, 1.2575665341483222, 1.264970322450002, 1.2613159232669406, 1.2415744821230568, 1.2384387751420338, 1.2272146277957496, 1.2344962424702113, 1.2045078429910874, 1.2433490355809533, 1.2064195692539215, 1.21693735188908, 1.1928772668043768, 1.1854738553365074, 1.1989992115232686, 1.2155900610817805, 1.212243005964491, 1.1834012296464707, 1.2071056193775596, 1.2230184766981336, 1.2300078696674765, 1.1693919963306854, 1.174838600556056, 1.1714915116628009, 1.1771305739879605, 1.1695610523223872, 1.141041502687666, 1.1159274942345092, 1.1127255207962456, 1.1024775167306264, 1.0861158099439407, 1.085823808113734, 1.0819750712977518, 1.0847761346234217, 1.0878442996078068, 1.0738961047596398, 1.064976761076185, 1.047622883319854, 1.0560592154661814, 1.0507410910394457, 1.041712293359968, 1.0474616971280841, 1.0255569312307573, 1.016767935620414, 1.0384278655052188, 1.0318467570675744, 1.027164191007614, 1.0233262134922876, 1.0348778989579943, 1.037687368525399, 1.01768487824334, 1.0020652910073597, 0.9874053862359787, 0.9943468074003853, 0.9982175568739574, 0.9737565471066367, 0.9740838759475284, 0.9544273091687097, 0.9477560434076521, 0.955737680196762, 0.941115284628338, 0.9407197018464407, 0.922681164741516, 0.9308558682600658, 0.9216289997100829, 0.914903591076533, 0.9431183934211731, 0.9079567253589632, 0.9002549469470978, 0.8965636187129552, 0.9213409357600746, 0.9268519951237569, 0.9130228612158037, 0.8795896470546726, 0.8887472477224141, 0.9073692335022819, 0.9076862037181853, 0.8868931207391952, 0.8804600715637209, 0.8791454229089949, 0.8820873830053539, 0.8611480991045634, 0.8528402149677277, 0.8771769510375131, 0.867587572336197, 0.8985713137520688, 0.8776868555280899, 0.8820724348227179, 0.8734644929567974, 0.8682629287242891, 0.8763991130722895, 0.8542083667384256, 0.8589048743247986, 0.8549661027060615, 0.8458203931649525, 0.8536561151345571, 0.8579289284017352, 0.8142778827084437, 0.8260835746924081, 0.8387957208686404, 0.8486387193202972, 0.8245384732882183, 0.8234510752889846, 0.8310727139314015, 0.8012122101253935, 0.7988398684395683, 0.7831165896521676, 0.7859737839963702, 0.786804238292906, 0.8005020558834076, 0.800675172275967, 0.7997780859470368, 0.7841834578249189, 0.7815114266342587, 0.7926182488600414, 0.8269776271449195, 0.7934734503428142, 0.8095363822248248, 0.8006267540984684, 0.8119161446889241, 0.7902207149399652, 0.7709063172340392, 0.8122302929560344, 0.8188189069430033, 0.821158390574985, 0.8034402436680264, 0.8049903359678057, 0.7926817145612503, 0.8001709792349073, 0.8050018184714848, 0.7975575023227268, 0.7874528110027312, 0.8052280757162307, 0.7989282157686022, 0.7930085546440546, 0.8232453472084469, 0.8242063462734223, 0.8320073770152198, 0.7916623923513625, 0.8116446766588424, 0.8166003326574961, 0.8293719324800702, 0.8074788735972511, 0.8044817414548661, 0.8269267075591619, 0.8410391257868873, 0.818940782546997, 0.8107960349983641, 0.8088788880242243, 0.8199210584163664, 0.8302943925062816, 0.8247349977493287, 0.8390168170134227, 0.8143544607692296, 0.8326365974214346, 0.8166563325458102, 0.8325662970542907, 0.8443739354610443, 0.8615565935770669, 0.8500423199600644, 0.8546342690785728, 0.8762614130973817, 0.858155663808187, 0.8561292853620316, 0.8700289643473097, 0.8744719657633041, 0.8979068107075162, 0.90297455324067, 0.8662035875850252, 0.87731024424235, 0.8565507054328919, 0.8892159627543554, 0.887060245540407, 0.8942183964782292, 0.9052890929910872, 0.9193005051877764, 0.9084644026226467, 0.9072197477022804, 0.9221283581521775, 0.8984939575195311, 0.9112782100836435, 0.9548556685447692, 0.9074897276030648, 0.9155047555764515, 0.9323148892985452, 0.9259138094054329, 0.9465615928173067, 0.9321501301394569, 0.9450569437609778, 0.9573678718672859, 0.9559965292612711, 0.9659836232662206, 0.9590919733047487, 0.9529468913873035, 0.9489786141448552, 0.9319373024834525, 0.9372621105776894, 0.9509198182159002, 0.9530985520945654, 0.9507048745950067, 0.970035102632311, 0.964083624548382, 0.944997567600674, 0.9582616216606562, 0.9499971826871235, 0.9668802711698743, 0.9683588617377806, 0.9568657418092094, 0.9612139165401459, 0.9494654377301531, 0.9619370606210501, 0.9656241191758049, 0.9700475215911865, 0.9754792140589822, 0.9656566248999701, 0.9529132558239833, 0.9490679462750751, 0.9565741181373597, 0.9648504237333934, 0.9614042156272466, 0.9359601649973128, 0.9613364928298527, 0.951760912603802, 0.9388859848181407, 0.9207205421394771, 0.9362132787704466, 0.9528800845146178, 0.9625378668308259, 0.9472315980328454, 0.8993730869558121, 0.9133285959561664, 0.9035577310456171, 0.9194928679201336, 0.9019973410500421, 0.8991290529568987, 0.9142058948675792, 0.8891137686040667, 0.9035525388187828, 0.8959239112006293, 0.9165822969542606, 0.8935295701026916, 0.9041241188844044, 0.8826069149706098, 0.8786493798096973, 0.8859744111696881, 0.9036241683695051, 0.9001285764906144, 0.8865355233351391, 0.9085604369640349, 0.8659485439459482, 0.8735577940940856, 0.8846923543347254, 0.8868183083004423, 0.878146857685513, 0.8603548460536533, 0.8605222298039331, 0.8969572411643133, 0.8836451285415224, 0.8630706859959497, 0.8865792870521546, 0.8932877639929456, 0.8944446729289162, 0.9137986203034719, 0.9022123608324263, 0.9049886325995127, 0.8892941315968829, 0.9282129605611166, 0.9365104695161183, 0.9096364306079017, 0.8981719758775503, 0.9082574798001183, 0.9437661250432331, 0.9649317979812624, 0.9657195720407695, 0.9486896163887447, 0.9423212952084009, 0.9566671060191255, 0.9635813421673243, 0.9461713671684263, 0.9577566729651554, 0.9842705031236013, 1.003984167840746, 1.0050924407111275, 1.007753880818685, 1.0003782312075298, 0.996388742658827, 0.9875483373800913, 0.9832389460669623, 1.0102871100107829, 1.035582860973146, 1.021354831589593, 1.0000967906581029, 0.9979135486814711, 1.0267053597503237, 1.04381565451622, 1.066837657822503, 1.051051410039266, 1.0729984316560954, 1.082160162925721, 1.082171856032477]}