{"latitud": 5.9136, "longitud": -76.9912, "radiacion": [1.1371295313040417, 1.1510313835408954, 1.1290159106254578, 1.1383148584100935, 1.1240270535151164, 1.1245221886369923, 1.1114939106835264, 1.1304423047436607, 1.1431234141190847, 1.141364986366696, 1.1445551792780557, 1.1213795204957322, 1.130392229557037, 1.154041373729706, 1.1567926115459866, 1.1597900032997133, 1.1494625283612143, 1.1505076706409454, 1.1422297106848822, 1.162305265665054, 1.1420142630736034, 1.126968187093735, 1.1500587768024868, 1.153957774904039, 1.1649723192056023, 1.162635224395328, 1.148975670337677, 1.1494150420029958, 1.1497691538598798, 1.1699266340997487, 1.148783222834269, 1.1476838860246872, 1.14266708029641, 1.1510572956668008, 1.1459609998597038, 1.1765261835522116, 1.1751876691977186, 1.167281456126107, 1.1572814676496719, 1.1747480081187358, 1.1646467447280882, 1.1701622711287607, 1.1758550624052682, 1.1628047174877587, 1.164106356435352, 1.1822782860861885, 1.1790981133778893, 1.170967218610976, 1.1694439782036676, 1.1826555305057098, 1.1902997003661264, 1.1623720321390365, 1.193576985597611, 1.1859172152148352, 1.2001989093091752, 1.2061866203943892, 1.1856821060180662, 1.1813198679023322, 1.188211903969447, 1.192497449451023, 1.1819466087553236, 1.163389308585061, 1.1823455896642467, 1.1651346438460883, 1.1772985736529031, 1.1737107773621875, 1.1971692588594227, 1.1999933626916681, 1.2192700631088675, 1.1895003457864133, 1.2004899495177799, 1.1727445973290338, 1.1741532034344144, 1.2004717813597783, 1.1849942366282142, 1.1812938829263053, 1.1742205765512255, 1.1821226365036435, 1.1736758616235519, 1.1595647984080841, 1.1682285447915401, 1.1813612169689602, 1.165310470925437, 1.150940289762285, 1.1556144740846424, 1.1475771188735964, 1.1462916771570841, 1.1498821715513872, 1.1557811829778888, 1.1576840870910219, 1.1608397649394144, 1.128554039531284, 1.1353112803565133, 1.173301734526952, 1.18766289750735, 1.1540590763092045, 1.1323507050673165, 1.1437028613355424, 1.1482007410791188, 1.138563639587826, 1.144260918431812, 1.1510291900899676, 1.1575322687625884, 1.155938104788462, 1.1485958695411689, 1.1564035693804424, 1.183878416485257, 1.1556434075037638, 1.1799168798658584, 1.1785156554645966, 1.160500689347585, 1.1585122227668763, 1.1563682556152342, 1.1406182143423294, 1.135713188515769, 1.1415091812610623, 1.137188945213954, 1.1306945641835533, 1.168522584438324, 1.1693259596824646, 1.1775520821412402, 1.1604783846272362, 1.1657808767424687, 1.15606196920077, 1.143994345267614, 1.1628923436005911, 1.163698677221934, 1.1656170970863762, 1.1499171992142996, 1.1613708277543386, 1.181063580513, 1.1751028233104284, 1.177438590261671, 1.1644102692604064, 1.1355774144331616, 1.1754054539733463, 1.1435485111342536, 1.1599112821949855, 1.1475498139858245, 1.1394509507550135, 1.1421948883268567, 1.128105756309297, 1.1560159656736586, 1.166376308600108, 1.1400867475403678, 1.1685584763685866, 1.1725807865460716, 1.1776082919703592, 1.1986840883890786, 1.1845646176073288, 1.2012796070840623, 1.1721785697672098, 1.1524379697110916, 1.1996780660417343, 1.1538190556897066, 1.172727969619963, 1.1729942739009855, 1.1681374450524655, 1.1840475989712613, 1.186317392190298, 1.2166704906357653, 1.1888432933224573, 1.1969526535934878, 1.1902187565962477, 1.1932468089792467, 1.1806672712167103, 1.1750232444869153, 1.1688089377350277, 1.1772635671827534, 1.1954222109582686, 1.1930921018123624, 1.1658341632948985, 1.195155794090695, 1.2116456256972419, 1.205683025386599, 1.2253076381153525, 1.219895005888409, 1.204115506013235, 1.1883915185928344, 1.1945989085568327, 1.2104307737615374, 1.1924822661611767, 1.208332411448161, 1.2168426652749373, 1.2059035208490159, 1.2081615792380438, 1.20576436387168, 1.199189039071401, 1.2045807037088607, 1.2226039290428166, 1.2198627491792047, 1.217351284954283, 1.1997417635387841, 1.2039964311652713, 1.2082287576463486, 1.2291963067319651, 1.228544945187039, 1.210036243995031, 1.2121277994579742, 1.220809258355035, 1.2059988730483586, 1.2188654502232867, 1.219832771354251, 1.2260760009288785, 1.2142714341481524, 1.2176034728686014, 1.2388691319359673, 1.223568439483642, 1.2519908242755469, 1.2607685638798614, 1.254201873143514, 1.2315912697050309, 1.228133981757694, 1.230594280693266, 1.2158123142189454, 1.2156829622056755, 1.22363832394282, 1.2405206998189293, 1.2447711719406975, 1.2154113994704356, 1.220783972740173, 1.21021585199568, 1.213158937295278, 1.2341891368230185, 1.2502646552191836, 1.2470794604884248, 1.2142453405592175, 1.2173494451575806, 1.2487463619973924, 1.240425409211053, 1.2387891530990602, 1.2333482762177785, 1.2276692940129168, 1.2373682750595936, 1.240602374739117, 1.2096004691388875, 1.2099554671181576, 1.2319813887278237, 1.2289400955041252, 1.235873044861688, 1.245856406291325, 1.2255271613597867, 1.2085879140430027, 1.2516900698343907, 1.2280844913588636, 1.2163888083563914, 1.2154794951279957, 1.2100449840227758, 1.2301155620151092, 1.2477224740717145, 1.2164174748791587, 1.2249571998914084, 1.2109569284651018, 1.216417119238112, 1.2459259304735395, 1.2042870899041496, 1.2148944781886204, 1.208300258715948, 1.236589541037878, 1.2118325279818642, 1.1868483748700882, 1.191892119910982, 1.219141225682365, 1.1920129186577268, 1.1734246922863854, 1.1850484311580658, 1.2230311877197686, 1.2105247391594787, 1.1904679358005525, 1.1759785672028853, 1.2068689492013716, 1.2069930805100333, 1.1665594167179532, 1.1729329486687974, 1.188156051768197, 1.2062199433644618, 1.1924997369448347, 1.2086161030663385, 1.1941972149742974, 1.1846251368522642, 1.1680903494358068, 1.1832280106014679, 1.1961295598083075, 1.1930758575598404, 1.2008518437544504, 1.1920267303784686, 1.2182832645045385, 1.2073868062761097, 1.2372966878943974, 1.2067877352237704, 1.2064374109109242, 1.2028064946333572, 1.2133063912391668, 1.2091734972265036, 1.2131668865680698, 1.2202686932351856, 1.232196635007858, 1.2266096499231127, 1.2073294189241193, 1.2285369667741983, 1.2209903326299454, 1.2228950315051605, 1.2207950962914358, 1.2212818960348766, 1.27146776649687, 1.250658418734868, 1.2148706005679235, 1.2334859927495325, 1.2194469041294522, 1.235463760958777, 1.2755942424138387, 1.2377523673905266, 1.211940942207972, 1.2272430611981289, 1.2205758565002018, 1.2405050231350792, 1.2029312928517661, 1.1840932077831694, 1.1992095847924553, 1.2300517234537336, 1.2091748966111073, 1.175247144036823, 1.1617790235413439, 1.170268494553036, 1.2034206529458367, 1.1903125094042881, 1.2030457225110796, 1.1721670356061729, 1.1577217002709705, 1.1736546172036064, 1.1499173263708748, 1.1872530731889939, 1.173663955264622, 1.1716346482435862, 1.1557728747526805, 1.1662625206841364, 1.1592623915937212, 1.175127438041899, 1.1458211335870958, 1.162463812695609, 1.1652879476547238, 1.1989030440648398, 1.185608293612798, 1.1894494122929042, 1.1709052450127073, 1.1429826822545792, 1.1233326898680789, 1.1200998418860966, 1.1315427323182423, 1.1460593826240968, 1.1201508581638333, 1.1350620779726237, 1.1368311789300714, 1.1353977521260576, 1.1454644865459864, 1.1534033589892916, 1.1159419616063433, 1.1335651881164976, 1.1594490468502043, 1.1580299589369039]}