{"latitud": 3.4528, "longitud": -75.2464, "radiacion": [3.7797295954492363, 3.7485188656383097, 3.7500600867801253, 3.7806294971042207, 3.713196876313951, 3.6678463829888237, 3.6920639011594987, 3.6315921598010594, 3.672779574659135, 3.6885697589980233, 3.792390071021186, 3.6847380797068285, 3.7123941553963555, 3.731052287419637, 3.631064070595636, 3.687512335512373, 3.6141608821021194, 3.5786829630533865, 3.6713739169968505, 3.6463072339693707, 3.6357329752710132, 3.575419092178345, 3.485062138239542, 3.5099579877323577, 3.517043206426832, 3.5349240369266934, 3.4672240402963435, 3.3594989498456322, 3.47991400692198, 3.5391394495964064, 3.565168980757395, 3.532037920422025, 3.577427658769819, 3.5407539420657685, 3.5255112820201453, 3.623373730977377, 3.52654679748747, 3.612492852740818, 3.603461338414087, 3.568806784682803, 3.5795956134796136, 3.6373402449819783, 3.6682618233892654, 3.616744037469227, 3.4948603722784255, 3.5196965283817714, 3.5617962333891136, 3.5762517955568094, 3.5352195832464424, 3.5187995341089042, 3.5288474652502266, 3.592963435914782, 3.619536836942037, 3.590254081620111, 3.6175445530149664, 3.647506243652767, 3.648913208643595, 3.5903420779440136, 3.586547075377571, 3.5532234364085724, 3.57470545636283, 3.4765905830595223, 3.513415257136027, 3.4969823439915975, 3.544302132394579, 3.531477836767832, 3.535216426849365, 3.6103159467379253, 3.5335826489660476, 3.5617548598183526, 3.5859421968460077, 3.5932354317771065, 3.6533930354648168, 3.599781280093723, 3.5652440468470257, 3.626543805334304, 3.7265657477908665, 3.685015081034766, 3.7498934441142606, 3.733655883206261, 3.761325380537245, 3.6824052757687045, 3.691642994350857, 3.6791634586122304, 3.674887849224939, 3.6881391949123805, 3.6641982555389405, 3.6948389212290444, 3.70164200729794, 3.7127532071537446, 3.7644194708930123, 3.802199064360725, 3.8572301361295906, 3.9472987810770674, 3.9397067427635193, 3.984715742535061, 3.937625259823269, 3.852685374683805, 3.81976967520184, 3.820693347189161, 3.8615198850631707, 3.9021908097796967, 3.8203390426105925, 3.8637416230307693, 3.9402723709742227, 3.9676326115926113, 3.9346594439612503, 3.9340336216820613, 3.957963305049472, 3.9187137312359277, 3.994727569156223, 4.002211059464348, 3.9787322362263997, 3.999080708291796, 3.953333727518718, 3.9509491165479034, 4.006189097298517, 3.987700071599748, 3.970156449741788, 4.046169016096326, 4.084831076198154, 4.083194515440199, 3.9809709310531622, 3.9926259795824683, 3.960400313801236, 4.066271446810828, 4.056423195203146, 4.0221091111501055, 3.9811472309960254, 4.09866189426846, 4.094910664028592, 4.108941562970479, 4.091216728422377, 3.9881267918480767, 3.9950171682569717, 4.0082482086287605, 4.089927326308357, 4.069929593139225, 4.028656257523431, 4.0412137137519, 4.185986978477902, 4.144439710511102, 4.0927077531814575, 4.088305756780837, 4.211162155204349, 4.13154243098365, 4.094152424070571, 4.1059077978134155, 4.152751845783658, 4.2491943226920235, 4.331693246629503, 4.331095419989692, 4.374791616863676, 4.314450844128927, 4.23683274851905, 4.360467190212674, 4.301155122121175, 4.29622651471032, 4.349743583467272, 4.346641137864855, 4.382385073767767, 4.299864339828491, 4.2812033520804516, 4.288276690906948, 4.2665340609020665, 4.341041318575541, 4.301021692487929, 4.376053267055088, 4.421437687344022, 4.451648264461092, 4.426982026629978, 4.433828330039977, 4.427155545022752, 4.508306916554768, 4.49582699139913, 4.539253979259068, 4.480878694852193, 4.5874282677968345, 4.492797223726908, 4.494603901439242, 4.455897609392802, 4.511024300257365, 4.550858823458354, 4.5349881834454004, 4.5643423292371965, 4.532348354657491, 4.461101338598463, 4.465036461088393, 4.4953740384843615, 4.541018780072531, 4.503159777323404, 4.4800987243652335, 4.4950688282648725, 4.542741574181451, 4.513965238465204, 4.572944916619195, 4.4995281060536705, 4.478465183575948, 4.505104207992553, 4.482339692115784, 4.462136409017774, 4.522828155093723, 4.530568101671007, 4.541718114746941, 4.523829452196757, 4.596592579947576, 4.570868606037564, 4.464398325814142, 4.493570089340209, 4.514023364914789, 4.415359568595887, 4.438920900556776, 4.4148955663045255, 4.453637271457247, 4.551219344139099, 4.52648533185323, 4.6160655313067975, 4.518091509077284, 4.418951988220216, 4.415146671401129, 4.493371918466356, 4.449617560704549, 4.352939751413134, 4.329492078887092, 4.375556103388469, 4.3856064611011085, 4.305222935146756, 4.292845421367222, 4.307548401090834, 4.30147974756029, 4.142328812016381, 4.150372233655717, 4.256017926004199, 4.290804031160142, 4.277681210305956, 4.2510627216762975, 4.1906125307083135, 4.282521565755208, 4.288021413485208, 4.368695301479763, 4.221219481362237, 4.170052866141003, 4.099847891595629, 4.126349282264709, 4.106164240837097, 4.109507197803921, 4.072946015993754, 4.0378854142295, 3.9670299371083573, 4.015484526422289, 4.020617922147115, 4.025227393044364, 4.049321537547641, 3.999610283639696, 3.9310494449403546, 3.9612222684754266, 3.9920982612503892, 3.8487283123864073, 3.890504884719848, 3.800176005893283, 3.8117940717273293, 3.8227228403091424, 3.63761510848999, 3.615706458356645, 3.6982062074873183, 3.5448954926596747, 3.624534598986308, 3.556395873758529, 3.6409654299418137, 3.5946988728311324, 3.5891508830918206, 3.563125982549456, 3.4197315335273744, 3.3595158166355557, 3.402858510282304, 3.477971371014913, 3.4332564844025497, 3.412210480372112, 3.4236508554882477, 3.4661954601605736, 3.477200057771471, 3.3739490601751534, 3.2973030792342293, 3.2337218999862665, 3.216707168685065, 3.2638608760303924, 3.262690642144945, 3.3032518956396317, 3.29095179769728, 3.1309628513124257, 3.220569205284118, 3.204145100381639, 3.1970747470855714, 3.1292729338010155, 3.191126718786028, 3.254921608501011, 3.1984244876437713, 3.1753759092754783, 3.140981348355611, 3.1376850962638856, 3.0776273144616026, 3.2607370667987396, 3.185642513963911, 3.115573145283593, 3.1691757546530828, 3.2626753674613105, 3.350448568662008, 3.3442579044236074, 3.278522225220998, 3.1650711576143906, 3.158513626787398, 3.1915919383366904, 3.1504845778147383, 3.1028198652797276, 3.1416933284865483, 3.1515019827418858, 3.213607394695282, 3.2643303804927406, 3.2056313580936853, 3.3503011253145005, 3.4426175461875075, 3.474153554439544, 3.486512015925513, 3.4896868785222384, 3.5562441507975255, 3.6615967247221204, 3.6605556726455686, 3.6014712201224435, 3.608989156617058, 3.617995352215237, 3.585920923286013, 3.623752742343479, 3.5602772368325124, 3.6096130397584703, 3.6921016467942125, 3.6984379781617065, 3.69238430791431, 3.63431701792611, 3.5627922323015, 3.5630862394968674, 3.5725098583433366, 3.6239761961830985, 3.6404640568627253, 3.474677348136902, 3.5872777448760136, 3.709678909513686, 3.7208615329530503, 3.826105040974087, 3.8348978996276855, 3.7390168375439123, 3.744542360305786, 3.820297805468242, 3.8353822562429642, 3.8806248903274536, 3.8814610057406953, 3.8957219627168445, 3.9103171242607964, 3.973367134730022, 3.95597968366411, 3.8579066779878404]}