{"latitud": 2.4108, "longitud": -68.3378, "radiacion": [1.0738392882876926, 1.0697410656346218, 1.0626157548692496, 1.0868106318844688, 1.0827230340904659, 1.0751032286220126, 1.0871234509680008, 1.1162181827757094, 1.121703500880135, 1.1566926346884834, 1.126644209358427, 1.1171163029140896, 1.1129800425635443, 1.1160494764645894, 1.1613803784052532, 1.1462548216183985, 1.1388002428743578, 1.126852844158808, 1.1502779430813261, 1.1781455424096854, 1.1700724409686198, 1.199489981598324, 1.1656390938493946, 1.1849233064386582, 1.200041641791661, 1.2011343148019582, 1.1931161602338152, 1.2125252286593116, 1.199073010020786, 1.2297976771990458, 1.2181449539131588, 1.2100939459270903, 1.212773276699914, 1.2320847292741142, 1.2586618906921807, 1.2544809142748512, 1.2518345415592194, 1.2340546290079748, 1.2543849825859075, 1.2735473626189762, 1.2592243737644622, 1.2578243215878808, 1.287086711327235, 1.257731933063931, 1.2857751475440138, 1.273935508065754, 1.251988695727455, 1.2544694013065765, 1.2474462171395622, 1.2627334349685244, 1.2663365503152215, 1.232030746671889, 1.2456375810835094, 1.2489883734120257, 1.275184777047899, 1.25515777071317, 1.2494838317235313, 1.2577449348237777, 1.2810490250587465, 1.290646294090483, 1.2683350880940754, 1.239138021071752, 1.2425694876246978, 1.236094071467718, 1.2229853378401865, 1.231108103195826, 1.213443220986261, 1.2215446982118818, 1.1907800336678829, 1.225999946726693, 1.2020295825269496, 1.2115939782725444, 1.1849559062057067, 1.1748951382107204, 1.1965152336491478, 1.2074879725774128, 1.2154951572418213, 1.17319513493114, 1.1805867287847736, 1.2022892289691502, 1.2045085231463117, 1.1614547411600749, 1.1676900307337443, 1.1495750943819685, 1.1656395574410758, 1.1585389845901062, 1.1234549813800392, 1.1127776775095195, 1.104396655162176, 1.0975174837642248, 1.0660060207049051, 1.0927648848957487, 1.0670784102545845, 1.0693740679158106, 1.075590427716573, 1.0650675131214986, 1.0530041270785861, 1.0422199984391527, 1.0408584700690373, 1.0264749228954309, 1.027336041794883, 1.031540064679252, 1.0121831966771022, 1.0065436257256402, 1.0288340118196277, 1.01012175877889, 1.017168303993013, 1.0059559477700126, 1.0287340157561833, 1.0162268810802035, 1.0034208112292817, 0.9994565202130209, 0.973712421125836, 0.9799847589598761, 0.9799731492996216, 0.9704142583741083, 0.9648483501540287, 0.9527286390463511, 0.9463632901509599, 0.9486070182588363, 0.9340464843644037, 0.9276940584182737, 0.9054528640376199, 0.9223825706375974, 0.9229283319579228, 0.915333325995339, 0.9354887915982143, 0.9038924303319719, 0.8888638787799411, 0.8883761809931863, 0.930317573414909, 0.926333538028929, 0.901004805167516, 0.8844059427579244, 0.8794918768935734, 0.9040543629063499, 0.9033381409115261, 0.8850308861997395, 0.8698770569430455, 0.8765987926059298, 0.8712506883674197, 0.856607894765006, 0.8614589830239616, 0.873170304298401, 0.8580962532096438, 0.8909906221760644, 0.8864537550343408, 0.8690527978870605, 0.8611819154686399, 0.858773472574022, 0.8775901350710127, 0.8530493670039707, 0.8444595707787409, 0.8578077342775133, 0.8481173409356012, 0.8372162871890599, 0.8639651702509988, 0.8290742629104191, 0.8406925439834593, 0.8363502999146778, 0.8529837403032513, 0.831604164176517, 0.8310895284016926, 0.8231939825746748, 0.800007141298718, 0.8011680516931744, 0.7784183733993105, 0.7973982049359215, 0.7992155035336812, 0.8022243897120158, 0.8021791643566556, 0.813850424024794, 0.7871231555938721, 0.7839277896616195, 0.7954685105217827, 0.8256132615937126, 0.7994701173570421, 0.82561698489719, 0.8084871974256301, 0.8334411051538254, 0.7910479293929207, 0.7810922046502432, 0.8292590386337704, 0.832504583729638, 0.8257084707419077, 0.8011251303884719, 0.8056716415617201, 0.7910763051774766, 0.8011745810508728, 0.8060218930244445, 0.7957021216551464, 0.7916290773285759, 0.8175108929475149, 0.8028633760081396, 0.795696262518565, 0.823018499215444, 0.8309651182757483, 0.8353822555806901, 0.7940371712048849, 0.8141532791985407, 0.8055101222462125, 0.8324555794397991, 0.8099082105689579, 0.8132665660646227, 0.8276807030042012, 0.8408755693170761, 0.8196699394120112, 0.8102334413263533, 0.820033144288593, 0.8301107837094204, 0.8276521444320678, 0.8234589629703098, 0.8497568117247688, 0.8180320017867618, 0.8266283167733085, 0.8245229211118486, 0.8322243485185835, 0.8543528960810768, 0.8630523297521804, 0.8515177574422625, 0.844215022193061, 0.857256841659546, 0.8574593702952068, 0.8666516443093618, 0.8685988631513384, 0.8741318894757164, 0.8993553870254093, 0.9073163741164737, 0.8523272441493143, 0.8813558518886566, 0.8554189476701947, 0.883469071653154, 0.8821343117290072, 0.8872186104456586, 0.9050034893883595, 0.9106330500708686, 0.9018573343753814, 0.9137525498867035, 0.9147788802782696, 0.8888236357106103, 0.9108592781755659, 0.9400665157371101, 0.9066928598615857, 0.919738362232844, 0.9229374123944177, 0.9256068964799243, 0.9331516649987961, 0.9199111084143321, 0.9373079087999133, 0.9512728750705719, 0.9342124938964845, 0.9711186051368713, 0.9423974911371867, 0.939941436052322, 0.9310639672809174, 0.9263019992245569, 0.9242305563555825, 0.9446186549133726, 0.9505358338356018, 0.9570231484042272, 0.959552292029063, 0.9527566154797871, 0.9437012334664662, 0.9497657669915095, 0.9469843738608889, 0.9554850306775835, 0.9575550099213918, 0.9417847798930272, 0.9558994816409215, 0.9371292094389595, 0.949346382750405, 0.9599293079641131, 0.957178685400221, 0.9667029268211791, 0.9582262118657431, 0.9527314364910128, 0.9526741253005134, 0.9485006802611881, 0.9525388134850395, 0.9566133353445267, 0.9220507442951204, 0.955638970269097, 0.9538574523395962, 0.936701691150665, 0.9192966692977483, 0.9254715846644507, 0.9490909344620174, 0.9591536197397442, 0.9391835285557644, 0.8962046318584017, 0.8966343641281128, 0.8941109862592486, 0.9175682180457648, 0.902511712577608, 0.8911909805403813, 0.9067523757616679, 0.8778649250666303, 0.9004298077689277, 0.8898008346557619, 0.9042287237114376, 0.8896449446678165, 0.8990428030490875, 0.8788737336794532, 0.8661063161161211, 0.8905751241578, 0.8914025147755943, 0.8850457668304443, 0.8798844979868995, 0.8984148442745208, 0.8665555384423995, 0.8682251996464201, 0.8799960864914785, 0.8764494280020397, 0.871863639354706, 0.8630381868945228, 0.8603197713692986, 0.8793075720469158, 0.8844076646698849, 0.8604931904209986, 0.8681584894657135, 0.8801564143763648, 0.8973294582631852, 0.9098457462257808, 0.8859634538491566, 0.8958245429727767, 0.8848472926351757, 0.9150145086977218, 0.9263376752535498, 0.9063897536860575, 0.8953753855493334, 0.9094358609782325, 0.9406102200349173, 0.9575183543894022, 0.9574868579705554, 0.9473599301444162, 0.9287320931752524, 0.9507987439632416, 0.9510575367344746, 0.9379191199938459, 0.9610016597641842, 0.9695347964763634, 0.9966535462273493, 0.9931068645583258, 1.0050022939840955, 0.993570693996217, 0.9891898711522419, 0.9876318792502087, 0.9743945598602294, 1.0111921946207685, 1.011826531092326, 1.0079856309625834, 0.993879913621479, 0.9827262587017483, 1.0148549874623616, 1.0398658639854854, 1.0536776913536923, 1.0529945035775503, 1.0661756740676034, 1.0779501643445757, 1.0666149821546342]}