{"latitud": 5.3610000000000015, "longitud": -69.75399999999999, "radiacion": [3.8428610960642504, 3.9047285821702746, 3.9263144532839456, 3.995592039161258, 3.953881010744307, 3.934125978416867, 3.896587301625145, 3.805543618732029, 3.797281779183282, 3.778400556246439, 3.913426174057854, 3.9331374115414093, 3.9746443761719594, 4.129960495895811, 4.12512996064292, 4.103596952226427, 4.076685784922706, 4.118365648057726, 4.189214874638452, 4.209359671009911, 4.255758648448521, 4.245479906929864, 4.318260312080383, 4.399507674905989, 4.387462650405036, 4.465083199077182, 4.448739314079284, 4.464589336183336, 4.421413502428266, 4.492144578033024, 4.438768612013923, 4.4498672472106096, 4.335855297247568, 4.446733766131931, 4.603358301851485, 4.60789657831192, 4.7052746878729925, 4.583048363526664, 4.641484832763672, 4.650951210657755, 4.530335426330566, 4.584122106764052, 4.470547376738654, 4.435513712300195, 4.520125403669145, 4.47078900469674, 4.428170300854577, 4.400985153516133, 4.4081778181923745, 4.509474658966064, 4.432098062833151, 4.289729823006525, 4.221432412995232, 4.308494095007578, 4.324390451113384, 4.445570392078824, 4.381032941076491, 4.402711726559533, 4.328380918502808, 4.296168960465326, 4.190115337901646, 4.181518793106079, 4.208247033754985, 4.196394206417931, 4.116658975018395, 3.9680592232280305, 3.9725804196463694, 4.000427479214139, 4.002958537472619, 3.904205013646019, 3.7911287493175934, 3.841212929619683, 3.7169043342272445, 3.6423207985030284, 3.7726903160413108, 3.790548096762764, 3.6755053016874526, 3.5493366201718657, 3.5991456111272178, 3.726549100875855, 3.7594221313794454, 3.7658465623855597, 3.7296009461085, 3.6366191916995576, 3.5239387472470605, 3.419556514422099, 3.320373790793949, 3.2185883482297264, 3.097016327910953, 3.126457933584849, 3.067866171730889, 2.9818171249495613, 2.9013264669312377, 3.0123076862759057, 2.9643976079093086, 2.9178991728358796, 2.910519357522329, 2.897341333495246, 2.938136622640821, 2.9512037621604073, 2.8824797007772656, 2.8377338462405732, 2.7998434729046298, 2.866717244519128, 2.8043961789872913, 2.8049243807792656, 2.8000839908917743, 2.729160092936622, 2.8157955076959396, 2.7405708246760896, 2.7109665287865536, 2.6673911571502678, 2.6676625927289326, 2.717048483424717, 2.6929050763448075, 2.6923241072230866, 2.6150175028377105, 2.6498307387034097, 2.5506941345002914, 2.612105706002977, 2.56906920671463, 2.4836474047766792, 2.450475255648295, 2.4786807152960035, 2.481751400894589, 2.511893774403467, 2.4325655844476493, 2.37785187429852, 2.387553950150807, 2.426491498947144, 2.4771332714292735, 2.4520303454664014, 2.367495789792804, 2.397440085146163, 2.393425707684623, 2.3685347980923126, 2.361545084582435, 2.391744641462962, 2.418933864434561, 2.3515367110570273, 2.3151043295860294, 2.182878363132476, 2.1951739973492086, 2.224759626388549, 2.3058981484837004, 2.2880394405788844, 2.313873019483354, 2.298002033763462, 2.2827562597062854, 2.245370928446452, 2.2210002263387043, 2.2037942568461095, 2.1076896402570937, 2.1414130489031464, 2.0833385189374285, 2.1339770727687406, 2.1346782578362355, 2.0532650709152223, 2.073953372902341, 2.1593731098704865, 2.1588787900076976, 2.065130931801266, 2.0991679430007935, 2.0418538901540972, 2.000807522402869, 1.9674564361572262, 1.865727313359578, 1.8628441876835293, 1.8647414379649696, 1.9983218696382317, 1.8173097451527909, 1.8873716380861074, 1.7756736119588215, 1.8281924035814072, 1.8024524516529503, 1.8233884546491834, 1.8766249643431772, 1.8801382846302461, 1.930949566099379, 1.9659186270501878, 1.9086832470364037, 1.8603632304403508, 1.797833417521583, 1.8506901039017567, 1.860251826710171, 1.9362268434630503, 1.9085754394531247, 1.8844312409559887, 1.8514290756649439, 1.822150349617005, 1.8447614159848953, 1.87636513710022, 1.8026869422859617, 1.9236250427034165, 1.9456672085656057, 1.979971566465166, 1.9976922988891606, 1.9083564943737457, 1.9295895457267764, 1.9770403345425924, 1.9752595053778756, 1.9619207693470855, 1.866090227497949, 1.8577541410923006, 1.9132814182175533, 1.7919204705291316, 1.8135919809341434, 1.7717763741811117, 1.8100858794318304, 1.699557062652376, 1.8059536774953209, 1.7953937802049855, 1.7861900819672483, 1.8204986373583474, 1.7813662608464556, 1.8222607877519401, 1.8544668906264832, 1.8965976258118953, 1.8851095000902813, 1.9362721469667221, 1.9254110389285615, 1.8635303232404923, 1.9450535774230955, 1.9215175721380444, 1.9552498565779788, 1.8863477071126311, 2.007913866970274, 1.956344882647197, 2.000385709603627, 2.0570240113470284, 1.9735644631915623, 1.9963690016004776, 2.0633186578750604, 2.0288802504539487, 2.0943053033616805, 2.0991378161642285, 2.116878521442414, 2.1440414110819503, 2.162050449848175, 2.108025568061404, 2.1654371427165136, 2.3088068233595958, 2.2486877017550992, 2.299462027019924, 2.3300316360261704, 2.3981291731198624, 2.3246464418040382, 2.283305744330088, 2.360858286751641, 2.367025611135695, 2.4231037126647097, 2.4693086610900035, 2.487766040696038, 2.496635981400807, 2.5373639080259536, 2.4904946751064725, 2.4345947835180497, 2.438497871822781, 2.4295550929175485, 2.555725105603537, 2.5183155086305407, 2.488296751181285, 2.5146444638570156, 2.5187685237990487, 2.5681553853882684, 2.583265454239315, 2.6220271746317545, 2.5991542418797806, 2.6508510854509146, 2.6395157906744213, 2.6191073411040837, 2.5961025118827816, 2.5675904989242544, 2.5394693533579504, 2.576330426004198, 2.606394819418589, 2.5325803399085998, 2.4903207408057324, 2.513568321863811, 2.5545039759741885, 2.622725774182213, 2.600549198521508, 2.6448462181621126, 2.7431944217946795, 2.6587361123826767, 2.692490612135993, 2.6531256477038068, 2.614055077234904, 2.7907065431276954, 2.760757320457035, 2.664457534419166, 2.6829064170519517, 2.7292146484057107, 2.6813637402322548, 2.728177691830529, 2.6652879344092466, 2.530110167132484, 2.6208399799135003, 2.7118768983417088, 2.7167116721471154, 2.56753308640586, 2.4890663690037194, 2.620980895227856, 2.638553149170346, 2.6123007522688977, 2.74917498032252, 2.7800239827897815, 2.661987821261088, 2.7276250627305774, 2.7417998380131188, 2.7753530740737915, 2.719664637247721, 2.7214259545008352, 2.8029627349641593, 2.8696724229388764, 2.8568682193756096, 2.8223840819464794, 2.7023358649677705, 2.7569385303391356, 2.8666126834021672, 2.8341776940557692, 2.7897542185253577, 2.846535140938229, 2.928395024935405, 2.9271908945507477, 2.865701495276557, 2.9108577065997654, 2.8888148334291244, 2.8643826948271855, 2.925039276811812, 2.967897733052571, 2.9579840938250235, 2.9742872145440846, 3.0129482891824506, 3.0757564134067965, 3.042773805724249, 3.0466021617253625, 3.06050360997518, 3.1241155028343197, 3.2431673672464165, 3.303397230307261, 3.3676373932096695, 3.3352733572324116, 3.359436080190871, 3.3730002217822608, 3.444405109352536, 3.547516918182373, 3.5326205783420144, 3.5766804456710815, 3.623475432395935, 3.5534771309958564, 3.5357658214039276, 3.5160618225733438, 3.5502158337169214, 3.5693668272760184, 3.5878908236821494, 3.6476014812787376, 3.787806369198693, 3.8154814879099526, 3.7904633283615112]}