{"latitud": 3.2976, "longitud": -71.7631, "radiacion": [2.009554538461897, 2.035826461844974, 2.068892824649811, 2.04811358584298, 2.052878481811947, 2.0225463178422713, 2.052788249651591, 2.0512145373556354, 2.06035276916292, 2.0586252424452036, 2.0206152889463636, 2.047019692262014, 2.0527194592687814, 2.0679806934462643, 2.108255865176519, 2.085771086480882, 2.0661637663841246, 2.0800493783420992, 2.112768061293497, 2.100140737162697, 2.1248324354489654, 2.1720716887050213, 2.172133521238963, 2.1600051164627074, 2.1425968183411492, 2.172589053710302, 2.185648744636112, 2.181529119279649, 2.1857114195823666, 2.204549364248912, 2.194046197997199, 2.1912726097636743, 2.192669883701537, 2.205832269456652, 2.224827823374006, 2.2520736071798537, 2.2532811337047156, 2.2357047120730074, 2.2316077722443475, 2.2213383118311563, 2.226000609662797, 2.2266118486722317, 2.2280265861087383, 2.2076812929577296, 2.240369282828437, 2.1877950337198047, 2.1814562519391374, 2.206228941016727, 2.1752722369299993, 2.1842599617110365, 2.1875314633051555, 2.1665909541977775, 2.1483991901079817, 2.1372101969189115, 2.200102555751801, 2.203020942211151, 2.1804002788331776, 2.167717654175228, 2.185352432727814, 2.1603682756423948, 2.1024370723300514, 2.1504837632179257, 2.0979346606466502, 2.103837209277683, 2.090233262379964, 2.062330338027742, 2.062769816981422, 2.06436267958747, 2.038508847024706, 2.043704190519121, 2.0100097027089863, 2.0066645661989844, 1.956146474017037, 1.9655107299486796, 1.956341996457842, 1.9559964842266506, 1.9449979378117457, 1.9585666755835216, 1.9457165784305996, 1.971690889199575, 1.9424534334076775, 1.929073839717441, 1.9139624171786842, 1.889149132039811, 1.9130937258402507, 1.859305999676387, 1.8297126240200463, 1.8130367086993324, 1.7498866001764934, 1.7741474568843845, 1.725405162572861, 1.6584517843193474, 1.6741242878966867, 1.6958304431703357, 1.665760787990358, 1.662850880622864, 1.6311718834771052, 1.6437349418799088, 1.6447318593660984, 1.634578651189804, 1.5980350236097969, 1.5771612650818296, 1.5680882957246567, 1.6130715966224667, 1.593243079715305, 1.6106355819437237, 1.5860082407792404, 1.5365531497531466, 1.5798561678992378, 1.5883445315890843, 1.5547576288382217, 1.543626289897495, 1.5405683994293211, 1.5207114458084108, 1.5336669703324632, 1.506036321984397, 1.4856928083631722, 1.484668952888913, 1.4802922056780925, 1.5063713451226552, 1.5108621795972186, 1.4542617725001443, 1.4279255178239616, 1.4151581585407254, 1.4437677476141184, 1.4750665883223213, 1.4629669911331604, 1.4179960495895811, 1.4040918416447112, 1.4038456949922777, 1.4423614660898842, 1.4491012844774451, 1.4240955637560953, 1.3818301280339558, 1.428081866767671, 1.4577994611528176, 1.4333296040693917, 1.3996183276176455, 1.3814323604106902, 1.3987873593966167, 1.3566084398163685, 1.3210787660545773, 1.339572998550203, 1.347899177339342, 1.3692952950795487, 1.3449383437633513, 1.3619139095147457, 1.3495963209205204, 1.3518443756633338, 1.348953176207013, 1.3508569598197944, 1.3313718411657545, 1.271508353948593, 1.2966554502646128, 1.262868673271603, 1.2793876694308386, 1.2796472397115497, 1.271036675903532, 1.2803055418862233, 1.2783538368013176, 1.2934150801764597, 1.2723443567752837, 1.277018882168664, 1.275056409835816, 1.2958708518081246, 1.2836119777626458, 1.2028395414352413, 1.1782200528515705, 1.1732860611544715, 1.2190083212322653, 1.1940217018127441, 1.1783674140771232, 1.153513253397412, 1.1466291500462429, 1.1664922747347095, 1.1733841425842713, 1.164322960376739, 1.1774439222282833, 1.158379579252667, 1.1663726786772408, 1.187718625201119, 1.1330317795276639, 1.1538031352890863, 1.1663331482145523, 1.1971372134155691, 1.1911771913369495, 1.1819075657261742, 1.181139153904385, 1.1884980883863239, 1.1801095346609751, 1.1849084099133809, 1.123377322488361, 1.125171063343684, 1.1724513365162748, 1.211013717783822, 1.1943283849292328, 1.1886258721351621, 1.1945584277311962, 1.147410947084426, 1.1742202811770965, 1.1914706084463331, 1.1693755600187512, 1.151286087433497, 1.1226039078500536, 1.1183580113781824, 1.1245689113934838, 1.1328647567166226, 1.1510019236140778, 1.096585026052263, 1.0885224792692396, 1.146159405178494, 1.1274407128492996, 1.0959858795007074, 1.0714397119151224, 1.08056011001269, 1.073802328109741, 1.096311634116703, 1.077547772725423, 1.0633605195416342, 1.0854068027602302, 1.082924109697342, 1.0693645324971943, 1.0982227034038967, 1.0922851489649876, 1.0967741939756606, 1.0893629173437758, 1.0827878183788722, 1.0838801880677542, 1.0956555234061345, 1.1266347640090517, 1.109027992354499, 1.121493062045839, 1.0873780594931715, 1.1121624125374685, 1.1164269983768464, 1.1047767771614925, 1.0791376603974239, 1.0725497331884173, 1.1124251895480681, 1.0810638970798918, 1.1260371837351055, 1.121321890089247, 1.1457738571696807, 1.1299896154138782, 1.166248079140981, 1.1401650428771974, 1.1169958134492244, 1.1279312478171455, 1.1606756912337404, 1.206090754270554, 1.199856364064746, 1.234869556294547, 1.235683284865485, 1.2231529149744247, 1.2745292478137547, 1.2641427483823564, 1.2242246442370937, 1.2004101687007478, 1.266516555680169, 1.2468007465203605, 1.241320443815655, 1.2345892038610244, 1.2534220920668708, 1.2581074906720053, 1.2608273221386799, 1.2874051186773514, 1.3036012808481852, 1.348932202657064, 1.328933940993415, 1.3455713934368558, 1.3805601914723706, 1.3418681462605793, 1.3115807043181518, 1.3242486814657848, 1.3340015961064229, 1.341394886043337, 1.3170646144284142, 1.3311647733052572, 1.3136565287907918, 1.3336404932869794, 1.3701603353023533, 1.3973439163631856, 1.400783710347281, 1.4310905416806534, 1.3802578720781542, 1.4164736039108698, 1.4109537310070468, 1.434014315737618, 1.4677549872133466, 1.43836411635081, 1.4025705509715614, 1.4035119036833443, 1.4287173555956947, 1.4177342845333947, 1.4351082689232288, 1.4083706412050458, 1.3437167975637652, 1.3933752761946778, 1.4155190686384838, 1.4498003787464568, 1.3964676909976539, 1.3992984016736347, 1.4246462437841627, 1.3931551721360949, 1.4232898785008328, 1.482418386803733, 1.4804595761828956, 1.4612645732031926, 1.4845043705569374, 1.5046651661396029, 1.4833347757657371, 1.4881525178750359, 1.4914191934797498, 1.5309542119503021, 1.5495679034127126, 1.5244495670000715, 1.508601425091425, 1.5011027985148964, 1.5266321923997672, 1.5799142261346182, 1.576099248064889, 1.5443875902228885, 1.586857722202937, 1.6414191769229045, 1.6107656505372787, 1.5745612243811296, 1.5739743861887192, 1.5775064011414848, 1.622084499067731, 1.640075951152377, 1.6723718146483104, 1.6516304678387115, 1.6807657221953074, 1.7196567813555397, 1.71678000887235, 1.707111555337906, 1.7110037399662863, 1.7449399160014256, 1.7780534631676144, 1.8086711552408012, 1.8081922590732578, 1.8468931820657517, 1.8537918461693657, 1.8716334342956547, 1.90564121471511, 1.8863347530364987, 1.9135926571157242, 1.9245094239711753, 1.9242771082454253, 1.9622698472605808, 1.935797925127878, 1.943301867114173, 1.930460069576899, 1.9588476750585766, 1.9912764655219182, 1.963462928930918, 1.9921846012274422, 2.0102534651756296, 2.0103296995162965, 2.023244910769993]}