{"latitud": 2.5905, "longitud": -74.9315, "radiacion": [2.5943219105402626, 2.6289083653026153, 2.6204596956570945, 2.565440248118507, 2.5953614314397178, 2.5540117409494183, 2.5244579248958163, 2.520304698414273, 2.5479345189200506, 2.5488081892331445, 2.551793669329749, 2.547186438242594, 2.578679166899787, 2.5886861390537685, 2.601365151670244, 2.6317789302931893, 2.537181198596955, 2.5309058705965684, 2.5209682027498888, 2.5302898830837672, 2.5254746768209664, 2.5505119787322155, 2.5920140849219435, 2.6224215891626153, 2.5571253564622665, 2.5778174559275304, 2.6372982276810557, 2.620096706019508, 2.597317956553565, 2.6318894134627446, 2.6212427722083196, 2.6286708646350436, 2.5816482928064137, 2.563125513659583, 2.5895405557420514, 2.6013323969311184, 2.607198923163944, 2.5841908693313598, 2.656377657254536, 2.669380807876587, 2.5963196688228183, 2.5876804961098574, 2.582184471024407, 2.5545420871840583, 2.559242871072558, 2.5174979488054907, 2.490288703971439, 2.5205411619610256, 2.522362613677979, 2.552292193306817, 2.544497439596389, 2.5698404285642833, 2.5544501198662655, 2.5897093494733174, 2.62004981968138, 2.610751259326935, 2.5781247946951122, 2.548367981115977, 2.5447901394632133, 2.5321459730466205, 2.4654243508974707, 2.457890678776635, 2.422332098748949, 2.428172075748444, 2.422813785076141, 2.383220365312365, 2.392234765158759, 2.4204717516899104, 2.369156653351254, 2.3713675843344793, 2.368589039643606, 2.361092583338419, 2.3526818619834047, 2.3347486416498824, 2.3741903040144177, 2.410401688681709, 2.4529001368416683, 2.380806114938524, 2.37836862007777, 2.388967382907867, 2.420519179768032, 2.4212518956926137, 2.393603001700507, 2.3484753515985273, 2.340000544653999, 2.331296184327868, 2.3300881610976325, 2.3267868598302206, 2.3304890420701763, 2.3755788842837013, 2.3494622866312667, 2.3297704246309077, 2.370386528968811, 2.412466577688853, 2.3935978213946028, 2.3985392808914185, 2.4189250085088942, 2.385004969437917, 2.3445145461294383, 2.3315532724062606, 2.2995390243000453, 2.34146918853124, 2.300858966509502, 2.278957911332449, 2.3178402569558885, 2.3559911423259314, 2.3026005976729924, 2.3016615933842126, 2.315750586986542, 2.378251898288727, 2.3290959543652003, 2.3030460026529105, 2.3182518548435644, 2.303304689460331, 2.3075170530213254, 2.2679152647654215, 2.287079521020253, 2.311932346555922, 2.3057835433218217, 2.336982054180569, 2.3428776131735902, 2.291998880439334, 2.2518065982394746, 2.304799052079519, 2.3944548461172315, 2.3755730642212765, 2.3344692879252964, 2.2711356626616586, 2.2737329694959847, 2.3029566910531787, 2.3058524039056567, 2.335580117172665, 2.2823805054028825, 2.235448673036363, 2.2352072252167594, 2.227900486522251, 2.250711385409037, 2.273856947157119, 2.266320641835531, 2.297074626551734, 2.2510428600841093, 2.2306100673145712, 2.2761996004316543, 2.2574635095066493, 2.33836030960083, 2.31036878824234, 2.3166728629006275, 2.313480893770854, 2.328941577010685, 2.343998278511895, 2.356330157650842, 2.321004013220469, 2.2879783683353003, 2.3033976435661323, 2.2881463143560627, 2.3685339755482144, 2.3720866296026446, 2.3900412440299985, 2.301071834564209, 2.3004243969917293, 2.3389539599418643, 2.339339648352729, 2.3361539045969644, 2.29595224459966, 2.2861134502622815, 2.2915061434110005, 2.270803956190746, 2.2862477978070577, 2.3461731844478177, 2.3870955083105296, 2.365251636505127, 2.366144963105519, 2.3254632247818843, 2.362528137365977, 2.3578888999091245, 2.315172182189093, 2.3084385342068146, 2.3145437108145823, 2.3335140758090547, 2.3937308563126463, 2.417290857103136, 2.4023720688290076, 2.422163490454356, 2.4027680847379895, 2.355744485060374, 2.3299524638387887, 2.3076965649922685, 2.404445921050178, 2.406515203581916, 2.359685059388479, 2.2734342959192064, 2.2905346565776403, 2.3202187922265787, 2.351355821556515, 2.3909432742330767, 2.435021809736888, 2.410637079344855, 2.3318129804399272, 2.3349192314677767, 2.3511577248573303, 2.335853891902499, 2.3320571475558816, 2.3437423639827295, 2.321446107493507, 2.26976742082172, 2.2931952211591935, 2.2750422093603357, 2.2696181986067034, 2.232018107838101, 2.193693203396267, 2.2099309537145833, 2.2718255228466457, 2.224733715587192, 2.2178146084149675, 2.2390637940830653, 2.289960398938921, 2.280460761653053, 2.248296362823909, 2.2602811402744716, 2.2455781049198573, 2.2637573228942025, 2.323507893085479, 2.3254057817988927, 2.2639650437566967, 2.3057105395529, 2.265614132086436, 2.2833090278837416, 2.315115894211663, 2.3346188505490617, 2.3124627219306095, 2.3083309902085194, 2.278812677330441, 2.318001853095161, 2.2810025837686325, 2.304773559835222, 2.3276215473810833, 2.290666646427578, 2.3194810032844546, 2.3609177430470787, 2.3289760576354133, 2.2931806723276775, 2.2961660981178285, 2.328577091958788, 2.315858724382189, 2.3000880612267385, 2.3384369982613453, 2.3414188398255242, 2.351252649890052, 2.334363844659593, 2.3566279451052345, 2.3693507631619775, 2.410183138317532, 2.4244469496938916, 2.412582344479031, 2.400398076905145, 2.381997581322988, 2.3324303878678214, 2.297989777723948, 2.3181833585103355, 2.3054608676168646, 2.3733842425876195, 2.312936540444692, 2.255574492613474, 2.2364892456266614, 2.278845414850448, 2.3085221780671015, 2.3335210296842788, 2.292738346258799, 2.3407262855105926, 2.3413313931889, 2.2781970090336268, 2.2475193977355956, 2.2439559525913664, 2.280817766984304, 2.3115318059921264, 2.279647873507605, 2.2560221314430238, 2.2524574981795413, 2.217901942465041, 2.271654094590081, 2.29465197192298, 2.272451792822944, 2.2428608086374067, 2.223809269401763, 2.211332415209876, 2.2288512786229453, 2.247242143419054, 2.2265717837545607, 2.2398834705352786, 2.2453427380985684, 2.2544863224029545, 2.246686389711168, 2.2409456041124134, 2.2525822930865824, 2.236232686042786, 2.244826609558529, 2.2272773755921267, 2.1872684147622845, 2.2462746951315142, 2.2181231511963735, 2.2434722860654204, 2.2289840486314567, 2.193702284495037, 2.218403438727061, 2.224548870987362, 2.2461576064427686, 2.328049921989441, 2.294393457306756, 2.2459885372055903, 2.205019530985091, 2.211415555742051, 2.23879246711731, 2.23517017894321, 2.2859669552909003, 2.327083451218075, 2.3255096488528784, 2.3018454472223913, 2.2840874499744834, 2.32704604069392, 2.387353038787842, 2.3871208416091076, 2.3877547634972474, 2.422260528140598, 2.4409340037239926, 2.4498775468932257, 2.4224870589044354, 2.405530961354573, 2.3969048433833655, 2.388046831554836, 2.4583030886120265, 2.496255919668409, 2.4636132544941374, 2.416319545110067, 2.465249199337429, 2.5262730691168045, 2.4881288329760234, 2.4951840890778443, 2.4727928585476335, 2.479846751689911, 2.4989944073888988, 2.4962311771180894, 2.5233920693397525, 2.5103014336691962, 2.5067468563715614, 2.5518320719401033, 2.5770246651437545, 2.5839652114444314, 2.6351918697357184, 2.6049876583947076, 2.5473397718535526, 2.5672535287009346, 2.5590470088852775, 2.636626619762844, 2.704573143853081, 2.697078506151835, 2.6591972629229232, 2.671789215670691, 2.645526229010688, 2.649666734536489, 2.6146903249952524]}