{"latitud": 4.3264, "longitud": -69.4288, "radiacion": [1.4765513466464153, 1.4941822297043277, 1.4851925353209172, 1.5023294912444223, 1.492353887028165, 1.5096090356508884, 1.4910346415307785, 1.5389140592681037, 1.5516495631800755, 1.5089644246631204, 1.5026411996947395, 1.4999345329072735, 1.5204512821303477, 1.5268460459179352, 1.566318335135778, 1.561154552963045, 1.517704531881545, 1.5305558363596603, 1.5563107556766942, 1.6038610299428306, 1.6105721791585292, 1.6152284966574768, 1.6189526180426281, 1.63370293908649, 1.6103022456169134, 1.6182779179679025, 1.6472868647840295, 1.6389386455217991, 1.6260341703891756, 1.648296372095744, 1.6723797599474584, 1.6574663890732657, 1.6513273053699074, 1.6572346912490001, 1.7197423398494724, 1.7002993742624912, 1.6956997745566902, 1.6631068878703648, 1.6765822072823846, 1.7307706554730735, 1.691582223441866, 1.7043845441606307, 1.6879271136389844, 1.6678728487756522, 1.6990237209531998, 1.6907994018660657, 1.6693832529915698, 1.6608319428231983, 1.6777761644787261, 1.678910118341446, 1.6733480506473117, 1.6709201971689867, 1.6624226715829638, 1.6565240191088784, 1.7039043453004625, 1.6885073059135014, 1.6767579164769915, 1.7034071538183415, 1.6913960099220278, 1.6773317846986986, 1.6569359964794586, 1.6424244774712458, 1.6308881640434263, 1.6604603740904065, 1.6315311763021676, 1.6039867050117913, 1.6056923336452904, 1.5932361311382717, 1.6132063322597077, 1.601398591200511, 1.561092527045144, 1.5796463025940788, 1.5219112594922377, 1.5188750048478443, 1.5745248993237817, 1.5703575385941404, 1.50579204360644, 1.4982343084282348, 1.5360660447014698, 1.541825175947613, 1.5676552573839826, 1.509898533423742, 1.5128749317593042, 1.5142510837978786, 1.5077282256550257, 1.494888133472867, 1.4531226774056758, 1.4168431295288937, 1.4225875404145985, 1.4440044436189872, 1.3913275169001686, 1.370088371303346, 1.3821414629618325, 1.4063885231812794, 1.3958447317282363, 1.3583572639359367, 1.3574692679776084, 1.3565113895469245, 1.385112442572911, 1.3610809743404386, 1.3419691304365797, 1.3125017099910314, 1.3099648727311033, 1.3428208556440142, 1.3335431906912063, 1.337622714042663, 1.3364240394698255, 1.311179758442772, 1.3464047200149964, 1.3303367853164676, 1.2986966212590534, 1.2885047528478835, 1.281717294454575, 1.2924675418270957, 1.2781773202949098, 1.2827274852328827, 1.2731392920017246, 1.255010538631015, 1.2501967218187124, 1.2718467897839016, 1.2339669081899853, 1.1884994553195105, 1.1674335764514072, 1.18125674062305, 1.1856830590301086, 1.1952496323320607, 1.1856031245655485, 1.144373356633716, 1.1457952128516304, 1.1678584569030341, 1.1819868822892505, 1.1724740935696492, 1.160391702254613, 1.1329316450489895, 1.1742172850502863, 1.1697905785507632, 1.146097469329834, 1.156867988904317, 1.1710295352670885, 1.1542783200740812, 1.1241171108351813, 1.0819625708791945, 1.0680039551522997, 1.094727017482122, 1.0965025921662648, 1.1028064277437002, 1.1086084379090202, 1.0958324246936373, 1.078172179725435, 1.086371647649341, 1.0845788220564525, 1.0885055548614924, 1.0489764233430228, 1.0362076308992172, 1.029735399617089, 1.045977614323298, 1.0461115333769053, 0.9960774110423194, 0.9911657671133677, 1.0245091358820597, 1.048172328207228, 1.0004866831832464, 0.9880730893876817, 1.0160094347265034, 0.9992184122403464, 0.9790377252631712, 0.9099273131953344, 0.91432734992769, 0.9199681964185503, 0.9464625663227505, 0.9274516721566517, 0.9174237668514249, 0.8976949804359012, 0.8942761288748846, 0.9026237116919624, 0.9090153740512003, 0.9048548744784464, 0.8800050006972421, 0.9010432448652055, 0.9030989375379351, 0.9073739926020304, 0.8940189778804779, 0.9083970844745634, 0.9056484811835822, 0.9210821463002099, 0.9317988216876985, 0.9294314980506896, 0.8991599599520367, 0.9039721197552147, 0.9138056728574964, 0.9055372211668224, 0.8798791825771333, 0.909140478240119, 0.9012086093425751, 0.915202201075024, 0.932712318499883, 0.9347835024197892, 0.9189684510231019, 0.9171489338080089, 0.9300417966312832, 0.9312803202205234, 0.935824724700716, 0.9129597908920709, 0.9200042108694714, 0.9285640743043689, 0.9243519677056206, 0.8977218853102787, 0.8733286122481028, 0.8532918367120956, 0.868807272778617, 0.8911503553390504, 0.8946471956041125, 0.8798166798220741, 0.8713296499517229, 0.8677871253755357, 0.8869897272851732, 0.8989943961302437, 0.8982548230224188, 0.8976381732357872, 0.9087092359860737, 0.9256445328394567, 0.9158209641774495, 0.9147841466797723, 0.9109112189875708, 0.9013101551267836, 0.8926692658000522, 0.9398955477608575, 0.9325369311703576, 0.9123732639683618, 0.928701321283976, 0.942139496405919, 0.9376216815577615, 0.9518568529023067, 0.941507542795605, 0.9571818212668101, 0.9910393171840243, 0.9664701581001279, 0.9640891664557983, 0.9916441877683004, 0.964590624305937, 0.973583139313592, 0.9999807457129162, 1.0072088837623594, 1.0265779402520925, 1.0290093130535551, 1.0221568697028687, 1.0058040267891355, 0.9979207409752741, 1.0442260311709506, 1.0472205572658115, 1.0310777631070882, 1.0832829203870562, 1.073576737774743, 1.0942694187164308, 1.094472044044071, 1.0771126482221813, 1.064069233338038, 1.0461648795339797, 1.081479982535044, 1.0907602873113422, 1.0795077131854163, 1.0950463864538407, 1.0959903644190898, 1.0764865120251972, 1.1105877253744338, 1.1218726634979248, 1.1474148737059695, 1.1126830836137132, 1.1148758901490112, 1.1308007856210078, 1.1396310826142628, 1.1296798613336352, 1.110199737548828, 1.1088777740796403, 1.097695349984699, 1.1351009991433887, 1.1157726075914172, 1.0943815655178493, 1.126646864414215, 1.1403059548801842, 1.1391661776436701, 1.1577242162492538, 1.1256745841768057, 1.1501928779813977, 1.1448662526077698, 1.1539274957444932, 1.1199584490723085, 1.1663736555311415, 1.1893204636043972, 1.145298067728678, 1.0902529047595129, 1.1144684513409935, 1.1323374655511642, 1.1371840159098308, 1.1319627218776276, 1.138194751739502, 1.093684544165929, 1.1177311301231387, 1.1182194636927716, 1.1398216750886705, 1.1132206691635982, 1.082033750083711, 1.083203903171751, 1.1135774824354387, 1.089830678039127, 1.126209855741925, 1.1305208239290454, 1.1019446710745495, 1.142999458975262, 1.1105662584304812, 1.1110780113273193, 1.1252495341830782, 1.1314511908425222, 1.132962728208966, 1.0955122066868679, 1.125703163279427, 1.1374825623300342, 1.135434638791614, 1.125611216492123, 1.1529966208669877, 1.1627103686332705, 1.1535092824035218, 1.1678691652086046, 1.2083638588587446, 1.1901061243481108, 1.1664203882217412, 1.2026827262507547, 1.1950582524140678, 1.2259647091229755, 1.1975100378195442, 1.2223697000079687, 1.2546447614828746, 1.2522645155588785, 1.2341787232293029, 1.269565980301963, 1.281736609008577, 1.2524458507696794, 1.262262775500616, 1.2968277434508004, 1.296789716349708, 1.3427671717272869, 1.3743581692377724, 1.352153524425295, 1.3802686724397877, 1.3832511431641044, 1.3809645493825278, 1.3952469653553436, 1.3961180931992, 1.3855935229195486, 1.4336618006229396, 1.3921937187512723, 1.359825322363112, 1.3843465758694535, 1.4065070880783932, 1.4074864056375287, 1.4026403917206653, 1.4197351647747887, 1.4530029892921446, 1.4513891736666367, 1.4724633024798495]}