{"latitud": 7.174, "longitud": -72.2056, "radiacion": [2.369040685229831, 2.3700557894176897, 2.3625880863931457, 2.3904166380564376, 2.373901246653663, 2.3405594600571527, 2.3297303239504488, 2.3806263089179995, 2.397255825996399, 2.4278092900911967, 2.425206389692095, 2.3553288949860463, 2.3769063313802086, 2.414960969818963, 2.42417752345403, 2.430509474542406, 2.4256714979807534, 2.3692416985829676, 2.3922976467344497, 2.3803496797879533, 2.3682788954840763, 2.3929538077778285, 2.4134017202589244, 2.3872066815694173, 2.395555370383793, 2.4175173627005684, 2.4033602396647136, 2.3893637312783134, 2.370253625180986, 2.402661009629568, 2.3992692907651265, 2.461282528771294, 2.5089946495162114, 2.4683446486790976, 2.4588945057657035, 2.479501191775004, 2.4962715559535553, 2.497198504871792, 2.472168910503388, 2.5032819774415755, 2.4500690791341992, 2.45404116710027, 2.4862203174167212, 2.4751294096310934, 2.453786675135295, 2.4527632792790723, 2.47398935423957, 2.437444888220893, 2.438355229960548, 2.431873830159505, 2.442037239339616, 2.46969507932663, 2.4714990152253047, 2.5021080745591058, 2.5229601184527084, 2.471917666329278, 2.46125066810184, 2.474845886230469, 2.4660674439536208, 2.4658502591980835, 2.4692174394925437, 2.4594077163272434, 2.4157439311345414, 2.4407575673527195, 2.4559074825710714, 2.4383480654822454, 2.451277351379394, 2.4659564905696447, 2.4372007131576545, 2.391186524762048, 2.4338851663801404, 2.4405053363906015, 2.3967427055040997, 2.3968628883361807, 2.4199126044909156, 2.4280447933408946, 2.4848549326260887, 2.4655310604307386, 2.456863421863979, 2.443792201413048, 2.4263061576419402, 2.438005309634739, 2.4459125651253593, 2.394300644927555, 2.376198012299008, 2.343152247534858, 2.3059543967247014, 2.355834458933936, 2.3677384614944463, 2.3458299239476523, 2.3914835453033447, 2.3750472201241384, 2.3681627790133164, 2.3740728179613755, 2.39244411389033, 2.4045328140258797, 2.363584189944797, 2.3594112979041206, 2.3376395914289687, 2.311939880583021, 2.3106107579337225, 2.340256408850352, 2.380947689215343, 2.3411015166176696, 2.360960250430637, 2.4168330272038774, 2.3525303721427924, 2.379552217324575, 2.391544369856516, 2.3588226742214626, 2.3757969790034825, 2.3524770008193125, 2.3517649928728743, 2.3358576377232874, 2.382772697342766, 2.3298143863677985, 2.3298578580220544, 2.359105526076423, 2.345142590999604, 2.3362916933165656, 2.390084332889981, 2.3348147484991286, 2.2731100267834132, 2.287968726290597, 2.3129047658708366, 2.358396646711562, 2.3241606116294866, 2.3245216144455805, 2.310468910800086, 2.3338762627707594, 2.3892547170321152, 2.394763068358103, 2.3813432282871667, 2.289645379119449, 2.3422792063819036, 2.310471602280934, 2.359727744261424, 2.346021813816494, 2.341694951057434, 2.3541049321492515, 2.3478155838118657, 2.3451007975472344, 2.3075130965974595, 2.3846925073199805, 2.419219635592567, 2.348641308148702, 2.305994747744666, 2.302689495351579, 2.318041839864519, 2.4033194780349727, 2.389809220367008, 2.383104790581598, 2.35958104133606, 2.360209645165338, 2.329054168860118, 2.3749193085564504, 2.4301386502054, 2.4079485336939492, 2.377226550049252, 2.4006198684374493, 2.3887569930818344, 2.379895415571001, 2.3391872578197055, 2.33649000591702, 2.3157954865031773, 2.3384159935845266, 2.2848682562510176, 2.2831729624006485, 2.313504266738892, 2.3239755895402694, 2.300859916210174, 2.24708667728636, 2.2762684146563212, 2.311470852957832, 2.3106616748703854, 2.2513459338082207, 2.230786567264134, 2.2638319624794847, 2.264309545358022, 2.231364248858558, 2.223261238469018, 2.257797027958764, 2.2566953301429744, 2.292729465166729, 2.299944835238986, 2.2860474507013957, 2.2372763037681582, 2.2504073619842533, 2.295884364181095, 2.304518135388692, 2.2767976774109733, 2.2602159632576844, 2.2714264776971604, 2.2418458488252435, 2.2912951747576407, 2.3018929627206597, 2.259937338034312, 2.2682963609695435, 2.2999609655804103, 2.285616330305735, 2.2574285189310705, 2.2870191428396436, 2.2706911934746636, 2.2098322656419547, 2.217034139898088, 2.22559286488427, 2.2130672878689235, 2.250895928012, 2.269317970010969, 2.196169204182095, 2.2545276602109277, 2.2692880551020305, 2.217379473315345, 2.223119458887312, 2.219896911250221, 2.235106301307678, 2.2052612596087986, 2.1836321552594504, 2.179698371887207, 2.1489379247029623, 2.1195954455269708, 2.145647178755867, 2.0889500035179993, 2.143618518776364, 2.138557701640659, 2.106463470723894, 2.0737275918324793, 2.0812219129668343, 2.0712824622790014, 2.067533997694651, 2.1058266639709466, 2.06683925655153, 2.0743372453583606, 2.0798273457421192, 2.071880055798425, 2.0557207955254455, 2.022492648495568, 2.063019066386753, 2.0369620733790925, 2.070932768450843, 2.063891861173842, 2.0213030126359723, 2.069308433267805, 2.0486502594417995, 2.061136847072177, 2.033143852816687, 2.0458144426345815, 2.046333932876587, 2.039994280868106, 2.0643517401483322, 2.0650432957543265, 2.1007144451141366, 2.0988800538910763, 2.0838220000267036, 2.1015904506047565, 2.039166084925334, 2.0132837904824146, 2.0264766573905946, 2.0592311912112766, 2.0663638234138486, 2.0724466416570877, 2.0567583229806683, 2.0592109719912206, 2.057049254576365, 2.0941180070241288, 2.100755557749007, 2.0909961846139695, 2.0425165772438043, 2.0923856854438783, 2.0832201639811205, 2.07362439499961, 2.0505572491221953, 2.0385223984718324, 2.0065242913034225, 2.058733410305447, 2.048356321122911, 2.082256705231137, 2.0607482102182173, 2.079830559094747, 2.0889749394522767, 2.1206679768032495, 2.0983616484536065, 2.075541734695435, 2.0845255070262483, 2.0632656865649754, 2.0585701862970986, 2.0700058632426797, 2.0858952018949712, 2.0865019652578565, 2.0529237694210485, 2.0429713951216804, 2.0664755158954193, 2.03372415834003, 1.9980984542104923, 1.9921781910790333, 2.0108749071756997, 2.0088212304645117, 1.9719924979739722, 2.0397399716907083, 2.00365932252672, 1.9748623311519626, 1.9956050091319615, 1.9365026712417606, 1.985488959153493, 1.9926823496818542, 1.9885074231359692, 1.9964287691646143, 1.9636457377009926, 1.940444151560465, 1.9139470603730944, 1.9632953272925482, 1.9588281830151881, 1.9383100973235237, 1.94934893184238, 1.944547598229514, 1.9660687949922355, 2.019391338030497, 1.9617906623416481, 1.9715621060795245, 2.006043579843309, 2.0872341910998027, 2.0751503321859563, 2.058116238647037, 2.0359847187995914, 2.090785340468089, 2.055602692233192, 2.094188300768534, 2.138885168234507, 2.128791476620568, 2.112688314914703, 2.147377957238092, 2.221948756111992, 2.1885845700899753, 2.212949607107374, 2.2127740714285102, 2.2284862134191727, 2.1985998007986285, 2.206168415811327, 2.194447064399719, 2.218645009729597, 2.2557468877898317, 2.262850244839985, 2.271455584632026, 2.2723248097631665, 2.254969371689691, 2.2992190652423425, 2.2787768165270488, 2.246570836173164, 2.287484435240428, 2.239300049675836, 2.2642965846591525, 2.273133087158203, 2.249776583247714, 2.2801619741651753, 2.322710152467091, 2.3334953202141655, 2.3042722768253747, 2.367550532023112, 2.3807979305585234, 2.3606928057140775]}