{"latitud": 3.3454, "longitud": -69.9128, "radiacion": [1.2546683649222052, 1.2527975764539512, 1.2778537339634362, 1.2770830300119187, 1.274981024530199, 1.2436656216780346, 1.2813652144538035, 1.2912268698215483, 1.301758439673318, 1.304474199480481, 1.2637289040618471, 1.2728801581594673, 1.2934947848320002, 1.3018302778402964, 1.3137175030178496, 1.2924727711412645, 1.281936337550482, 1.2864847600460056, 1.310281232330534, 1.3458281570010715, 1.3490424533685046, 1.3564633919133078, 1.3413571741845873, 1.3689583420753486, 1.346813739670648, 1.3537894474135508, 1.3474400520324703, 1.3613521827591788, 1.3663672162426836, 1.3684144046571518, 1.3822139230039385, 1.386946111917496, 1.373874478207694, 1.3991789188649921, 1.4182968325085115, 1.408646140495936, 1.3990695734818772, 1.3980769707096947, 1.3971596969498528, 1.4164859155813854, 1.4014421085516613, 1.4277127802371974, 1.4023704919550157, 1.411062268416087, 1.4132763875855332, 1.38822193145752, 1.389989177385966, 1.3839709348148768, 1.3753681480884554, 1.4087857888804542, 1.3658690585030449, 1.360900353060828, 1.35823785993788, 1.3601659688684677, 1.38944980568356, 1.397729855775833, 1.4035505255063374, 1.414548956023322, 1.4111447327666813, 1.4109587934282086, 1.3637694027688774, 1.3664784199661677, 1.3494418846236333, 1.397356847259733, 1.38903363082144, 1.339819224675496, 1.360062909126282, 1.3566786805788675, 1.3347671932644316, 1.3285902513398062, 1.31888860464096, 1.3171880039903854, 1.2960013588269552, 1.2819912612438207, 1.320856876505746, 1.305430513620377, 1.2796944545374982, 1.2663344833585952, 1.2824345409870148, 1.3151746345890896, 1.3235447486241665, 1.277280845906999, 1.2643014291922252, 1.2822107070022162, 1.2846513966719304, 1.2377349959479436, 1.2219272699620987, 1.1931405888663402, 1.200374278095034, 1.1668696416748896, 1.1540534589025706, 1.1279340234067707, 1.1335320009125602, 1.1541940364572738, 1.137074926826689, 1.122275843222936, 1.1073414034313627, 1.1042065494590336, 1.1167197850015433, 1.1130830764770512, 1.1033955434958143, 1.089331277211507, 1.0759637183613247, 1.0878149926662442, 1.097663742966122, 1.0888895544740889, 1.0835180964734825, 1.0776758253574374, 1.0938249852922226, 1.1069802502791093, 1.0773352483908338, 1.047708074251811, 1.0526091198126475, 1.0446450571219124, 1.0509753889507714, 1.039812409215503, 1.0238187319702572, 1.0183582405249276, 1.0115589353773329, 1.0189896047115323, 1.0086547825071548, 0.9782510770691761, 0.9421099715762667, 0.9614416155550218, 0.9700787213113574, 0.9699865221977234, 0.9807965821690029, 0.9471346265739863, 0.9332438409328462, 0.9519701249069638, 0.9464812444316019, 0.9560802108711662, 0.949407289425532, 0.9188740981949698, 0.9398593001895482, 0.9599286145634123, 0.9515604178110761, 0.943489416440328, 0.923696740468343, 0.9279089411099749, 0.9379781895213656, 0.9045045899020301, 0.8870541678534613, 0.9125666340192157, 0.910526576307085, 0.910136979818344, 0.9047371175554065, 0.9101002408398521, 0.9020958522955577, 0.897807055711746, 0.9171337683995565, 0.8983968065844642, 0.862623828649521, 0.8686752716700238, 0.8673134611712562, 0.8710968110296461, 0.8727953182326423, 0.8362973564200931, 0.8380446188979676, 0.8472816208998362, 0.876055638657676, 0.8446790635585785, 0.8558811744054159, 0.8606986780961354, 0.8619708644019233, 0.8395133846335945, 0.8098012023501925, 0.7807540767722662, 0.7924318843417698, 0.8178289420074886, 0.8064509914980992, 0.799715875254737, 0.7925572978125678, 0.7839932401974997, 0.78739214208391, 0.8026985671785143, 0.7922050727738276, 0.7901057759920755, 0.778553201754888, 0.7885320007801058, 0.7911011086569895, 0.7804935918913948, 0.789150051938163, 0.7962078233559927, 0.8131019983026716, 0.8128269970417022, 0.8013899346192677, 0.7998105227947235, 0.7897829274336498, 0.8025319556395213, 0.8061921199162801, 0.7869927863279979, 0.7993325736787584, 0.792453606923421, 0.8069987356662748, 0.8178434981240166, 0.8292172087563409, 0.8101279649469587, 0.7902773824003008, 0.81934163040585, 0.8238082905610405, 0.8085892723666298, 0.7880202545060051, 0.8072529296080271, 0.8155365996890597, 0.8034090214305455, 0.7923189991050297, 0.8053502506679959, 0.7856878889931572, 0.7953774809837343, 0.8023193147447375, 0.8046413673294914, 0.8124222351445093, 0.7665341721640693, 0.7938988977008395, 0.7950473864873251, 0.8208352684974671, 0.8002347760730321, 0.8226609084341258, 0.8259298099411859, 0.8140674551328022, 0.8133078442679511, 0.823942948712243, 0.8270913441975911, 0.8255919635295869, 0.8287918176915913, 0.8445545540915594, 0.8641216920481788, 0.8415424896611107, 0.8505778531233469, 0.8420417169729868, 0.8694623781575096, 0.8458464794688753, 0.8676777780056001, 0.8681980808575948, 0.8880310826831392, 0.8647995081212785, 0.8608210325241088, 0.8875800556606716, 0.8375565734174518, 0.8917483574814268, 0.8864689124955071, 0.8900664779875012, 0.8846665203571318, 0.8947819650173187, 0.8873951772848766, 0.8889291054672661, 0.8639408628145855, 0.9184856388303966, 0.9174268967575493, 0.8997173865636189, 0.9268410629696318, 0.9193396687507632, 0.9366389791170754, 0.9372373435232372, 0.9161801980601415, 0.9299111982186634, 0.9134932014677258, 0.9392823742495638, 0.9177163090970781, 0.9313458667861093, 0.9334256562921736, 0.934239575597975, 0.9237487316131588, 0.9250123924679223, 0.9500290758079952, 0.9597128358152179, 0.9699281699127623, 0.9715934488508434, 0.9447084956698948, 0.954858370621999, 0.946605951256222, 0.9360381053553688, 0.9451675090524883, 0.9275695496135287, 0.9342629955874551, 0.9331252515316008, 0.9332305477725132, 0.9601748062504664, 0.9583836383289762, 0.9427404284477237, 0.9705433408419287, 0.9684227320883009, 0.9635592626200782, 0.9485188696119519, 0.9582185387611389, 0.9705559690793354, 0.9938570764329704, 0.9835175395011903, 0.9338312937153712, 0.9257391307089065, 0.9174875848823124, 0.940490228599972, 0.9391705168618093, 0.9383995705180697, 0.9396566039986077, 0.909219147099389, 0.9465733183754814, 0.9428610861301419, 0.9423894451724159, 0.9169540279441409, 0.9508944922023345, 0.9247153831852805, 0.9151092482937706, 0.9093928654988609, 0.9497478259934319, 0.9442503896024493, 0.9445027689139046, 0.9389784819549986, 0.9286778787771858, 0.9378226949108969, 0.9625337117248112, 0.9367991467316944, 0.9513176620006562, 0.9321453498469457, 0.907856465710534, 0.9608296950658163, 0.9502762701776293, 0.9354504234260984, 0.9608932918972438, 0.9825501223405203, 0.9623540553781719, 0.9772055546442666, 0.9934230135546791, 0.9936787909931607, 0.974516763952043, 1.0039347317483687, 1.0057717031902735, 1.0350596964359287, 1.0136056946383585, 1.0091325693660311, 1.0469288289546965, 1.0802145328786639, 1.0690453304184808, 1.0618542691071828, 1.0426336805025738, 1.0659477902783285, 1.088737506336636, 1.0906257066461775, 1.0999878817134434, 1.117401232322057, 1.157019418478012, 1.1622340016894872, 1.1733499871359927, 1.1918999161985189, 1.1517992701795365, 1.1643885725074343, 1.1545124656624262, 1.1885008831818906, 1.208088501956728, 1.1824213094181488, 1.1638070417775044, 1.1545981221728858, 1.1692144506507445, 1.1940387215879227, 1.1899233493540027, 1.2005470984511906, 1.233814486530092, 1.238776293728087, 1.2673700518078272]}