{"latitud": 7.8858, "longitud": -75.1279, "radiacion": [1.9717369768354622, 1.9747060153219433, 1.9962389641337925, 1.9886571473545505, 2.0180136534902786, 2.0060563762982686, 2.0658848471111724, 2.079927701420254, 2.0874084154764816, 2.033534053961436, 2.1053863273726576, 2.1168156557612945, 2.0784733878241646, 2.1512309418784246, 2.1735964443948532, 2.1464740554491684, 2.189844359291925, 2.176488092210558, 2.1882069183720483, 2.21479398144616, 2.2131632619433925, 2.2497607323858477, 2.223280396726396, 2.2117815415064492, 2.288116425938077, 2.300436407989926, 2.286230101850297, 2.3068868968221876, 2.272834809621174, 2.2894930720329287, 2.290684523847368, 2.293415364954207, 2.2965984000100037, 2.2781937413745457, 2.3031032549010386, 2.303275020917257, 2.3708155976401435, 2.3888351718584695, 2.3349593917528786, 2.369938117927975, 2.352064183023241, 2.394129206074608, 2.3488304879930286, 2.4018328229586285, 2.379755669169956, 2.369157042768267, 2.382408127519819, 2.4108941263622707, 2.3702552530500625, 2.4054210133022735, 2.426129064295028, 2.4205121053589713, 2.4566818488968742, 2.4607866234249536, 2.4611264520221297, 2.377072856161329, 2.4160938964949725, 2.418968489434985, 2.503315145439572, 2.501591306262546, 2.51500949992074, 2.538539503680335, 2.491229110293918, 2.5595366411738927, 2.498272278573778, 2.488307144906786, 2.5127477380964485, 2.457833557658725, 2.4443238046434193, 2.5034196654955547, 2.5038629823260834, 2.467714357376098, 2.4608918521139356, 2.5071606437365213, 2.449919784069061, 2.4698580331272555, 2.453011674351162, 2.476504396067725, 2.4565548843807643, 2.442020426856147, 2.409828845659892, 2.4117274509535895, 2.482385647296905, 2.4906521307097536, 2.4019367615381872, 2.3900013446807864, 2.4213508076137966, 2.444944218794505, 2.4326201597849537, 2.3816232681274414, 2.356972870561812, 2.317922846476237, 2.274273577001359, 2.3270659221543215, 2.3149614625506936, 2.2521615280045406, 2.298485041989221, 2.3064552002482945, 2.2814039190610247, 2.361110011736552, 2.333380319012536, 2.2405561526616418, 2.1895050903161373, 2.227945299943288, 2.207369056012895, 2.218412744998932, 2.203644101487266, 2.137039106422001, 2.148912667565875, 2.113922821150886, 2.141370856761933, 2.1589243173599244, 2.116624306970173, 2.1160362501939134, 2.1263767778873444, 2.0470066163274976, 2.053740301397111, 2.017400089899699, 2.0371190799607173, 2.0325359079572896, 1.9723963227536945, 1.9802414152357315, 1.9151566432582008, 1.919394110308754, 1.8981186866760256, 1.9033596754074098, 1.9077769842412735, 1.87120136419932, 1.8413181099626756, 1.8550515075524654, 1.8248383515410962, 1.8313840462101834, 1.8316972282197739, 1.8225667768054539, 1.7781189918518063, 1.8484826743602756, 1.811968794133928, 1.8052033583323162, 1.8276957008573749, 1.8347594499588011, 1.7926176918877497, 1.7684610784053802, 1.7537416219711297, 1.700733345746994, 1.7044765128029713, 1.7359045916133458, 1.7388344572650063, 1.7831686033142933, 1.7541554570198057, 1.7429526110490168, 1.777066834767659, 1.7856409139103355, 1.7844512449370484, 1.7802541693051654, 1.7458707478311333, 1.7642890095710744, 1.7384442766507469, 1.7661526633633509, 1.7603076193067768, 1.7182446810934282, 1.7480701578987974, 1.778568071789212, 1.7733754409684075, 1.74959192276001, 1.7155641655127207, 1.7483197940720459, 1.7433397107654145, 1.7918851031197445, 1.7967323554886716, 1.7916062275568645, 1.7764154805077448, 1.8666764352056715, 1.8677680028809434, 1.7808220876587768, 1.7857014629575936, 1.8199767960442432, 1.8197434968418549, 1.766125125355191, 1.8155052966541714, 1.770234925217099, 1.8497432245148555, 1.870754226711061, 1.8611194147004018, 1.8671547571818035, 1.8989375789960228, 1.863839346170426, 1.8915048665470546, 1.8627572529845764, 1.9066907525062564, 1.915529370307923, 1.8882428420914543, 1.8765716208351984, 1.949317235416836, 1.9023927158779568, 1.9375137898657055, 1.88851777712504, 1.955587367216746, 1.920254653029972, 1.9781897783279419, 1.945575980345409, 1.936861622995801, 2.020141481028663, 1.9484274811214872, 1.9346600982877946, 1.9016565415594318, 1.9247842537032234, 1.9691826277308995, 1.9949874043464664, 1.913581849469079, 1.9454699450069004, 1.8889735897382103, 1.9544090496169195, 1.8618824601173403, 1.8874856326315135, 1.8902690344386632, 1.916555621888902, 1.9443239688873295, 1.8961593800120884, 1.9090806669659084, 1.9252974973784556, 1.9124348825878563, 1.980028242535061, 1.9297115577591792, 1.919960125949648, 1.9786964429749385, 1.9538801749547325, 1.9019561184777158, 1.8475211554103428, 1.8591737839910714, 1.9129652857780455, 1.895939966042837, 1.901805594232347, 1.8806496659914647, 1.9266553958257038, 1.8692014508777202, 1.8507634414566887, 1.8393282731374103, 1.8063103199005124, 1.860057482454512, 1.8325380086898804, 1.867227762275272, 1.8326667560471428, 1.771013120810191, 1.8428450783093766, 1.8288409279452438, 1.779342838128408, 1.7651216546694444, 1.8109192530314122, 1.7947110493977867, 1.7721496383349098, 1.8060673223601442, 1.7796694715817771, 1.799501298533545, 1.775021515952216, 1.7895180583000183, 1.8273453381326465, 1.7770728243721858, 1.7399280879232617, 1.717811119556427, 1.7472486125098337, 1.7097297065787842, 1.6915489753087358, 1.70476243628396, 1.65512032310168, 1.6545942511823444, 1.652300316757626, 1.6762068139182194, 1.6940070192019145, 1.669435338841545, 1.6137179421053987, 1.6150108363893303, 1.6363866110642762, 1.59740907020039, 1.5730492042170627, 1.5796528445349807, 1.63644994629754, 1.6450040618578594, 1.6071422802077402, 1.6099731763203933, 1.589986205101013, 1.5562316854794822, 1.581031490696801, 1.5471323291460672, 1.5489628725581703, 1.5464838484923045, 1.5436030467351278, 1.5596206280920233, 1.5329359610875446, 1.527350125047896, 1.5130358013841843, 1.5057183192835912, 1.5602444430192313, 1.530196506447262, 1.5107631312476262, 1.5319844848579827, 1.5231448637114628, 1.549789848592546, 1.5637037674585983, 1.476468957132764, 1.516016328334808, 1.504999927679698, 1.5516518923971383, 1.5264647245407101, 1.5010136094358233, 1.5495356288221143, 1.5085497657457987, 1.5128311256567637, 1.5014215846856442, 1.503982571098539, 1.5285587675041625, 1.5607745640807682, 1.465252363681793, 1.5403867655330234, 1.543428284592099, 1.5334853582912016, 1.5297820111115767, 1.5502195146348747, 1.5461971594227684, 1.5789980139997268, 1.6079254613982308, 1.5825893627272711, 1.577810104688008, 1.5837643676333961, 1.5488512317339584, 1.549044715033637, 1.5676574243439567, 1.6152781261338134, 1.6061928272247308, 1.652825783358679, 1.667439411746131, 1.655851083331638, 1.7295566717783615, 1.6844334059291413, 1.6619046860271032, 1.715153792831633, 1.708909062544505, 1.7343872865041094, 1.7149684323204892, 1.6934395644399851, 1.7321928958098092, 1.751910112301509, 1.763482342825996, 1.7592033240530227, 1.7458077722125587, 1.7772414631313749, 1.7868968566258747, 1.799638876650068, 1.7584665536880486, 1.7794464131196346, 1.7889848709106448, 1.7927456167009144, 1.809017247623867, 1.821535566118029, 1.8654494285583496, 1.877466395828459, 1.8541827148861352, 1.8831195341216194, 1.8554036405351428, 1.9095022426711192, 1.8856041338708665]}