{"latitud": 11.5032, "longitud": -72.7425, "radiacion": [5.805346200201246, 6.133747296863132, 6.105704964531792, 6.136505174636841, 5.867709904246859, 5.799240737491183, 5.7385041634241745, 5.758602245648703, 5.835891675949097, 5.706009149551392, 5.832928289307489, 5.9545897987153795, 5.991166490978665, 6.080144068929884, 5.977009863323636, 6.026295381122164, 5.984150730239022, 6.125338011317782, 6.178634701834785, 5.94567792945438, 5.8349446058273315, 6.028023327721491, 6.214738806088764, 6.358263937632242, 6.069124160872566, 6.0848493973414115, 6.255990762180754, 6.359972246487935, 6.320574937926398, 6.176740219857957, 6.323605518870885, 6.483567137188381, 6.456882479455735, 6.487258161438837, 6.388648104667664, 6.600238588121203, 6.661608590020074, 6.675221893522473, 6.813118020693461, 6.579660982555812, 6.607691115803188, 6.799486361609564, 6.87120505174001, 6.836608537038168, 6.516863107681274, 6.630945089128282, 6.725639735327827, 6.809485377205743, 6.7903606812159225, 6.558707941903009, 6.571798949771456, 6.6631364451514346, 6.915686877568562, 6.984391887982686, 6.82929080857171, 6.9149057017432325, 6.961807894706726, 7.040154518021478, 6.953101176685759, 6.620638897683885, 6.550939763916863, 6.616806173324584, 6.757819096247355, 6.7682710488637285, 6.596266929308573, 6.663532127274408, 6.619495190514457, 6.747548770904541, 6.728612860043843, 6.441605183813306, 6.4787574821048315, 6.592528949843512, 6.6878866937425405, 6.665293452474806, 6.492163292566936, 6.708411309454177, 6.861186099052429, 6.933650392956204, 6.901402627097235, 6.685854376686944, 6.82976598739624, 7.047724734412299, 7.177298736572266, 7.056023897065057, 6.655522773000929, 6.611073605219523, 6.531580132908292, 6.568327538172404, 6.6386382367875845, 6.577515488200717, 6.609164179695977, 6.678751042154101, 6.836016366216871, 6.922701364093356, 6.7396262513266665, 6.797346920437282, 6.969273183080884, 6.980692884657117, 6.847570996814302, 6.530218566788566, 6.5873053577211165, 6.560447194841173, 6.715134943856135, 6.720616899596322, 6.539656037754483, 6.592356618245442, 6.6268040392133924, 6.628219747543334, 6.566368897755942, 6.376558277342055, 6.502875640657213, 6.4271247784296675, 6.461001327302721, 6.498142507341172, 6.399970854653252, 6.49367999235789, 6.592732453346251, 6.7033875306447355, 6.740284911791483, 6.553989272647432, 6.619525302781, 6.610190974341498, 6.724517787827385, 6.713502396477594, 6.484577406777277, 6.599801015853882, 6.6913706302642835, 6.718240515391032, 6.668086728784773, 6.488046068615383, 6.407709630330404, 6.384516672293345, 6.406637634171379, 6.413944991429648, 6.08770285844803, 6.058264520433215, 6.21739252143436, 6.398077710469565, 6.252957608964707, 6.134050594435798, 6.279712828000387, 6.293260518709819, 6.436457820733388, 6.523990262879265, 6.316659537951151, 6.381790486971538, 6.458477512995402, 6.465304687288072, 6.3743503239419725, 6.433329554398855, 6.636659839418198, 6.7780656973520905, 6.892528333928849, 6.84248348209593, 6.58193174733056, 6.738468833764396, 6.783929400973849, 6.932746868663364, 7.035297657383812, 6.703457272052765, 6.864309198326535, 6.928781814045376, 7.131481052769556, 7.18462232351303, 6.864834450350867, 7.0224014414681335, 7.268073334958818, 7.596991067462497, 7.69379482799106, 7.702543330192566, 7.765896270010206, 7.809141537878247, 7.914975565009648, 7.981182887819078, 7.774889169798956, 7.769848034116957, 7.792674329545764, 8.098915714687772, 8.250303072399563, 7.93474964565701, 8.076347727245754, 8.204913947317335, 8.225280809402465, 8.055474170049031, 7.765914956728618, 7.687527065806919, 7.7854243516922, 8.009589295917086, 7.98705488840739, 7.703878254360622, 7.940801098611618, 7.914731706513298, 7.961122449239094, 8.065213362375896, 7.768085334036086, 8.00101220342848, 7.940017806159125, 7.786583317650689, 7.838962215847441, 7.588017110029856, 7.733127848307291, 7.725080482165018, 7.804475561777751, 7.692357558674281, 7.491961545414394, 7.646788369284738, 7.751541029082404, 7.956449453035991, 7.900061845779419, 7.387558722496034, 7.218421451250712, 7.277365427547032, 7.47785624663035, 7.65635441409217, 7.393929166264005, 7.43607117070092, 7.6984796444575, 7.66212433444129, 7.558286372820537, 7.3122025516298095, 7.302242498927647, 7.476784759097629, 7.54631059964498, 7.390391945838928, 7.148294032944572, 7.331055521965027, 7.457490232255725, 7.50087390475803, 7.463460527526007, 7.2030090332031245, 7.213778196440803, 7.189664787716336, 7.191128389040628, 7.207860400941637, 6.970327411757576, 7.061417799525792, 7.1563038375642565, 7.236599614885118, 7.0951241890589385, 6.796289335356819, 6.791113511721292, 6.9292852481206255, 6.909961544142829, 6.7829991168446, 6.443418904145559, 6.482572217782338, 6.629487771458096, 6.747156466378105, 6.728081448872885, 6.48329447640313, 6.5816990243064035, 6.715009133021037, 6.698569170633952, 6.721305598153008, 6.532441218694051, 6.458066315121122, 6.315571202172173, 6.345155996746487, 6.281257724761963, 6.149483686023288, 6.04577858712938, 5.981580257415772, 5.973222470283509, 5.9158302519056525, 5.753604531288147, 5.810390276379056, 5.919887524180943, 5.961410254902309, 6.013062869177925, 5.6951120826933135, 5.682787444856433, 5.649524762895371, 5.654076152377658, 5.684603526857164, 5.347506388028463, 5.310602892769708, 5.366868636343214, 5.4550161613358386, 5.357580248514812, 5.2407057695918615, 5.335618714491527, 5.4730763355890915, 5.552451769510905, 5.370564103126526, 5.030770904488033, 5.059325842062633, 5.122814718882243, 5.241413536336688, 5.251231614748637, 5.026615011692047, 5.038253961669074, 5.082345702913073, 5.243697720103793, 5.1758005327648595, 5.009702645407782, 5.193343949317932, 5.185853408442603, 5.059671424494849, 4.96672070953581, 4.892984247207642, 4.964751802550422, 5.038346170054542, 5.03686988486184, 5.067027097278171, 4.830516415172153, 5.006307435035706, 5.169564657741122, 5.224679320388369, 5.307369316948784, 5.044978385501438, 5.034356758329603, 5.037606869803535, 5.15352622932858, 5.307878677050272, 5.1111625101831235, 5.046811372703977, 5.049376434750028, 5.137786746025086, 5.284060046407912, 5.158716845512391, 5.1132710138956705, 5.212423851754931, 5.415787172317504, 5.338635277748108, 5.3336231946945185, 5.380124123891195, 5.499714818265702, 5.429160434669918, 5.399778201844957, 5.28646995358997, 5.451362423102061, 5.513458286391365, 5.582304790284899, 5.70728636847602, 5.527631931834751, 5.5355510234832765, 5.633412006166246, 5.547040250566272, 5.582274966769749, 5.455420735147265, 5.5196267233954535, 5.65716884666019, 5.629149336285063, 5.717347174220614, 5.6290768093532995, 5.721419580777487, 5.938125562667846, 6.091855581601461, 5.952246083153619, 5.707998082372878, 5.677480994330511, 5.989729870690238, 6.184440700213114, 6.3153133021460635, 6.06803752316369, 5.971005119217767, 6.112600350379943, 6.196036214298672, 6.208405240376791, 6.034388653437294]}