{"latitud": 3.1106, "longitud": -69.5209, "radiacion": [1.1617341849539018, 1.1510347161028116, 1.1622569024562832, 1.1704086787170833, 1.1800061013963485, 1.1571048590872024, 1.1755590895811716, 1.2103732731607229, 1.2147626737753552, 1.2130039042896692, 1.1841628915733762, 1.1808577630254957, 1.196706180440055, 1.2074486951033272, 1.23272540834215, 1.2133180240790047, 1.1899442778693305, 1.2109213120407525, 1.2256097051832415, 1.2515291962358688, 1.2519265492757168, 1.2723252422279783, 1.2589784615569648, 1.266112122270796, 1.261066771215863, 1.2878133012188806, 1.2558243387275267, 1.2737443003389568, 1.2729801860120555, 1.2942667338583205, 1.2887729876571232, 1.302770429849625, 1.2855010708173111, 1.309923697842492, 1.3299616787168713, 1.32306550277604, 1.3067281259430779, 1.322935850090451, 1.325439253780577, 1.3506839070055214, 1.3063279536035328, 1.3164754701985255, 1.3390148778756459, 1.3337446113427476, 1.346119329664442, 1.311850521961848, 1.3200717409451803, 1.311030660072962, 1.2998184687561458, 1.3341120971573723, 1.3001914746231502, 1.3011351843674983, 1.289849067396588, 1.2706272171603314, 1.305024032460319, 1.3286013238959837, 1.3269809557331937, 1.3366892066266807, 1.3359818836053214, 1.3489743676450525, 1.3027944273418852, 1.3087469855944323, 1.2974267118506964, 1.3113430705335407, 1.3237493117650347, 1.2845254268911155, 1.2814747737513648, 1.2829839468002315, 1.2705139093928866, 1.2735364033116237, 1.2636660708321463, 1.2485425922605724, 1.2317723605367867, 1.2162431014908688, 1.2616266422801543, 1.2524879528416522, 1.2164943827523123, 1.2159964912467536, 1.226189953088761, 1.2667230016655389, 1.2675413866837821, 1.2139999131361647, 1.2144987146059674, 1.2150467746787599, 1.2191430012385052, 1.1962948607073889, 1.166276480091943, 1.1322180377112494, 1.1441943758063842, 1.1237627334064906, 1.1197146621015335, 1.1003760980235209, 1.0830160531732769, 1.114567247364256, 1.1085182898574406, 1.0855583608150476, 1.0755810903178318, 1.0700147688388824, 1.0826934456825257, 1.0808280196454787, 1.0672021998299492, 1.0682917356491095, 1.0508165624406607, 1.064211325512992, 1.0671789573298562, 1.0671030276351505, 1.0572982615894742, 1.0474424481391909, 1.0706838415728672, 1.0720027777883743, 1.0483536303043361, 1.0245880166689556, 1.0074217319488525, 1.0154393242465127, 1.022163063287735, 1.0168038282129501, 1.0068793409400512, 0.9998438828521304, 0.9839215576648712, 0.9938456727398766, 0.9725431488619916, 0.9692503187391495, 0.9300300591521791, 0.954969808128145, 0.9397304375966385, 0.9559901389810775, 0.96211062669754, 0.9310380803214183, 0.9222768266995748, 0.9340200192398491, 0.9368174513181051, 0.9425221436553531, 0.9407933394114177, 0.905793544318941, 0.9203902913464441, 0.9394180284606085, 0.9434294733736248, 0.9410096519523199, 0.9095616625414955, 0.9244545903470782, 0.9205857051743399, 0.8970767855644229, 0.8830632209777836, 0.9042854593859776, 0.9046223739782966, 0.9069699400001102, 0.9109724912378522, 0.8927617404196, 0.8957602553897432, 0.8887639562288917, 0.9103412449359894, 0.8857673989401923, 0.8563136451774174, 0.8673924207687378, 0.8704244818952348, 0.8743666701846653, 0.8719679355621338, 0.829510721233156, 0.8244187401400674, 0.8355226039886476, 0.8778359141614702, 0.8329677787091997, 0.8381802843676674, 0.854747490088145, 0.8514103697405923, 0.8152853700849745, 0.7983418252733018, 0.7854912691646153, 0.7889294597837662, 0.8112324145105149, 0.8128067413965859, 0.7986282838715448, 0.7760272039307489, 0.7827996101644303, 0.7845944351620145, 0.8048032661279043, 0.7855324996842278, 0.7936091999212899, 0.7747584813170963, 0.7933152125941382, 0.7857668492529127, 0.7664084653059643, 0.8014849536948733, 0.7857024523946974, 0.8143083996242947, 0.8308464686075848, 0.7941827694574993, 0.793261816766527, 0.7884214573436314, 0.805045274231169, 0.7922302034166128, 0.7790593160523308, 0.7877126554648081, 0.7915208843019275, 0.7956063720915051, 0.8077018757661184, 0.8324243552154966, 0.8132595128483242, 0.7828780472278595, 0.8208751380443574, 0.825775604777866, 0.8105366998248629, 0.7912327468395234, 0.813971026076211, 0.8216848691304525, 0.818050597773658, 0.8017134911484187, 0.8069934659534029, 0.8016671770148807, 0.8091310640176138, 0.8094587200217775, 0.807082943783866, 0.829386039574941, 0.7917167637083266, 0.8148648864693112, 0.8147852573129866, 0.8241673694716559, 0.8204644030994835, 0.8366060025162166, 0.8429657677809398, 0.8301951911714341, 0.8367448985576629, 0.8388867603407966, 0.8272381107012431, 0.8403690761990018, 0.8588418834739261, 0.8752782245477039, 0.8857522308826447, 0.8629563212394714, 0.8628329508834417, 0.8476675298478865, 0.8965173396799301, 0.8737400240368313, 0.8871066802077823, 0.8969348258442348, 0.9211083975103164, 0.8982496904002294, 0.8887021952205233, 0.9096809506416322, 0.8727101292875078, 0.8999223430951436, 0.915173015329573, 0.8970127244790397, 0.8985819160938265, 0.9245549923843807, 0.925048671828376, 0.9353709605005053, 0.904676930771934, 0.9262984441386326, 0.9412802868419229, 0.9193282988336348, 0.9430860751205022, 0.9505300078127119, 0.9590287182066176, 0.9468841334184009, 0.9272501256730822, 0.9271988199816811, 0.9304433120621575, 0.9454986208015019, 0.9234353456232283, 0.9558132588863373, 0.9453577644295166, 0.9515083279874591, 0.9443012403117286, 0.9469404399394987, 0.9660711208979286, 0.967385498682658, 0.9660420987341137, 0.9839751587973699, 0.9413937091827393, 0.9509788877434205, 0.9484595947795448, 0.947490257687039, 0.9537415650155808, 0.9244502981503803, 0.9278746982415514, 0.9382885264025793, 0.935759700006909, 0.9538393166330121, 0.9495898822943372, 0.9411067406336469, 0.9600483662552305, 0.9489960326088801, 0.9465625762939455, 0.9242822329203291, 0.9361236671606697, 0.9561700324217478, 0.972089958190918, 0.9656456377771164, 0.9087227788236407, 0.9101494113604227, 0.8971691224310133, 0.9318415363629658, 0.9042264070775775, 0.919860742489497, 0.9158850219514633, 0.8837723837958437, 0.9193196720547144, 0.9116741153928968, 0.9151262183984121, 0.888972917530272, 0.9266106797589195, 0.9033733175860511, 0.8943542553318871, 0.8959389984607696, 0.9274832487106326, 0.9244849397076501, 0.9284748461511397, 0.9151860806677078, 0.8847064978546565, 0.9154852065775132, 0.9160144057538776, 0.9083819693989224, 0.9131990094979606, 0.8862542172273001, 0.878547465801239, 0.9289388106928932, 0.9095187154081131, 0.8932720210817126, 0.915409896108839, 0.9445160951879292, 0.9205154240131378, 0.9414628810352746, 0.9399980531798467, 0.9358297838105093, 0.9166415996021694, 0.9510199824968971, 0.9571834080749091, 0.9767566714021892, 0.9623533315128753, 0.9635947061909569, 1.0097976485888163, 1.0262158513069153, 1.004008381234275, 0.9907824575901033, 0.9783274816142189, 0.9972705841064453, 1.017562214533488, 1.0233737687269844, 1.0272763868172965, 1.0540458010302647, 1.0795923074086506, 1.0851727743943531, 1.0944839007324643, 1.1023663719495138, 1.070570970243878, 1.06942684451739, 1.0669671701060397, 1.0906863345040219, 1.120631480879254, 1.0959941685199737, 1.061369236972597, 1.051766065094206, 1.0834874815411044, 1.105370905664232, 1.1000894844532014, 1.099314273065991, 1.1375420490900676, 1.1542189313305744, 1.1856608622603948]}