{"latitud": 4.1401, "longitud": -69.6466, "radiacion": [1.357164161072837, 1.3754643678665168, 1.378306789530648, 1.3938339869181318, 1.3742566519313393, 1.391332256131702, 1.3682954821321704, 1.4139275014400485, 1.4202644732263356, 1.3936140875021616, 1.3905370361275144, 1.3858033663696718, 1.397579170597924, 1.4095701542165544, 1.4330012122790021, 1.4239528622892168, 1.3936513728565636, 1.3951775908470154, 1.4362380716535783, 1.476275957955254, 1.481035845147239, 1.4922342750761244, 1.4905687742763094, 1.4863164722919462, 1.4661682645479839, 1.4556556622187296, 1.5024244387944539, 1.5104671465026005, 1.4881090197298266, 1.5130496859550477, 1.5321349753273859, 1.5168991426626839, 1.5106636080476976, 1.5334494173526767, 1.5725720213519196, 1.574233614073859, 1.567686865064833, 1.5285439405176373, 1.5216281480259362, 1.5731761323081122, 1.557634609937668, 1.568199495474497, 1.5431713587707947, 1.541152750121223, 1.5693325923548809, 1.553126347727245, 1.5286941462092927, 1.5317139228185024, 1.5292123748196493, 1.5485837486055167, 1.5387869781918002, 1.5304794318146178, 1.536077498065101, 1.5390577614307406, 1.5770784219106035, 1.5658347566922501, 1.5541461798879836, 1.5735047009256153, 1.5598468767272102, 1.5480293624930914, 1.5174435635407761, 1.5271095203028784, 1.49782525367207, 1.536855251259274, 1.5032237536377382, 1.4769820557700257, 1.5025314284695526, 1.476007202598784, 1.4781878213087716, 1.4743094053533339, 1.4408673750029672, 1.458635644117991, 1.4245528188016678, 1.4113646964232125, 1.4558664984173244, 1.4392879015869566, 1.4099397016896142, 1.3974406639734906, 1.4200128429465817, 1.4390753746032712, 1.447115185525682, 1.3964469624890221, 1.403521106640498, 1.4073248757256402, 1.3951811598406894, 1.3766089532110426, 1.3540619293848668, 1.3193198111322184, 1.314805786477195, 1.330682597557704, 1.2757036063406204, 1.2537831869390277, 1.2590716845459404, 1.3052942024336924, 1.2710335830847417, 1.249689000844955, 1.2459124088287348, 1.2272813916206353, 1.2612330608897737, 1.2534942931599085, 1.2254853003554873, 1.2229388886027865, 1.202872251139747, 1.2229089028305478, 1.222833446661631, 1.2230754428439672, 1.2317766679657831, 1.2094679103957287, 1.229677814245224, 1.214755067560408, 1.2069248239199315, 1.1678500148985125, 1.177014354202482, 1.1953969611061943, 1.1761899126900566, 1.1729270630412627, 1.1583188639746769, 1.1603024979432424, 1.1458963990211488, 1.1735639750957487, 1.1410862247149145, 1.0937247097492218, 1.0731577846739027, 1.0797678550084429, 1.070652539200253, 1.0881596426169073, 1.093925502565172, 1.0723872264226282, 1.0617307643095655, 1.076275822851393, 1.088576564523909, 1.0888524300522275, 1.0729193521870506, 1.0536199397510952, 1.0858955767419605, 1.0870899518330892, 1.0629560258653428, 1.069816791348987, 1.0807607862684456, 1.0751018663247434, 1.044942253165775, 1.0104727963606515, 0.9952169868681165, 1.0259196837743119, 1.021287106143104, 1.0229212489393025, 1.023002576828003, 1.0251557078626423, 1.009072511063682, 1.0144778781467014, 1.01136311226421, 1.0110867778460184, 0.9680478705300223, 0.9616508477263984, 0.9526088005966612, 0.9749711447291906, 0.9757718192206487, 0.936222572459115, 0.9282430993186105, 0.9586005727450052, 0.9733309527238209, 0.9336249695883859, 0.9276244401931764, 0.9499126480685339, 0.9378142793973286, 0.9241358134481644, 0.8605111294322545, 0.8509067601627772, 0.8683839327759215, 0.8783941547075907, 0.8695695314142439, 0.8558171828587852, 0.8433606154388852, 0.8351751208305357, 0.8365087509155273, 0.8582923531532286, 0.8509280257754855, 0.8210490451918707, 0.8331470741166008, 0.8383073455757565, 0.8563786314593421, 0.8371780865722234, 0.8493740644719866, 0.844349284304513, 0.856710926691691, 0.8683655387825434, 0.8653082966804506, 0.856680879327986, 0.8381371623939939, 0.8656416859891684, 0.8480787595113117, 0.8235672222243414, 0.8593298839198219, 0.8327920575936635, 0.8485015617476569, 0.8781916346814899, 0.8665270335144467, 0.8565938658184473, 0.8598445117473602, 0.8696935753027603, 0.8607444326082865, 0.8707561771074932, 0.8522805816597409, 0.8557987120416429, 0.8632906787925295, 0.8462312413586511, 0.8313001248571608, 0.8220985889434814, 0.7986563503742219, 0.814980263842477, 0.8297091497315302, 0.8370568315188089, 0.8245882239606646, 0.8012739883528814, 0.8033177627457513, 0.8235791696442499, 0.8392614106337231, 0.8240519278579287, 0.829517467154397, 0.8417731046676632, 0.8593154523107741, 0.8375791854328581, 0.8423779792255827, 0.8391218655639224, 0.8372149255540636, 0.8271576821804046, 0.8681679858101737, 0.868533068233066, 0.8527281284332279, 0.8642201966709561, 0.8813586572806044, 0.859272611141205, 0.8783418801095749, 0.8718600193659466, 0.8879780365361105, 0.9183505627844072, 0.8776382883389791, 0.8806455877092151, 0.9067083173327974, 0.8782276425096723, 0.8974335491657257, 0.918613534503513, 0.9184008227454293, 0.9490602221753863, 0.946603536605835, 0.935607848233647, 0.9264355229006873, 0.9073992053667709, 0.9551161653465696, 0.9639680610762703, 0.9445413774914216, 0.9940996348857878, 0.994748818874359, 1.0123771627744038, 1.0094943722089131, 0.9893022629949781, 0.9847611003451876, 0.9565670516755848, 1.0009507060050962, 0.9891113605764182, 1.0004983140362633, 1.0067115922768914, 0.9939027614063688, 0.995513897471958, 1.0156250324514176, 1.040027997891108, 1.051057838731342, 1.0282711916499665, 1.0428202900621626, 1.028684852520625, 1.0444908599058789, 1.037312304973602, 1.0166739483674367, 1.0255405101511215, 1.0118427826298608, 1.034249726931254, 1.038250446981854, 1.0088095499409568, 1.0240756452083588, 1.0418239778942533, 1.0365979466173387, 1.0745587653583948, 1.0438735577795244, 1.049266391992569, 1.0422030839655134, 1.0647295912106831, 1.0310080501768326, 1.074620543585883, 1.0978481027815077, 1.037707371844186, 1.0097962167527943, 1.0260997500684523, 1.0436113158861797, 1.0505202915933396, 1.0418974624739754, 1.0383711728784775, 1.002590651644601, 1.0402622911665176, 1.0252709640396966, 1.0503490785757703, 1.0182154867384172, 1.0159823940859904, 1.0074590259128147, 1.0212872935665978, 1.0141900036070084, 1.043890588813358, 1.0390283207098643, 1.020720567305883, 1.056568984190623, 1.0223073018921747, 1.022690331273609, 1.041338421901067, 1.0412599007288617, 1.040159545342127, 1.0089361495441864, 1.0191190295749237, 1.051117257277171, 1.0454367809825473, 1.0229192905955844, 1.0592114501529268, 1.0867109960979884, 1.0575077831745148, 1.0703467686971024, 1.1182274341583254, 1.087966393762165, 1.079613274335861, 1.1174560109774268, 1.0997210138373905, 1.1343320263756649, 1.1076962649822237, 1.1208954162067837, 1.163502748807271, 1.1703670514954458, 1.1488527344332804, 1.1713953150643246, 1.1723211122883692, 1.1530645873811514, 1.168025834692849, 1.2005190028084654, 1.1973938783009845, 1.2266420218679641, 1.275867884688907, 1.2595711701446108, 1.274951014253828, 1.2908707949850295, 1.2802969674269356, 1.2978189415401882, 1.2949662228425343, 1.2877758277787097, 1.3223996831311118, 1.2874647610717347, 1.268331532345878, 1.263037500778834, 1.283345727125804, 1.297164653407203, 1.2850906140274467, 1.3086213747660314, 1.3507662985059952, 1.3486569848325518, 1.3647741973400123]}