{"latitud": 10.9632, "longitud": -74.7527, "radiacion": [6.095920313729181, 6.022280075814989, 6.033078156577216, 6.144537032975091, 6.293279531266954, 6.08851850297716, 5.963007762697007, 5.8778488079706825, 5.875985370741951, 5.996580211321512, 5.899990230136447, 6.097136163711547, 6.291563977135553, 6.412055201000638, 6.38587535487281, 6.197121177779304, 6.158497058020697, 6.322788172298007, 6.40125716527303, 6.3569761673609415, 6.2453374279869935, 6.271476308504739, 6.322167158126831, 6.278767281108433, 6.368189083205329, 6.391929491360982, 6.286957987149556, 6.247939160135057, 6.409671306610107, 6.417094349861145, 6.368796719445123, 6.430422947141859, 6.451559938324823, 6.514256027009753, 6.533965833981832, 6.729263983832465, 6.66755260626475, 6.729256126615735, 6.789605246649848, 6.816444455252754, 6.702016886075338, 6.587285916010539, 6.461824695269265, 6.47242779466841, 6.595809178882175, 6.717505780855814, 6.640001278453403, 6.595355714692011, 6.751257636811999, 6.747916306389702, 6.779838503731621, 6.754268593258328, 6.735463661617703, 6.858933173285592, 6.947982131110297, 6.8899884329901795, 6.819551708963182, 6.621850262747871, 6.528643451796639, 6.575116223759122, 6.651324698660109, 6.649674789110819, 6.76726172765096, 6.699969090355766, 6.638258568445842, 6.690400075912476, 6.6847729550467605, 6.653853434986537, 6.690300195746951, 6.733816186587016, 6.630540466308594, 6.5942136155234445, 6.679364962048001, 6.6369520902633665, 6.676192331314087, 6.686508250236511, 6.556417422824436, 6.512539977497525, 6.623411870002745, 6.731519778569539, 6.840436609586079, 6.846307563781738, 6.711190899213157, 6.584366064601475, 6.545248754819234, 6.649327002631295, 6.808609016736348, 6.850552770826551, 6.801177430152893, 6.738613684972129, 6.629187944200304, 6.6740342007743, 6.707031981150308, 6.58975468741523, 6.574885940551758, 6.473060064845615, 6.4698290427525835, 6.6267962694168085, 6.678253234757318, 6.746090322070651, 6.692985412809584, 6.514762658543057, 6.336013857523601, 6.4138640827602815, 6.475952580240038, 6.476340781317817, 6.451355747381847, 6.4262159824371325, 6.313516145282321, 6.320270935694377, 6.190013496081034, 6.187883489661747, 6.044000018967522, 5.980586357911427, 6.030362224578858, 5.988556757238176, 6.073007451163399, 6.025320863723754, 5.991904883914525, 6.062618631786769, 6.045038334528606, 5.924337330129411, 5.771855531798468, 5.753164321846431, 5.827314900027382, 5.77448533905877, 5.659425666597154, 5.5672576242023055, 5.53604921499888, 5.653330850601196, 5.606591767734952, 5.491195064120821, 5.445736455917359, 5.3021022505230375, 5.210843891567655, 5.266078628434076, 5.292113020684984, 5.355291966597239, 5.355494458145564, 5.382539543840621, 5.309624604384105, 5.202257064978281, 5.024953944153256, 4.922198453214434, 4.958253398206499, 5.058161118295456, 5.07381194167667, 5.041285529401567, 5.11295127471288, 5.053319727049934, 5.05358439816369, 5.090821358892653, 5.12048461702135, 4.961487119727664, 4.9508366697364385, 4.949421279960208, 4.957197426425086, 4.958733770582412, 5.017872601085239, 5.036198072963291, 5.017289835214615, 4.99823518594106, 5.017429309421115, 4.941442186302609, 4.925853843159145, 4.933239871925778, 4.98299194574356, 4.933860776159498, 5.151347985532548, 5.206719357437557, 5.2993673390812335, 5.425599752532111, 5.270084432760874, 5.350891394085354, 5.442476322915819, 5.4640281412336575, 5.334431372748482, 5.366489930947623, 5.572329200638666, 5.650283408164978, 5.6601092643207975, 5.673306647936503, 5.658721539709302, 5.67601880762312, 5.629204368591309, 5.584159551726446, 5.501976441012488, 5.616295886039734, 5.698482072353362, 5.692285648981731, 5.660250737931992, 5.853674281968011, 5.826767486996121, 5.876767759852939, 5.846723747253418, 5.858202446831598, 5.922090649604797, 5.7118550936381025, 5.597650339868334, 5.728432646062639, 5.832294556829663, 5.775499476326836, 5.675601743327246, 5.776139197084639, 5.798835849761963, 5.845525097846985, 5.764774441719054, 5.680723706881206, 5.705423788229624, 5.7579846064249685, 5.525590577390459, 5.363178878360325, 5.379748076862758, 5.474303762118022, 5.512576524416606, 5.494585355122884, 5.527084483040704, 5.53066980706321, 5.572882539696164, 5.594347933928172, 5.525922878583273, 5.509335756301881, 5.6615004698435465, 5.582277658250597, 5.558590147230361, 5.564232767952813, 5.557691699928707, 5.511634948518541, 5.508093698819478, 5.552624403105843, 5.5136538876427545, 5.472261995739406, 5.417762502034505, 5.332520218690236, 5.299018780390422, 5.285548231336805, 5.289129446612464, 5.32114995320638, 5.414489891793994, 5.3088001476393805, 5.22368440495597, 5.088782456186082, 5.119094750616285, 5.118566147486369, 5.0558919363551675, 5.032581028673384, 5.087000470691257, 5.0512751287884186, 5.046478578779433, 5.007892307970259, 4.94915172126558, 4.965149076779682, 4.978743946552277, 4.952875626087189, 4.925559385617574, 4.908581515153249, 4.835307343800862, 4.695376631948682, 4.72668135298623, 4.726626442538368, 4.698570901817747, 4.525587279266781, 4.456305809815724, 4.432054709063636, 4.454256331920624, 4.6067885504828565, 4.564471924304962, 4.524782227145301, 4.408861720561981, 4.346623253822326, 4.3404388984044395, 4.292232133282554, 4.2777880125575605, 4.193495108021629, 4.2725993421342645, 4.233626088831159, 4.243074262142181, 4.109972771008809, 4.080518074830373, 4.21816410223643, 4.147480595111847, 4.166050467226241, 4.19517492585712, 4.13809197611279, 4.120675644609663, 4.140075776312087, 4.158891328175862, 4.111140977011787, 4.036819096406301, 4.12644739151001, 4.171324341164695, 4.165504247612423, 4.154926070902083, 4.048087852531009, 4.104972166485257, 4.140039377742344, 4.147723049587673, 4.009075751569536, 3.964415510495504, 3.9060275475184127, 3.9443010608355205, 3.9879441897074384, 4.004538275798162, 3.9910335262616474, 3.993047755294375, 4.068465419610342, 4.116502197583517, 4.135734368695153, 4.1772834552658935, 4.291655808024935, 4.254764658874937, 4.185314990414514, 4.224880459573534, 4.193493179480234, 4.263835604985555, 4.241295021110111, 4.310463086764018, 4.338887941837311, 4.5226522790061106, 4.583246494664087, 4.578431098990969, 4.530021492640177, 4.449635273880429, 4.509181076950498, 4.612824144628314, 4.558777605162727, 4.624953855408562, 4.744219838248359, 4.7704599526193405, 4.811474412017398, 4.952723083231184, 4.983894794517092, 4.9403487695588, 4.877364840772418, 4.938557424810198, 5.06234917640686, 5.122441793812647, 5.176663772265115, 5.284439680311415, 5.35944804350535, 5.411235557662117, 5.3927886366844175, 5.370912427372403, 5.379087572627598, 5.439865088462831, 5.526083615091113, 5.527446183893415, 5.577385697099898, 5.698107430669996, 5.796629773245918, 5.795508458879259, 5.704920241567824, 5.716137276755439, 5.644275901052687, 5.6923149983088175, 5.793519488970439, 5.919255969259474, 5.980899320708381, 5.912120042906868, 5.995054753621418]}