{"latitud": 4.7107, "longitud": -73.6703, "radiacion": [2.2000809086693667, 2.170631171597375, 2.168597788280911, 2.152106347348955, 2.160273068481022, 2.1230710294511588, 2.1235702342457237, 2.136443526215024, 2.173175745540195, 2.1541125840610924, 2.1996069431304934, 2.2190030627780493, 2.2260931385887996, 2.176341909832425, 2.186608625782861, 2.1731735176510285, 2.1648463765780135, 2.1538252883487274, 2.1583845959769365, 2.0886388487286047, 2.101407365004222, 2.140778954823812, 2.154508753617604, 2.144483659002516, 2.1629417604870262, 2.169441004594167, 2.176913426982031, 2.1667466123898826, 2.182767962084876, 2.189506754610274, 2.2087385601467555, 2.1990187009175615, 2.158698372046153, 2.159995900260077, 2.183429413371616, 2.2067992687225346, 2.2210275504324173, 2.2371369997660326, 2.246845454639859, 2.225867157512241, 2.2468023260434475, 2.2212953276104397, 2.2356777932908796, 2.212118752797445, 2.2294976433118188, 2.21230638689465, 2.196075762642755, 2.249795357386271, 2.2634219805399565, 2.256812428103553, 2.300246005588109, 2.278668240706125, 2.352635828653972, 2.3586599681112506, 2.3341495288742906, 2.329466161462995, 2.3198075228267245, 2.2470045076476204, 2.276248790158167, 2.2620213574833343, 2.2896339376767476, 2.299566445085738, 2.3311795618799, 2.343615056408776, 2.302341224087609, 2.3187148571014404, 2.3486224439409047, 2.3682376186052965, 2.297766125202179, 2.3276796857515962, 2.3621577448315088, 2.3543289330270554, 2.357222225930956, 2.3816809998618234, 2.3745914830101857, 2.4290833208296028, 2.4590691473748953, 2.507793108622233, 2.438251871532864, 2.405250265863207, 2.428252108891805, 2.4034755614068772, 2.419983246591356, 2.3493917809592353, 2.309830599360996, 2.3678052014774744, 2.4194919745127357, 2.4183220280541318, 2.4021252473195394, 2.419725476370918, 2.4567948593033684, 2.43491380876965, 2.462142888704935, 2.4398855474260124, 2.429271158907149, 2.482622357209523, 2.5344301038318213, 2.482097452216678, 2.3990091138415868, 2.4054831451839873, 2.438493965731727, 2.421580163637797, 2.4244098928239617, 2.3725499510765076, 2.392350166373783, 2.4027246899074988, 2.4244559274779425, 2.4107241392135617, 2.3719155457284717, 2.3659831047058106, 2.381976428296831, 2.344307363033295, 2.349591583675808, 2.3488703674740257, 2.345391415225135, 2.3792121397124393, 2.381975874635909, 2.382644673188527, 2.3561919265323215, 2.3480217576026923, 2.37417059606976, 2.358623619874319, 2.3372337076399057, 2.3861683381928334, 2.34973509311676, 2.364411307705774, 2.36312276257409, 2.3342944131957157, 2.303522045082517, 2.340193168322245, 2.331864284144508, 2.3017708592944683, 2.3439425680372445, 2.319065262211694, 2.309049038092295, 2.276668107509613, 2.302629313204023, 2.3312182850307894, 2.3141350441508823, 2.3322654234038462, 2.333525886800554, 2.3750701016849938, 2.3909805536270134, 2.366471759478251, 2.3836093730396684, 2.448266130023532, 2.380922288364834, 2.4205400162272985, 2.3664896395471358, 2.4020437161127726, 2.4027565757433575, 2.448092524210613, 2.4729984985457527, 2.4558515694406298, 2.438022702270084, 2.4841259784168668, 2.530428462558323, 2.514446743329367, 2.4789892329110037, 2.451980692810482, 2.4623408185111155, 2.5195729653040564, 2.5278797096676295, 2.399853667947981, 2.4175244251887, 2.476774558756087, 2.489988248878056, 2.5041189829508466, 2.5216223928663464, 2.5910431994332206, 2.5943840172555714, 2.5895022352536525, 2.611733584933811, 2.6365097284317014, 2.5661686142285665, 2.615862556298574, 2.6081304695871146, 2.596337302525838, 2.638014350997077, 2.6457434482044637, 2.661099778281318, 2.631110141012404, 2.5999333831999034, 2.5909218788146977, 2.578426481617822, 2.560154443316989, 2.558170045746697, 2.5619530465867784, 2.5789019372728137, 2.576825026671092, 2.5597928788926865, 2.5137307657135866, 2.543342338667976, 2.5261311915185716, 2.580450920263926, 2.625350624985165, 2.519355367289649, 2.5194482247034706, 2.4944413860638934, 2.5143078883488967, 2.5165728396839566, 2.5557878308826023, 2.5215669353803, 2.5130875640445285, 2.514230530791813, 2.503902174366846, 2.452358218034109, 2.533807396888733, 2.4820599211586853, 2.389612404505412, 2.342481009165446, 2.397303859392802, 2.4359849161571927, 2.47278178135554, 2.4409888479444715, 2.4605740613407554, 2.4576080309020147, 2.4504913462532896, 2.4377295719252694, 2.4006979054874846, 2.4219170596864488, 2.4302620940738255, 2.4320092452896964, 2.379733724064297, 2.379085208310021, 2.418175371487936, 2.3787146912680726, 2.36557235982683, 2.4078209400176998, 2.3953020360734727, 2.4263890200191076, 2.391769474082523, 2.410794063409169, 2.4006108270751105, 2.3769478016429475, 2.3522638347413802, 2.3240157736672304, 2.339596878157721, 2.365073479546441, 2.322455763816834, 2.351684535874261, 2.2946336176660327, 2.357566193739574, 2.332114654117161, 2.333278067906697, 2.3298652105861244, 2.3401959141095485, 2.3750639028019376, 2.3519650697708134, 2.351513772540622, 2.361826943026649, 2.403569151295556, 2.4284641305605574, 2.4125583185089967, 2.3842493573824566, 2.336829152372149, 2.332394568125407, 2.3455656131108604, 2.3482497930526733, 2.357448032167222, 2.3548999759886, 2.309723439481523, 2.32475433614519, 2.324318590429094, 2.3192672742737663, 2.3627044028706017, 2.389230393038856, 2.373969251579709, 2.345241908232371, 2.3572465446260242, 2.3508439156744214, 2.3490998122427205, 2.329070928361682, 2.325630921787687, 2.319526803493499, 2.287236903773414, 2.274162109692892, 2.281761474079556, 2.288318530718485, 2.311408518420326, 2.335758154922061, 2.3004526933034266, 2.274453222751617, 2.2546863582399155, 2.258448546462588, 2.265161852041881, 2.28640725215276, 2.257375815179612, 2.230374262068007, 2.2410993059476216, 2.2351000335481435, 2.246846261289385, 2.210424845748477, 2.1952289296521093, 2.1926433788405535, 2.2123235265413927, 2.191230936845144, 2.14859139919281, 2.1628298613760206, 2.1528987056679196, 2.151830911636352, 2.133631094296773, 2.075055499871571, 2.125877194934421, 2.1692969361941024, 2.130945017602709, 2.156099001566569, 2.146361475520664, 2.1106561793221377, 2.1015595184432136, 2.0903599765565666, 2.084138804011875, 2.0964549263318384, 2.092459738916821, 2.1337051312128703, 2.1256221943431424, 2.147023428148693, 2.1741207546657986, 2.132670836978489, 2.093561767207252, 2.1143772337171765, 2.0971978763739263, 2.145495433277554, 2.11930341190762, 2.070465135574341, 2.0762791090541426, 2.0842596961392292, 2.115776660044988, 2.1226152837276455, 2.1430307050546014, 2.1729421324200104, 2.096634664800432, 2.131430221928491, 2.1390744421217174, 2.159304633405473, 2.1528908663325836, 2.1855100168122186, 2.161943750911288, 2.141081572903527, 2.167501148912642, 2.173263960414463, 2.1832746161354906, 2.1672214865684514, 2.1239504655202235, 2.1469922741254166, 2.1688842839664875, 2.1838158223364093, 2.2007863865958317, 2.1747702386644154, 2.1742174638642204, 2.159361378351847, 2.180051024754842, 2.222974325550927, 2.245756513542599, 2.2345610035790338, 2.258160377873315, 2.221261127789815, 2.187419997321235, 2.213690825303395, 2.201242201858096]}