{"latitud": -0.3161, "longitud": -73.1474, "radiacion": [0.9752986252307894, 0.955120480060577, 0.9445911632643803, 0.9442018336719936, 0.9475382851229771, 0.9572664691342246, 0.9657022012604607, 0.9599127683374619, 0.9767054882314469, 0.975485473208957, 0.9504978736241662, 0.9417163338926104, 0.9529648807313702, 0.9682571470737455, 0.9795800288518269, 1.006560551457935, 0.9928859247101679, 0.9830397976769341, 1.0135014639960394, 1.0023965146806504, 1.029410414563285, 1.050121859047148, 1.0298446423477599, 1.0532796190844644, 1.0614287349912852, 1.0656151917245653, 1.0735488129986657, 1.0787572834226822, 1.0671416375372142, 1.0950234684679236, 1.0620505452156064, 1.055322140455246, 1.0486788173516588, 1.0561213446988003, 1.0590893089771272, 1.0743847217824725, 1.0770851254463194, 1.0704873787032234, 1.0853069815370773, 1.0955292092429267, 1.0743496225939857, 1.072657867272695, 1.0657230801052515, 1.0755423671669433, 1.0508757531642914, 1.042366186115477, 1.037910387913386, 1.0137228892909158, 1.01850165658527, 1.0462668591075472, 1.0311653984917533, 1.0079624632994333, 0.974451063738929, 0.9757138437694972, 1.0184075593948367, 1.0227765394581685, 1.0159016437000699, 1.0297406653563181, 1.0129113376140597, 1.0284599562486012, 1.0140166044235233, 1.0083475159274207, 0.9790914383199482, 0.9783170719941455, 0.9874119857947034, 0.9553339421749114, 0.9757692025767432, 0.9424955758783554, 0.9333190778891245, 0.9285346349080404, 0.9336238059732649, 0.941774504052268, 0.9224668595525952, 0.8929915924866995, 0.9043887403276232, 0.9122676610946657, 0.9126053512096405, 0.9039535846975114, 0.8951433002948761, 0.9032719526025983, 0.9081493920750089, 0.9005429367224375, 0.8967593477831945, 0.9102394070890217, 0.9290348125828637, 0.8937004817856685, 0.9087653868728215, 0.905625993013382, 0.8877403146690789, 0.8772118926048279, 0.8670252627796594, 0.881198811531067, 0.8621104392740463, 0.8479689207341937, 0.8573800285657248, 0.8534632364908855, 0.8497892777125039, 0.8707749168078105, 0.8563705487383735, 0.8488061057196726, 0.8354726943704818, 0.861783483955595, 0.8912123633755579, 0.8594955119821758, 0.8425603257285225, 0.8601249270968966, 0.8730946441491444, 0.8807689673370785, 0.85589261452357, 0.8147413068347508, 0.8361999498473275, 0.8552964349587758, 0.8523116913106704, 0.8320927447742886, 0.8492831382486559, 0.8559921509689756, 0.8743488722377353, 0.8866635435157351, 0.8508091304037307, 0.8384255535072751, 0.8414064539803398, 0.8563279615508188, 0.8292906747923957, 0.8315122332837848, 0.8485903223355612, 0.8499424795309701, 0.8808951483832467, 0.8660848206943935, 0.8459893339210084, 0.8687846495045557, 0.8666908032364314, 0.8675591243637935, 0.8600166234705182, 0.8252335184150273, 0.8420192215177749, 0.8613317443264855, 0.8732242233223385, 0.8856620377964446, 0.8637536274062264, 0.8399553835392002, 0.8450110991795857, 0.8836114373472, 0.8523906409740448, 0.8333032707373301, 0.8186515496836768, 0.8573512236277262, 0.8590748667716978, 0.8397036810715995, 0.8222920444276597, 0.8242288404040865, 0.8303769780529869, 0.8705571724308863, 0.8868590752283733, 0.8433411631319258, 0.8437097973293729, 0.827634244494968, 0.8450652400652569, 0.8773866395155586, 0.8350943088531495, 0.8591890732447309, 0.8190764923890431, 0.8483961284160616, 0.8513565043608349, 0.8491562962532045, 0.8127549727757771, 0.8154627839724223, 0.8212918725278645, 0.8148644069830576, 0.8001334872510699, 0.813625149594413, 0.8348347756597733, 0.8069334851370917, 0.8222159604231519, 0.786670564280616, 0.8278761234548359, 0.813176107406616, 0.8051609251234266, 0.8297428170839943, 0.7976478947533502, 0.7921805911593967, 0.7950486646758185, 0.8214405510160657, 0.8320490618546802, 0.818584993812773, 0.8302857478459676, 0.8318715903494093, 0.8173408309618634, 0.815915185875363, 0.819516630967458, 0.82969690296385, 0.8157299511962465, 0.8035768098301356, 0.824852141406801, 0.8370389097266727, 0.8586505889892576, 0.8375607404443954, 0.8213888598812952, 0.8144056154621971, 0.8262767871220906, 0.8224131955040824, 0.8143375820583766, 0.822602470053567, 0.8409516599443226, 0.8104134930504691, 0.8182123899459839, 0.8421241237057578, 0.8670619898372226, 0.8422569480207232, 0.8231477631462946, 0.8290858725706736, 0.85569219523006, 0.8678454988532599, 0.8528961976369219, 0.8531414442592199, 0.8356771051883697, 0.8167935921086205, 0.8353588057888878, 0.8655479636457232, 0.8362513747480183, 0.8385711795753901, 0.8373493499226042, 0.8365614818202124, 0.8554630272918278, 0.8658859411875405, 0.8720768054326374, 0.8546021083990736, 0.8636396408081054, 0.877337231238683, 0.8718928860293494, 0.8560463653670416, 0.8653773499859705, 0.8879059791564944, 0.903019012345208, 0.9107777469687992, 0.9241998155911763, 0.9033735738860238, 0.9073034763336184, 0.8731012019846176, 0.8697354137897491, 0.8866272813744015, 0.9112917919953665, 0.8968090103732216, 0.885704208744897, 0.8876595444149441, 0.8972889880339304, 0.8803640623887379, 0.8837101704544491, 0.9118727260165745, 0.9057944052749209, 0.9014357884724938, 0.8994114922152624, 0.929809209373262, 0.9103702041837902, 0.9082686271932392, 0.8910815887980991, 0.891728033622106, 0.9052595390213861, 0.9148180981477102, 0.8912276864051822, 0.8747457656595444, 0.8617585884200203, 0.8963574720753565, 0.9229693578349222, 0.9177295313941111, 0.9044967406325872, 0.8865839560826617, 0.8916274686654407, 0.9000965091917253, 0.8601728134685093, 0.8584901253382364, 0.8742272006140815, 0.8805422133869595, 0.8747335685624017, 0.8557974232567682, 0.8618040482203168, 0.8398707290490469, 0.87032001680798, 0.8771034724182555, 0.877452188067966, 0.8750892274909549, 0.8750501460499235, 0.8708967056539324, 0.8375335289372338, 0.8696482790840996, 0.8480319552951391, 0.8420874827437931, 0.8327785346243116, 0.860229147805108, 0.8714655041694641, 0.8066392362117769, 0.8224176506201427, 0.8404353221257529, 0.8446747720241546, 0.8410841855737899, 0.831432169013553, 0.7966463029384613, 0.8149996062119801, 0.8674073146449194, 0.8534193952878315, 0.8393871472941504, 0.7985241055488587, 0.8311690999401943, 0.8471004969543884, 0.8445803112453883, 0.8267453405592177, 0.8386602898438773, 0.8377811683548823, 0.8324919283390045, 0.8400094118383196, 0.8268294036388398, 0.847909900877211, 0.8639941182401444, 0.840345103873147, 0.8258105046219296, 0.8666590127680035, 0.8282402700848049, 0.8451669951279959, 0.8499026205804614, 0.8563236150476666, 0.849606562985314, 0.895624001820882, 0.8533269266287485, 0.8310487541887496, 0.8575442751248675, 0.8777191301186881, 0.8673793898688423, 0.8547164347436694, 0.8486954569816589, 0.8226770136091442, 0.8658748063776228, 0.8619103789329526, 0.8687597162193722, 0.8435669034719467, 0.8583564533127679, 0.8566303418742285, 0.831902188062668, 0.8614338503943548, 0.8806568231847548, 0.8866921577188703, 0.8975826786624062, 0.9112848646110959, 0.903530526161194, 0.91231263478597, 0.943835606177648, 0.9280390633477102, 0.91718205081092, 0.9196700308057993, 0.9142837703227994, 0.9061847660276623, 0.9193948686122897, 0.9378512952062819, 0.9242572148640952, 0.9144614126947191, 0.9379646956920625, 0.937202727794647, 0.9234295520517563, 0.910470919807752, 0.9265456153286826, 0.9368569142288626, 0.9556957721710201]}