{"latitud": 9.303, "longitud": -73.7694, "radiacion": [4.314251312944624, 4.324711133374108, 4.370521140098572, 4.361936893728044, 4.341107683711582, 4.237757939762539, 4.108592691686418, 4.063684843646155, 4.156546807289124, 4.138413247797224, 4.224903984864553, 4.243882348802354, 4.340925606091818, 4.359980742136638, 4.3588931878407795, 4.303687486383651, 4.121102476119995, 4.270013108518388, 4.3140181011623815, 4.224640874067942, 4.135550763871935, 4.1620415608088175, 4.360536917050678, 4.390374422073364, 4.233047525087993, 4.2833559592564905, 4.221948851479424, 4.25267601940367, 4.262049040529463, 4.289687236150106, 4.331743343671163, 4.358049081431495, 4.394136769241758, 4.395351815223694, 4.383161212338342, 4.526493406295777, 4.485470581054687, 4.509208333492279, 4.625087748633492, 4.635332952605354, 4.58984577258428, 4.574356555938721, 4.561615975697836, 4.466776686244541, 4.401176004939608, 4.451649097601572, 4.473783116870457, 4.4975014977984955, 4.5574740078714155, 4.44990621275372, 4.468126002947489, 4.548485472467211, 4.598021533754138, 4.690272773636711, 4.750760833422343, 4.692974087927077, 4.607045823997921, 4.54261960585912, 4.394904339313507, 4.2567485067579485, 4.169098771942987, 4.276316130161287, 4.413558725516001, 4.384402339988284, 4.290131523874071, 4.289882678455776, 4.306005646122826, 4.407782869868808, 4.401665957768758, 4.371867387824589, 4.268219632572597, 4.211112474070656, 4.291900229454041, 4.3423061132431044, 4.314901680416532, 4.352566206455231, 4.34333305226432, 4.407100636429256, 4.404246326287587, 4.506044648753272, 4.526046698623234, 4.605547222826217, 4.545311526457468, 4.265237551265294, 4.114203462335798, 4.094974144299825, 4.22661072810491, 4.270677728123135, 4.361093227068583, 4.350522609551748, 4.291732075479295, 4.398588583204481, 4.460972909132639, 4.405915394094254, 4.3710764169692995, 4.326211851172977, 4.32671207719379, 4.397423546844059, 4.3187659303347266, 4.210800312625037, 4.200921886497073, 4.170706187354194, 4.094591887791951, 4.056495915518867, 4.0357029636700945, 4.037107340494792, 4.070986233817207, 4.188139119413165, 4.0987157662709555, 4.02649496793747, 3.986494233873156, 3.9261113299263855, 3.961748384104835, 3.9523670368724404, 3.9445551117261246, 3.8396639479531185, 3.8429858949449325, 3.8818331705199345, 3.950379467010498, 4.0241615679528975, 3.976988116900126, 3.99386360777749, 4.031564067469704, 4.004519806967841, 4.0016855094167925, 4.013944923877716, 4.028491943412357, 3.905313934220208, 3.9760197255346514, 3.970818977885776, 3.962910262743632, 3.972099614143372, 3.912649214267731, 3.769389772415161, 3.6770941999223505, 3.59604670074251, 3.5761754896905686, 3.716609619723426, 3.7523243731922578, 3.7370333645078877, 3.6982185482978824, 3.7032802714241875, 3.6299060927497018, 3.6657745718956, 3.6948600133260094, 3.7308362510469237, 3.7540986961788607, 3.7938805315229627, 3.8456227408515082, 3.7093970113330417, 3.735541901323531, 3.849681222438813, 3.8504156960381404, 3.7970626009835136, 3.7240379651387534, 3.766012610329522, 3.877062969737582, 3.8744849867290916, 3.8426845219400185, 3.766500535276201, 3.907884812355041, 3.916895598835415, 3.909224008189307, 3.8383509026633376, 3.7286829153696694, 3.805898943212297, 3.869224123160045, 3.936974803606669, 4.01409495804045, 4.026848194334242, 4.146030464437272, 4.2478389024734495, 4.1309139662318755, 4.105200252268051, 4.145611851745181, 4.197936423619588, 4.240882978174422, 4.320345947477553, 4.405027798811595, 4.344811781247457, 4.3950105163786155, 4.419904246595171, 4.431096778975593, 4.329045783148872, 4.315114070309534, 4.310488291581472, 4.3700353344281515, 4.405420128504435, 4.436892873711057, 4.314333163367378, 4.449299085140228, 4.488086072603862, 4.493045463826921, 4.493359408113691, 4.438314382235209, 4.512294815646277, 4.421569560633765, 4.415999689367083, 4.297268640995026, 4.381205688582527, 4.351657019721138, 4.398599425951638, 4.347760351498922, 4.290767341189915, 4.336846134397718, 4.346073383755154, 4.392471471097735, 4.40790716012319, 4.440497668584189, 4.3225297027164045, 4.194067017237344, 4.243160033226013, 4.1547813508245675, 4.132300470934974, 4.143693264325459, 4.104396328661177, 4.194143825107151, 4.312671203083462, 4.197789939244589, 4.058786511421204, 3.9960165527131815, 4.105892034371694, 4.194266324573093, 4.051869612269932, 3.97589911752277, 4.063200190332201, 4.047090225749545, 3.957400357723236, 3.9934666487905717, 3.9423862444029916, 3.982174264060126, 3.9909357892142405, 3.938824489381579, 3.8307382424672447, 3.757858958509233, 3.7975936783684623, 3.7697408636411036, 3.7595613506105217, 3.723961840735542, 3.6462405535909865, 3.664982028802237, 3.5664841439988884, 3.5866851051648454, 3.5477149632241995, 3.44289609723621, 3.411319488949245, 3.375330662727356, 3.4080640037854515, 3.47665680249532, 3.3465923666954045, 3.254896477858226, 3.3388867815335597, 3.3786689572864113, 3.3657595210605202, 3.280853050284916, 3.2088113215234544, 3.211259578333961, 3.135002315044403, 3.0797624296612214, 2.9967749582396617, 2.9772790484958223, 2.9049030237727695, 2.8904253403345748, 2.807032353348203, 2.84247900777393, 2.868152248859405, 2.917453000280592, 2.880364422003428, 2.812187412050035, 2.764010927412245, 2.82516972621282, 2.7427875505553345, 2.8068977183765838, 2.774407080809276, 2.6933078553941514, 2.671645926104652, 2.7007863561312355, 2.7499478777249657, 2.7495938618977873, 2.7111909839842045, 2.742698807186551, 2.768198777569664, 2.713626586066352, 2.6544849660661494, 2.5962614629003737, 2.658922468291389, 2.6573193007045317, 2.652561004956564, 2.6807955384254463, 2.641912645763821, 2.6594548516803305, 2.713576036029392, 2.731279342704349, 2.655248659849167, 2.573435244295332, 2.6532568216323855, 2.6278348326683045, 2.559448830286662, 2.532990827825335, 2.4996589422225948, 2.4622697856691147, 2.5575332456164888, 2.5396893077426483, 2.532362790902456, 2.4904274172253076, 2.5247852007548013, 2.5879532562361818, 2.6659665134218, 2.6908014535903924, 2.5969101468722027, 2.6477229860093856, 2.639055805736118, 2.6663006318940052, 2.781114309363895, 2.7220808770921487, 2.744026822514004, 2.7968631121847363, 2.9072654697630136, 2.9694850749439667, 2.8713375806808465, 2.881453466415406, 2.9166400313377387, 3.060252685017057, 3.1441510849528846, 3.0858738356166415, 3.128999597496456, 3.072257586320242, 3.158769966496363, 3.1394614643520775, 3.1350145472420583, 3.2434792187478805, 3.286799849404229, 3.2947671466403534, 3.281466972827912, 3.3434464918242566, 3.456091520521376, 3.4466006199518837, 3.4579298085636565, 3.5047620813051856, 3.5640078398916457, 3.640713306268056, 3.716343416108026, 3.698309701018863, 3.738661066691081, 3.8267647756470584, 3.8832797169685356, 3.916071560647753, 4.000326605637868, 4.0057686858707, 3.982052640120188, 3.9860311494933236, 4.031592061784533, 4.154045183128781, 4.213211037053003, 4.210366866323684, 4.185330095556047, 4.239932297335731, 4.372150773472256, 4.3668276680840385, 4.356015662352244]}