{"latitud": 5.0092, "longitud": -70.3894, "radiacion": [3.8794381658236197, 3.9423736850420625, 3.980923036071989, 3.9934306965933906, 3.955322074890137, 3.979747055636512, 3.909976732730866, 3.8274134569697913, 3.7859598769081964, 3.744998080200619, 3.8036059869660277, 3.873388972547319, 3.939858317375183, 4.000877147250706, 4.044511238733928, 3.9868469860818636, 4.023898451858098, 4.019059561358558, 4.060261987315283, 4.047643497255113, 4.083013190163506, 4.124148469501072, 4.214332818984985, 4.241961775885688, 4.217404352294074, 4.312393160661062, 4.300584129492441, 4.303748162587484, 4.2057081010606545, 4.330684540006849, 4.274696938196818, 4.323619931273989, 4.21869694656796, 4.282772927814059, 4.439425134658813, 4.4305269532733496, 4.411735525396135, 4.365120349989998, 4.402956904305352, 4.444087929195828, 4.3932571927706405, 4.377116588751476, 4.338334141837226, 4.274972054693435, 4.30301664935218, 4.239763270484077, 4.267487696806589, 4.2677424775229555, 4.265999640358818, 4.294533563984765, 4.175041406684453, 4.1530778911378645, 4.073689542876349, 4.132964436213176, 4.194932728343541, 4.293333966202206, 4.204939162731171, 4.20875567065345, 4.180187866422866, 4.055551107724508, 4.0145347952842725, 4.047741309801737, 3.999614904986487, 3.969237777921889, 3.9187892860836455, 3.7831765545739064, 3.7629747602674697, 3.8755709475941127, 3.7886540293693542, 3.7042688396241927, 3.622547303305732, 3.7633513397640654, 3.6246515459484527, 3.558913861380684, 3.6579435838593377, 3.644868206977844, 3.586097462972005, 3.494999861717224, 3.458478857411279, 3.6051200999153985, 3.576147278149923, 3.608960893419054, 3.622417873806423, 3.5030100597275626, 3.4369592348734543, 3.320437490940094, 3.269817707273696, 3.253016682465871, 3.0437348855866326, 3.117927295631833, 3.075937755902609, 3.0238082249959315, 2.914679131242964, 3.008107958899604, 2.9401327146424188, 2.865389239788055, 2.8994007627169296, 2.8809759895006817, 2.9650715205404494, 2.9626518978012935, 2.8167355815569564, 2.821869443522559, 2.829501858022478, 2.8372408429781597, 2.81820959382587, 2.8692302942276, 2.8080429381794403, 2.80272970729404, 2.8867089033126825, 2.8143724944856436, 2.76028323703342, 2.696270108222962, 2.6952793969048394, 2.752845523092482, 2.7364120099279616, 2.696372024218242, 2.6578239334954152, 2.6777665019035335, 2.6522842155562514, 2.7027905609872604, 2.6285729673173694, 2.542682941754659, 2.5023714847034877, 2.526727003521389, 2.519803909460703, 2.582071954674191, 2.5038055327203548, 2.419920950465732, 2.4734347886509367, 2.511467467414008, 2.5319589893023178, 2.557086543242137, 2.4919994526439244, 2.4761765003204346, 2.4788113315900175, 2.529510441091325, 2.447551802794138, 2.5293496383561025, 2.4904775632752307, 2.4949000954627993, 2.3977478226025903, 2.2832001990742152, 2.2625214828385247, 2.3367648071712916, 2.3725819600952995, 2.371691326300303, 2.3480160593986517, 2.3881687932544287, 2.392347041765848, 2.3556849797566737, 2.3017569528685673, 2.2762506498230834, 2.1696395357449854, 2.1939480463663745, 2.1819536513752413, 2.2459216011895076, 2.281556420856051, 2.1578524536556674, 2.190959574116601, 2.2766028735372754, 2.2598004606035023, 2.148056132263608, 2.1471556742986047, 2.17055932018492, 2.135790514945984, 2.090580064720577, 1.9194562474886576, 1.940164979298909, 1.9462610801060993, 2.0521050572395314, 1.8865871707598372, 1.930500977569156, 1.8647918515735202, 1.8505063474178316, 1.8490058938662213, 1.8842458446820576, 1.9354617171817352, 1.9319380005200706, 1.996879932615492, 1.9804580834176804, 1.9763120969136552, 1.9303617358207694, 1.8636661900414362, 1.8882748709784616, 1.946064033110937, 1.9937522861692634, 1.9903571221563556, 1.983765485551622, 1.9033853126896758, 1.881702206532161, 1.9360758576128212, 1.936802073319753, 1.863554765118493, 2.0068708591991, 2.036933134661781, 2.015482257472145, 2.009936420122783, 1.9766884922981263, 1.9871129115422566, 2.0340650333298593, 2.0004387670093107, 2.013105834854973, 1.8842749191655053, 1.874931728839874, 1.9043021705415513, 1.8219332695007326, 1.8809786763456138, 1.7739813599321579, 1.8246457682715522, 1.7124690824084805, 1.8452057295375404, 1.8757004214657673, 1.8007937828699745, 1.8032927023039924, 1.7754634473058915, 1.8101299550798207, 1.8511139372984575, 1.8892281956142842, 1.8588977257410686, 1.9181574490335256, 1.9704344643486866, 1.8911346680588192, 1.9155419879489475, 1.8860146760940555, 1.933854658073848, 1.8763109472062853, 1.9789939085642494, 1.924175196223789, 1.995114886760712, 2.067161530918545, 1.9695478849940826, 1.9665050493346314, 2.069376201099819, 2.0229496810171343, 2.0963864220513235, 2.0826113594902886, 2.0900705973307283, 2.0865697794490394, 2.1696671989228986, 2.09808239671919, 2.1683930887116323, 2.276167408625285, 2.285105531745487, 2.2734107077121735, 2.3401497138871084, 2.3621532930268176, 2.3275694396760733, 2.2296392944124013, 2.2843575345145335, 2.3640241086483003, 2.421142278777229, 2.4627408597204425, 2.467372703552246, 2.489021918508741, 2.5530695610576206, 2.507703174485101, 2.4518205722173056, 2.4336038668950404, 2.4463679048750135, 2.5597988433308068, 2.5263641423649252, 2.4916146622763744, 2.5228238344192513, 2.543595355086856, 2.5856977131631647, 2.641461606820424, 2.609642169210646, 2.6411271995968284, 2.656227505207062, 2.6713642120361327, 2.6704295463032195, 2.6015104360050625, 2.617977587381999, 2.5830456429057658, 2.60423805448744, 2.657088124752045, 2.630418180094825, 2.597105438179439, 2.5875319163004558, 2.606096261077457, 2.68670330842336, 2.677197093433804, 2.7040787524647176, 2.7728779170248234, 2.7245850205421447, 2.726341279347738, 2.717640145619711, 2.6875958720843, 2.83835690551334, 2.8542224208513898, 2.7583545605341597, 2.7363623936971027, 2.793722518285115, 2.7240471614731683, 2.7590899215804203, 2.710740729173025, 2.592259732882182, 2.6905312538146973, 2.7966197384728324, 2.755174468623267, 2.6612971835666226, 2.5696848207049907, 2.706560298469332, 2.6970952272415167, 2.672971432738834, 2.810760360293919, 2.8731881764199994, 2.7531595375802778, 2.848194759421878, 2.87570437060462, 2.8879435631963943, 2.8626268519295586, 2.8338349209891427, 2.9443685531616217, 3.035426355732812, 2.9532884014977347, 2.911650248368581, 2.8081445495287576, 2.8604123433430986, 2.949247790707482, 3.0011448714468223, 2.9145590901374816, 2.989652338292864, 3.065423166751861, 3.070760193136003, 3.0264288690355095, 3.029043450620439, 2.978829918967353, 3.027315845754412, 3.043979791800181, 3.0974831700325005, 3.105460910002391, 3.1054977244800988, 3.1378513455390924, 3.167286721865336, 3.1580486734708155, 3.202979485193888, 3.2370081437958613, 3.3058552132712475, 3.3710861841837567, 3.4068086332745025, 3.4624313645892677, 3.395262495676677, 3.468398133913676, 3.508588495519426, 3.568593880865309, 3.6699787603484264, 3.685548709498511, 3.6647500395774855, 3.721097874641419, 3.6714119553565983, 3.6428376065360175, 3.652965320481194, 3.696900019380782, 3.7285060180558105, 3.64505619208018, 3.6818300366401666, 3.8269004093276124, 3.800160180197821, 3.8421591083208724]}