{"latitud": 7.7945, "longitud": -74.3388, "radiacion": [1.6672316763136117, 1.710342942343818, 1.7048165387577479, 1.6947612398200569, 1.689943370554183, 1.7799862371550665, 1.757836507426368, 1.7463539534144932, 1.7077892535262633, 1.7411204669210643, 1.7462573117680023, 1.749463884035747, 1.7459303882386947, 1.7535949110984805, 1.734743524922265, 1.776709602938758, 1.7732344832685254, 1.7675756679640873, 1.760302951600817, 1.7615303198496504, 1.7627491129769222, 1.8060244454277885, 1.785108953052097, 1.8049488398763867, 1.8289334707789955, 1.7976831290456987, 1.8151281767421292, 1.8242039945390491, 1.8463984873559738, 1.8744783533944018, 1.8932881580458751, 1.9192846099535619, 1.8654963427119784, 1.8264010879728527, 1.8464948786629574, 1.8183652096324494, 1.900949505964915, 1.9045246680577594, 1.8544107887479993, 1.9146584060457006, 1.8655033157931438, 1.8775983426305987, 1.8838760839568252, 1.91161327097151, 1.9124179548687403, 1.8940299457973906, 1.9419736769464286, 1.9014154089821707, 1.9161528057522246, 1.947793245315551, 1.9206215037239922, 1.8772946390840743, 1.9314483814769325, 1.9005103442404006, 1.9185872919029656, 1.9347988168398542, 1.9339080717828532, 1.9240979048940876, 1.9056671592924328, 1.9093341668446857, 1.9215833014912078, 1.9210921936564975, 1.910062246852451, 1.9296020646890002, 1.8465450896157156, 1.866888235674964, 1.8743744055430092, 1.9081689596176143, 1.8218208677238887, 1.8390558924939893, 1.858714916308721, 1.8810212135314937, 1.875680634710524, 1.8423582434654235, 1.7973782579104103, 1.8042703972922431, 1.8312386526001827, 1.7925904406441582, 1.74429461757342, 1.768604726261562, 1.8094363106621636, 1.8184125847286652, 1.8078527106179128, 1.7982869770791792, 1.7587970455487565, 1.7281635946697655, 1.7347009340922035, 1.7155140625105962, 1.7655111922158133, 1.7363586081398854, 1.7114183657699165, 1.6657294551531479, 1.7172443946202598, 1.6959148002995388, 1.6607595589425832, 1.7025433626439834, 1.688965990146001, 1.685417856110467, 1.7002245545387271, 1.6959172758791183, 1.701013080941306, 1.7144574046134942, 1.6443143374390072, 1.6440187844965202, 1.6035035914844933, 1.636201122734282, 1.6238496906227537, 1.6292384280098808, 1.6352520664532981, 1.6552700009610917, 1.5866561975744033, 1.6113292468918694, 1.5755043970214, 1.5319952891932587, 1.5546087377601205, 1.513489205969705, 1.5374291088845997, 1.5321968383259243, 1.5012649297714231, 1.5198028167088822, 1.5087040887938608, 1.519330852561527, 1.5011161764462788, 1.4870949221981897, 1.4959593666924367, 1.5269101500511166, 1.5058968020810024, 1.4897910402880779, 1.5229522142145369, 1.4985801458358765, 1.551118630833095, 1.5523039599259694, 1.4866324808862468, 1.4984041810035704, 1.4499734256002643, 1.462126388814714, 1.459474946392907, 1.4850922531551778, 1.4528618918524847, 1.4481980893347, 1.4184951411353215, 1.4260168976253935, 1.4453161405192485, 1.437898214658101, 1.430218473407958, 1.4090394927395715, 1.4393908666239845, 1.447450476222568, 1.4758946008152432, 1.4496309459209442, 1.4525460845894285, 1.462492987182406, 1.4694478425714703, 1.4931308825810747, 1.4241777771049076, 1.4697297135988865, 1.4570825907919138, 1.4550744420952275, 1.473361598120795, 1.4445019841194158, 1.4739404479662577, 1.437243788772159, 1.4641271524959139, 1.536760467290878, 1.4636026753319635, 1.4720296733909184, 1.511217841837141, 1.4823503626717454, 1.5028584533267548, 1.4875801795058783, 1.545233025815752, 1.5363635778427127, 1.5174470808770923, 1.4937165935834251, 1.4791282223330604, 1.522278902265761, 1.5033109188079827, 1.5222281555334725, 1.508061936166551, 1.5342223167419429, 1.5562590539455412, 1.5453608387046394, 1.5452938291761613, 1.519364420572917, 1.5423084623283811, 1.55745949877633, 1.5623474617799122, 1.5980175468656752, 1.6305107924673294, 1.586575149827534, 1.561639614899953, 1.5457462204827197, 1.5701068725850849, 1.565608076254527, 1.5839328580432468, 1.5885461952951216, 1.6115128629737427, 1.5694769700368247, 1.5887119478649563, 1.6332197268803916, 1.582564855946435, 1.6081320034133062, 1.5745277073648245, 1.5970120085610293, 1.565647710031933, 1.548738683594597, 1.5973073813650345, 1.6308068950970964, 1.5975495894749951, 1.5553521527184386, 1.5719460354910961, 1.5867690377765233, 1.5632265739970734, 1.5103811787234418, 1.526606664392683, 1.5276455766624875, 1.5929989914099376, 1.5812477038966282, 1.54988051255544, 1.5296646277109778, 1.5571929984622532, 1.5728825357225205, 1.5498833020528158, 1.517247944407992, 1.5105499764283499, 1.5560367200109695, 1.5241536590788092, 1.5197454810142519, 1.4916490832964577, 1.520098876953125, 1.532550287246704, 1.5317480411794453, 1.5152649005254109, 1.5195606960190666, 1.4866270846790737, 1.5133941988150277, 1.5326884229977924, 1.50160417954127, 1.525467986530728, 1.5163417577743525, 1.4952358206113179, 1.5264726658662158, 1.4748732652929097, 1.482963458697001, 1.4878320799933533, 1.4728584329287209, 1.4364959054523048, 1.4627694567044578, 1.441970523860719, 1.4271090858512465, 1.4222084760665894, 1.4252224889066483, 1.480254195796119, 1.501002082559797, 1.462899833917618, 1.4422574182351429, 1.4415973563989006, 1.4556780007150436, 1.4428922143247391, 1.4708370579613579, 1.416549620363447, 1.4214776125219133, 1.4351692159970604, 1.382832007937962, 1.408673839436637, 1.3881661574045812, 1.4219296813011173, 1.3906294438574047, 1.4156953069898819, 1.372020320097605, 1.379248729017046, 1.3732835915353558, 1.4294117119577197, 1.3537016338772248, 1.3637523147794937, 1.357912691434225, 1.3857963283856716, 1.3884115921126472, 1.3577442016866466, 1.3563269999292158, 1.3779171903928118, 1.3614682687653439, 1.3568413562244839, 1.3333384407891167, 1.2992374572488996, 1.3196145633856455, 1.3682617988851338, 1.3536024848620094, 1.3365831361876594, 1.3357804391119217, 1.294926073816088, 1.308303332328797, 1.3580330451329548, 1.3126811106999712, 1.3436576810148033, 1.340705441104041, 1.3263535936673476, 1.299592465824551, 1.3322021782398221, 1.2962015893724228, 1.2769292685720652, 1.3349748028649222, 1.327874552541309, 1.3218428161409166, 1.3596343603399064, 1.3649379001723396, 1.3434451904561788, 1.403898982869254, 1.3649631977081302, 1.3603620549043016, 1.324448029200236, 1.3228244364261623, 1.3586770070923704, 1.3613007624944053, 1.323824644088745, 1.3247808231247793, 1.3373885922961761, 1.3256481740209791, 1.3362786432107285, 1.339279975493749, 1.353859847784042, 1.3528587679068247, 1.3669425050417583, 1.3744190659787925, 1.3429385483264922, 1.3530124319924248, 1.3851831204361382, 1.3988724695311658, 1.4081340955363377, 1.3791660421424445, 1.3766571621100105, 1.4472004585795932, 1.4139836417304146, 1.4320429669486152, 1.451892937554253, 1.4358786980311073, 1.4497676723533204, 1.4627563231521183, 1.4608061565293202, 1.459850582811568, 1.481884543763267, 1.5110389762454561, 1.5301643994119434, 1.490598560704125, 1.511798346704907, 1.571243696742588, 1.5294822302129534, 1.5899350404739383, 1.5807616637812718, 1.5922512067688837, 1.5475338412655726, 1.5742718935012816, 1.5899624440405107, 1.5893221855163573, 1.619549634721544, 1.6593358874320983, 1.6412681308057577, 1.64764444231987, 1.6739121185408699, 1.6404073642359835]}