{"latitud": 10.8739, "longitud": -73.9816, "radiacion": [2.211579207579294, 2.271385631296369, 2.2502817895677354, 2.2512507650587295, 2.1729833788341955, 2.236420198281606, 2.157911811934578, 2.1641619245211285, 2.193353875478109, 2.2061376558409793, 2.249354525407155, 2.2293423771858216, 2.205958292219374, 2.137474727630615, 2.1642239398426484, 2.2367840528488157, 2.2088365952173863, 2.18883057170444, 2.216955637931824, 2.178145768907335, 2.2107980397012503, 2.1808539112408956, 2.2144302156236435, 2.2679958754115632, 2.239715610610115, 2.2794452561272514, 2.265768818060557, 2.258011701371934, 2.265437769889832, 2.2920555790265404, 2.3694024443626405, 2.3330400864283245, 2.35157943169276, 2.2821260452270504, 2.26987906826867, 2.319214974509345, 2.349401230282254, 2.3130661421351966, 2.3515706605381435, 2.3669386969672304, 2.3578041778670413, 2.3744647092289397, 2.4033886114756267, 2.325906242264642, 2.293742316299014, 2.3408677564726927, 2.3373030609554717, 2.303136444091797, 2.329191939036052, 2.3314172466595964, 2.329143640730116, 2.3123735666275027, 2.3329718854692243, 2.361070329613156, 2.390159579118094, 2.446523975001441, 2.396273458003998, 2.361346495151519, 2.304731845855713, 2.332365661197239, 2.318180012702942, 2.3481828742557096, 2.3355428245332504, 2.297083222866059, 2.2739332172605726, 2.273712380727132, 2.27039881547292, 2.289049461152818, 2.264776368935903, 2.26586236556371, 2.30509770711263, 2.287648667229546, 2.349447127183278, 2.2702707462840617, 2.235275255309211, 2.273044424586826, 2.3030899869071115, 2.2950318217277528, 2.3660640597343443, 2.3248687161339654, 2.3154949824015296, 2.2915457394387997, 2.336356568336487, 2.347183677885267, 2.2846382538477585, 2.2516106340620254, 2.2419253077771937, 2.23904381328159, 2.255774823824564, 2.2505057454109196, 2.2474607865015663, 2.2112665123409694, 2.206946671009064, 2.2111815187666157, 2.2206610798835746, 2.2392515513632034, 2.226217827532026, 2.2534128043386663, 2.2263829112052917, 2.22655045721266, 2.2575091706381905, 2.2316978136698404, 2.2640585250324676, 2.2585021548801, 2.2263695869180893, 2.2409192734294465, 2.2284888188044225, 2.249438598420884, 2.1633727153142295, 2.1657009853257074, 2.156995024946001, 2.200222293535869, 2.157485507594215, 2.2158913996484553, 2.2101831277211508, 2.167617282602522, 2.123028540611266, 2.175308952066634, 2.1720005114873246, 2.1611051691903005, 2.154811161094242, 2.157118464840783, 2.1339329547352257, 2.14467775159412, 2.2253582239151, 2.1585141711764866, 2.146224232514699, 2.1667282382647186, 2.150541294945611, 2.081697480546103, 2.102175516552396, 2.078890404436323, 2.0214157157474095, 2.0271603253152635, 2.0673227548599247, 2.0904377063115436, 2.0495220449235707, 2.0635333908928764, 2.0679725580745267, 2.041168599658542, 2.0405003786087037, 2.0205742173724706, 2.0354656802283393, 1.971991526418262, 2.0587589356634353, 2.0891162693500522, 2.12157643503613, 2.090464619795481, 2.0827273329099016, 2.0952732986874056, 2.093894969092475, 2.1825958106252883, 2.1773355669445458, 2.1770948429902393, 2.128139672014449, 2.116654128498501, 2.1506386041641234, 2.081016867690616, 2.163238216771019, 2.149987796942393, 2.0813691642549306, 2.026691965262095, 2.088115321265326, 2.094057688448165, 2.0745717088381457, 2.091708960798052, 2.1058446500036454, 2.1683902263641355, 2.199531406826443, 2.216761491033766, 2.3102071073320185, 2.3216293281979037, 2.274276106887394, 2.213479884465536, 2.229591180218591, 2.2320340977774724, 2.187842032644484, 2.235291022724576, 2.300688609811995, 2.3651006023089085, 2.3933135244581436, 2.379788574907515, 2.37048095729616, 2.3199178417523707, 2.2949518190489875, 2.250364387697644, 2.2567009621196323, 2.339931005901761, 2.3326968007617532, 2.2917934523688426, 2.322321747408973, 2.3035859962304435, 2.3025568591223817, 2.323838708135817, 2.2774978160858157, 2.3431538065274555, 2.306348723835415, 2.3051598999235354, 2.263257768419054, 2.2540662023756233, 2.3370413475566436, 2.3473540782928466, 2.310162423716651, 2.2383792148696044, 2.2724251839849674, 2.273129742675357, 2.2494688245985244, 2.2357420417997567, 2.303255758020613, 2.2731998536321845, 2.194050467014313, 2.170068756739298, 2.14654927915997, 2.174004438188341, 2.2476491835382255, 2.2000828292634744, 2.215868216090732, 2.30671507914861, 2.261981655491723, 2.2620498710208468, 2.191707417700026, 2.20525971253713, 2.182018441624112, 2.1714773204591538, 2.162863563166724, 2.1679578079117676, 2.221895021862454, 2.162116697099474, 2.1581654071807863, 2.206517174508837, 2.2249440113703405, 2.21012906630834, 2.166612720489502, 2.154663525687324, 2.102498873074849, 2.0944442298677237, 2.1053827669885425, 2.104313347074721, 2.0853960778978133, 2.0929442909028793, 2.067299407058292, 2.043296253681184, 2.0717561112509837, 2.1001819133758546, 2.0475903895166176, 2.030447129408518, 2.0262979123327463, 2.028467383649614, 2.0589682989650306, 2.052608574761285, 2.022835030820635, 2.001376096407572, 2.0667388048436908, 2.0375915712780426, 2.005257331000434, 1.9921430879169044, 2.0112220075395375, 1.9506426850954686, 1.8830472217665781, 1.8969559086693657, 1.8812430633438961, 1.9027744306458365, 1.8607640107472745, 1.8195773826705082, 1.8332733538415698, 1.875586875279744, 1.9417726516723637, 1.9054406457477147, 1.8925288147396515, 1.8620020998848805, 1.8353967640135025, 1.8521819843186276, 1.8698589801788337, 1.89533328877555, 1.9119887775844997, 1.8921895649698044, 1.9065237601598106, 1.8779600368605713, 1.8605548315578027, 1.915148631731669, 1.9640772528118557, 1.9572983198695708, 1.8880032247967193, 1.8375996298260155, 1.8426747957865401, 1.859185103575389, 1.8763307571411134, 1.8819587429364526, 1.8376153283649022, 1.890969449943966, 1.8678547925419287, 1.873365728060404, 1.8581359121534557, 1.8515431510077587, 1.8375938779777952, 1.8512657562891643, 1.8624031464258834, 1.8758085932996538, 1.8326141397158306, 1.8371852146254646, 1.8652215864923267, 1.9526460674073973, 1.978817796707153, 1.932057525051965, 1.9052704148822361, 1.9438359498977664, 1.9156097624036998, 1.927648092640771, 1.9252246141433718, 1.956394379668766, 1.9815061542722914, 1.9358397059970434, 1.9137669384479519, 1.888175088829465, 1.939115283224318, 1.9538493606779312, 1.8821814550293812, 1.8812269303533764, 1.885672174559699, 1.8940983242458769, 1.8843125568495864, 1.9140649212731253, 1.9636382089720827, 1.9727733267678158, 1.9643365104993185, 1.999574139383104, 2.0521204789479572, 2.0136092265446983, 1.9724633799658882, 1.9204307251506387, 2.021404688225852, 1.9990681237644619, 1.9668986757596336, 2.0103361447652186, 1.9947390860981404, 2.093185634083218, 2.050692092047797, 2.0488245010375983, 1.9666863507694667, 1.9960112214088443, 2.0474228752983947, 2.0906664848327634, 2.0655321187443207, 2.0560172299544024, 2.092282140917248, 2.134982900487053, 2.1501227339108784, 2.192430408795675, 2.1363973008261787, 2.1066995461781826, 2.080386788315243, 2.1277414772245615, 2.188667039076487, 2.1494368804825683, 2.1972321470578517, 2.213787455028958, 2.211572715971205, 2.279379068480598, 2.2961674597528243, 2.276932450135549]}