{"latitud": 3.4288, "longitud": -70.9306, "radiacion": [1.466983366674847, 1.485600625806385, 1.5211016767554815, 1.5079851355817586, 1.5029907325903575, 1.4946494804488284, 1.5000014046827952, 1.518261551194721, 1.5297493345207638, 1.5196201390690278, 1.4965937356154122, 1.5143049577871956, 1.5171487251917517, 1.5270166330867339, 1.5382343457804784, 1.5191160069571599, 1.5109063274330563, 1.5101758599281314, 1.5365334365102985, 1.5705772373411389, 1.5706450906064777, 1.585838689406713, 1.580529480510288, 1.5717923992209961, 1.5699432624710932, 1.5798857662412853, 1.5920726696650191, 1.604734625418981, 1.5762577361530727, 1.599910411569807, 1.5859957993030545, 1.5958581116464405, 1.5956035077571868, 1.594660064246919, 1.6361320303546059, 1.6408462848928245, 1.636262428760528, 1.5951995174090063, 1.589535683393479, 1.6211364448070524, 1.6118175288041439, 1.6165282368659977, 1.6156470530562927, 1.6159825437598763, 1.6204555710156763, 1.577539757887522, 1.5708225541644634, 1.5990550763077203, 1.567193927367528, 1.5970056030485364, 1.5499916328324215, 1.5757162239816458, 1.5546680642498865, 1.5481961700651377, 1.5942721015877195, 1.6034385535452105, 1.5936111648877465, 1.5958945910135902, 1.6051288743813839, 1.5858699944284227, 1.5546608163250817, 1.5573463314109375, 1.5121741652488712, 1.547928006781472, 1.5342798444959855, 1.4817630396948929, 1.4862055248684356, 1.506413402822283, 1.4903532094425629, 1.4874298459953736, 1.468893312083351, 1.4570497724745015, 1.4207862582471638, 1.4195669896072811, 1.4225586202409535, 1.4343738602267369, 1.4086645430988736, 1.4100206322140163, 1.4167749100261264, 1.441834020614624, 1.445829265647464, 1.4099113980929057, 1.400405547353956, 1.403446929984623, 1.4155255364047157, 1.3600699272420667, 1.3284230662716758, 1.3222404380639394, 1.2987261739042066, 1.2925709002547787, 1.2698823571205142, 1.2448746575249567, 1.2413762556182013, 1.2650965902540419, 1.244265447722541, 1.2260647667778863, 1.2277056488725877, 1.2286674280961356, 1.2332039641009436, 1.2435862693521706, 1.2018083592255913, 1.1878199670049876, 1.182114938232634, 1.2122187978691528, 1.203581311305364, 1.2127749760945639, 1.1950844513045424, 1.1713301175170472, 1.2023181551032593, 1.2041448864671918, 1.1765440881252294, 1.1542846454514397, 1.168881283203761, 1.1552621391084454, 1.1466720329390632, 1.1380623194906447, 1.1147670573658415, 1.1202044791645471, 1.1269434935516778, 1.1187760108047062, 1.1314928962124713, 1.0789007008075715, 1.057838320732117, 1.0571922063827512, 1.0755136575963762, 1.0803353296385871, 1.0812099337577823, 1.0466395921177336, 1.0258712993727785, 1.0205998347865213, 1.0579454746511243, 1.068365177181032, 1.0435460627079012, 1.033337246047126, 1.0504974729484984, 1.0574606166945566, 1.0575575788815819, 1.0442752361297603, 1.02896395723025, 1.0442537393834856, 1.010700676838557, 0.9710631913608972, 0.9674037257830305, 0.9931292275587716, 1.011531201336119, 0.9924426085419125, 1.0152600811587438, 1.001756758822335, 1.0016438179545937, 1.0033129341072504, 1.0094452367888558, 0.9792170749770267, 0.9365516278478833, 0.9536880122290716, 0.938980040947596, 0.9510800970925223, 0.9574962417284647, 0.9223647197087604, 0.9505918833944534, 0.9420532034503087, 0.952054958873325, 0.9358333865801493, 0.9363129284646773, 0.9543277700742087, 0.9566228098339505, 0.9468154350916546, 0.8987215922938453, 0.8737241327762604, 0.874134883615706, 0.8973940286371445, 0.888661199808121, 0.8634599122736191, 0.8544680807325573, 0.8532435761557685, 0.8548066245185003, 0.8711287326282928, 0.8737197584576079, 0.8671688887808058, 0.8607994887563918, 0.8732889870802563, 0.8752861168649463, 0.8570590900050269, 0.8573518282837339, 0.8730000158150989, 0.8877494348420036, 0.887211208873325, 0.8689522915416292, 0.8714409954018062, 0.8812327345212303, 0.892483154270384, 0.8919189903471203, 0.8490567942460379, 0.8641839192973245, 0.8769457598527272, 0.883974032269584, 0.901967726813422, 0.8966099149650995, 0.8793921324941847, 0.8706811587015787, 0.877517263094584, 0.9060451275772516, 0.8794909887843662, 0.8675188044706982, 0.8654830005433825, 0.8738317794269986, 0.8597522523668077, 0.8507848262786865, 0.8609730641047159, 0.8307729211118488, 0.8243410382005903, 0.8705702473719916, 0.8627183854579927, 0.8289120528433059, 0.8154276549816131, 0.82007290787167, 0.8293214109208851, 0.8457861456606125, 0.8339820365111033, 0.8307008147239686, 0.8508263647556307, 0.8589367667833963, 0.829293237792121, 0.8473913735813562, 0.8457861741383872, 0.8444982356495326, 0.8450810776816476, 0.830359199974272, 0.8388532194826336, 0.8531886246469287, 0.891710302564833, 0.8661580661932629, 0.8586181051201288, 0.8384628984663224, 0.8628958317968584, 0.8761167559358811, 0.8708773030175107, 0.8414145774311489, 0.8520763662126328, 0.8820108089182113, 0.8505397094620596, 0.8733905328644647, 0.883036114109887, 0.9000170608361561, 0.903439763519499, 0.9220410810576544, 0.8932892368899449, 0.8918030473921035, 0.8701097243362005, 0.9123958587646488, 0.9425799250602722, 0.9268023358450996, 0.951483710606893, 0.9574521780014038, 0.9537243452337055, 0.9687336550818543, 0.9540586094061535, 0.9383393651909303, 0.9174417687786948, 0.9752470354239148, 0.9596233897738987, 0.9555097023646036, 0.9704754723442924, 0.9728869352075787, 0.9677728308571716, 0.986367638905843, 1.0073042995399897, 1.0065540148152243, 1.0348147590955097, 1.014855193429523, 1.0117964367071788, 1.025966116454866, 1.0106189098623064, 0.997787637180752, 1.0148381027910447, 1.007020981444253, 1.0112213797039458, 1.0066148327456579, 1.0038987153106265, 1.0115452263090345, 1.0120079914728801, 1.0340474592314826, 1.0624759137630462, 1.053297193182839, 1.0783185150888233, 1.0337478127744462, 1.056868777010176, 1.0611389431688523, 1.0755479421880512, 1.0952960921658408, 1.0624922156333925, 1.0245595812797548, 1.044509148597717, 1.0494688391685487, 1.0539691858821445, 1.0620559480455187, 1.0577240215407475, 1.0150423162513311, 1.043789831797282, 1.0527952704164714, 1.071711239549849, 1.0312519364886812, 1.0491202917363909, 1.0469306389490767, 1.0555407749281989, 1.0417138298352562, 1.0878133416175846, 1.0820214649041495, 1.0901638415124681, 1.0817607223987578, 1.0755347649256388, 1.08220268951522, 1.0938117484251655, 1.0945588913228774, 1.105605971813202, 1.1043302906884087, 1.0835267596774631, 1.1005195021629335, 1.0915609134568112, 1.1018543918927513, 1.1426109260982937, 1.1686884608533648, 1.1436984386709006, 1.1514945838186474, 1.1767238398393, 1.1733577873971728, 1.1541272275977665, 1.1670339259836406, 1.1758008228407966, 1.2114435321754884, 1.205109934674369, 1.1986930045816633, 1.2225674741797983, 1.2538921766810944, 1.2589584893650483, 1.2661869625250501, 1.2407293624348108, 1.2317625853750442, 1.280537166860368, 1.2934958881802034, 1.3158396343390144, 1.3080674131711325, 1.350876231988271, 1.357153162691328, 1.3829801592561932, 1.3990998334354827, 1.3744731982549034, 1.3849972168604534, 1.3931935840182834, 1.3892694075902303, 1.4371349420812394, 1.4069895704587296, 1.397435971763399, 1.388491929239697, 1.4001324686739185, 1.4424860947661937, 1.4299115664429134, 1.4427247862021133, 1.4542788578404326, 1.4602763387891977, 1.4861623810397255]}