{"latitud": 5.6628, "longitud": -76.6165, "radiacion": [1.021262960963779, 1.0177054901917775, 1.0078767630789012, 1.0173630906475912, 0.9772144807709587, 0.9946137070655823, 0.9826366305351261, 1.026253620121214, 1.0358433855904472, 1.0091935641235774, 1.0260063588619233, 1.0074089308579761, 1.0052418092886606, 1.0457484364509586, 1.0344829228189258, 1.0479126671950023, 1.0245088908407425, 1.039850438303418, 1.029025618897544, 1.0334814833270176, 1.0422057158417173, 1.051302378707462, 1.0258693542745378, 1.0331401911046774, 1.0335447735256618, 1.0277649303277334, 1.0223747544818458, 1.0306210498015083, 1.0572452233897316, 1.052334217892753, 1.0388579308986665, 1.0356489890151555, 1.0363165570629962, 1.0409229662683277, 1.0561622858047481, 1.047593542602327, 1.0524200068579777, 1.0425043291515772, 1.034351560142305, 1.0426432026757135, 1.042978287405438, 1.0505824195014106, 1.0248828927675884, 1.0344302329752184, 1.0614825189113617, 1.0411401609579725, 1.0377820286485882, 1.0391671306557129, 1.0491942167282104, 1.0561409691969557, 1.0532843371232348, 1.0382723073164624, 1.0514043913947206, 1.0493082616064282, 1.0616869648297629, 1.063534630007214, 1.04233209821913, 1.0416461792257097, 1.042256579796473, 1.052683270639843, 1.0276506814691755, 1.0130468063884313, 1.0310343159569635, 1.0208426468902163, 1.025365557273229, 1.0317800203959144, 1.0440292563703324, 1.0387753446896875, 1.0346659017933737, 1.018900758690304, 1.0275194062127007, 0.9916472302542788, 1.0100115292602114, 1.0195519864559177, 1.0313383254739972, 1.0053023199240367, 1.0219487885634102, 1.0290619406435224, 1.0325251751475861, 1.020669692092472, 1.011849593453937, 1.0006393452485398, 1.0020114534431035, 1.0015134665701124, 1.005013636085722, 0.9901707165771061, 0.9972443653477564, 1.0187381519211667, 0.9924262126286824, 1.0245731386873456, 0.9909211622344122, 0.9989593578709499, 0.9857766601774429, 1.0150515556335449, 1.0102343698342635, 1.0068841973940528, 0.9858793364630807, 0.9773661163118149, 1.0241203731960722, 0.9722843673494124, 0.9904076218605041, 0.9916852427853479, 0.9919889860683018, 0.9876072751151191, 1.0007546577188706, 1.0000688082642026, 1.0058062149418723, 0.9964286122057171, 1.0183343350887295, 0.9998123645782472, 1.0002981258763208, 0.9994461523161994, 1.0016070730156368, 1.0044996685451928, 0.9901945511500042, 0.9971727755334644, 0.9913824299971261, 0.9967942237854004, 1.0056025418970316, 1.0048189130094316, 1.0130730549494429, 0.9968138184812333, 1.0003474016984308, 0.9736777020825284, 0.9892754859394498, 0.9939234899150001, 1.0028039462036558, 1.0027796109517417, 0.9809880395730337, 0.9981353474987872, 1.000698803530799, 1.0209022435877062, 0.9997615734736125, 0.9997920586003192, 0.9812351604302721, 1.0165960510571799, 0.9997690618038177, 1.0019452558623418, 1.0006419665283628, 0.9923757798141898, 0.9817426105340316, 0.9926432616180841, 0.9947521176603101, 1.006926061709722, 0.9969199895858766, 1.0022979749573604, 1.002201800876194, 1.0118732584847343, 1.0131553557184008, 1.0124064822991685, 1.0222479807005989, 1.003610332806905, 1.015224114391539, 1.0224452296892799, 1.0084679027398424, 1.0227437370353276, 1.0218418240547178, 1.0208626018630138, 1.012946336799198, 1.0035277671284148, 1.0336140261756046, 1.0235339158111147, 1.01546603375011, 1.0041891396045681, 1.0093254857593112, 1.01249586807357, 1.0219872415065763, 1.0052537838617959, 1.025452732377582, 1.0302721712324356, 1.02763629688157, 1.0426652835475076, 1.0288270327779983, 1.059265223476622, 1.0454292085435652, 1.0372262418270113, 1.048195472690794, 1.0615948571099176, 1.0498556143707696, 1.0493872569666969, 1.048232020934423, 1.0576721085442438, 1.0565797328948978, 1.044378874037001, 1.0315872755315567, 1.056250922547446, 1.0530597223175897, 1.0564473059442305, 1.0535392383734388, 1.0659091393152875, 1.060947709613376, 1.0592626472314202, 1.046939729981952, 1.0563923365539971, 1.0502707044283548, 1.0760938300026792, 1.0621161990695533, 1.050891865624322, 1.0482706182532835, 1.0636444323592713, 1.0438832852575513, 1.0614711032973396, 1.0646348569128257, 1.0792810479799906, 1.0776143868764247, 1.0626636319690286, 1.0644125421841935, 1.0803333779176076, 1.0729543361398903, 1.0897330396705205, 1.0756369206640455, 1.0833266688717733, 1.0891134526994497, 1.0722030056847471, 1.0697181483109792, 1.0711855312188465, 1.0722847117318046, 1.0856628378232325, 1.0787631326251557, 1.0750181734561919, 1.050325534741084, 1.0665601054827374, 1.079669521252314, 1.0688512947824265, 1.070654496881697, 1.0757871872848932, 1.0513975408342147, 1.0676959481504233, 1.0579851607481638, 1.072140626774894, 1.056120551294751, 1.0587509671847029, 1.0767635265986122, 1.065543940332201, 1.0652794559796648, 1.0552489333682586, 1.0562587300936377, 1.0758848753240375, 1.0659515632523429, 1.0498416622479758, 1.0810280031628081, 1.0626119792461397, 1.0657298386096954, 1.0805907136864132, 1.0665951450665796, 1.0755707085132602, 1.0561798287762532, 1.0661104261875154, 1.0531811065144006, 1.078474117649926, 1.0512017740143669, 1.0411397788259718, 1.07505443294843, 1.0439901616838245, 1.0701580550935532, 1.052200041876899, 1.057201775577333, 1.0289486229419709, 1.0381214512719046, 1.0671882092952727, 1.022709124618106, 1.0166642705599467, 1.0446140772766535, 1.0301004979345534, 1.0219820042451222, 1.0322930541303426, 1.0181863314575612, 1.0265816277927826, 1.0258847958511776, 1.0281579408380723, 1.0432966841591726, 1.0306511792871682, 1.019796537028419, 1.019925131400426, 1.0309439639250437, 1.0372829337914788, 1.0527589897314709, 1.0391119420528412, 1.0251916017797258, 1.0081030865510303, 1.0169608765178255, 1.0086975938744012, 1.0159999774561987, 1.0151154816150667, 1.0122387376096518, 1.035920641819636, 1.015536122189628, 1.0424799349572924, 1.055292996433047, 1.0389183329211338, 1.0195352759626173, 1.008720669481489, 1.025460757811864, 1.0202611996067894, 1.0369933942953742, 1.0237427241272397, 1.0374204681979284, 1.0306848234600492, 1.0335236814286974, 1.0209050383832718, 1.0438993281788298, 1.0580413242181146, 1.0287937952412496, 1.022563404507107, 1.0472292125225067, 1.0442345758279161, 1.0356103056006964, 1.0267657127645282, 1.0468200974994237, 1.0525342981020607, 1.0299381898509132, 1.053213600317637, 1.0199239644739369, 1.0433337999714745, 1.032246075736152, 1.0346183008617826, 1.0174526565604742, 1.0176663008001117, 1.025459956460529, 1.0468747145599788, 1.0213498645358616, 1.01306799782647, 0.9846992035706839, 0.9873224026627013, 0.9934567749500278, 0.9792659752898746, 0.9866211493810019, 0.9846477607886, 1.0107063108020358, 1.0044953571425546, 1.0030077517032623, 0.9967777921093836, 1.0349834157360924, 0.9900351650185059, 0.9841299023893143, 0.9896378848287793, 1.0082981864611307, 0.9949246346950531, 0.9954404870669048, 0.9886110491222805, 1.0149338165918984, 1.0218916787041554, 0.9964420908027224, 1.018035957548353, 1.008766319354375, 0.9872642424371505, 0.9879086136817933, 0.9787569589085048, 0.9842556403742894, 0.9846665024757386, 0.98974332941903, 0.9864499032497402, 1.0052347163359325, 0.9810317979918589, 0.9965263002448616, 0.9989308191670311, 0.9957458443111843, 0.9952315409978233, 1.004027155372832, 1.03109801808993]}