{"latitud": 10.607, "longitud": -74.9927, "radiacion": [3.7188153134451967, 3.6396034982469345, 3.7557583093643188, 3.701471273104351, 3.747250962257386, 3.6974493847952945, 3.7422584772109992, 3.7018285115559895, 3.6305601172977027, 3.7191537380218502, 3.717614613638984, 3.8411008755366005, 4.0082008123397825, 4.028602276908027, 4.013131048944262, 3.910750206311544, 3.9767455127504125, 4.0056771357854215, 4.014174262682596, 4.1060451189676925, 4.084209730890063, 4.090148713853625, 4.05908063252767, 3.969259050157335, 4.102812626626757, 4.103302786085341, 4.038642062081231, 4.068994127379523, 4.12441992494795, 4.041195694605509, 4.07451930310991, 4.1172079298231345, 4.17071739302741, 4.177557312117682, 4.170156380865309, 4.242103473345439, 4.279630374908447, 4.3340857611762145, 4.328668604956733, 4.2945022794935435, 4.2391048166486955, 4.199641953574287, 4.215151023864746, 4.238667472203573, 4.271752413113911, 4.3713380442725285, 4.306647398736742, 4.335148490799798, 4.483223411771987, 4.430977516704136, 4.482472448878819, 4.499179156621298, 4.512858751085069, 4.595425550142924, 4.5358928097618945, 4.4612697813245985, 4.509082322650485, 4.4098640971713605, 4.3910941918691, 4.4280633634991124, 4.553676629066468, 4.477160692214966, 4.644017089737786, 4.596177289221022, 4.536098678906758, 4.614992814593844, 4.6065247005886505, 4.547520176569621, 4.573052846060859, 4.56073013941447, 4.54053452014923, 4.549978306558397, 4.640743788083395, 4.682920167181226, 4.662864875793458, 4.676850859324137, 4.514760488933987, 4.522819330957201, 4.610214373800489, 4.6377964099248254, 4.692388094796075, 4.638869065708584, 4.565882986121708, 4.537918612692091, 4.449468159675598, 4.599204966757033, 4.745933707555134, 4.8002551727824745, 4.772453877660964, 4.6172203381856285, 4.480883275138008, 4.493944684664409, 4.561922608481514, 4.544304613272349, 4.501064307159848, 4.44363497628106, 4.474079643355476, 4.5433013704088, 4.598096938927969, 4.5635841555065575, 4.525720882415772, 4.344573696454366, 4.323544708887737, 4.395075794061025, 4.467983277638752, 4.477474183506437, 4.466295737690396, 4.411323266559177, 4.320094964239333, 4.298578095436096, 4.27135195599662, 4.338378589683109, 4.192930754025778, 4.198889433013068, 4.226508765750461, 4.147699322965409, 4.252530770831638, 4.257459245787726, 4.268100432554881, 4.255607668558756, 4.1695666816499495, 4.070084918869866, 4.034905348883735, 3.9981073366271125, 3.9621815111902023, 3.9885321418444306, 3.949103360705905, 3.8405987607108223, 3.7961762110392256, 3.860122378667196, 3.796738447083367, 3.774176335334779, 3.816382189591726, 3.708756717046102, 3.7029463847478232, 3.710625612735748, 3.699796023633745, 3.8123485816849603, 3.7966127236684173, 3.69976736439599, 3.7530812038315666, 3.617086455557082, 3.549626762337154, 3.5607123851776126, 3.5759198003345056, 3.618803714381324, 3.600558820035723, 3.5552739395035644, 3.569544843832652, 3.5023811565505127, 3.5629081871774457, 3.6389671921730042, 3.6829586611853706, 3.671671703126696, 3.594400015142229, 3.7035626822047774, 3.6082659774356416, 3.5667815115716723, 3.5109408193164398, 3.5745403872595887, 3.58120919863383, 3.6492232998212177, 3.5946728653377966, 3.5318927327791854, 3.44884729915195, 3.44092859559589, 3.458845117357042, 3.543633584181469, 3.6107646849420334, 3.734313235017988, 3.751961261696286, 3.7251862698131135, 3.6394062161445624, 3.7218452480104234, 3.778493621614244, 3.757839141951667, 3.767093812094794, 3.8052597191598676, 3.7716256936391184, 3.756795856687758, 3.7757725026872424, 3.9162251485718627, 3.880499721897973, 3.8515220483144126, 3.776226553652022, 3.762531883186765, 3.7576175822152034, 3.869807855288188, 3.8385565850469803, 3.8905036555396184, 3.876538009113736, 3.798505579100716, 3.869148710038927, 3.914245867729187, 3.914130314191183, 3.9595174259609647, 3.959863269329071, 3.9999277512232467, 3.9082430627610947, 3.91737576590644, 3.932772514555189, 3.9490367187394035, 3.849756132231818, 3.902213425106472, 3.914199278089735, 3.8948811531066903, 3.8842171430587773, 3.9111951523356967, 3.8826077845361495, 3.852654719352723, 3.729497306876711, 3.6262778295411002, 3.7086751765675015, 3.800844779279497, 3.779819352096981, 3.754404833581713, 3.7655802369117737, 3.8727607131004333, 3.9020934780438736, 3.7816112928920322, 3.7184515529208717, 3.720666315820482, 3.8026902437210084, 3.77671986023585, 3.7347627401351935, 3.6802470445632935, 3.666543613539801, 3.728446568383111, 3.793136556943258, 3.738059743245443, 3.7143039411968655, 3.615783652994368, 3.598066798845926, 3.6008077700932826, 3.6303260498576697, 3.6592546807395085, 3.599062577883403, 3.6518634769651626, 3.659657559129926, 3.6844707171122244, 3.5256504257520045, 3.4421037170622086, 3.4464783536063304, 3.499776822990841, 3.4154276609420777, 3.4277635693550104, 3.445212258232964, 3.5085469444592796, 3.4385824481646217, 3.4006666925218365, 3.4143057359589464, 3.4066943049430853, 3.496745344003042, 3.392890316910213, 3.331321742799547, 3.349490870369806, 3.3170197341177197, 3.1974058522118463, 3.2054029544194536, 3.1928483419948157, 3.193943085935381, 3.093600889046987, 3.1267737521065606, 3.0317952791849776, 3.029890730645922, 3.108249759674072, 3.0528068489498565, 3.0184834109412306, 3.0733034173647567, 2.989889850881365, 2.9642526308695474, 2.8911161104838055, 2.9091953449779084, 2.92374999390708, 2.9106668366326223, 2.9016246822145253, 2.905267900890775, 2.9082058323754207, 2.8318020873599585, 2.9080865886476306, 2.8473524371782943, 2.8498172773255255, 2.920638955963982, 2.910029425885942, 2.8336479624112445, 2.8067136380407547, 2.8573369423548383, 2.8940589984258014, 2.8571928540865574, 2.8632014195124316, 2.8872643232345574, 2.86797045469284, 2.845598558584849, 2.8035212556521105, 2.7806517865922715, 2.7976274251937867, 2.847981527116564, 2.785301155514187, 2.786539963881175, 2.7988363199763824, 2.7575322363111705, 2.8046015249358285, 2.7733688685629105, 2.7893577602174546, 2.814856248431736, 2.839839982986451, 2.8435909774568344, 2.884915537304348, 2.9068889578183494, 2.953961210780674, 2.894037605656518, 2.900017080042097, 2.9269672963354334, 2.9303486002816097, 2.9417162511083816, 2.898422582944234, 2.948563037978278, 2.939500698778364, 2.957976093557145, 3.0523635559611857, 3.036066030131446, 3.053210771083831, 2.9757118609216477, 3.023012051317427, 3.0201328092151223, 3.0240056912104287, 3.080172239409553, 3.2066024992201068, 3.1946669022242227, 3.148237841659123, 3.1770546899901504, 3.2435135232077705, 3.2313353379567467, 3.209594355689154, 3.2345800598462424, 3.2621916943126252, 3.2669969571961297, 3.2424412184291413, 3.288831423388587, 3.3533502697944644, 3.3476974142922296, 3.2706018209457395, 3.3583467165629064, 3.378881682289972, 3.3759228070576985, 3.37126679023107, 3.339723564518822, 3.338130939006805, 3.4304405185911384, 3.456348045667012, 3.4728433026207814, 3.4692220356729297, 3.4922230852974785, 3.453030656443701, 3.47997177971734, 3.607726211018033, 3.6104885896046954, 3.6157013654708865, 3.60383189784156, 3.5485837618509932]}