{"latitud": 10.0587, "longitud": -75.2577, "radiacion": [3.3918267726898192, 3.422574271096123, 3.353990745544433, 3.2663004398345943, 3.2655076265335086, 3.194102348221673, 3.130151632097032, 3.179958154095544, 3.240413435300191, 3.281720246209039, 3.3431734270519686, 3.335709100299411, 3.3409298287497626, 3.3712154573864406, 3.3509626229604073, 3.2853948513666786, 3.2586710823906793, 3.3092036326726277, 3.3423912445704143, 3.3529743909835816, 3.3281889226701526, 3.271877227889167, 3.290912403000725, 3.3217015557818943, 3.413807715309991, 3.3870422548717922, 3.364046184221904, 3.4153386195500683, 3.4022476885053847, 3.359351868099637, 3.432269949383206, 3.43479770289527, 3.3925644583172265, 3.284159792794122, 3.3150042401419753, 3.4025136497285633, 3.429498688379924, 3.4101726664437186, 3.44558302031623, 3.4442958513895676, 3.4332962036132812, 3.4105338758892483, 3.367910655339559, 3.3606446213192407, 3.414507982465956, 3.4050761249330317, 3.423670657475789, 3.4613953934775465, 3.516760441992018, 3.468946978780958, 3.473824053340488, 3.4617582029766503, 3.4390555169847272, 3.5035018550025097, 3.547816512319777, 3.4866887807846063, 3.456613111495971, 3.3970405313703744, 3.389340721236335, 3.460740354326037, 3.4822551859749686, 3.5219288057751132, 3.4828100217713245, 3.4587237993876134, 3.4413619703716702, 3.468545179896885, 3.489303337203132, 3.4300243536631267, 3.4411097076204094, 3.4638697014914617, 3.444468583001031, 3.499692834748162, 3.539496310551962, 3.454578844706217, 3.4859074062771263, 3.4907032993104727, 3.4792621850967413, 3.4783563468191367, 3.50365228123135, 3.5370489531093177, 3.5537677182091616, 3.4950310362709893, 3.5122104207674667, 3.4689141299989488, 3.4847909768422447, 3.576457365353902, 3.5678634458118013, 3.6124844127231177, 3.536024537351396, 3.50787227153778, 3.532381338543362, 3.477205452654097, 3.521298389964634, 3.5225303994284736, 3.5065596262613923, 3.61032863855362, 3.584344977802702, 3.5403596387969123, 3.4956678522957696, 3.4734750893380912, 3.495330256885952, 3.4264454073376123, 3.4179945362938775, 3.426604926586151, 3.441180270247989, 3.4481736765967472, 3.4832034534878193, 3.4916467189788825, 3.411914311514961, 3.4657370938195116, 3.454976038138072, 3.3774325105879037, 3.3766737076971265, 3.4187968691190087, 3.5048838045861985, 3.534347862667508, 3.525810019175212, 3.485406226581997, 3.448260747061836, 3.4417428943845962, 3.502644897831811, 3.488622596528795, 3.4025543610254925, 3.393802660041386, 3.464164190822178, 3.4849210699399316, 3.4383078495661414, 3.3497620158725305, 3.3472271906005004, 3.427832889556885, 3.4498049828741286, 3.455591713057624, 3.3822951608233986, 3.3022260069847107, 3.29368978076511, 3.3418341702885095, 3.325960393746694, 3.3811321324772305, 3.406761753559113, 3.349679532315996, 3.39693404171202, 3.3892377416292825, 3.3651240984598787, 3.365756391816669, 3.387614970737033, 3.425237912601895, 3.4193574547767636, 3.419086172845628, 3.3561840070618527, 3.42284099790785, 3.5225257847044205, 3.5956929710176255, 3.616911967595419, 3.583927006191678, 3.5273088143931495, 3.5357872552341885, 3.602958400381936, 3.622678079870012, 3.665304658148024, 3.566400090853374, 3.6458859880765275, 3.6108034908771516, 3.6363314708073937, 3.5761015401946175, 3.5321624279022217, 3.6115367717213096, 3.695788219239976, 3.7743680887752107, 3.9544121305147804, 4.018831588162317, 4.0529957771301275, 4.086523453394572, 4.006302203072441, 4.060750267240735, 4.114103653695849, 4.14408147599962, 4.124051815933652, 4.092561354902055, 4.26708996825748, 4.281540126270717, 4.335653864012824, 4.320093922482596, 4.294389409489102, 4.159392905235291, 4.152675173017713, 4.125082512696584, 4.211577746603225, 4.282189438078139, 4.298472224341499, 4.257194193204244, 4.303184371524388, 4.305662445227306, 4.237923459211985, 4.2452663103739425, 4.277145126130847, 4.438611936569213, 4.274143184555901, 4.14719528887007, 4.118766544924843, 4.215872147348192, 4.199545225832197, 4.179547814528147, 4.209320833947923, 4.117115603552924, 4.041370426283943, 4.105588249365488, 4.132462570402358, 4.110091896851858, 4.235104539659289, 4.065504182709588, 3.8862894879447083, 3.8456291887495255, 3.890164983272553, 3.8355444550514224, 3.972935258017646, 3.9788073791397944, 4.047348255581325, 4.084810813268025, 3.992751059267256, 3.845384301079644, 3.796017479896546, 3.917946914831797, 3.8765907658471, 3.798053714964125, 3.8025497741169403, 3.7689243608050873, 3.7789576013882957, 3.7626408537228904, 3.6862519608603583, 3.6817312412791785, 3.7368390732341332, 3.6686051978005296, 3.620963666174147, 3.667581613858541, 3.6483645584848197, 3.6493972632620064, 3.60148845381207, 3.5644734462102257, 3.5849005897839867, 3.5220310423109265, 3.5318750659624727, 3.4425129161940684, 3.378076624870301, 3.3416736271646292, 3.346322904692755, 3.2607888513141208, 3.2137666212187876, 3.297761620415581, 3.259492140346103, 3.1629304846127826, 3.1987874229749047, 3.263835802343157, 3.293037916554345, 3.237304780218336, 3.108145288626353, 3.1591742555300395, 3.0508747339248656, 2.9911721732881333, 3.016321567694346, 2.98026704788208, 2.861890318658617, 2.8840079863866173, 2.8650261004765825, 2.76066693994734, 2.698223549789853, 2.759419744544559, 2.789211232132381, 2.7384516755739843, 2.7457822216881644, 2.7284547236230643, 2.770056924555037, 2.669901557763417, 2.6507225354512536, 2.637012896272871, 2.597905393441518, 2.679513796170553, 2.6856657809681366, 2.6396201054255175, 2.658554371198018, 2.6301714274618364, 2.6211705671416383, 2.5948353290557864, 2.588527548313141, 2.5815228939056403, 2.572548794746399, 2.564607316917843, 2.6138203634156123, 2.591702931457096, 2.624229203330146, 2.5495880219671463, 2.5608081890477075, 2.578331753942702, 2.579504973358578, 2.6206077482965253, 2.613391003343794, 2.5606097168392608, 2.605619178877937, 2.566045726670159, 2.514297931724125, 2.577032089233399, 2.571772208478716, 2.7014816125233967, 2.6827321171760565, 2.6593983001179167, 2.661374131838481, 2.7160621457629737, 2.757788858148787, 2.7056240002314254, 2.760106110572815, 2.756142452028063, 2.754285875956217, 2.7646582550472676, 2.7963439292377905, 2.7896404200130043, 2.821998793549008, 2.742001982529958, 2.73113698164622, 2.756974200407664, 2.7928453935517203, 2.833311213387383, 2.8371668352021104, 2.861406603124406, 2.847778926955329, 2.891090126832326, 2.9200005292892457, 2.9494117895762124, 3.000033787886302, 2.9339014940791652, 2.924368793434567, 2.972494859165616, 3.045620543426937, 3.0084981984562336, 2.9899060236083144, 3.0381678369310166, 3.1078418294588723, 3.133640844292111, 3.076885094907549, 3.0880999286969497, 3.0282766620318093, 3.0940360281202524, 3.0735820982191293, 3.125627529621125, 3.1771096679899427, 3.144794279999203, 3.1627191517088153, 3.1483321282598706, 3.1967328124576144, 3.236751488844554, 3.1882051931487188, 3.213545971446567, 3.2004182802306276, 3.227807997332679, 3.3037052114804584, 3.374910749329461, 3.4681882354948255, 3.41536082956526, 3.368362061182658, 3.40550069279141, 3.3353177070617672, 3.3939616971545745]}