{"latitud": 4.4935, "longitud": -71.4497, "radiacion": [4.300874230596754, 4.397111935085721, 4.440373653835721, 4.3807023088137305, 4.3649292469024665, 4.370117685529922, 4.303446952501933, 4.228276469972399, 4.138059835963779, 4.1227965222464675, 4.205249379740821, 4.283740516503652, 4.277113409837086, 4.315422055456374, 4.4248587078518336, 4.426299864716, 4.380528675185309, 4.327239441871644, 4.36928156879213, 4.40296068986257, 4.351956012513902, 4.43886083761851, 4.544457070032755, 4.558380476633708, 4.549091494083405, 4.60481836795807, 4.539966697163052, 4.539078447553847, 4.46631732781728, 4.544445108042822, 4.483210820621915, 4.5255995326572, 4.459541919496325, 4.497495534684923, 4.6512173944049415, 4.664798394838969, 4.614635026454926, 4.556099714173212, 4.557586137453716, 4.627857149971856, 4.543844265407986, 4.560451022783916, 4.507262094815572, 4.491824632220798, 4.484949043061998, 4.451893978648716, 4.455066437191435, 4.44332746134864, 4.356443230311076, 4.443379778332181, 4.365128276083205, 4.315618454085456, 4.291317113240559, 4.340047375361125, 4.3346769518322406, 4.4481127182642615, 4.326070348421732, 4.327641124195523, 4.3032094584571, 4.145611580212911, 4.167755248811511, 4.235792960060967, 4.176866074403127, 4.137950081295436, 4.055070471763611, 3.9495382255978044, 3.9756352649794686, 3.993957659933303, 3.9191785362031717, 3.923871584733327, 3.831276954544915, 3.9333703451686435, 3.8503744774394555, 3.762522293461693, 3.7901999725235833, 3.802473510636224, 3.7733875022994146, 3.740617805057102, 3.678942693604363, 3.7143409146202937, 3.723218325773875, 3.763590333196852, 3.7808785968356653, 3.7073091944058736, 3.6191371613078647, 3.5788444439570104, 3.521110592948066, 3.524908660517799, 3.362077179219989, 3.3850503881772354, 3.3499089492691883, 3.290470482243432, 3.217719138993157, 3.27573422325982, 3.2403703530629477, 3.1876288678910996, 3.20881490972307, 3.1439162850379945, 3.189942114882999, 3.20167399512397, 3.0228460086716544, 3.039448304971059, 3.0336938367949595, 3.0354239132669236, 3.0705228646596265, 3.095477006170484, 3.026264090008206, 2.9976953003141618, 3.059591572814517, 3.044786108864679, 3.003190280331505, 2.94120926062266, 2.9214257253540885, 2.9393929918607076, 2.951752871937222, 2.8950269010331895, 2.8327748060226448, 2.8293903085920546, 2.873841924137539, 2.887542900774214, 2.849144252141317, 2.716690135002136, 2.6717739608552713, 2.680504292911954, 2.7455968101819352, 2.7673443370395248, 2.700457876258426, 2.63990015718672, 2.601694409052531, 2.6452083945274354, 2.7262099782625833, 2.777571221192678, 2.6785140991210934, 2.631365387969547, 2.6851524591445926, 2.7024288839764066, 2.6726775354809225, 2.6754535224702622, 2.6732127891646478, 2.6483471751213075, 2.5758774664666917, 2.439667345417871, 2.4309977094332376, 2.4678328699535794, 2.470664185947841, 2.5175467729568477, 2.575871439774831, 2.5923926115036013, 2.5738659911685513, 2.5336410535706415, 2.4829656547970242, 2.4138996945487126, 2.316511232323117, 2.347249644332462, 2.345663613743252, 2.4227385587162438, 2.4562118649482727, 2.4155872715844047, 2.423114207055834, 2.4192045556174384, 2.403822003470527, 2.3512046575546264, 2.367593587769402, 2.403400078084734, 2.378374846776326, 2.374926189581553, 2.1797195514043173, 2.1431313474973037, 2.167941873603396, 2.2550755381584167, 2.1730370812945896, 2.186026924186283, 2.1503417703840464, 2.151420868767632, 2.1321166303422725, 2.115791869163513, 2.1657344288296168, 2.1666556874910996, 2.250217190053728, 2.2634874211417304, 2.250814361042446, 2.1554369661543107, 2.1024663898679954, 2.0859714494811166, 2.174815335538653, 2.1727637423409365, 2.2229458385043674, 2.2613161828782826, 2.1952633301417035, 2.1439548148049243, 2.1755909323692326, 2.157858086956873, 2.080810312430064, 2.254558071825239, 2.3485186351670158, 2.2571643703513673, 2.2097490562332998, 2.202440326081383, 2.182021989425023, 2.2848262667655943, 2.1839410252041294, 2.211216096083323, 2.1400634434488084, 2.0572662406497533, 2.1034784012370644, 2.018702464633518, 2.091275888019138, 2.0226236449347605, 1.954188950856527, 1.9155850013097122, 2.059459523359935, 2.098261715306177, 1.995548986064063, 1.9503379027048744, 1.9887057052718273, 2.036921133597691, 2.0653375930256317, 2.112551155355242, 2.0239137927691133, 2.087730345461104, 2.1883554869227937, 2.084816504849328, 2.0927801900439795, 2.0375414556927147, 2.0678238087230256, 2.0404868761698407, 2.0907968454890784, 2.113124363952213, 2.191851882139842, 2.277726377381219, 2.1528885973824394, 2.1449813776546054, 2.167061576578352, 2.236082249217563, 2.2609747502538897, 2.2517035616768726, 2.242921719286177, 2.2802107042736477, 2.3476897146966724, 2.2218151211738593, 2.3014922738075265, 2.4040202432208595, 2.452212112479739, 2.435563454363081, 2.4542678899235195, 2.474736291832394, 2.4664168801572592, 2.41138580110338, 2.416010427474976, 2.5290340582529702, 2.567268476221297, 2.6206534544626874, 2.616857620742586, 2.679375538561079, 2.7881077686945592, 2.727550575468276, 2.62207217613856, 2.5705842653910325, 2.656886181566451, 2.7182772437731426, 2.6816356288062195, 2.716697030597262, 2.6663944390085006, 2.7197612510787117, 2.7572439418898695, 2.873197061485714, 2.823695126507017, 2.8630102621184457, 2.9072906851768487, 2.9122562024328444, 2.941707611083985, 2.860730202992757, 2.811059248447419, 2.8156961295339804, 2.852950366338094, 2.8896467924118046, 2.8473675039079454, 2.8238757636811997, 2.799507015281254, 2.849732489056058, 2.9191424899631078, 2.9463869836595324, 2.936008099714915, 3.0270865837732948, 2.971664404869079, 2.970047777228885, 2.995150057474772, 2.9745334241125323, 3.140006832281749, 3.108378956052992, 3.033222058084276, 3.007415975464715, 3.0431880646281777, 3.013194363647037, 3.088742134306166, 2.950832392109765, 2.915823392073314, 2.9628356880611846, 3.0455669667985696, 3.03796968460083, 2.9539956768353783, 2.8884454343054036, 2.974743043051826, 2.9934214631716407, 3.0151992493205597, 3.1347686290740966, 3.1853573838869735, 3.0910939905378556, 3.2102634853786896, 3.2400773829884, 3.156374748547872, 3.179062838024563, 3.16097097131941, 3.301478678650326, 3.4162514103783503, 3.318580566512214, 3.264613587326474, 3.1746610403060918, 3.3095979213714606, 3.3570893287658694, 3.4406284842226236, 3.3340022219551932, 3.3967044870058696, 3.4460710896386044, 3.4629005140728424, 3.4158072458373177, 3.4146753655539612, 3.40769317679935, 3.4243473834461633, 3.4948899812168546, 3.600903077920279, 3.589008017381033, 3.5837171951929725, 3.597627341747284, 3.630636750327216, 3.676011248429616, 3.694957396719191, 3.710800358984205, 3.793468460771772, 3.841340339183807, 3.882584986421797, 3.9329080899556472, 3.8382522688971634, 3.973306450578901, 4.03208448489507, 4.061580932140351, 4.162447460492452, 4.194982635974884, 4.123892788092295, 4.185150812731849, 4.190435625447168, 4.213159637980991, 4.200662485758463, 4.220518896314833, 4.234767209159004, 4.155759996838039, 4.1602194375462, 4.231338670518663, 4.233239818943871, 4.318486693170335]}