{"latitud": 10.3261, "longitud": -74.2418, "radiacion": [2.8570925222502805, 2.918710446357727, 2.914788508415222, 2.783560975392659, 2.705951348940531, 2.7157645795080394, 2.7328766067822774, 2.7025287787119545, 2.7900383697615734, 2.850808378060659, 2.8526190492841934, 2.833857717778949, 2.827628020445506, 2.766069475809733, 2.7636626044909156, 2.8537893268797134, 2.81023354265425, 2.760933876037599, 2.8158203138245477, 2.8338442325592044, 2.7703821102778114, 2.7692908379766674, 2.7823991205957204, 2.8558585166931145, 2.8896197040875755, 2.924969234731463, 2.9732323143217307, 2.927449316448636, 2.9136179341210258, 2.9348331822289366, 2.976832890510559, 3.0044032745891145, 2.921439029110802, 2.862919269667731, 2.8416278454992514, 2.965110180113051, 2.9415772133403357, 2.913525480694241, 2.865811392996046, 2.8759372459517585, 3.0170301040013623, 2.9935128887494407, 2.992646016014947, 2.921061109171973, 2.9181173536512586, 2.9395314640469024, 3.02145609193378, 3.0015979925791423, 3.0179727024502228, 2.9818293982081943, 2.9960941738552513, 2.9593799087736343, 3.0186677257219956, 3.0716908944977654, 3.0588367250230584, 3.142219069268968, 3.00017319255405, 3.0222068654166327, 2.970927312639025, 2.9469825598928665, 2.985683788193596, 3.1002728276782565, 3.0426195250617134, 2.95298084417979, 3.027966607941522, 3.031752920150757, 3.061978618303934, 3.0361379702885944, 3.0405385918087426, 2.9830217599868774, 3.0334801435470578, 3.086936161253188, 3.110792390505473, 3.068525385856628, 2.9914033201005723, 3.074069294664595, 3.071884094344245, 3.1101764970355563, 3.170454083548652, 3.2157107962502374, 3.119187153710259, 3.0877295706007217, 3.0963596953286068, 3.160153714815776, 3.1110805948575333, 3.0403225541114804, 3.0483501182662116, 3.0880362894799975, 3.063145291805268, 3.053914585378435, 3.0906489703390334, 3.0439345015419854, 3.049127470122444, 3.0449287599987453, 3.1596725053257413, 3.2463223417599996, 3.24237458176083, 3.217663153012593, 3.1647049215104848, 3.1230541096793285, 3.043160874313779, 3.0454691542519465, 3.0719834566116337, 3.1244772619671295, 3.0761714180310578, 3.1311708344353577, 3.0836278345849784, 3.1334627350171407, 3.030737119250827, 3.1449474069807266, 3.111570833788978, 3.0795741094483273, 3.058623976177639, 3.0919352756606213, 3.133115326033698, 3.2559333536359993, 3.2392070584827, 3.211135405964322, 3.233522174093458, 3.235405418607924, 3.227437833944956, 3.173486459255218, 3.2333600163459777, 3.28462081750234, 3.228449538018969, 3.2397690614064536, 3.2553708990414947, 3.292113717397054, 3.285232615470887, 3.3484261221355864, 3.3314486768510605, 3.341946273379856, 3.2664074818293254, 3.2855084710650977, 3.280450456672245, 3.244438808494144, 3.2203253361913897, 3.2899420989884276, 3.3231916573312543, 3.2960427681605022, 3.3493156247668794, 3.3084796481662324, 3.373082568910387, 3.4984344720840457, 3.5081043587790597, 3.5765231423907813, 3.5666089190377126, 3.562878986199697, 3.4875999848047896, 3.4637990209791396, 3.663549497392443, 3.7156494140625003, 3.7185933510462448, 3.7389439291424225, 3.7061803857485445, 3.7436796373791164, 3.82085305319892, 3.8560132066408794, 3.875784581237369, 3.756519526905484, 3.82841952111986, 3.932515855630239, 3.9526974466111926, 3.8761811123953933, 3.784913823339675, 3.853740580876668, 4.029765033721923, 4.189313748147753, 4.185678209198845, 4.353919786877102, 4.532338632477654, 4.4097808758417765, 4.267219538158841, 4.32300606833564, 4.284979152679444, 4.299020102288988, 4.389983126852247, 4.431458507643806, 4.469183174769085, 4.497803129090203, 4.583697199821472, 4.676780721876358, 4.44478698041704, 4.289634598626031, 4.256563793288337, 4.200650024414062, 4.310541613896688, 4.387566585010952, 4.368472329775493, 4.268910569614834, 4.363650139172871, 4.408337529500326, 4.169975651635064, 4.110331185658773, 4.249296877119275, 4.517095783021715, 4.3289204491509325, 4.05677190621694, 4.082374572753906, 4.2012605428695675, 4.09631122748057, 3.9830677111943564, 4.171269162495931, 4.134647231631809, 3.965193692843119, 3.941136116451687, 3.9690814389122853, 4.049566719267103, 4.160187758339776, 3.919304868910047, 3.753968724939559, 3.8276014248530075, 3.8949223862753968, 3.929249127705892, 3.869456222322252, 3.948210710949368, 3.881369140413073, 3.9663417948616875, 3.9344998213979934, 3.684825813770294, 3.6831744273503624, 3.8344709449344214, 3.7497344811757407, 3.6331214427947995, 3.668008274502224, 3.6302028046713937, 3.6311121278338967, 3.5935647487640385, 3.651029793421426, 3.567668165100945, 3.641651980082194, 3.559417218632168, 3.529699344105191, 3.5617311451170175, 3.570239983664619, 3.717774499787224, 3.6632441414727097, 3.584561726782057, 3.5646416796578304, 3.5202259408103096, 3.5292181518342756, 3.50714041127099, 3.492497828271654, 3.381927784283956, 3.3340086446868056, 3.4542583889431424, 3.4907928188641866, 3.461267977290684, 3.4538111448287965, 3.3636177619298295, 3.3963977230919737, 3.383599321047465, 3.5008461713790884, 3.3871700313356183, 3.3644513236151803, 3.3147895163959924, 3.2344098726908377, 3.2234963152143696, 3.220850809415181, 3.257538904084099, 3.1703133238686463, 3.16237862110138, 3.181395663155449, 3.160800992117988, 3.145819311671787, 3.202315337128109, 3.1672359837426085, 3.1388640231556355, 3.1052974833382496, 3.0476657152175908, 3.093348969353569, 3.012981638643477, 3.0574768278333875, 3.0841920322842067, 3.0431366165479026, 3.0263143751356334, 3.0073890566825874, 2.9856061763233606, 3.0960859047042, 3.1531426628430688, 3.122040967146555, 3.042910283141666, 3.0281436999638878, 2.966323982344734, 2.875174094571008, 2.9863415572378376, 2.952133405208588, 2.9149846063719855, 2.980280831125048, 2.9313214143117263, 2.945687219831679, 3.0342150476243765, 2.966838077704112, 2.972538399696351, 2.9593385669920185, 3.0151993672053017, 3.0023376915189957, 2.8836637523439204, 2.8767348607381193, 2.9246352646085954, 2.9471098449495106, 2.896085258324941, 2.8119671556684707, 2.861723364724053, 2.9457365459865996, 2.8982628014352585, 2.8472492218017584, 2.8163063102298307, 2.879234091440837, 2.7614671574698555, 2.7892016357845724, 2.8335797614521447, 2.9261156638463337, 2.8589815166261463, 2.7835072014066906, 2.868662254015605, 2.869062651528253, 2.9174007998572455, 2.8449255612161424, 2.9030683120091756, 2.871581567658319, 2.858003726270464, 2.895968129899767, 2.889077838261921, 2.9477080980936683, 2.9380046817991463, 2.9343454135788813, 2.9081347982088723, 2.8206300960646735, 2.819061158763038, 2.7925947176085573, 2.832939718829261, 2.831211645073361, 2.846230443318685, 2.8826067513889733, 2.887939621342553, 2.897424274020724, 2.893893991576301, 2.7852873643239335, 2.8082834296756327, 2.8641866710450916, 2.869699544376797, 2.8965992887814838, 2.8334807144271004, 2.85669025182724, 2.841892708672418, 2.883109398682913, 2.917705217997233, 2.8633284317122563, 2.8097181134753755, 2.7179864697986176, 2.8027980142169535, 2.9157590084605745, 2.9563768294122483, 2.9510955386691617, 3.0245189693239, 3.0341457313961446, 3.0390190866258404, 3.001092451148564, 2.9692998859617448]}