{"latitud": 0.9944, "longitud": -73.6457, "radiacion": [1.1867562790711719, 1.2033816576004028, 1.2093173013793093, 1.1783345441023512, 1.1795123808913763, 1.2015935003757479, 1.2025778618123795, 1.1862383531199563, 1.1967588027318328, 1.2207164572344888, 1.19057228896353, 1.1781763500637477, 1.1875942766666412, 1.2048804541428881, 1.2292906887001465, 1.2369744989607068, 1.2134667356808977, 1.2041053500440386, 1.2246611807081436, 1.2329849349127875, 1.2460026416513654, 1.2470050401157804, 1.2686311417155791, 1.2808123184574978, 1.277068114280701, 1.2932544065846339, 1.3189526650640697, 1.3132547279198965, 1.2981193866994647, 1.3266260690159264, 1.3018796496921115, 1.3093816399574283, 1.280680208073722, 1.2962226039833498, 1.3361679686440364, 1.3297823137707183, 1.3146273990472161, 1.2946403192149267, 1.3016242179605693, 1.3371919559107892, 1.3021254314316646, 1.297795704338285, 1.2867550041940474, 1.2891869359546233, 1.2983536197079555, 1.2643807285361819, 1.25988539258639, 1.257790581385295, 1.2174907518757714, 1.258619314432144, 1.2370684252844912, 1.2214314030276403, 1.1771996359030406, 1.1968398882283104, 1.2302909056345621, 1.2250603245364295, 1.2040573404894932, 1.2206962287425995, 1.2208411461777156, 1.2142038140032023, 1.2050305015510987, 1.1964467763900761, 1.164612642923991, 1.1772773186365761, 1.1704224838150872, 1.1573019299242233, 1.1539820247226291, 1.124237669176525, 1.108256673812866, 1.1081083012951742, 1.0868427236874902, 1.0891569137573238, 1.0703033798270754, 1.0496971865495046, 1.0339351786507498, 1.0621072557237414, 1.0327704396512776, 1.055449093050427, 1.0551533712281123, 1.0650517688857188, 1.050545233488083, 1.0687944279776682, 1.045585895909203, 1.0526708987024098, 1.0474748339917928, 1.0198990298642052, 1.0228101750214893, 1.0085498319731816, 1.0067452165815562, 0.9852364646063908, 0.9827634851137793, 0.9757216685348089, 0.9628399067454869, 0.9561297608746425, 0.9717206312550438, 0.9575237174828847, 0.9440199871857957, 0.9309021472930908, 0.9637975083457104, 0.9756458673212265, 0.958494730790456, 0.975469219684601, 0.9553902632660334, 0.9620542559358808, 0.9487549040052626, 0.9571602980295819, 0.9629539920224089, 0.9450700296296016, 0.9495560652679865, 0.9259483840730452, 0.9481013351016577, 0.9633026646243202, 0.9580413632922701, 0.9406444211800896, 0.9350854814052582, 0.9613681111070843, 0.9699044863382976, 0.9577225976520113, 0.942283186647627, 0.9381433427333832, 0.9284974469078914, 0.9499361144171824, 0.9275003161695269, 0.9039074420928959, 0.9143318865034314, 0.9078804943296644, 0.920982629723019, 0.9369662039809757, 0.905457380082872, 0.8949930846691135, 0.9235812981923422, 0.917230942514208, 0.9315119047959645, 0.9076132588916357, 0.9267169866296978, 0.9369203713205126, 0.9362985273202261, 0.9264418105284373, 0.9125433451599547, 0.8820914076434242, 0.9129193060927919, 0.9250418795479668, 0.9214871300591366, 0.882273840241962, 0.8806450221273635, 0.9018952753808764, 0.8998281730545893, 0.9078179273340438, 0.8736647129058839, 0.871287590927548, 0.8850577301449244, 0.9079875608285267, 0.9040664884779189, 0.8900826924377016, 0.888484752840466, 0.8868043363094329, 0.882370020283593, 0.8908752626842925, 0.8574627876281741, 0.8893156154288188, 0.8792888899644217, 0.8928498639000786, 0.8828921344545152, 0.9065227852927312, 0.8787718269560073, 0.8642443915208181, 0.8572222457991704, 0.8721871236960091, 0.8390659968058268, 0.8315439899762471, 0.8372720473342471, 0.8202560994360181, 0.8065954751438564, 0.8045833388964336, 0.8196571952766843, 0.8346600095431013, 0.843080234527588, 0.8580199221769966, 0.825211066007614, 0.8307894508043926, 0.8371321476168103, 0.8295518484380509, 0.8519592238797081, 0.8498556978172725, 0.8644091480308113, 0.8521884752644433, 0.852223906914393, 0.8358455797036489, 0.8435010717974771, 0.8443581693702272, 0.8212218907144334, 0.8076737317774031, 0.8158535182476044, 0.8270103871822357, 0.8552636894914839, 0.8535690764586134, 0.8526870641443463, 0.8308222273985545, 0.8184877448611791, 0.8167815195189583, 0.8107567131519318, 0.8474403944280411, 0.8154670377572376, 0.8023478494750128, 0.8105951269467672, 0.8281042966577742, 0.8540343085924788, 0.8543827229075962, 0.8206026792526245, 0.8352711160977683, 0.8436437394883898, 0.8324871540069579, 0.8141885929637485, 0.80921081966824, 0.8092912839518651, 0.7982195344236164, 0.8100630985365974, 0.8157221840487586, 0.8059421380360922, 0.7986850261688231, 0.7887243350346885, 0.8078533351421359, 0.8212434748808543, 0.837385114696291, 0.8096723854541779, 0.821085442437066, 0.8257132483853235, 0.8409937951299881, 0.8263960758845011, 0.8441676060358684, 0.8357263194190131, 0.8378436770704055, 0.8584157248338066, 0.8814091470506457, 0.859556633234024, 0.8382857753170864, 0.8300587581263649, 0.8051745176315309, 0.8281753871175975, 0.8339491698477004, 0.8363098647859363, 0.8569963773091634, 0.8611502534813349, 0.8412744820117951, 0.8376138514942592, 0.8345083203580645, 0.8107540461752148, 0.825903233554628, 0.8624454677104952, 0.8780649993154738, 0.85893612768915, 0.9066601395606994, 0.8930341965622369, 0.8623913798067306, 0.870830976963043, 0.8616259362962512, 0.8230633450878989, 0.8478516340255736, 0.883373697598775, 0.8702533562978111, 0.853795141643948, 0.8949005683263144, 0.8963621073298982, 0.877044381035699, 0.8797411395443812, 0.890433563126458, 0.8870960970719652, 0.8911872069040934, 0.884572266870075, 0.8908410112063091, 0.9098884840806326, 0.9152073204517363, 0.909058677487903, 0.8697713673114777, 0.8751363595326742, 0.865050271484587, 0.8885476224952272, 0.8923777182896933, 0.8812417281998526, 0.9039532939592999, 0.9144030160374114, 0.8995940837595199, 0.9137956771585677, 0.933074394199583, 0.9137063437037997, 0.9076196650664011, 0.873328349987666, 0.8992827508184646, 0.9222205016348101, 0.9004378067122566, 0.8888163699044124, 0.9179154409302606, 0.9004777510960896, 0.9132671177387236, 0.9304526640309229, 0.9136643528938295, 0.8896241207917527, 0.929076631201638, 0.9610320859485203, 0.9406796097755433, 0.9209417237175836, 0.9109476851092445, 0.917122995853424, 0.9300068193011816, 0.9401904178990254, 0.9639478365580242, 0.9811381836732229, 0.9500019709269208, 0.9616221990850237, 0.9773890005217657, 0.9838040020730761, 0.9916606128215792, 0.9565388474199509, 0.9737223552332982, 1.015795381201638, 0.9940105054113598, 1.0148697310023833, 1.0073567529519398, 1.024630543920729, 1.0623466167185045, 1.0766819741990827, 1.0405432250764637, 1.038011189964083, 1.076697056823307, 1.0740359822909042, 1.0271543946531085, 1.0082125445206958, 1.0073376841015287, 1.005414012405607, 1.0647702124383713, 1.0864877270327673, 1.0344554331567553, 1.0156940738360083, 1.0642518454127838, 1.0588786595397526, 1.0345215936501824, 1.0529176824622686, 1.0712551203038958, 1.0933858884705436, 1.1139912459585404, 1.1002463708321255, 1.130167775683933, 1.1050672782791988, 1.1637481100029412, 1.1662090361118314, 1.1445466816425325, 1.1564415852228802, 1.1702652063634666, 1.1569195648034412, 1.1644148045116, 1.1633066104518042, 1.1449428200721739, 1.1477263947327936, 1.1717994723055096, 1.1780668444103661, 1.1651892483234407, 1.1542006340291768, 1.1702162656519148, 1.1802125275135045, 1.2027904662821023]}