{"latitud": 8.4242, "longitud": -74.6643, "radiacion": [1.7815084503756626, 1.8188910325368244, 1.7975272655487065, 1.7625093307760025, 1.7528742512067153, 1.764770911799537, 1.696720582909055, 1.6055180258221096, 1.6721286965741058, 1.6957849688000153, 1.700496204694112, 1.767748809523053, 1.8345720330874122, 1.7794021454122333, 1.7875111646122404, 1.7714019404517278, 1.6807289580504101, 1.7053643604119622, 1.7764824913607704, 1.7568972183598415, 1.7515825688838962, 1.7086019078890484, 1.7186648501290218, 1.777881206406487, 1.777762497795953, 1.772589218616486, 1.7509397255049812, 1.7918517298168606, 1.7939915412002136, 1.8528790255387628, 1.8480089611477328, 1.83697072399987, 1.8478849013646446, 1.8217243221071027, 1.847729929288228, 1.9002619372473823, 1.894463884830475, 1.8573203285535176, 1.9133115635977855, 1.9349550379647151, 1.9062675542301604, 1.883759661515554, 1.883622492684258, 1.862204704682032, 1.8635952472686768, 1.865296641985575, 1.843042783604728, 1.9076465898089936, 1.8943658318784493, 1.8984018736415447, 1.865190726518631, 1.8964411748780143, 1.9054437385665046, 1.8657826953464083, 1.9378269864453215, 1.989449376530117, 1.9266726427608072, 1.8387069112724728, 1.7907437576187981, 1.7598819216092432, 1.7786825405226814, 1.8143068936136029, 1.7967288487487376, 1.8062330040666785, 1.7867066290643479, 1.7725308861997389, 1.7545276549127367, 1.8034512380758916, 1.7977824317084414, 1.8004830532603797, 1.7644404371579487, 1.7646946655379399, 1.793008824189504, 1.7998531156116062, 1.7817796475357486, 1.7817019237412346, 1.7905393110381234, 1.769094556570053, 1.8067624515957303, 1.8621225542492337, 1.8555415325694613, 1.876497121651968, 1.839258038335376, 1.8140633583068848, 1.7807306528091427, 1.740565991401672, 1.7782464974456367, 1.8259976651933456, 1.8259647316402852, 1.8198041107919476, 1.805511861377292, 1.8780938227971404, 1.8739165167013805, 1.8078653699821896, 1.7856366548273304, 1.7918944577376044, 1.8336968024571736, 1.8678651611010235, 1.8350474172168303, 1.7903535087903342, 1.8023031082418228, 1.7893273446294995, 1.7678853121068745, 1.7550935414102344, 1.765706946452459, 1.742666598823335, 1.7582627256711323, 1.7683376987775166, 1.76206916504436, 1.748900881078508, 1.7296047899458145, 1.703181097242567, 1.6472168220414058, 1.6385595063368477, 1.6665069056881803, 1.653019520309236, 1.6759938690397471, 1.7023135092523363, 1.7180073042710626, 1.7109703746106888, 1.6658931414286287, 1.648474697934257, 1.6487813433011371, 1.6675485803021335, 1.7009744491842052, 1.7114987048837864, 1.6746498650974695, 1.645846249659856, 1.5973220328489948, 1.625206102265252, 1.7054471214612323, 1.6519510673152074, 1.5907805045445766, 1.575617336564594, 1.5023754245705072, 1.526290092865626, 1.5429140971766582, 1.5695408860842388, 1.5524536013603212, 1.5185013433297474, 1.5394608047273428, 1.530490505695343, 1.5094192637337578, 1.4984044028653034, 1.5249334739314182, 1.5280620177586883, 1.526522367530399, 1.5575211101108124, 1.5871218363444013, 1.571119595898523, 1.569350334670809, 1.5685979670948456, 1.5818235132429332, 1.5594798617892796, 1.5339106188880078, 1.5629095706674787, 1.5887249999576138, 1.599429127905104, 1.5926804290877448, 1.6244562294748086, 1.605365118715498, 1.6007755259672798, 1.6406961056921212, 1.6166518224610218, 1.5561510821183517, 1.5872343824969402, 1.658964924017588, 1.627306119600932, 1.6835159460703537, 1.7505106535222799, 1.7810583505365585, 1.768871523936589, 1.7436482018894617, 1.7163130905893114, 1.7632389048735304, 1.7278716842333477, 1.6958408468299442, 1.753652120961083, 1.8308204372723906, 1.8239159352249572, 1.8644814146889577, 1.8532579686906596, 1.8084561791684894, 1.7910520798630183, 1.7978899141152704, 1.744380015797085, 1.7818553341759575, 1.8050775104098846, 1.8196666585074535, 1.8486369344923232, 1.8028710881869001, 1.8214862651295134, 1.8279424879286026, 1.7680708951420252, 1.8130765769216757, 1.9327564855416621, 1.8902025918165846, 1.7948684884442223, 1.7825487169954517, 1.8072981145646834, 1.8101515657371945, 1.8268810477521684, 1.7881528960333932, 1.8000350528293183, 1.752513686815898, 1.8040997710492876, 1.8275849190023212, 1.7996771978007413, 1.7818601667881007, 1.77174309624566, 1.680270085069868, 1.681624431080289, 1.7043284647994572, 1.6450297441747452, 1.6366591864162021, 1.7002103322082096, 1.6835303273465898, 1.7082601659827763, 1.7192780653635662, 1.664585092994901, 1.6855452246136136, 1.6955862800280261, 1.7173112856017216, 1.6666174179977837, 1.6634306901031077, 1.690482409132852, 1.6911566535631815, 1.662221969498528, 1.6341066234641612, 1.64454424712393, 1.6458681040339993, 1.6555516593986086, 1.6196666346655952, 1.5759386459986366, 1.5995034800635448, 1.595261055893367, 1.6342819551626846, 1.6087519811259379, 1.6179603166050385, 1.567847307523092, 1.6003746443324616, 1.5615966743893093, 1.511345054043664, 1.5084951308038501, 1.5092330296834309, 1.5269878632492493, 1.4802350150214298, 1.5306598438156975, 1.5052565435568492, 1.5018654021951885, 1.4634346856011284, 1.4979787588119509, 1.5220974206924442, 1.5162934939066568, 1.4531331949763828, 1.4301898333761434, 1.4393260061740876, 1.417043171988593, 1.3616322033935127, 1.3214892281426331, 1.3118571711911093, 1.2977190256118778, 1.3079715775118939, 1.2690723293357424, 1.2308897892634074, 1.2773632380697464, 1.2586108379893834, 1.276070893473095, 1.2816787918408712, 1.2682719826698303, 1.2395843068758647, 1.2250846571392484, 1.2160365482171376, 1.2113226109080844, 1.2290200604332817, 1.2257532490624323, 1.2388352963659497, 1.2227547367413836, 1.2162986152701907, 1.235957123173608, 1.2300107684400345, 1.227973703543345, 1.193659783071942, 1.1560149206055534, 1.13494242562188, 1.1612161689334448, 1.1837994284100002, 1.1892844822671675, 1.1726594236161973, 1.1524518165323474, 1.1588294439845612, 1.2031537559297352, 1.200351215733422, 1.1602898803022168, 1.1760172552532624, 1.207986515098148, 1.2156504856215584, 1.1557331654760572, 1.142626736561457, 1.1361674732632105, 1.1417031884193423, 1.1739217234982389, 1.1454175081517963, 1.1521112998326624, 1.1778525458441844, 1.1767217351330652, 1.2033042543464236, 1.2502104050583305, 1.2202908780839707, 1.2290727966361574, 1.2541406406296625, 1.2272631963094074, 1.2091170774565805, 1.2498279478814867, 1.2084484358628587, 1.2233498520321315, 1.243180380264918, 1.2795858601729073, 1.2849400162696838, 1.307081918583976, 1.3358591649267415, 1.307510535584556, 1.3095719416936236, 1.346332518921958, 1.3649861309263442, 1.3558637407090928, 1.3237808684508008, 1.3638660781913334, 1.3384375254313146, 1.3033957792652975, 1.3959759460555177, 1.4198918369081284, 1.4107394311163162, 1.3737208770381084, 1.4004283030827842, 1.4542571716838406, 1.4927474717299145, 1.46030823191007, 1.4899007108476432, 1.5091204457812832, 1.5167789075109692, 1.5873995959758755, 1.5430465122063957, 1.547637520896064, 1.5572727772924633, 1.5699906435277722, 1.6019098109669152, 1.6369615806473625, 1.634018560912874, 1.6448376225100627, 1.6546209209495124, 1.6195954607592693, 1.6837357911798687, 1.6502685262097259, 1.7347434646553463, 1.7681685951020978, 1.8068108869923485, 1.8410207132498424, 1.8130609909693398, 1.8497819456789226]}