{"latitud": 6.165, "longitud": -77.3648, "radiacion": [2.9290816280576926, 2.9569139586554627, 2.843016193972694, 2.916478440496656, 2.7676962335904443, 2.8461696690983245, 2.8659833139843407, 3.0422463880644908, 3.0357841094334925, 2.890661023722755, 2.9330646183755658, 2.8900899608929955, 2.8309117952982583, 2.9857255882687035, 2.960716825061374, 2.9600825905799866, 2.8660763263702393, 2.9136812263064917, 2.9011762963400938, 2.8984639154540166, 2.9030686749352355, 2.8463537401623196, 2.976121838887533, 2.8748530824979155, 2.9841956959830385, 2.943671789434221, 2.775135585996839, 2.8400481396251256, 2.8512931783994038, 2.9082194738917884, 2.8407075007756553, 2.7502480877770323, 2.6509218374888097, 2.7822011232376096, 2.753356975979275, 2.8057889501253768, 2.812688652674357, 2.8834189467959934, 2.793460852570004, 2.960843458440569, 2.7823422643873426, 2.8157483802901377, 2.7070703546206154, 2.739769654803806, 2.7083789136674667, 2.8277443925539654, 2.7951581146981983, 2.7990265872743394, 2.840939527087741, 2.8402182049221465, 2.858949785762363, 2.7678704341252645, 2.828356210390727, 2.914834214581384, 2.867087441020542, 2.8756228831079276, 2.8016657736566333, 2.6917532444000236, 2.7676619768142707, 2.8572369204627144, 2.9018994304868913, 2.848524326748318, 2.9272515906227965, 2.8437770909733238, 2.817220959398481, 2.812849271297455, 3.0009288032849626, 3.023915325270759, 2.977709474828508, 2.851844158437517, 2.9002431604597305, 2.8966314805878532, 2.906667590141296, 2.92160163587994, 2.8739793234401283, 2.8700443506240845, 2.906096401479509, 2.935310408804152, 2.9135587837960983, 2.888438553280301, 2.922167291906145, 2.884832269615597, 2.8652012639575535, 2.884223425388336, 2.8401937921841935, 2.877212909857432, 2.8864245216051745, 3.0069147109985352, 2.9082266873783538, 2.930370869901445, 2.889847662713793, 2.849431579642826, 2.8028045495351157, 2.8465711752573646, 2.9341658274332683, 2.8521969291898936, 2.847008921040429, 2.9536651174227395, 2.9569033371077644, 2.83967234690984, 2.8842511508199906, 2.8582489887873326, 2.8390900505913628, 2.924602621131472, 2.9724548180898034, 2.9587816609276665, 3.106472953160603, 3.015860904587639, 3.0232346190346604, 2.954642771350013, 2.855436420440674, 2.9250177595350473, 2.9897804114553654, 2.955626800325182, 2.9615467217233444, 2.941775235864851, 3.004846092065175, 3.0359705117013718, 3.06360440519121, 3.0170743174023094, 3.1057159052954777, 3.0332537902726067, 3.0625070465935607, 3.0838708427217276, 2.959762970606486, 2.9228944182395935, 3.066249757342869, 3.059136675463783, 3.0274223155445523, 2.9477167725563054, 3.0086045503616337, 3.129214837816027, 3.1840720348887976, 3.1645625591278086, 3.0272325383292302, 3.109844723012712, 3.0665920880105766, 3.148468444082472, 3.187049102783203, 3.10071495241589, 3.0874306175443866, 3.1208471616109215, 3.2431346098581955, 3.192003446155123, 3.1954591684871247, 3.2116679072380063, 3.2007567789819507, 3.3208204348882036, 3.261928886837429, 3.257601973745558, 3.3004966510666747, 3.2557636671596097, 3.259654615985023, 3.3063793672455684, 3.2306480765342713, 3.2397594557868103, 3.151516260041131, 3.215957294570075, 3.344743511411879, 3.354322979185317, 3.4070910294850676, 3.3402049514982433, 3.4103018932872353, 3.4464878691567318, 3.32816371122996, 3.3824062718285446, 3.403871819708082, 3.250972474945916, 3.2409785628318786, 3.329427697923449, 3.4140850345293674, 3.418497860431671, 3.4370246436860827, 3.3227613131205245, 3.3723495748307974, 3.531578678554959, 3.507812825838725, 3.3988348431057394, 3.3543668402565854, 3.4357395887374875, 3.4617704484197827, 3.386511905988058, 3.4372460656695893, 3.4370068258709376, 3.3793823348151313, 3.4509614573584666, 3.4408300558725995, 3.4117275900310937, 3.3484884977340705, 3.4164479441112943, 3.4902428468068436, 3.415519364674886, 3.4651900821261936, 3.330495667457581, 3.37562943564521, 3.482499832577176, 3.450399446487426, 3.4204900529649525, 3.447413807445102, 3.4607606702380713, 3.4482965151468914, 3.4923516472180687, 3.541611909866333, 3.5200060341093273, 3.4276423507266576, 3.438737318250867, 3.494110992219712, 3.50115999645657, 3.4514524698257447, 3.605321649710337, 3.6319614807764693, 3.5835129419962564, 3.5562908159361952, 3.505028835932413, 3.4666402949227226, 3.461145517561171, 3.528313822216458, 3.6824558046129012, 3.616725362671746, 3.558479150136312, 3.6065338916248746, 3.5359420034620492, 3.685919358995226, 3.6472427977455983, 3.722342459360758, 3.7188373168309528, 3.5975267860624522, 3.6101601931783893, 3.685289341873593, 3.744372106922997, 3.839634823799134, 3.764712150891622, 3.7345747470855706, 3.7190349896748867, 3.670058441162109, 3.6817286994722154, 3.679325037532383, 3.6915786027908326, 3.7112779961691973, 3.883171017964681, 3.920059741867913, 3.7601613971922134, 3.786348703172471, 3.8485825856526685, 3.867652967241075, 3.875819979773627, 3.8025381088256833, 3.7954322894414267, 3.832646817631192, 3.9573211272557582, 3.9178570455975006, 3.8497987747192393, 3.9634241845872666, 4.006821036338806, 3.976875204510159, 3.9600606097115416, 3.9009546518325813, 3.8825292242897884, 4.228304261631435, 4.106105671988593, 4.022945324579875, 4.0458117167154946, 4.087365039189657, 3.992357971933154, 3.9247192621231086, 4.025609978040059, 4.137234576543173, 4.184401165114509, 4.107349226209852, 3.958591556549072, 4.100496300061544, 4.064642508824666, 4.129135664304099, 4.041938945982191, 4.135616895887587, 4.063663130336338, 4.19363020128674, 4.223505862553915, 4.059609911176893, 4.07295445866055, 4.025959261258444, 4.0092780272165935, 4.052852037217883, 4.027150180604722, 4.217942470974393, 4.254019133249918, 4.193373192681207, 4.158362995253669, 4.281096426645914, 4.206211786799961, 4.167486270268758, 4.127246567938063, 4.201436895794338, 4.254404054747687, 4.166177519162496, 4.193724997838339, 4.241962332195706, 4.215638407071432, 4.04482080274158, 4.127617507510715, 4.175012701087528, 4.270498718155755, 4.2606190588739175, 4.288020624054803, 4.381796691152785, 4.284519304169549, 4.212494382593367, 4.158016210132176, 4.134775646527609, 4.192852813667721, 4.322842801941765, 4.132451454798381, 3.9982487678527825, 4.032304133309258, 3.968115782737732, 3.9995935228135857, 3.929431324534947, 3.9105729262034092, 3.8696207841237396, 3.924606439802382, 3.8857928832372024, 3.613234620624118, 3.5960265477498368, 3.458825019995372, 3.5924184322357178, 3.676177954673767, 3.7080045223236087, 3.62195080253813, 3.4855629762013756, 3.4880008935928344, 3.3829875919553967, 3.5973464144600755, 3.6648015817006434, 3.5375883658727005, 3.3449863526556225, 3.5129505925708346, 3.553410010867649, 3.534229913022783, 3.34385554658042, 3.3768477731280857, 3.4904221442010672, 3.6671893225775825, 3.5922153260972767, 3.4673766864670643, 3.2548431264029616, 3.1248986734284294, 3.1371771203147034, 3.0598436342345345, 3.031140450636546, 3.066557798120711, 3.0234427054723096, 3.050109309620327, 3.076522445678712, 3.0503837956322566, 2.960519489977095, 2.9817588170369462, 2.851148846414354, 3.023202588823107, 3.1368380824724835, 2.977846023771498]}