{"latitud": 5.3633, "longitud": -75.8388, "radiacion": [1.4150295952955878, 1.405421590142779, 1.40037586622768, 1.428714515103234, 1.421717074182298, 1.3996023621824054, 1.3771728138128918, 1.403366349803077, 1.4369186361630764, 1.4209803866015542, 1.4090424928400243, 1.3673164546489716, 1.4035779972871139, 1.4533146950933669, 1.4510341975424026, 1.4259261144532103, 1.3748732772138383, 1.3841541336642367, 1.4126256704330447, 1.4163147674666512, 1.4308458209037778, 1.3456363386578027, 1.3590691063139169, 1.4250845677322814, 1.3815776149431864, 1.3764847543504508, 1.3915333218044703, 1.3969816750950281, 1.405792069435119, 1.428109800153309, 1.410356720288595, 1.3742871436807842, 1.3763137082258858, 1.3850406229496006, 1.3693332340982225, 1.4205360194047298, 1.3643725375334415, 1.3858081671926712, 1.411972086959415, 1.4144188973638743, 1.360261081986957, 1.335235515567991, 1.3482208000289067, 1.3550355275472008, 1.3642073392868042, 1.3289553648895687, 1.3462843967808613, 1.3609599431355794, 1.3737675587336222, 1.3212020708454986, 1.2888462576601245, 1.349994668033388, 1.3493681119547951, 1.326716668075985, 1.3947872009542255, 1.3266981919606529, 1.3029864046308732, 1.3255993598037292, 1.3120160606172349, 1.3291763703028368, 1.2694165488084157, 1.2928450895680321, 1.2805876897441013, 1.305994278192521, 1.3434992856449555, 1.2899343159463672, 1.3126380695237057, 1.279355742534002, 1.3049902651045053, 1.2892295300960535, 1.2596811387273998, 1.282617073588901, 1.316725883881251, 1.2695427536964417, 1.3452635202142922, 1.2889514327049258, 1.2723182280858358, 1.2814991388056014, 1.2995798283153115, 1.3137250946627728, 1.2783119393719566, 1.2802929209338287, 1.2873828543557069, 1.2962675650914512, 1.2840284268061322, 1.2552132295237646, 1.2827391379409365, 1.2722018798192345, 1.2590946753819783, 1.2592469818062249, 1.2267242292563119, 1.2513646947013015, 1.2779658337434132, 1.2805823584397633, 1.2577203048600094, 1.241940650675032, 1.2470415704780156, 1.2921661476294197, 1.2573143608040283, 1.2538072254922648, 1.2298251787821446, 1.201255025466283, 1.2441667252116735, 1.2709490127033656, 1.2880798035197787, 1.2571766303645242, 1.25096432434188, 1.272018841240141, 1.2698352469338312, 1.2499442451530036, 1.262232539388868, 1.245486133628421, 1.2591840439372592, 1.294064095285204, 1.288996781243218, 1.28144378595882, 1.2851209501425427, 1.3043703118960066, 1.2986163748635189, 1.3568856828742568, 1.3574200279182858, 1.3155192534128826, 1.305407292313046, 1.2981708864370984, 1.3451002001762393, 1.389792378081216, 1.3127125402291606, 1.326816193262736, 1.3421669165293375, 1.3910277154710553, 1.3728532599078285, 1.3768763793839345, 1.3828271038002438, 1.320872302187814, 1.339669493171904, 1.3742091053062016, 1.3466115891933443, 1.38594069480896, 1.3922834323512179, 1.3768629544311104, 1.3806839353508416, 1.3622562779320606, 1.3708310955100587, 1.4241155935658345, 1.4544537603855134, 1.4424915154774978, 1.4005562888251413, 1.3920903133021458, 1.3970139417383403, 1.3993715372350486, 1.4089221782154506, 1.4261295742458777, 1.42142262061437, 1.4284050001038446, 1.4082829541630215, 1.478739935821957, 1.4991034136878119, 1.4703474879264826, 1.4802507122357689, 1.4527276251051164, 1.472112176153395, 1.4516805251439413, 1.4303461849689485, 1.4507622036668995, 1.402113952901627, 1.422414733303918, 1.410408473014831, 1.460840159654617, 1.5165878898567622, 1.5134287767940096, 1.4934551239013667, 1.4714264068338612, 1.452986088063982, 1.4935205499331154, 1.498096950848897, 1.4584955301549696, 1.4496116770638354, 1.506329803996616, 1.5574087805218164, 1.515932424200906, 1.4888075861665937, 1.5230055809021001, 1.4810614618990154, 1.483430892891354, 1.5115436500973172, 1.4881984949111937, 1.5138611157735191, 1.540653218163385, 1.539285745885637, 1.5183227843708458, 1.468438776334127, 1.4831849687629273, 1.4680115474594964, 1.458636591169569, 1.4762115226851573, 1.4649812499682104, 1.4740042580498585, 1.4969965868526034, 1.475455997387568, 1.458665986193551, 1.4484564642111462, 1.5051578111118744, 1.5089823530779942, 1.4854448901282415, 1.4836386084556576, 1.5019591238763599, 1.4893738634056521, 1.478382723861271, 1.4771224339803055, 1.4784775667720371, 1.4481271598074172, 1.4683836460113524, 1.4636160850524897, 1.4880376901891497, 1.4951307323243883, 1.472698783874512, 1.4437399963537854, 1.5058125244246587, 1.4458706782923807, 1.4292175690333047, 1.4257771088017357, 1.4635837495327004, 1.4434826983345879, 1.4474859012497798, 1.456108858850267, 1.411149343517092, 1.4265689306788973, 1.4185728245311318, 1.4286816027429368, 1.3772526893350816, 1.4057986431651646, 1.3770850751135093, 1.3786130117045505, 1.3915451924006144, 1.4129802127679187, 1.4069111433294086, 1.3994538320435417, 1.3450145324071248, 1.4045934577782948, 1.3865942193402183, 1.3993951704767014, 1.3494805157184604, 1.3963706903987463, 1.363302875889672, 1.354928309387631, 1.3210284166865878, 1.339855174223582, 1.3489481985569, 1.35747052166197, 1.317244101232952, 1.3209619263807937, 1.340025205082364, 1.3762218077977504, 1.397858540879356, 1.3454401969909666, 1.3507150457965003, 1.3152752763695184, 1.3271951225068828, 1.2917303118440842, 1.2827102939287816, 1.2474706437852643, 1.3164260937107937, 1.2821546792984, 1.308931577205658, 1.3067303346263035, 1.3002635373009575, 1.2889943328168652, 1.312174366580116, 1.327151400513119, 1.287258267402649, 1.2673656198713517, 1.2710728294319578, 1.2513779719670615, 1.2528625633981492, 1.2864787797133126, 1.3069887028800113, 1.2963991880416872, 1.2464280850357483, 1.2565352678298953, 1.2527839024861653, 1.2758897052870852, 1.2555792179372578, 1.2879090401861408, 1.2544222851594284, 1.2725215713183085, 1.2914595127105715, 1.2867586923970113, 1.25858593053288, 1.263191343678369, 1.2885688159200874, 1.2158908797634975, 1.261146324872971, 1.2744186613294815, 1.2554877128865982, 1.2640770475069683, 1.2668207711643644, 1.274023166630003, 1.2424311757087707, 1.2810111780961353, 1.2855992648336623, 1.2889668497774336, 1.3151166154278648, 1.2678782893551723, 1.2872273855739174, 1.329079424672656, 1.306620063384374, 1.3176364481449128, 1.3232379820611744, 1.3177802244822188, 1.338529427183999, 1.2910787019464702, 1.285803443855709, 1.274830500947105, 1.3324917495250703, 1.2685057646698417, 1.2931393312083348, 1.2441450463400943, 1.33964431087176, 1.334554641114341, 1.320190282000436, 1.3035571727487778, 1.2900263686974835, 1.2548194037543403, 1.3144559012518984, 1.3189836038483511, 1.304759947458903, 1.301019318898519, 1.320202611552344, 1.2958436164591054, 1.3059423585732775, 1.3595963133705988, 1.3725969241725073, 1.3094460070133207, 1.283453928762012, 1.3221071276399823, 1.3537308308813312, 1.3495576302210488, 1.3023588187164732, 1.3362243824534943, 1.3232570177978937, 1.3387407223383585, 1.3461037019888558, 1.3760197281837465, 1.3995647536383735, 1.4447938442230222, 1.4403079417016766, 1.3832491258780164, 1.3977115591367086, 1.3638968242539302, 1.3447970357206132, 1.3786584476629897, 1.365222369299994, 1.399742305278778, 1.3944403198030262, 1.4148065785566963, 1.4012693120373625, 1.407334148221546, 1.4291616294119092, 1.4437540372212725, 1.44854415125317]}