{"latitud": 4.6867, "longitud": -76.9468, "radiacion": [1.2526420931021374, 1.248660535282559, 1.214653693305121, 1.2066095842255489, 1.2323625524838766, 1.2088169746928743, 1.1948743151293864, 1.205230727460649, 1.219910496473312, 1.220410777462853, 1.2201930456691314, 1.2278527511490716, 1.2383378638161553, 1.2448017550839319, 1.2376650604936812, 1.2543047580454083, 1.235298554764854, 1.2233452094925779, 1.217992670006222, 1.2428028914663525, 1.2432961689101332, 1.227009832859039, 1.2683197087711753, 1.254799532228046, 1.2519522342416975, 1.2408652689721855, 1.232279936472575, 1.2280020117759705, 1.2179784542984429, 1.2545663575331372, 1.225717539257474, 1.2072887135876549, 1.2359238611327277, 1.2286058624585474, 1.22671715815862, 1.241863638824887, 1.2364719039864018, 1.2289828267362382, 1.256949871778488, 1.238284279240502, 1.253174149990082, 1.2393329779307047, 1.26761067310969, 1.2444935619831083, 1.2406218263838025, 1.213634267780516, 1.208042495780521, 1.2006324635611643, 1.189910898605983, 1.2058406346374089, 1.2255696813265484, 1.2105542474322848, 1.1998793211248187, 1.189963843425115, 1.2020680639478893, 1.205062495337592, 1.1947119957870906, 1.2173290583822465, 1.1958063284556073, 1.1855123937129972, 1.150398890839683, 1.1629144304328494, 1.192364637719261, 1.1715271380212575, 1.178770167297787, 1.1725838833385045, 1.2024121469921536, 1.2090779198540578, 1.216652896669177, 1.1774619552824233, 1.1771674275398254, 1.1650913265016347, 1.1821925600369774, 1.1614851991335555, 1.1691770487361486, 1.1798695100678342, 1.1883987579080795, 1.1789744337399795, 1.1788190742333735, 1.180584259827932, 1.1880331622229683, 1.1624247358904942, 1.1815807004769647, 1.1727687557538353, 1.1880639559692805, 1.1675937440660265, 1.1814605434735619, 1.1842341740926108, 1.1715881943702695, 1.1680616544352633, 1.1648157166110147, 1.1376882394154872, 1.1720411161581676, 1.183866222699483, 1.1758477422926161, 1.173795374234517, 1.128082764810986, 1.1597212976879543, 1.1708854966693452, 1.1688234342469113, 1.1644781192143758, 1.152690123849445, 1.1713697579171922, 1.1840802225801685, 1.1922371539804661, 1.19088151190016, 1.1801822192139102, 1.1760422329107922, 1.1794328073660532, 1.1862018260690899, 1.160279593865076, 1.1714400278197392, 1.1653886907630497, 1.1667772140767831, 1.1599673834111959, 1.1707116689946917, 1.174258989757962, 1.1718354450331796, 1.1787057108349268, 1.1786485168668959, 1.1886266019609237, 1.1795529822508493, 1.1895769039789836, 1.1730697909990946, 1.180778794818454, 1.1686391048961215, 1.1589187641938528, 1.1821341680155852, 1.1858164595233072, 1.1827212545606824, 1.1883764313326939, 1.1713624331686232, 1.1799240185154807, 1.1587668849362267, 1.170696164502038, 1.1715830279721156, 1.1774335424105329, 1.176322633028031, 1.1752464698420628, 1.183160424894757, 1.1881890820132366, 1.171038214365641, 1.17702433930503, 1.1885510265827182, 1.1992245435714721, 1.206363158755833, 1.1816744473245409, 1.194379038943185, 1.2293919192420113, 1.2301722215281592, 1.2068348069985704, 1.1963715294996895, 1.2058499137560525, 1.207159305281109, 1.2203363809320662, 1.216940959294637, 1.2164488732814782, 1.181639991866218, 1.2133313556512195, 1.232180749045478, 1.2358502553568949, 1.2244553479883409, 1.225361000829273, 1.2231881744331792, 1.2134297092755626, 1.194552991787593, 1.191544983122084, 1.1926356315612796, 1.2212258186605236, 1.1956121140056186, 1.1960926479763456, 1.196526118119558, 1.205732860167821, 1.2069931765397388, 1.22369382513894, 1.1994946731461418, 1.2088106870651247, 1.1959460139274596, 1.2169071654478707, 1.2147997829649178, 1.2190313882297936, 1.2111532595422536, 1.231414520740509, 1.2197532011402978, 1.2198166350523634, 1.2303702765040923, 1.2359590947628023, 1.2295090960131754, 1.2242684589491948, 1.258005950848262, 1.2249836060735915, 1.2349427382151286, 1.2264527738094326, 1.2282693247000376, 1.2283502684699164, 1.2267125116454227, 1.2494577123059167, 1.2523655255635584, 1.2509624805715347, 1.2276931689845194, 1.2333277463912964, 1.2352578871779973, 1.2370923784044052, 1.234039463599523, 1.227825370099809, 1.2390341970655656, 1.246152979797787, 1.2382123801443308, 1.254413576920827, 1.254040818744236, 1.2479208701186713, 1.2548398554325104, 1.2549775739510853, 1.2406940089331737, 1.2363696687751347, 1.234635061025619, 1.2412134369214376, 1.278882073031532, 1.2772801399230957, 1.2412708547380231, 1.2380428247981594, 1.2462017628881663, 1.2617943889564944, 1.2490921404626631, 1.2618328597810538, 1.266924504439036, 1.2398671170075737, 1.2493253469467167, 1.2683466202682918, 1.260686163769828, 1.2578819738494023, 1.2497876644134525, 1.242473818858465, 1.2315745896763273, 1.2452786776754592, 1.244266084829966, 1.2268442504935797, 1.2451303833060792, 1.2619713213708665, 1.272642588615418, 1.2605085558361477, 1.2647709065013462, 1.21258657111062, 1.2317110750410287, 1.2382620957162642, 1.2485963245232898, 1.2355511022938632, 1.2388714611530303, 1.2407090783119201, 1.253345096111298, 1.239745830827289, 1.237738159630034, 1.234279699458016, 1.255250960588455, 1.2606112215254044, 1.226565272278256, 1.2250910619894657, 1.199795425600476, 1.2304288254843818, 1.2240798301166953, 1.217533519532945, 1.2031301193767125, 1.2044884363810224, 1.2059904429647654, 1.18847431672944, 1.207323478990131, 1.2195964501963725, 1.2071384357081523, 1.1919514954090114, 1.1827704754140642, 1.2219824029339683, 1.2021729588508607, 1.1730536507235636, 1.1865633269151052, 1.1985051982932617, 1.2015466292699177, 1.2100123518043093, 1.20475391348203, 1.2219678964879772, 1.2195071286625334, 1.19753448565801, 1.181593614816666, 1.215398466587067, 1.2153695821762083, 1.2015277981758128, 1.2443620761235559, 1.2289869725704186, 1.21266024377611, 1.21921696000629, 1.2362993352943004, 1.2307106395562488, 1.22180860903528, 1.2068007919523454, 1.2369702080885572, 1.2286540395683712, 1.2516623569859395, 1.2506099760532379, 1.2635217514302994, 1.248569813039568, 1.2243438568380143, 1.257825340165032, 1.256510818666882, 1.2439686298370365, 1.2362005796697402, 1.2661175780826144, 1.2790412863095597, 1.2370142658551533, 1.2506543530358203, 1.2559809803962707, 1.271345714728038, 1.2602452072832315, 1.2620034396648403, 1.2549257417519888, 1.2677395535839933, 1.263564717107349, 1.278359115123749, 1.24827075931761, 1.2507776571644678, 1.2384163717428838, 1.2705221136411033, 1.256108382675383, 1.2270281202263302, 1.2042118615574307, 1.2284456994798445, 1.2546054979165397, 1.2352466576629213, 1.2414582663112217, 1.2285670777161917, 1.2234713554382328, 1.203691966003842, 1.2094740827878319, 1.2281538234816656, 1.2242651734087209, 1.2041541914145146, 1.1802817470497555, 1.191043704748154, 1.1869687226083536, 1.2032038238313463, 1.2101438694530067, 1.207329452037811, 1.2078262209892274, 1.2073274758127004, 1.218021791511112, 1.2353417045540274, 1.236315581533644, 1.215071788099077, 1.1949796371989783, 1.183545193407271, 1.2193238324589197, 1.191144210762447, 1.1942603329817452, 1.2044431123468609, 1.2089546077781252, 1.217078796360228, 1.1985155999660495, 1.2193605621655788, 1.1913136786884735, 1.221786453326543, 1.2176374793052673, 1.2230052358574337]}