{"latitud": 2.3754, "longitud": -76.6198, "radiacion": [1.3732765310340458, 1.3258604599369903, 1.3667280673980715, 1.3912882228692374, 1.4087318195237055, 1.3883686059051088, 1.3680447479089104, 1.3747675743367942, 1.3638235588868455, 1.3567854238881012, 1.339989917145835, 1.3251142528322, 1.4446242299344807, 1.4960296650727587, 1.4517025954193539, 1.4713942441675396, 1.35000472135014, 1.379283293088277, 1.4862248798211415, 1.4935893992582958, 1.4994235926204258, 1.3919541590743594, 1.3921891113122304, 1.479935336112976, 1.5039796782864465, 1.4252599265840316, 1.4780720982286664, 1.4361688097318013, 1.5082023190127478, 1.4163936436176299, 1.3797939737637848, 1.311317886908849, 1.3611458705531227, 1.3767730739381576, 1.4010958545737795, 1.471167161067327, 1.4463849822680155, 1.4758746325969694, 1.449791851970885, 1.449922659662035, 1.406074551741282, 1.3500171343485512, 1.426025517781576, 1.428687649303012, 1.4005918310748202, 1.361618098285463, 1.363038436571757, 1.3183195590972903, 1.3787221080727043, 1.336569381422467, 1.3047859211762747, 1.331324382623037, 1.3244837893380057, 1.2847050931718618, 1.3025885886616175, 1.3103068404727516, 1.3087863670455082, 1.3312436719735465, 1.358025101820628, 1.3178396337562137, 1.2904169936974836, 1.3360575536886852, 1.3155083861615926, 1.3065314637290106, 1.320423752069473, 1.2695557441976335, 1.2465795669290762, 1.247780093881819, 1.2379888898796505, 1.2481057034598457, 1.18235720594724, 1.2489640136559803, 1.2825585312313506, 1.223102099365658, 1.241764291127522, 1.1965130488077802, 1.1476880941126082, 1.2072060955895318, 1.226357471942902, 1.1756986882951523, 1.1911247193813324, 1.2111319025357565, 1.2571392900413934, 1.2727332492669428, 1.210444350375069, 1.156751641962263, 1.161772792869144, 1.170782593223784, 1.1785517573356628, 1.1478502730528508, 1.1517068571514555, 1.1581675463252596, 1.2075556377569834, 1.174133679601881, 1.1782474272780947, 1.1970304217603467, 1.1774093992180297, 1.2323770052856864, 1.2671759320629965, 1.1691426263915168, 1.1858201159371273, 1.1669226745764407, 1.2724243389235597, 1.2968234764205082, 1.2648553901248512, 1.2542463527785408, 1.2322450313303204, 1.2926418960094452, 1.3170999341540868, 1.2407186925411222, 1.2022128893269428, 1.1838396098878652, 1.2753715448909337, 1.325990134477615, 1.2907213608423866, 1.3113494786951272, 1.3201269977622558, 1.3179309785366062, 1.36726798415184, 1.3664230810271372, 1.4063432779577043, 1.415710550546646, 1.3947592596213025, 1.299116288291084, 1.3402393036418487, 1.4295087854067487, 1.397238861852222, 1.430857716666327, 1.3985664420657689, 1.4846702529324423, 1.4847563273376885, 1.4897556602954865, 1.4985898892084764, 1.4353962871763442, 1.4378938191466866, 1.5008339471287204, 1.482472601864073, 1.4422955473264059, 1.4455695331096647, 1.4822783430417381, 1.484392214483685, 1.4868756585650977, 1.5189815534485713, 1.585179779264662, 1.665622623099222, 1.6143066545327505, 1.6455451091130577, 1.5888805011908211, 1.6207589142852357, 1.6276329517364505, 1.6966121587488392, 1.7330132544040682, 1.7081306967470384, 1.704041510158115, 1.766394981410768, 1.856903148359722, 1.9550990700721738, 1.9674914624955917, 1.8734646194510993, 1.8912246651119655, 1.9180316170056664, 1.8500516063637205, 1.7748608112335207, 1.8276711265246075, 1.8143316467603043, 1.835594607724084, 1.9314634342988335, 2.023510048124526, 2.120954436063767, 2.1192829032739002, 2.006062660614649, 1.8748284737269085, 2.01458445125156, 2.0542503972848256, 2.090133998129103, 2.1431035684214694, 2.1714301751719582, 2.2598063660992516, 2.253307755125894, 2.2203731894493104, 2.1726680464214745, 2.221664887666702, 2.1829209208488467, 2.1321410953998563, 2.153745781713061, 2.2029966546429534, 2.160830955372917, 2.267316685782539, 2.4073618597454494, 2.377254782782661, 2.283532034688526, 2.2255463977654775, 2.1868046681086226, 2.172207021713257, 2.2442379593849178, 2.280685436063343, 2.1929788735177786, 2.268404026826223, 2.2216408491134647, 2.1696295473310685, 2.1546620494789557, 2.2460421601931255, 2.1669966843393116, 2.1664685858620536, 2.244518509176043, 2.302111055453618, 2.248916350470649, 2.29702368511094, 2.236907841099633, 2.1993701385127173, 2.174900932444467, 2.1558766365051274, 2.154339090320799, 2.0839804636107546, 2.0736822989251884, 2.1925193925698596, 2.130416582028071, 2.095008469952478, 2.0473691291279263, 1.8982422550519307, 1.8268929852379692, 1.8732210139433552, 1.898798143201404, 1.8585426549116768, 1.8243886397944555, 1.7854850722683802, 1.7515114539199406, 1.7133526696099173, 1.7132374174065061, 1.6366672350300682, 1.6474894132879048, 1.5747057192855418, 1.628143753608068, 1.690025171306398, 1.6991419699456956, 1.6731953448719452, 1.7120606349574194, 1.632682014173931, 1.633487836519877, 1.6210708432727394, 1.580678131182989, 1.444287479586072, 1.4516321116023592, 1.456492677662107, 1.3797821627722844, 1.3177077551682794, 1.3140353070365056, 1.304565101861954, 1.329954373836517, 1.2440117637316384, 1.2096207592222425, 1.2685451871818965, 1.3014356904559667, 1.273143074247572, 1.269645482301712, 1.2561332980791724, 1.2309986809889477, 1.1620588236384923, 1.1655973924530878, 1.145740903748406, 1.1538386152850257, 1.1831623474756874, 1.1755614956219993, 1.2183924959765544, 1.1739784598350527, 1.1810619135697684, 1.1473993447091846, 1.1501587112744651, 1.1538906713326773, 1.155445266432232, 1.1250922004381818, 1.1458333247237735, 1.1245003706879089, 1.1594201677375369, 1.1930361138449779, 1.1960609522130754, 1.2173976765738599, 1.1805962959925331, 1.1581474271085528, 1.1582603289021385, 1.2045756015512679, 1.1840267784065668, 1.1785335050688845, 1.1917236030101774, 1.1910321248902214, 1.1928296824296318, 1.1720194127824575, 1.1565365864170924, 1.1844817592038053, 1.2230871935685472, 1.1721351888444689, 1.1782384236653651, 1.222023571862115, 1.228925260570314, 1.234933598173989, 1.1993066337373524, 1.2009672158294256, 1.16778811150127, 1.187620067596435, 1.2227720280488334, 1.2171066767639582, 1.2294543577565085, 1.222762346929974, 1.2118814792897967, 1.286771253082487, 1.2896805518203311, 1.2651648958524067, 1.2757116039594016, 1.2869784759150609, 1.2747447596655952, 1.291063310702642, 1.2700084388256077, 1.245788570245107, 1.2892707712120484, 1.2780591799153227, 1.2513544764783642, 1.287276079257329, 1.3515320989820696, 1.3100330385896892, 1.2680899057123394, 1.2458474430772994, 1.2085444450378409, 1.2481031788720023, 1.29281414548556, 1.2024638573328652, 1.2227702273262873, 1.2449403577380707, 1.2928928673267366, 1.3038751006126403, 1.2253310521443688, 1.2819994727770487, 1.3264795482158664, 1.2771037883228729, 1.2634696371025511, 1.2608840200636122, 1.2787239988644916, 1.3375288122230107, 1.2879904104603663, 1.2604848086833955, 1.3127678202258215, 1.3237446314758732, 1.3771865328152977, 1.4207023488150703, 1.3743195725811856, 1.3901821043756273, 1.3244625978999665, 1.294882124662399, 1.346716421842575, 1.2846025804678602, 1.278024035692215, 1.2644253909587861, 1.2807383471065095, 1.3155887411700358, 1.3246687147352434, 1.3070723924371928, 1.282413871420754, 1.3387351943386927, 1.3466914686891764, 1.4233631789684298, 1.4745207164022656]}