{"latitud": 6.4543, "longitud": -70.8704, "radiacion": [3.6850118107265897, 3.717703394095103, 3.7499896526336673, 3.71385154724121, 3.742097636063894, 3.7021431591775684, 3.671988198492262, 3.6638150321112746, 3.643141367700365, 3.6418241421381627, 3.614614550272624, 3.6821028047137787, 3.7313742054833305, 3.718541063202752, 3.7969036115540398, 3.756460658709208, 3.7515646444426647, 3.7153679874208243, 3.6954487284024555, 3.719259240892199, 3.706700363424089, 3.7532645874553254, 3.7927116566234162, 3.789514291286468, 3.789665362570021, 3.795874985059102, 3.825162227948507, 3.7846206294165725, 3.794394403033786, 3.759241178300645, 3.771841553846995, 3.8028351200951467, 3.8106016755104073, 3.8382953034506904, 3.933059227466583, 3.8860894229676988, 3.848602634006076, 3.843928502665625, 3.8908857014444145, 3.9193266232808432, 3.8769316196441657, 3.860169376267327, 3.831457119517856, 3.8047821044921872, 3.8431688851780357, 3.841020557615493, 3.8571584171719024, 3.845914440684848, 3.7570551753044135, 3.7965871069166397, 3.7662659658326043, 3.732737771670024, 3.7023154788547097, 3.743770586119758, 3.8149307184749173, 3.866192730267843, 3.800022798114353, 3.824931173854404, 3.7681117746565085, 3.712979129950206, 3.6834382322099475, 3.699510592884487, 3.7366765803760953, 3.733771166536543, 3.703269709481134, 3.6476083914438884, 3.607474972142114, 3.6047417322794595, 3.5686220182312858, 3.55179463757409, 3.525691509246826, 3.5155695411894055, 3.4613510754373333, 3.4458575924237578, 3.503232771820492, 3.4818405456013153, 3.4724284052848806, 3.3834897279739384, 3.4574164099163482, 3.405528263250987, 3.428311786386702, 3.458667515383827, 3.4685342748959864, 3.425035832987891, 3.343989525900947, 3.3232434325748024, 3.190613219473097, 3.126435479852889, 3.1421536962191268, 3.0718946788046098, 3.0698891692691377, 3.0009605341487453, 2.8935052699512904, 2.879266969362895, 2.855270908938513, 2.8134814341862993, 2.7556521005100674, 2.715312748485142, 2.745613528622522, 2.7011124200291103, 2.670332125822703, 2.665524351596833, 2.6384680284394157, 2.5908897558848065, 2.611055595344967, 2.6328377922375994, 2.58594569100274, 2.5190177785025694, 2.5912375529607132, 2.560741089449989, 2.468224726782905, 2.438741686609057, 2.4091782742076453, 2.4021445102161834, 2.370796385076311, 2.292268347740173, 2.3803935501310556, 2.3122677975230745, 2.346659130520291, 2.28561366531584, 2.2140334500206835, 2.167004209094577, 2.1193559037314516, 2.171685066488054, 2.221963702970081, 2.176302683353424, 2.0832185930675933, 2.071325115362803, 2.031758940219879, 2.036221924093035, 2.1395696772469415, 2.1466093911064994, 2.081000622113546, 2.0298366374439665, 2.019546713431676, 2.0025846680005395, 2.0045221613513093, 2.08022723197937, 2.1001293698946633, 2.03996334473292, 1.94131063885159, 1.8654867834515043, 1.9000274856885266, 1.9855587674511808, 2.062344119283889, 1.9951554000377663, 2.0184412075413607, 2.073448473877377, 2.1439716411961443, 2.0023254990577692, 1.9504580471250748, 1.9294425209363304, 1.849062346087562, 1.9061660620901317, 1.9091417862309354, 1.9444851179917653, 1.932866336239709, 1.8916676249768998, 1.8966198033756674, 2.003022877375285, 1.9958562129073674, 1.9098079052236345, 1.9546230302916643, 1.984079245726267, 1.942896933025784, 1.833034439881642, 1.835127378834618, 1.819721741146511, 1.8641146196259388, 1.9123713917202425, 1.9285001993179325, 1.9231393820709652, 1.848567532168494, 1.8443252808517876, 1.8472463938925001, 1.8387222859594565, 1.8973494562837814, 1.885716688632965, 1.9943408475981819, 2.0204928894837697, 2.0544065554936726, 1.9506761544280582, 1.8722875826888614, 1.9288632876343204, 1.9406965918011136, 1.8718421538670855, 1.8786434955067097, 1.930224237177107, 1.9093719873163437, 1.90692967971166, 1.9570836226145427, 1.9228018191125658, 1.9480773780081009, 2.037235759364234, 2.106579332881504, 2.0746723307503587, 2.045716118150287, 2.005029778348076, 2.0293141762415567, 2.0483577781253395, 2.076453208261066, 2.0008229798740813, 1.949332498179542, 1.895519569185045, 1.9044698059558867, 1.9146189259158237, 1.8654530372884537, 1.7896032412846878, 1.8609686579969191, 1.807071879174975, 1.8341560324033097, 1.9342910071214046, 1.8138498094346787, 1.8541190087795256, 1.8622717777887985, 1.9185741788811148, 1.990262201097277, 1.9620252264870544, 1.9780196183257637, 2.063879896534814, 2.0597737941477035, 2.0353874603907265, 2.0335341864162015, 2.0463268591297994, 2.0369970500469203, 2.0283120671908064, 2.074392629994286, 2.1589639306068418, 2.108965499533547, 2.1377467062738207, 2.0989955087502796, 2.1054054644372733, 2.145660830868615, 2.125987697972192, 2.175917167796029, 2.120887344413333, 2.2117757207817497, 2.229568838410907, 2.224804251061545, 2.176297941472795, 2.2117188294728596, 2.2916859096950954, 2.323822404278649, 2.310142905182309, 2.3528757002618583, 2.3895748774210612, 2.4210656960805266, 2.3869162201881404, 2.3928825285699635, 2.4228999786906766, 2.4680840174357095, 2.478510132100847, 2.4889616039064193, 2.471508055263096, 2.49038179450565, 2.514330196380615, 2.451219382550981, 2.468088297711479, 2.4787617935074704, 2.522241097026401, 2.5365067720413204, 2.56898723575804, 2.453709106975131, 2.5446258770094983, 2.6165946775012547, 2.6834869066874187, 2.65286011033588, 2.709950326548682, 2.7426536440849305, 2.726397983233134, 2.6299162069956457, 2.549102807044983, 2.631705203321246, 2.7399742033746506, 2.7194525056415135, 2.730008476310306, 2.672504446241591, 2.6240309172206455, 2.655869464079539, 2.718277495437198, 2.703150267071194, 2.74908851120207, 2.717508835262722, 2.734240628613366, 2.764121393362681, 2.739611372682783, 2.776739631758796, 2.716006848547194, 2.8090510725975038, 2.8491976526048446, 2.8768820444742835, 2.828087258338929, 2.8294041620360475, 2.8062661329905194, 2.8313659893141847, 2.8133666117986045, 2.7386487166086826, 2.798478511969249, 2.781781101226807, 2.7941738764444985, 2.796155179871453, 2.7283815132247073, 2.695889694160885, 2.766957610183292, 2.8291306310229825, 2.8871054887771606, 2.8898959292305846, 2.859453264209959, 2.861399509509404, 2.8996771295865376, 2.851974050203959, 2.876972322993808, 2.9426617662111916, 2.9411069936222503, 2.9881316834025906, 3.0022875348726905, 2.968358262379965, 2.8685620678795716, 2.9811998910374116, 3.1063941438992817, 3.1673552645577323, 3.1003799438476562, 3.159209050072565, 3.18412688838111, 3.127778361903296, 3.122985015975105, 3.1518076128429833, 3.166088269816505, 3.1266893929905364, 3.1851322624418477, 3.2777243190341525, 3.2611830141809253, 3.3036693308088516, 3.322389441066319, 3.298749298519559, 3.34486182000902, 3.392835447523329, 3.3712785151269706, 3.3884192122353447, 3.4219944238662716, 3.4683510025342303, 3.470780261357626, 3.4689802818828164, 3.5294671548737413, 3.537360713216993, 3.5447966112030875, 3.5797577328152124, 3.6009094635645553, 3.62262332836787, 3.6417688899570044, 3.6092258161968656, 3.6233518997828167, 3.6656078259150195, 3.68770001994239, 3.6345935146013897, 3.6131604247623024, 3.640972681840261, 3.6588840577337476, 3.6873316221767, 3.6793018923865426]}