{"latitud": 10.9783, "longitud": -73.1891, "radiacion": [2.780088467068142, 2.806088039610121, 2.8194148831897317, 2.8442791673872208, 2.80899795293808, 2.774049062199063, 2.7007973816659714, 2.6868857847319716, 2.7789723674456277, 2.7802302479743957, 2.817831325531006, 2.842494444052378, 2.8345962312486432, 2.837050547864702, 2.8202940517001682, 2.824929613537259, 2.805379831790924, 2.837978508737352, 2.871770572662354, 2.8257382631301877, 2.777635810110304, 2.8291515588760383, 2.9207823779847892, 2.966987371444702, 2.9420547405878703, 2.9306139787038163, 2.9720516059133746, 2.9697011642985878, 3.0105697419908304, 2.9881856203079216, 3.003749211629232, 3.0665013472239178, 3.0617472012837723, 3.0026070303387122, 3.0359855943255956, 3.0891648636923903, 3.0922384818394977, 3.1096968624326915, 3.126148772239685, 3.1033428218629617, 3.078785056538053, 3.056836769315932, 3.090792298316956, 3.0907812780804114, 3.0662967814339535, 3.061331396632724, 3.165478110313416, 3.199928336673313, 3.1687631262673275, 3.1911530309253275, 3.1104577859242757, 3.139484632015229, 3.134879306952158, 3.1969665699534944, 3.2254042016135323, 3.261182803577847, 3.1989084747102523, 3.2155543075667485, 3.1472249295976424, 3.0881202061971034, 3.1116903728908962, 3.178570991092258, 3.2241028057204346, 3.227499236000909, 3.2088706599341497, 3.167311157120599, 3.2316042462984718, 3.2240311092800567, 3.247322408358256, 3.1944376627604165, 3.2168992148505318, 3.2404109583960636, 3.2844921244515315, 3.279141992992825, 3.233719544940525, 3.3205543120702106, 3.3311286012331656, 3.2920957605044046, 3.3312936981519066, 3.340010436375936, 3.3405477788713243, 3.381309456295437, 3.4388499233457783, 3.383069499333699, 3.262588254610698, 3.19150919119517, 3.2607940011554297, 3.2728845543331566, 3.3323432445526127, 3.296469778484768, 3.2835758805274966, 3.2775146908230255, 3.3394049525260923, 3.360237060652839, 3.3788148985968696, 3.3680973291397094, 3.42638325161404, 3.4394906428125167, 3.4398441023296784, 3.3304965588781563, 3.3999189482794865, 3.3310664296150203, 3.3486302296320605, 3.3612684581014847, 3.3315200501018114, 3.2891401913430953, 3.3057091951370245, 3.3426001124911835, 3.343962666723463, 3.243386432859633, 3.237597866853078, 3.2158788614802893, 3.248769887288411, 3.2249970621532866, 3.2393434047698975, 3.2583434740702315, 3.268156581454806, 3.249528295463987, 3.2534930388132732, 3.2381812281078766, 3.2123897367053567, 3.190432643890381, 3.2545565923055015, 3.2249574979146325, 3.1906099531385634, 3.13565810918808, 3.2200513455602855, 3.1907493114471444, 3.171948571999868, 3.1569212728076512, 3.123443175686731, 3.0982277313868205, 3.1272432976298865, 3.088966886202494, 3.0595032480027946, 3.0047252919938834, 3.0208244509167144, 3.0882477442423504, 3.0674150228500365, 3.022351259655423, 3.0554322242736816, 2.9944751461346946, 3.006947533289592, 3.022482695844438, 3.0194245987468293, 3.020970565742917, 2.964760564433204, 3.0300633311271667, 2.9816552493307333, 2.986969142489963, 3.0133607652452254, 3.0127055075433518, 3.067603712611728, 3.1075655115975276, 3.0141255683369104, 3.0464953422546386, 3.1044926524162286, 3.134453590710958, 3.163267942269643, 3.1058636188507087, 3.1226919266912674, 3.100841079817878, 3.117405341731178, 3.1195596787664623, 3.05382364458508, 3.0687516238954333, 3.1359211577309503, 3.241090689765082, 3.2870368387964035, 3.396149765120613, 3.333681677447425, 3.353237787882487, 3.3691521220737037, 3.360411794980367, 3.3439606772528756, 3.310652785831028, 3.321349461873373, 3.3574725826581315, 3.38074378437466, 3.4420316086875076, 3.450687387254503, 3.4346962478425773, 3.350288352701399, 3.375922817654079, 3.376443468199836, 3.2744001415040755, 3.28131504588657, 3.3519601609971788, 3.3725366645389134, 3.3412456022368535, 3.426707418759664, 3.373453868760004, 3.335510312186347, 3.40059999095069, 3.391145849227905, 3.4062898702091644, 3.361002540588379, 3.3467117124133647, 3.359579502211677, 3.3263168414433792, 3.348535561561585, 3.3268056657579215, 3.381881806585525, 3.339383885595533, 3.346559969584147, 3.3620353751712373, 3.368127187093098, 3.377873260445065, 3.399180205663045, 3.2470249679353507, 3.194240799215105, 3.256384371386634, 3.248577445083195, 3.317071319950952, 3.313849939240349, 3.2397617710961235, 3.305855796072219, 3.3585394263267516, 3.295147299766541, 3.2404511928558346, 3.211201168431176, 3.299178340699937, 3.3324404292636447, 3.267179290453593, 3.236352944374085, 3.2411130163404676, 3.3291556543774075, 3.3000505420896746, 3.3059378200107155, 3.2566619422700676, 3.229370482762654, 3.2377020862367423, 3.204718168576559, 3.165109202596877, 3.1169144603941175, 3.128940553135342, 3.187094741397434, 3.2102199474970505, 3.156000044610765, 3.089119272761875, 3.0922453482945755, 3.1296226024627676, 3.1427616861131455, 3.1621889604462523, 3.0727434158325195, 3.015303349494934, 2.991106504864163, 3.084262255827586, 3.07318375243081, 3.0353678041034278, 3.0073771913846326, 3.1019163621796504, 3.130625398953756, 3.1293321265114677, 3.1441993077596027, 2.992949363920424, 2.920322442054749, 2.9153579182094993, 2.9484481811523438, 2.9369984361860486, 2.897682697243161, 2.906280534797245, 2.8360657400555076, 2.886883110470242, 2.9201487329271103, 2.890115733941396, 2.875433909893036, 2.8709249549441864, 2.8348325795597495, 2.901639938354492, 2.8511582334836327, 2.7576809406280525, 2.786496330632103, 2.7825088885095384, 2.768679141998291, 2.7337143460909528, 2.765490582254197, 2.786623409059312, 2.799085568057167, 2.814566365877788, 2.7519169542524544, 2.74440983136495, 2.815977737638686, 2.7712163183424203, 2.7183833453390336, 2.7065600858794316, 2.715858356157939, 2.7236160132620078, 2.770951949225532, 2.755129248566098, 2.7873062584135266, 2.814070439338684, 2.763997775978512, 2.7376442299948796, 2.7385295589764915, 2.75572124587165, 2.7279754161834724, 2.6604797641436266, 2.606830739974976, 2.638006707032522, 2.6262451291084288, 2.6060689210891725, 2.5321455491913683, 2.5382109476460353, 2.637421747048696, 2.6244098795784847, 2.661041221353743, 2.579571245776282, 2.6213315221998426, 2.6263647741741605, 2.574962409337362, 2.596676663557689, 2.5922731690936622, 2.6706360605027943, 2.658997677432166, 2.6476504339112177, 2.6623884240786233, 2.672489697403378, 2.6885716358820595, 2.6493412892023724, 2.6163060969776577, 2.6110744251145253, 2.68932884004381, 2.688746770222982, 2.6688976883888245, 2.704734524091085, 2.6282392051484855, 2.582062851058113, 2.6434827433692085, 2.5808361662758723, 2.6198610107103986, 2.6210453642739195, 2.634446452723609, 2.6587343321906194, 2.6800271444850488, 2.6600020620557996, 2.6496624920103287, 2.6673123081525163, 2.5886211368772725, 2.6773585491710232, 2.6847076416015625, 2.7526011904080714, 2.727335329850515, 2.718374155627357, 2.7504363722271385, 2.7200160066286725, 2.7688445753521393, 2.796617166201274, 2.70446032418145, 2.702884066104889, 2.6797885775566104, 2.743296186129253, 2.8161573251088456, 2.8445574733946053, 2.8022456950611545, 2.763792430029975, 2.8370031356811523, 2.8739734914567734, 2.8656294054455227, 2.8928458982043797]}