{"latitud": 0.7963, "longitud": -71.5739, "radiacion": [1.122028001811769, 1.1113526807890999, 1.1076378756099274, 1.1105025390783947, 1.1220145391093361, 1.1025228811634915, 1.1292295542028215, 1.1134355260266202, 1.1532653583420647, 1.128201698594623, 1.109538761112425, 1.0831763154930538, 1.1033075948556264, 1.1199816882610323, 1.1551831073231167, 1.1793054269419778, 1.1486659897698301, 1.1309401916133035, 1.1549036158455748, 1.1603995647695327, 1.184720180432002, 1.2085684577624, 1.1747062729464635, 1.1972077098157667, 1.2047756645414565, 1.2205996394157408, 1.20103746453921, 1.2034158812628852, 1.2108299891153977, 1.2331392818027076, 1.2071309347947439, 1.2069673273298476, 1.190387942393621, 1.2133795486556158, 1.226650261216693, 1.2008725192811758, 1.1927199535899695, 1.2005769736236995, 1.2229751904805497, 1.225775068998337, 1.2089873380131195, 1.1836725089285112, 1.1933528661727903, 1.1837955998049845, 1.2067635118961333, 1.1847500993145839, 1.1767313520113627, 1.1426083809799616, 1.1327868057621853, 1.1784890532493588, 1.149785915348265, 1.1325756695535454, 1.1101262099213074, 1.1001785198847454, 1.1282519174946681, 1.1317065106497872, 1.1269940290186138, 1.151218494441774, 1.1563915855354734, 1.1462382853031163, 1.1421141121122573, 1.1089175078603961, 1.1037836253643034, 1.0766543732749092, 1.0936333927843307, 1.0871649331516686, 1.070842121707068, 1.0532531188593972, 1.0292880886130862, 1.0486498415470125, 1.0405547883775499, 1.041533172130585, 1.015716912349065, 1.0121908810403613, 1.0035074551900225, 1.0161251061492493, 1.0151004360781775, 1.0047814501656431, 1.0129985054334005, 0.986166445414225, 1.009299341837565, 1.0064497662915122, 1.001990035507414, 1.0062247143851388, 1.0329309105873115, 1.0078225652376809, 0.9778436654143864, 0.9516534805297852, 0.9584938771194885, 0.9586810231208803, 0.9627336853080323, 0.9702050010363258, 0.9314665681786009, 0.9213421662648519, 0.9392724268966252, 0.932718472348319, 0.9274072488149009, 0.9301817648940616, 0.9202791021929846, 0.9242388533221352, 0.9283978177441491, 0.9285746865802342, 0.933080032798979, 0.9337622563044231, 0.9063471264309354, 0.9370910273657903, 0.9163623803191715, 0.9080462886227503, 0.9289977616733976, 0.9229260842005412, 0.9115755140781405, 0.9321436617109512, 0.9084558659129675, 0.9041894310050543, 0.9103618310557472, 0.924050357606676, 0.9321106155713399, 0.9307706077893578, 0.8730499751038022, 0.8839799490239884, 0.9036175244384345, 0.8907575216558244, 0.8973422315385603, 0.8897024803691439, 0.8904122014840444, 0.8868881662686667, 0.9121048132578533, 0.9003949476612938, 0.882959669828415, 0.8877609080738492, 0.9230193595091502, 0.9197716302341886, 0.9057110581133102, 0.8336734076340994, 0.8904945545726349, 0.9049062079853482, 0.9089392827616797, 0.8974457846747504, 0.9089516162872316, 0.9124002721574573, 0.8852858907646604, 0.8919790089130402, 0.9108001761966279, 0.8808868010838827, 0.8763445032967461, 0.8951900422573091, 0.8809168173207177, 0.8879434386889139, 0.8597989287641316, 0.8998942712942758, 0.8886157413323718, 0.8910439034303029, 0.9214374005794524, 0.883307835790846, 0.8740315364466774, 0.8725469602478876, 0.8767848372459409, 0.8756492495536802, 0.860493952035904, 0.8716382271713682, 0.8554178363747065, 0.8508209798071117, 0.8610288004080456, 0.8525233480665415, 0.8292266951666938, 0.8551900737815433, 0.8390821258227031, 0.830603414773941, 0.8100532392660775, 0.8419681032498678, 0.8495212694009147, 0.8389291935496859, 0.8051175263192919, 0.807497498061922, 0.8326406134499442, 0.8475015242894491, 0.7979878624280293, 0.8303344779544405, 0.8015348547034794, 0.7928432987795938, 0.8215339978535975, 0.8131423407130773, 0.8322969403531816, 0.8226962414052753, 0.8310160014364456, 0.8255402180883618, 0.8303381237718793, 0.8125382595592076, 0.8211955063872868, 0.8353543798128764, 0.7980154878563349, 0.8207944075266521, 0.7991026487615374, 0.8126058068540359, 0.8285870260662502, 0.833164506488376, 0.8180817021263967, 0.8130860123369431, 0.8106141686439514, 0.8124691638681624, 0.8350187871191236, 0.8367974519729614, 0.8421262052324082, 0.7978019959396788, 0.8137200865480635, 0.8271354013019138, 0.8104665286011167, 0.8366334365473853, 0.8137930002477435, 0.8288490619924332, 0.8446172667874231, 0.8415769331985054, 0.8395951602194046, 0.8119301007853613, 0.8452056573496923, 0.8223942213588291, 0.8339246200190648, 0.8140202893151177, 0.8311113973458607, 0.8244837118519678, 0.8278810487853158, 0.8383482820457883, 0.8341111732853785, 0.8265243106418189, 0.8469895104567208, 0.8428801006740998, 0.871318448914422, 0.8475213136937882, 0.8514692631032735, 0.8590017126666175, 0.8746701300144194, 0.8751071049107447, 0.8653416759437986, 0.8796143001980251, 0.9007791499296823, 0.8847287568781111, 0.8701249678929649, 0.8451134059164259, 0.8572126984596254, 0.8584967845016053, 0.8867645098103417, 0.8901084873411391, 0.8971017128891415, 0.8946523242526582, 0.8734715117348566, 0.8901895781358085, 0.8727329015731811, 0.8722731590270995, 0.8733670069111716, 0.8948331044779879, 0.8994178705745276, 0.9010933511786994, 0.9068527042865755, 0.8956849144564735, 0.8898922979831694, 0.8732007265090944, 0.8544863979021708, 0.8875950839784412, 0.9085487127304077, 0.8796020666758221, 0.8682896395524343, 0.8829076661003961, 0.9105266041225856, 0.8935397181246016, 0.9214283400111727, 0.9075139204661052, 0.9081337067815993, 0.8979527069462666, 0.8848055965370603, 0.8892373945977955, 0.9140738526980082, 0.9029835932784609, 0.8894492348035178, 0.8776329742537605, 0.8818121300803288, 0.8818502452638414, 0.8554741952154372, 0.8959743241469066, 0.8986163410875531, 0.8844188729921978, 0.8784969025188021, 0.8746921996275585, 0.8725145677725474, 0.886463232835134, 0.8841019233067829, 0.8873106982972887, 0.871317866775725, 0.8705637494723001, 0.869841844505734, 0.8709622979164123, 0.859436783525679, 0.8825203365749781, 0.8684519410133363, 0.8534202171696559, 0.8690908882353039, 0.8619097928206125, 0.8609450399875643, 0.8832748552163444, 0.8895509845680664, 0.884832983546787, 0.8469881554444628, 0.8561529788706036, 0.8831771744622126, 0.8885293934080334, 0.8850754108693862, 0.9057824095090231, 0.8821423126591577, 0.8808893296453687, 0.8929770052433014, 0.9012993262873753, 0.924984571668837, 0.9135788394345177, 0.9028115663263535, 0.916201580895318, 0.9249724792109596, 0.8981019934018454, 0.9075468685891893, 0.9005223996109434, 0.9386846416526368, 0.9339968615108063, 0.9685407658418015, 0.9555859625339508, 0.9573621524704826, 0.9612330787711674, 0.9582976546552442, 0.9186933067109851, 0.9493427435557047, 0.9490551021364002, 0.9590040259891085, 0.9733288400703005, 0.9765576236777838, 0.9660285870234174, 0.9619033349884886, 1.0030856510003405, 1.0101577679316207, 0.9838410086101957, 0.988937012354533, 0.9946997265021006, 0.993532349003686, 1.0412093997001644, 1.0387336221006187, 1.0518455432520977, 1.0302612185478213, 1.0634475933180916, 1.0791836606131662, 1.0641087220774756, 1.0819524943828585, 1.0665848056475316, 1.064603418111801, 1.0902313649654387, 1.0993227713637885, 1.0753353065914577, 1.0839179853598278, 1.1058156357871156, 1.1096690555413569, 1.0946191913551755, 1.082473705874549, 1.0718056970172458, 1.085383783446418, 1.101718509197235]}