{"latitud": -1.0689, "longitud": -74.0701, "radiacion": [0.9182560079627565, 0.9009919782479603, 0.8958799282709756, 0.8853448119428423, 0.8916405426131352, 0.8907723943392432, 0.8971734510527717, 0.896442049079471, 0.9148993737167782, 0.9061232580078973, 0.867031670278973, 0.8781021826797061, 0.9018525600433348, 0.8980170521471237, 0.9107730680041843, 0.9230726738770806, 0.9138487988048131, 0.9111971504158448, 0.9520576662487458, 0.9450931575563214, 0.9666550338268278, 0.9653439554903241, 0.9617954280641344, 0.9782488233513306, 0.9624142693148716, 0.9791427406999803, 0.9650964697202049, 0.9797667662302656, 0.9733333634005654, 1.0018625484572516, 0.9681668798128765, 0.9543753849135506, 0.957668913735284, 0.9602318220668371, 0.9717217180464007, 0.972289899322722, 0.963181839386622, 0.9718543920252062, 0.9916198220517899, 1.0149050209257338, 0.9878944072458479, 0.9660297658708362, 0.9743756386968824, 0.9919646991623773, 0.9727004594273039, 0.9488021069102817, 0.9404254257678986, 0.9288664115799797, 0.9388059198856351, 0.9663908706771004, 0.9572949316766529, 0.9200084262424043, 0.8956519391801621, 0.8859587007098731, 0.9395900064044526, 0.9402911788887445, 0.9315211421913573, 0.9448923329512274, 0.922742110490799, 0.9477460728751289, 0.9420982625749373, 0.9454865919219128, 0.9026376697752211, 0.9092484368218315, 0.9138284782568613, 0.8891807787948186, 0.8967038578457304, 0.8898840645949043, 0.8672464430332184, 0.8904174096054499, 0.8565441608428955, 0.8575795047812992, 0.8650207413567435, 0.8365709443887074, 0.8495992230044472, 0.8575926648245913, 0.8556004471249054, 0.8408334016799927, 0.8259869794050854, 0.8336969468328688, 0.8414176457458072, 0.8583048668172628, 0.8444601476192473, 0.8249877704514397, 0.8557724482483335, 0.8588360144032373, 0.8448675235112507, 0.8299273206128014, 0.8244096630149417, 0.812634151511722, 0.8262661616007486, 0.8325706250137753, 0.825619477033615, 0.7959652562936149, 0.8045978499783409, 0.8070309393935734, 0.7836656563811832, 0.8386631555027432, 0.799526130490833, 0.7850923339525858, 0.7883181830247242, 0.8247893273830414, 0.8374778204494054, 0.8194702830579544, 0.7962828801737891, 0.8101011984878116, 0.817814653449588, 0.8132723483774398, 0.829222384426329, 0.8050777249866061, 0.8249805483553144, 0.8296360817220475, 0.8329126232200198, 0.8093792610698275, 0.812205586830775, 0.8422738843493991, 0.8844990750153859, 0.8590133633878496, 0.8110445492797428, 0.8068021443155078, 0.8197087095843423, 0.8391027265124849, 0.8309089389112261, 0.8271227856477102, 0.8454618063237933, 0.8395353158315025, 0.8664564318127105, 0.8444822258419462, 0.8228081292576261, 0.8532470332251655, 0.8693421185016631, 0.8718169013659157, 0.8459838655259874, 0.8011888570255703, 0.8075158609284294, 0.8485726495583853, 0.8552798701657189, 0.8678717229101393, 0.856468176179462, 0.8278393745422362, 0.8490517563290069, 0.8551744335227541, 0.8520921667416891, 0.8230773859553867, 0.8080104264948106, 0.8300739142629835, 0.8356892459922367, 0.828919180896547, 0.8046774665514627, 0.7991620772414737, 0.816550674703386, 0.850128826830122, 0.881979133023156, 0.834990186823739, 0.8202043321397569, 0.8145149449507394, 0.8283180673917135, 0.8365666502051884, 0.8407428383827211, 0.844581205977334, 0.7945704307821062, 0.8066910803318024, 0.8305340389410653, 0.8198454168107774, 0.7845933900939094, 0.7954893754588234, 0.8060422506597308, 0.815782927804523, 0.784575617313385, 0.8044247627258302, 0.8286903394593134, 0.7823674930466545, 0.8123579952451919, 0.786776859892739, 0.816319086154302, 0.8269749316904281, 0.8235619796646964, 0.8081053362952338, 0.7818350427680545, 0.7801918420526716, 0.7797192758984036, 0.7972826931211684, 0.8100936220751868, 0.814372542169359, 0.8231842372152539, 0.8026801235145994, 0.7975728803210789, 0.8035741991466945, 0.8119929949442546, 0.7988820883962843, 0.7847914609644148, 0.7974374764495428, 0.8218838857279881, 0.8394788059923384, 0.8498614165518017, 0.8239583366447024, 0.8114945511023204, 0.8207726889186437, 0.8168663210339018, 0.8068533870908947, 0.8133808149231805, 0.8245654086271923, 0.8233226743009355, 0.8028072827392153, 0.8080761704179974, 0.8227618952592214, 0.8229035629166498, 0.8166672554281025, 0.8071113751994239, 0.8300400839911565, 0.8363252785470747, 0.8286293572849698, 0.8543814321358999, 0.8463979383309682, 0.8154960122373369, 0.8354412694772085, 0.8428034133381311, 0.8422756950060526, 0.8166994558440314, 0.8256614910231694, 0.8249940633773803, 0.8166017207834456, 0.8235172702206506, 0.8433350735240511, 0.8367823812696672, 0.8271668679184385, 0.8783133102787867, 0.8624792211585574, 0.8421836740440792, 0.8245221674442291, 0.8540509349770016, 0.8652418414751691, 0.8756195260418788, 0.881807423962487, 0.8726133869753944, 0.8834080974260966, 0.9025735649797652, 0.870294788148668, 0.8438761671384173, 0.8647768126593697, 0.8766187310218809, 0.8839433219697742, 0.8472855038113066, 0.868909389442868, 0.8678983853922949, 0.8784048795700076, 0.8753668990400104, 0.9017518169350094, 0.9179387708504995, 0.8892858982086184, 0.8896430373191833, 0.9106881817181902, 0.9009545352723864, 0.8883101642131804, 0.8753683759106531, 0.8763201408916048, 0.8797835767269132, 0.9181311627229055, 0.8697344601154328, 0.8658258967929416, 0.8749158938725791, 0.9074128548304241, 0.8801180117660096, 0.8890455835395391, 0.8725497444470723, 0.8531100796328649, 0.860408106777403, 0.8707669225003983, 0.8587909340858461, 0.8347829739252726, 0.8409191919697658, 0.8684596816698713, 0.87275507317649, 0.8778117206361559, 0.8572551071643827, 0.8196380224492815, 0.8620721406406827, 0.8529737075169884, 0.8642809192339579, 0.8688427468140917, 0.8520427664120991, 0.853520478804906, 0.8701178080505797, 0.8570826477474635, 0.8611125581794318, 0.8446435199843515, 0.8339943276511299, 0.848519915342331, 0.8482572621769374, 0.7926084770096672, 0.807156988647249, 0.830488861269421, 0.8098277688026431, 0.8056345893277062, 0.8223952657646606, 0.7886505822340647, 0.7871909691227809, 0.8358949197663201, 0.8474390420648786, 0.8132943524254692, 0.7933611101574369, 0.8050578627321454, 0.8044408718744913, 0.805662468406889, 0.7791617194811501, 0.811167906390296, 0.7969310945934721, 0.7882101966275109, 0.8069818695386252, 0.7999008205201891, 0.8244365930557253, 0.8178682135211098, 0.7895875109566582, 0.7989596108595528, 0.8229986323250665, 0.8047879636287693, 0.8004533496167925, 0.7961407542228699, 0.8016012397077347, 0.8203117668628693, 0.8460433185100555, 0.8069739758968354, 0.7924115412765079, 0.8106908725367653, 0.8237906508975561, 0.8140750401549868, 0.7821777549054887, 0.7884932133886547, 0.793746284643809, 0.8248089803589713, 0.8013254602750143, 0.818887393342124, 0.8186088522275291, 0.8145046247376339, 0.7929194384151034, 0.7892433914873335, 0.800994629992379, 0.8432071056630877, 0.8433849645985498, 0.8360755503177643, 0.8548815316624112, 0.8474792732132806, 0.8578946418232388, 0.880323637194104, 0.8479453497462802, 0.833515536122852, 0.8621811264091067, 0.8526413758595784, 0.8622995522287158, 0.8660488135284844, 0.8710653437508477, 0.8297188474072351, 0.831563984685474, 0.8460550526777902, 0.8343759318192799, 0.8424674087100558, 0.855093836122089, 0.8307422472370996, 0.8525182763735456, 0.8859285864565107]}