{"latitud": 6.9652, "longitud": -74.0319, "radiacion": [1.1477444165282777, 1.1571790145503151, 1.1606293009387116, 1.1621728804376392, 1.171819571654002, 1.1748236689302651, 1.167717770073149, 1.1740292257732816, 1.1919210341241628, 1.1782275219758354, 1.1862080746226844, 1.20589372780588, 1.197206441561381, 1.1878646168443894, 1.199490871032079, 1.2031643470128377, 1.2445347918404475, 1.231862070825365, 1.197368323802948, 1.220068718327416, 1.234528939591514, 1.2569029390811917, 1.2464911931090885, 1.2546217130290138, 1.2511697656578489, 1.2544433361954161, 1.289050871133804, 1.2880245831277637, 1.2578810440169446, 1.2878701633877225, 1.2767435563935174, 1.2889942242039572, 1.2912671360704633, 1.3072685188717312, 1.3293833918041653, 1.3103872590594825, 1.3512237475977997, 1.3352327201101513, 1.3424586488140957, 1.341122364997864, 1.3613589637809334, 1.3595836599667865, 1.3641483022107017, 1.3720576074388295, 1.359050371249517, 1.3754883739683361, 1.4189084192117056, 1.4105260299311742, 1.388629650407367, 1.3866043958399021, 1.3992407249079808, 1.3715022265911105, 1.3895901044209802, 1.3809152166048688, 1.4187174558639526, 1.424388845761617, 1.4222751683659027, 1.4332719975047639, 1.4091225047906242, 1.4233836127652062, 1.4533168282773765, 1.4391935176319544, 1.409313134352366, 1.4323099335034692, 1.4377514799435935, 1.4229307823710968, 1.43370872007476, 1.4514541871017876, 1.4417382902569236, 1.4301854140228694, 1.4355820741918353, 1.4454574644565579, 1.4365136742591857, 1.4550334711869564, 1.4273212611675261, 1.4184154325061373, 1.4390255384975008, 1.4517629994286434, 1.4416607439517977, 1.4355960733360715, 1.4246353877915279, 1.4390009025732677, 1.438755483097501, 1.4508130808671316, 1.4325592974821724, 1.422040792968538, 1.4491856078306833, 1.4244595845540367, 1.3945274286799958, 1.4148285567760466, 1.404236381583744, 1.409007406234741, 1.4198069638676116, 1.4294426891538838, 1.4155949718422365, 1.389693964852227, 1.4223462654484644, 1.395399533377753, 1.3829689184824632, 1.3979313472906745, 1.3980406635337406, 1.3872405899895561, 1.3817441476715941, 1.3383246110545262, 1.355389154619641, 1.3606512970394558, 1.3615175876352525, 1.3386863317754536, 1.348361321952608, 1.3530374758773382, 1.352677951918708, 1.3779550506008995, 1.36095177994834, 1.3807351582580143, 1.3439726624223922, 1.2964046319325766, 1.298198272122277, 1.3216095003816817, 1.3052436994181735, 1.3044572757350075, 1.3109833492173086, 1.2957955333921645, 1.2987362682819368, 1.3214215450816686, 1.3032682836055756, 1.3107381092177501, 1.2892567416032155, 1.2968892620669474, 1.2816256092654337, 1.292361142237981, 1.3105662895573509, 1.283848906887902, 1.3020608074135247, 1.2886334505346086, 1.2760740035110052, 1.2607976973056798, 1.284517761733797, 1.2694182448916969, 1.2243620495001473, 1.2271334992514717, 1.2008034971025257, 1.205288321442074, 1.1786229319042631, 1.1340216305520803, 1.164162542422613, 1.1693404111597274, 1.1773691674073536, 1.2018552343050641, 1.205940075715383, 1.2010517583953009, 1.1935911940203772, 1.1806069552898408, 1.1904847323894503, 1.2086590475506254, 1.1939727822939556, 1.1652202473746407, 1.1773908634980519, 1.1767881287468802, 1.1737025823858052, 1.18910694387224, 1.199464007218679, 1.1829431719250145, 1.1629232976171708, 1.181949304209815, 1.1744935108555685, 1.1822789000140297, 1.1799188719855414, 1.191260376241472, 1.186575863758723, 1.173541487587823, 1.1921899000803626, 1.1816294332345327, 1.1766888413164351, 1.1531742718484672, 1.179156674279107, 1.2007756213347116, 1.1947726673550074, 1.2058390299479167, 1.1834626932938892, 1.1975752260949875, 1.1894775092601777, 1.1951903349823425, 1.2221058362060122, 1.2173583904902137, 1.2190847926669655, 1.192463065518273, 1.203846173153983, 1.2138921929730309, 1.2021734601921505, 1.2220697535408875, 1.209384045335982, 1.2136493583520258, 1.2147920489311221, 1.2444739441076915, 1.2144870824284022, 1.198194107744429, 1.227616192897161, 1.2649228937096066, 1.2655805130799616, 1.2420120775699617, 1.2128347827328576, 1.2330488032764857, 1.2322950561841328, 1.2468681494394938, 1.2286120586925082, 1.2299142195118797, 1.249982461002138, 1.2341286593013336, 1.224712051285638, 1.2425718122058436, 1.2168692588806156, 1.2168458534611588, 1.2351079338126718, 1.2502731574906247, 1.2326220128271317, 1.221421803368463, 1.2321865836779278, 1.2371908545494088, 1.2296804216172958, 1.2330358909236059, 1.20319515268008, 1.2229237351152624, 1.2197644551595053, 1.2200329462687172, 1.2363881448904668, 1.2090982463624742, 1.2248498068915474, 1.214558178848691, 1.2159416039784745, 1.2129025903013018, 1.2236204412248404, 1.215834338135189, 1.1973830706543394, 1.2156071801980337, 1.2137961361143323, 1.1892211245165931, 1.1787563807434505, 1.1860276407665677, 1.18631086813079, 1.1617478821012712, 1.1874901341067419, 1.1897217916117773, 1.182066414091322, 1.1777535034550561, 1.1732471353477896, 1.1792651792367297, 1.1791441626018946, 1.1377199550469717, 1.1736882991260948, 1.1296689232190456, 1.131720817751355, 1.1411234411928388, 1.1521598928504517, 1.134236223830117, 1.1356488625208536, 1.1285075154569415, 1.1460229575634002, 1.14472339020835, 1.129983833763335, 1.1045294516616397, 1.092898543013467, 1.096344531244702, 1.1238044758637749, 1.0739926569991647, 1.0690678464041816, 1.0843329966068271, 1.090086823039585, 1.0575067506896125, 1.062396111090978, 1.060264257589976, 1.0683105488618214, 1.0525805155436194, 1.043299628628625, 1.0425592011875575, 1.0346598552332986, 1.0504927178223928, 1.048348267873128, 1.0338591635227203, 1.04658079346021, 1.0332021236419677, 1.0364892257584464, 1.0414967344866854, 1.0291905456119117, 1.0372225933604773, 1.021556089321772, 1.0163722236951194, 1.013571763700909, 0.9884753584861757, 1.0095349662833744, 1.0078542431195574, 1.0054051114453209, 0.9940868231985304, 0.984037466181649, 0.9898583312829334, 0.9944455550776587, 1.008347045050727, 1.0190151492754616, 0.9877412941720749, 0.9971405532624984, 1.0075478070312076, 0.989948883983824, 1.0110842618677347, 0.9996102697319458, 1.0077997320228154, 0.9954326424333786, 0.9976251337263319, 1.0049604303307003, 1.0071269386344486, 0.991827770074209, 1.0135503967603048, 1.0164299832450021, 0.9927828676170773, 1.0088085333506267, 1.0142085386647117, 1.005010438627667, 1.0049861523840162, 1.0047182857990267, 1.018327545457416, 1.022693692975574, 1.0361488779385881, 1.0195897307660846, 1.0299141102366975, 1.0098562684324053, 1.0391014522976347, 1.023221669594447, 1.0453232513533701, 1.0345718734794194, 1.0356958038277093, 1.051267675558726, 1.0438534723387825, 1.0520568980111018, 1.062408298916287, 1.0542841904693179, 1.0578925470511116, 1.0698951250976987, 1.0556920687357583, 1.0707587016953362, 1.0822343303097621, 1.065112190776401, 1.06996881696913, 1.0745691074265376, 1.0811252845658197, 1.087915754318237, 1.0927839597066245, 1.1064063125186498, 1.084456282191806, 1.1025420765082043, 1.09084782799085, 1.0941836006111567, 1.1100411759482485, 1.1105051822132541, 1.1277241329352063, 1.1025431553522749, 1.1186242573791083, 1.0939098331663344, 1.10240218506919, 1.1057642572455937, 1.1227706081337399, 1.1121348063151044, 1.124301769336065]}