{"latitud": -0.926, "longitud": -71.0922, "radiacion": [0.974593073791928, 0.9518981648816003, 0.9382897436618806, 0.9328220274713305, 0.9356936660077838, 0.9476007666852738, 0.9635249204105802, 0.9676049934493172, 0.9809990836514363, 0.9671934809949662, 0.9560326794783274, 0.9458121789826285, 0.9398868216408625, 0.9519887003633709, 0.9688682880666519, 1.011824959516525, 0.9836470809247758, 0.9695095837116243, 0.9994437085257637, 0.9991201559702553, 1.043771833843655, 1.0437356034914653, 1.0282034370634294, 1.028041442897585, 0.995792123344209, 1.042254824108548, 1.0419801010025866, 1.0379780285888245, 1.0419772538873886, 1.0485701455010306, 1.0431182020240362, 1.043871242470212, 1.0356464756859671, 1.048557953702079, 1.0402924762831793, 1.061144452624851, 1.0530280662907492, 1.061181747913361, 1.0363076647122702, 1.068879857990477, 1.0524034890863632, 1.0553896572854784, 1.0321136501100332, 1.0409468140867022, 1.0298687736193337, 1.018605446815491, 1.0270434002081554, 1.020685343609916, 1.0065983533859255, 1.0172202275858988, 1.0170274807347193, 0.9874140726195444, 0.9699680354860097, 0.954500973886914, 0.984467642174827, 1.0111768603324889, 0.9934930112626819, 0.9903973678747815, 0.9900615870952603, 1.0079142491022752, 0.9972740835613673, 0.9940167751577164, 0.9926828391022148, 0.9808655202388762, 0.9847225175963508, 0.9719414750734966, 0.971703576379352, 0.9559928668869867, 0.9390524559550816, 0.9455807030200959, 0.9668329166041479, 0.9711000515355005, 0.9410972846878898, 0.8869379480679832, 0.9008274482356177, 0.9307588431570264, 0.927596966425578, 0.9053568601608278, 0.9093081699477302, 0.9093553463617962, 0.9184503310256534, 0.9193965752919517, 0.9182649764749738, 0.9278393507003786, 0.931546025806003, 0.9389232774575552, 0.9171816759639316, 0.911440901623832, 0.8877229816383787, 0.8883658693896398, 0.8907178103923797, 0.9103201051553089, 0.8741592294640013, 0.8628629234102038, 0.8640595409605236, 0.8882952643765344, 0.8860043783982592, 0.9026770505640244, 0.8706551531950634, 0.8805109328693815, 0.8729023079077405, 0.8976811422242058, 0.8849682086043887, 0.8693639622794258, 0.879065756003062, 0.8874069465531242, 0.8885576334264543, 0.8938172532452476, 0.8868790970908269, 0.8614698880248602, 0.8797717962000106, 0.8928189727995129, 0.8613002002239227, 0.8837640689478982, 0.8941391964753468, 0.9001260042190551, 0.9218082904815675, 0.8902588996622298, 0.8482983152071636, 0.8748855829238895, 0.8921156896485222, 0.8948920845985416, 0.8909085995621151, 0.8835750593079458, 0.899629380967882, 0.8855971422460344, 0.9169345703389906, 0.8920778466595546, 0.8846016632186043, 0.8831070999304452, 0.9176140805085501, 0.9006861547629037, 0.868819808959961, 0.8499976820415922, 0.8787671930260125, 0.8729470756318832, 0.8984332813156976, 0.8896174914307062, 0.9014077107111612, 0.8776288992828795, 0.9158780144320596, 0.8772649553087023, 0.9030813144312967, 0.8724011017216576, 0.8664632459481559, 0.8853409343295627, 0.8651726961135866, 0.8662228458457527, 0.8433070646391974, 0.8643355482154421, 0.8962595158153112, 0.9132094482580824, 0.9002345906363591, 0.8725923081239064, 0.8610931171311272, 0.8669853488604229, 0.8724618640210893, 0.9035781370268925, 0.8801376309659749, 0.8644528812832304, 0.8517958614561292, 0.8788256294197506, 0.8700903495152795, 0.8519734660784404, 0.8281502935621471, 0.845922942294015, 0.8513999925719369, 0.8488152292039661, 0.8300279955069224, 0.8415438791116078, 0.8668150140179529, 0.8411966323852541, 0.8341411630312603, 0.8348647707038458, 0.8486420220798917, 0.8771969245539771, 0.8522466487354704, 0.8403581976890565, 0.8321729752752517, 0.8011961672041151, 0.8116668475998773, 0.8259715020656587, 0.8466807809140949, 0.8757399711343977, 0.882558829916848, 0.8439870039621988, 0.8290616240766312, 0.8175043119324578, 0.8299694981839921, 0.8583540578683216, 0.8160011920664046, 0.8235347237851883, 0.8452632572915818, 0.8371154341432784, 0.8562060217062633, 0.8498935169643825, 0.8417784081565008, 0.8419553140799204, 0.8496512015660604, 0.8272847678926256, 0.8573692937692007, 0.8455560763676964, 0.8691504524813759, 0.8489922477139364, 0.8625466909673479, 0.8653453535503811, 0.8454384260707432, 0.8513656536738078, 0.8538416789637671, 0.8658345652951133, 0.8869610038068559, 0.8907348533471428, 0.9015118387010363, 0.8775991903411017, 0.8501241160763634, 0.860642600721783, 0.8471440388096704, 0.8661973158518471, 0.8473810301886665, 0.8534725222322678, 0.8672099318769245, 0.8557810531722171, 0.8896989987956155, 0.877609333064821, 0.8625474459595152, 0.8735924031999378, 0.9186156802707249, 0.8997689055071936, 0.891811094019148, 0.8817574620246886, 0.9100684225559234, 0.9033109578821392, 0.9315804382165273, 0.9137113955285817, 0.9226237482494778, 0.9138857516977524, 0.9079641017648908, 0.8983606709374322, 0.9009294682078891, 0.9179357647895814, 0.9136061019367642, 0.9208204858832888, 0.899903670284483, 0.913422863350974, 0.899050205283695, 0.9036000205410852, 0.9016092797120413, 0.8981917652818895, 0.9236161642604405, 0.9350599103503754, 0.9358776794539554, 0.9154358035988276, 0.9255403690867953, 0.9231902579466501, 0.9042987763881686, 0.9235376146104602, 0.9250661313533782, 0.9642742998070184, 0.9138697822888692, 0.886928347084257, 0.9058991591135662, 0.9099066529009079, 0.9412055061923138, 0.9168475005361767, 0.9024642474121519, 0.8973778936598032, 0.906479252709283, 0.8993980467319488, 0.8889284114042918, 0.9289616651005215, 0.9349267350302802, 0.9079738146728941, 0.906403536266751, 0.8931584722465938, 0.8568660981125301, 0.8834401720099976, 0.8949475897683037, 0.8965729223357305, 0.8953944868511625, 0.8735341827074686, 0.8789693031046127, 0.9008482224411435, 0.8632734113269382, 0.8601403011216059, 0.8718404703670077, 0.89513189262814, 0.888907583554586, 0.880672232972251, 0.8687691311041514, 0.8640482558144466, 0.8445189595222473, 0.8558500587940218, 0.8459318372938368, 0.8243056231074863, 0.8364068879021539, 0.835476913717058, 0.8501450339953105, 0.8571452849441105, 0.845681185192532, 0.82270683977339, 0.8135702729225157, 0.8456108099884455, 0.8398695853021408, 0.8132683581776092, 0.8339345037937163, 0.8174899101257324, 0.8224774254692924, 0.8283022516303592, 0.838006936179267, 0.8102506034904057, 0.8125773866971334, 0.8347945789496102, 0.8249580707814959, 0.8502591941091749, 0.8354825814565024, 0.8190253297487894, 0.8339431689845193, 0.8261191527048748, 0.8441995925373501, 0.8235194365183514, 0.8335147519906364, 0.8405599176883697, 0.8294290827380286, 0.8382827427652148, 0.8358654684490627, 0.8360268029901716, 0.8471900476349723, 0.843284178442425, 0.8158062325583564, 0.8407749414443968, 0.8624539905124241, 0.8550146506892311, 0.8648641639285616, 0.8629030459456973, 0.8484924124346839, 0.841066116756863, 0.8684475521246592, 0.8849583791361916, 0.85421515305837, 0.8772942582766213, 0.8769872321022881, 0.9129154231813222, 0.8996539890766142, 0.8936826354927486, 0.9060366663667891, 0.8969853103160861, 0.9123753865559897, 0.9017862743801542, 0.864515898625056, 0.8865893556012048, 0.9307596504688265, 0.9154055019219717, 0.9035314692391286, 0.9382368425528207, 0.9384552220503486, 0.9280419733789232, 0.924968777762519, 0.9220438023408254, 0.9378723250495061, 0.9209234323766499]}