{"latitud": 7.3244, "longitud": -77.007, "radiacion": [1.1576169888178507, 1.1385122696558636, 1.115152226554023, 1.1279096139801874, 1.1311853951878021, 1.1517876572079127, 1.1557579053772822, 1.1923946658770241, 1.186571960316764, 1.1677479479047987, 1.144280146890216, 1.1965609391530352, 1.2179767363601262, 1.2393315348360272, 1.2210549937354191, 1.1737042625745133, 1.2010216984483935, 1.225910825861825, 1.2314626210265687, 1.2358670797612936, 1.2243640416198305, 1.2343747026390501, 1.2497808463043638, 1.2349482801225449, 1.2880197273360359, 1.3000619245900047, 1.2377474294768438, 1.2688657707638205, 1.264031200276481, 1.320063683721754, 1.3299431449837147, 1.2989529795116848, 1.235177080498801, 1.2376922196812103, 1.2344749497042766, 1.297724933756722, 1.2975901173220739, 1.3512988083892399, 1.3747312075561944, 1.3668198208014168, 1.3117111749119228, 1.2717889123492776, 1.2405373546812273, 1.2687886840767335, 1.326657664113574, 1.3248715553018782, 1.3001056041982435, 1.3281438132127128, 1.384878738058938, 1.3536699281798474, 1.3778300397925907, 1.3481688804096645, 1.3793801506360372, 1.4043397737873917, 1.4271488375133936, 1.3435931642850238, 1.325211198462381, 1.2799920479456581, 1.3378420829772955, 1.3225975586308374, 1.3788231247001228, 1.4186821864710912, 1.4209243237972258, 1.4410611397690243, 1.4099978095955314, 1.364472448825836, 1.420617512199614, 1.401158018906911, 1.3949524323145541, 1.344956479469935, 1.3620649748378328, 1.3603782872358954, 1.3665616174538933, 1.3566677729288736, 1.364977576335271, 1.3683521085315282, 1.3142221967379255, 1.3261098504066464, 1.3674126466115315, 1.3426441179381474, 1.3339000079366894, 1.316736370987362, 1.3122084379196168, 1.2892355832788684, 1.286943868796031, 1.3497659636868369, 1.3460727387004425, 1.3986122290293377, 1.3934042692184445, 1.3332617759704586, 1.268199091487461, 1.292923362387551, 1.2372331851058536, 1.2215196602874334, 1.2664518906010522, 1.2690153102080028, 1.2693307571940944, 1.2527868681483796, 1.2306657499737212, 1.231909543938107, 1.2300781342718334, 1.1731158316135402, 1.181972846719954, 1.2317574209637117, 1.2482011371188695, 1.2269386311372117, 1.2794303993384049, 1.2535608887672423, 1.2087066133817037, 1.1925056729051804, 1.220603882604175, 1.215625015894572, 1.2431972702344256, 1.233961753050486, 1.1924986084302267, 1.1860426651106935, 1.196468108892441, 1.19564116663403, 1.1847025129530164, 1.1762755208545264, 1.1771964351336157, 1.1956486033068767, 1.2106826709376444, 1.1959125055207152, 1.158689899577035, 1.1563912047280203, 1.1681631326675417, 1.1757620341247976, 1.1308417585161001, 1.1233239650726323, 1.1483837895923192, 1.1372696962621474, 1.1411834451887346, 1.1035313930776391, 1.0775574160946737, 1.1298305557833779, 1.1367112113369837, 1.15389784971873, 1.1099070211251572, 1.1346115397082426, 1.1157120075490738, 1.1075305375787945, 1.0980174395773146, 1.1129065301683214, 1.10444469915496, 1.1077690038416124, 1.0932762814892663, 1.099071113268534, 1.091914408736759, 1.0896090699566738, 1.101800826523039, 1.1056426386038463, 1.1012589037418365, 1.099231954415639, 1.0815787507428063, 1.097111897998386, 1.0990868151187896, 1.0892877817153934, 1.1278504947821297, 1.1141563369168177, 1.0851939830515123, 1.0995812303490105, 1.1065384659502238, 1.0997341566615633, 1.096421694755554, 1.0882746663358478, 1.1150947319136726, 1.0723824534151287, 1.1256134582890402, 1.149225843615002, 1.1742621196640861, 1.1533497578567926, 1.1082303576999237, 1.1111586570739742, 1.1237354000409443, 1.1511238594849906, 1.141363331344393, 1.1205089443259768, 1.1368127028147381, 1.153895195325215, 1.153138536214829, 1.154558604293399, 1.1477305942111553, 1.160934250884586, 1.1579520907666951, 1.1322458108266196, 1.146973270840115, 1.1608453604910105, 1.1362155324882932, 1.1419436693191523, 1.1907859497600133, 1.1830630918343865, 1.1494864847924975, 1.126025140285492, 1.1498738712734644, 1.1664202868938445, 1.1885627852545841, 1.1506541907787324, 1.172280647357305, 1.149027788639069, 1.1512126730548011, 1.144246611992518, 1.1637712743547235, 1.159249064657423, 1.1548430270618864, 1.1780054688453674, 1.1906422158082324, 1.1786567906538643, 1.1456979857550726, 1.202427513731851, 1.1673254940244888, 1.1568580203586154, 1.1676862246460382, 1.1288960470093623, 1.1487613876660667, 1.156404726372825, 1.1682564430766638, 1.1846558868885035, 1.174721282720566, 1.140617363320457, 1.152683615684509, 1.1337985992431638, 1.1576314965883894, 1.1555585741996761, 1.1547802309195199, 1.1766926772064634, 1.1554601748784388, 1.1495578467845915, 1.138682050175137, 1.1276597493224676, 1.1346891800562544, 1.1262206859058803, 1.1404384308391142, 1.1228062285317315, 1.13501086168819, 1.1386508213149176, 1.1002076983451847, 1.1212148507436113, 1.1071305652459464, 1.1168716397550371, 1.1342239545451271, 1.1087821125984199, 1.1149543384710945, 1.148213915030161, 1.129551581541697, 1.1097194612026218, 1.102832601467768, 1.0969092362456856, 1.1101904796229467, 1.0959354625807867, 1.100374025106431, 1.0808982299433814, 1.108521214458678, 1.1217824399471288, 1.1111432499355736, 1.0845712145169577, 1.0915069427755146, 1.068871631887224, 1.0741813202699027, 1.0791852818595038, 1.0904559082455105, 1.088181888394886, 1.0722736815611524, 1.0239529887835188, 1.0485819862948527, 1.0700743138790125, 1.0788122706943095, 1.0779119928677876, 1.0773288508256273, 1.0830076654752094, 1.0876605431238806, 1.072891596953074, 1.086077019903395, 1.0974651747279696, 1.0929952919483181, 1.121978673670027, 1.0879885070853763, 1.164860823419359, 1.1351597428321838, 1.1022228704558479, 1.0980831179353927, 1.1133534570535022, 1.0582099914550782, 1.0726050244437324, 1.0672781368096673, 1.1101926015483008, 1.1488701780637103, 1.0928887029488878, 1.1229828125900696, 1.1301865571075014, 1.1121046013302278, 1.139824288421207, 1.117709054549535, 1.1232044683562386, 1.11730226609442, 1.08764185110728, 1.110556005107032, 1.1278148949146274, 1.0635214461220637, 1.1147151331106817, 1.1729224708345198, 1.2160785211457152, 1.1736019372940063, 1.1431513667106625, 1.1397543529669445, 1.1537749800417154, 1.142924724684821, 1.1257164716720578, 1.12624931467904, 1.169990682601929, 1.1503587497605217, 1.1343047665225132, 1.112206146452162, 1.1179686546325687, 1.1485044678052265, 1.138222048017714, 1.0927075836393567, 1.0604420019520648, 1.1158690379725562, 1.0970375888877442, 1.0850596825281777, 1.0709744175275164, 1.021410518222385, 1.0264057960775166, 1.0643856366475426, 1.1079325245486364, 1.04656541744868, 1.0691971533828313, 1.0532921168539262, 1.0416035566065045, 1.065011525816388, 1.0596592485904694, 1.0180158025688593, 1.015546658966276, 1.0076506071620521, 1.043270567390654, 1.0645571092764534, 1.0582311663362713, 1.0411897619565331, 1.0245421005619897, 1.0090538938840228, 1.0623104307386608, 1.0713820298512775, 1.0749405357572768, 1.0439644277095794, 1.033898658884896, 1.067784343825446, 1.06759137974845, 1.0324549741215177, 1.026588522063361, 1.0702989313337536, 1.067738546265496, 1.0381149907906853, 1.0610054307513768, 1.076812446117401, 1.0723616752359602, 1.099833983845181, 1.093198146422704, 1.1148059354888067, 1.0932956139246623]}