{"latitud": 8.7453, "longitud": -74.0307, "radiacion": [2.625021702051163, 2.6815640403164767, 2.623487082454893, 2.548285628027386, 2.587982857889599, 2.6076799240377206, 2.540806249777476, 2.548316198587418, 2.534974375036027, 2.584200353092618, 2.5829621149433986, 2.6040528628561233, 2.630090977085961, 2.6024672713544637, 2.50574155913459, 2.54455203877555, 2.5709392249584195, 2.580466351906459, 2.559938186407089, 2.6330016493797306, 2.5723408182462055, 2.5306245002481678, 2.531824309958352, 2.5206212792131635, 2.5805161178112024, 2.629825558927324, 2.571770864725113, 2.6021504051155517, 2.652269968059328, 2.7533394654591885, 2.8840712792343566, 2.8023856553766464, 2.733021937476264, 2.7373424390951797, 2.712329844633738, 2.7059515323903818, 2.6829897940158847, 2.6711742427614005, 2.70198443863127, 2.67653830912378, 2.676094515456093, 2.760874558819664, 2.673335435655382, 2.621917916006513, 2.6807172503736285, 2.6985036730766296, 2.6527326736185284, 2.5548032575183437, 2.5118035945627426, 2.529064657290777, 2.4979405641555785, 2.5065377314885464, 2.4854982647630903, 2.4863145636187665, 2.5711704823705888, 2.665028295914332, 2.6895233405960943, 2.722757045427958, 2.730777854389615, 2.656369305319256, 2.6205652866098617, 2.657675139109293, 2.6933125032318954, 2.725441874398125, 2.816740901602639, 2.8295044018162616, 2.9114722536669837, 2.8454958829614863, 2.810788945357005, 2.7680129355854457, 2.798640475008223, 2.851343892680274, 2.845813734001584, 2.8102933016088265, 2.841728360123104, 2.780625305573146, 2.8250688076019284, 2.8471401605341167, 2.823953919940525, 2.773144478268094, 2.712859963708454, 2.806603682041169, 2.8325045910146502, 2.797385285298029, 2.6784463710255095, 2.69706143008338, 2.7345351517200456, 2.8086264073848723, 2.8221118966738383, 2.744856423139573, 2.684336982833015, 2.6933486772908104, 2.799400422970454, 2.7980357441637254, 2.7934777392281434, 2.7375270088513695, 2.7187379744317792, 2.6191550546222255, 2.5740548352400463, 2.5786824815803104, 2.652945986721251, 2.6448356840345597, 2.6852124055226643, 2.6720839311679203, 2.6593940291139813, 2.7176185588041935, 2.680570511023204, 2.656923514604568, 2.680893227126863, 2.7246423727936215, 2.6907005515363482, 2.6204631606737774, 2.6175248987144895, 2.6461401482423152, 2.736993573440446, 2.7400419162379364, 2.770909534560309, 2.74250255227089, 2.7557889302571614, 2.698432137568792, 2.6847142928176466, 2.6968373033735484, 2.6941113803121777, 2.714125031232834, 2.738118996222814, 2.7338750107420817, 2.7804666221141825, 2.745940908127361, 2.802214732435015, 2.7240933146741653, 2.700444883770413, 2.695553903447257, 2.6514819771051417, 2.7077357345157202, 2.6629028300444286, 2.6464244412051308, 2.664635849661297, 2.6936851706769733, 2.702962112426757, 2.752593247095744, 2.79298208852609, 2.7770899196465813, 2.7930941157870826, 2.7351982567045425, 2.75058140721586, 2.689948110116852, 2.6743645396497513, 2.6796025070879197, 2.7026480502552457, 2.6734363436698914, 2.7390382680628034, 2.749112800094816, 2.7866252064704895, 2.697319125798014, 2.718341903885205, 2.785450338655048, 2.7651084277364943, 2.8015920698642724, 2.728599474827449, 2.737954521179199, 2.787112890349494, 2.7193507611751557, 2.724153287543191, 2.736795427401861, 2.8110951066017145, 2.765444476074642, 2.8033896889951495, 2.8573184967041017, 2.7768799457285147, 2.856403818395402, 2.7902585085895324, 2.8271402739816245, 2.8185293926133053, 2.7996766361925336, 2.8424001766575713, 2.9156824429829915, 2.8570967720614546, 2.955038611094158, 2.9918705754809913, 2.9944739739100137, 3.003804922103882, 2.9943173064125905, 3.0277688132392027, 3.037229922744963, 3.0350026951895823, 2.9938153538439014, 3.05002823472023, 3.0100643820232817, 3.012599112590154, 2.994756819142236, 3.002477298842537, 3.0790445890691545, 3.083335354593064, 2.9783166733052995, 2.963674138651953, 2.8925868471463523, 2.8758953326278256, 2.907123631901211, 2.9245073344972403, 2.9001174449920657, 2.9281615886423324, 2.9367541902595096, 2.979097393486235, 2.9990300350719026, 2.95517952574624, 2.9528594692548116, 2.945484434233771, 3.0369985772503747, 2.9897055559688135, 2.952433431148529, 2.94720109767384, 2.95449827975697, 2.9294092456499734, 2.8944385084840984, 2.881985244486067, 2.860140871339374, 2.8196558919217853, 2.8926878896024486, 2.8977033356825515, 2.8838256842560237, 2.7746229357189596, 2.7653171850575347, 2.792619691954719, 2.696392554044724, 2.6993645608425147, 2.7526999612649283, 2.7308676090505384, 2.691880544026693, 2.6606273677614003, 2.651440633005566, 2.655497390031814, 2.6621422833866544, 2.600949299335479, 2.662186310026381, 2.644331130054262, 2.65439098543591, 2.7164739390214288, 2.6780468371179373, 2.6024216062492798, 2.557195035616557, 2.5072866916656498, 2.5236621883180406, 2.5461431059572432, 2.473580899503496, 2.4163475645913017, 2.426869312259886, 2.3649806883600024, 2.368839050001568, 2.447637163268196, 2.451251287592781, 2.483786643213696, 2.429582489861382, 2.4080785115559897, 2.3993896762530014, 2.425435233778423, 2.458691701292991, 2.494880006048415, 2.3998121314578587, 2.301752424902386, 2.302514296107822, 2.2740686701403723, 2.3218164834711286, 2.288983554310269, 2.250992284880744, 2.2075635400083335, 2.1897218909528515, 2.2192062920994227, 2.2281360420915814, 2.1633042391803525, 2.171074463261498, 2.183538718687163, 2.1231882883442776, 2.085010212659835, 2.0512922174400754, 2.009885081317689, 2.0777108497089816, 2.0511616541279696, 2.0154188527001278, 1.9703846163219876, 1.9431222895781202, 1.9723758180936182, 1.952833190891478, 1.9529674437310962, 1.9565799127022423, 1.9344711280531353, 1.8797499663299986, 1.8947538839446167, 1.8719549066490604, 1.904740658071306, 1.8373448259300655, 1.8639666034115683, 1.8572675956620115, 1.8536838418907589, 1.838771775696013, 1.8529409494664932, 1.897337919473648, 1.9507724404335016, 1.9388420548703937, 1.9254686282740703, 1.9059356596734789, 1.9384040262964028, 1.9522782372103797, 1.927437033918169, 1.910462331771851, 1.8386414511336222, 1.8493088391092083, 1.7976213037967679, 1.7911897735463256, 1.7904642366700696, 1.780870019727283, 1.7788022829426657, 1.8297593967782122, 1.8802514364322018, 1.9108518113692605, 1.8501982599496845, 1.8583847744597328, 1.9025263491604065, 1.9061915639373996, 1.9566308167245652, 1.9672419127490783, 1.965346705582407, 2.0244102733002767, 2.090845588511891, 2.0378919829924906, 1.9874217589696246, 2.014766927891307, 2.0462322168880043, 2.032495055596034, 2.028824895620346, 2.037045054303275, 2.0449332594871525, 2.070486091242896, 2.148495254251692, 2.180039165417353, 2.147658244106505, 2.130365826023949, 2.108667919370863, 2.096594374047386, 2.1613093190722994, 2.267040811975797, 2.2505972577465907, 2.1583476106325783, 2.1898031572500867, 2.180953739086787, 2.2352027932802834, 2.2757303019364676, 2.287373779217402, 2.3256371491485175, 2.2869341936376357, 2.295783112446467, 2.313451900747087, 2.313054175509347, 2.3697596238719094, 2.3887857907348202, 2.306730490260654, 2.3286758237414884, 2.357266136010488, 2.3476236396365695, 2.4330556492010755, 2.4389030489656665]}