{"latitud": -0.6276, "longitud": -74.2358, "radiacion": [0.9707540164391197, 0.9962569740083479, 0.9927513221899669, 0.9939578976896075, 1.0167895197868344, 1.0401070419285035, 1.0200264261828524, 1.0388278583685555, 1.0555108656485874, 1.0997509602043365, 1.0918823795186146, 1.0586743702491128, 1.037578023142285, 1.0364935484197406, 1.0813596030076342, 1.100523860587014, 1.0988792121410376, 1.0915399769941965, 1.1051472786400056, 1.1342601743009355, 1.1261090315050553, 1.1296930803192984, 1.1106806255049178, 1.1179731008079312, 1.1354345328278008, 1.133231760395898, 1.1248853693405791, 1.1501020150052172, 1.145919497807821, 1.18882657719983, 1.1858786543210347, 1.1765310294098328, 1.1835791011651355, 1.2037345253758962, 1.2357530603806177, 1.2244969185855659, 1.2084291809135017, 1.1762721843189663, 1.1868148409658008, 1.1903817117214202, 1.2105278488662503, 1.200410904818111, 1.1951910561985437, 1.1884117646349799, 1.1613584819767213, 1.1966173413727017, 1.1619160917070177, 1.1676683879560896, 1.1776724345154228, 1.1809611207909054, 1.183067990011639, 1.1493311713139216, 1.1526957117848928, 1.1296370032760839, 1.1175674110651015, 1.076277860667971, 1.077514953083462, 1.0701701243718464, 1.06943507095178, 1.113624911175834, 1.078677227762011, 1.0640654424826304, 1.0451843467023643, 1.0251763270960916, 1.0164132810301254, 1.0551775978671178, 1.0511033462153543, 1.0234142392873766, 1.0486121548546685, 1.0224205950895942, 1.022031620475981, 1.0014223916663065, 1.0117593768570161, 0.9981355614132355, 0.99753711256716, 1.0181024822923872, 0.9933622919850884, 0.9637027310000525, 0.9617158757315741, 0.9784001472923493, 0.9695934991041817, 0.9386846638388103, 0.9363825447029539, 0.9277853512101703, 0.9509335335757995, 0.955362439155579, 0.9211310760842429, 0.9136062870422997, 0.9201718644963369, 0.9362175239457028, 0.94198848704497, 0.9487575001186791, 0.9015265633662543, 0.8766988668176866, 0.9255883541372087, 0.8984227852688895, 0.9019876377450097, 0.8910032113393148, 0.8574662920501496, 0.8692866517437828, 0.8840105579959023, 0.8770409736368392, 0.8509946306546529, 0.8348225421375696, 0.8438425083955128, 0.846125692460272, 0.8546265906757778, 0.8287708944744533, 0.839033509294192, 0.839315468735165, 0.8594024492634667, 0.8558096127377617, 0.850274360511038, 0.8205285135242675, 0.8168069846100275, 0.8249359223577714, 0.8359947919845578, 0.8183829767836465, 0.8059524214930004, 0.8323445253902012, 0.8095772710111406, 0.8220998386542003, 0.8126141379276911, 0.7837071941958534, 0.8279459138711291, 0.8165729098849823, 0.8360343539052542, 0.854695768157641, 0.854394606086943, 0.8666649344894624, 0.8448099864853752, 0.8433731042676502, 0.8508559488587911, 0.7999936236275568, 0.7913595885038376, 0.7688798977269067, 0.7848922027481926, 0.8022124161322911, 0.8128574411074322, 0.7995179355144498, 0.8196489983134798, 0.8132656657033497, 0.8136736316813362, 0.8045649932490453, 0.7844672179884379, 0.8167909284432727, 0.82008312675688, 0.7809107505612903, 0.8024259388446807, 0.77932933833864, 0.797028340233697, 0.8251996848318313, 0.813194024231699, 0.7999876075320773, 0.7537942575083839, 0.7512564387586381, 0.7736840907070371, 0.7848416990704007, 0.7834695183568531, 0.7659262971745596, 0.7625896606180405, 0.8255663527382747, 0.8021903455257416, 0.7460295067893136, 0.738309206896358, 0.7824702120489544, 0.8004464245504804, 0.7895869321293301, 0.7697466830412547, 0.777462625834677, 0.7873933308654362, 0.7797561006413566, 0.7820158110724557, 0.7744604713386959, 0.7569083193937938, 0.7736259523365231, 0.7858459085226058, 0.8209652043051191, 0.7941628833611807, 0.8313840842909282, 0.8165143509705862, 0.8263231645027798, 0.8310691999064553, 0.8134528769387139, 0.8087268703513675, 0.7867509888278112, 0.8150506407022476, 0.8276655018329621, 0.8057195249531005, 0.7972221401002674, 0.826497808098793, 0.8430855568912294, 0.8037925746705796, 0.7956862883435355, 0.806596663594246, 0.8472872210873499, 0.8390113883548312, 0.8140175365739398, 0.8051560077402327, 0.8085294862588248, 0.8380059854851827, 0.8307034817006853, 0.8646263731850518, 0.8780198368761272, 0.8495911942587956, 0.8438665880097282, 0.8949351231257121, 0.8802946812576717, 0.8835605578290092, 0.8491508142815696, 0.8804546521769628, 0.8755121360222499, 0.8650564627514946, 0.8724857128328747, 0.8379184255997338, 0.8616488993167878, 0.8926495432853696, 0.888387382361624, 0.8821494128968981, 0.8734637472364638, 0.9042736940913731, 0.9182067632675172, 0.9540071027146445, 0.9148585630787743, 0.8666255782047907, 0.9044782569011051, 0.9146342568927343, 0.8981848253144159, 0.9085039625565212, 0.882559280925327, 0.9073796060350204, 0.9343746688630842, 0.9250738177034589, 0.8986143340667088, 0.8921119179990558, 0.8796372446748947, 0.9166126542621189, 0.920698622531361, 0.8975559423367181, 0.906308517522282, 0.9081793020168938, 0.9200290812386408, 0.9408546513981291, 0.9287203010585575, 0.9194876260227627, 0.9411746439006591, 0.9259475797414779, 0.9194560246335137, 0.8952073103851741, 0.9122167560789322, 0.9190384987327788, 0.9106351912021635, 0.9248879065116246, 0.8894028183486723, 0.9074141280518639, 0.8978196726904977, 0.9327035850948757, 0.8888163053327133, 0.8639803469181061, 0.8470673617389465, 0.8769598646296397, 0.9030511299769083, 0.899298362268342, 0.8856095592180887, 0.8750183406803343, 0.8880913611915373, 0.8853730599085489, 0.876976259218322, 0.8270783854855431, 0.858706599473953, 0.8673739982975853, 0.8650397111972175, 0.877939593460825, 0.865004320939382, 0.8561702092488606, 0.8479851007461546, 0.8696042319138847, 0.8963117046488658, 0.8574863758352067, 0.8458889067173004, 0.8540794839461645, 0.8381161209609775, 0.8425531013144386, 0.8336124284399881, 0.8649188018507427, 0.8799115906159082, 0.8795567876762812, 0.8797808822658326, 0.8446500072876612, 0.8216385192341273, 0.8324827190902498, 0.8309460335307648, 0.8363370438416801, 0.7924450851149029, 0.8394240743584104, 0.8144552085134716, 0.80922116306093, 0.820627150270674, 0.8502818481789696, 0.8349159561925462, 0.8189480768309699, 0.8649542255534067, 0.8450345579120847, 0.8310045838356017, 0.8203076077832119, 0.8214739117357466, 0.8102724747525322, 0.824422214097447, 0.8144185351000891, 0.8064865476555294, 0.8142680188020069, 0.8066472305191885, 0.8137188096841178, 0.8526835186613934, 0.8318397111362884, 0.8310405923260585, 0.8132849673430123, 0.813312217593193, 0.8580354723665448, 0.8436657902267245, 0.8168937285741172, 0.8116289357344307, 0.823173475265503, 0.8026445034477444, 0.8324024243487251, 0.8433056430684195, 0.8364105787542129, 0.8096010661787457, 0.8045829710033204, 0.8187009976969826, 0.8049465576807661, 0.8262966904375291, 0.8128868099715975, 0.8356288383404417, 0.8611371921168433, 0.8713151077429453, 0.8649983283546234, 0.845398900575108, 0.8614603920115366, 0.8715081645382775, 0.8667744331889681, 0.8658765388859638, 0.8587624192237852, 0.9010323541031943, 0.9340328964922161, 0.9326105313168629, 0.910106364554829, 0.9015878667434055, 0.91337620847755, 0.8902457806799148, 0.9178979396820068, 0.8993302643299099, 0.8953953663508095, 0.9243520120779674, 0.9532128847307626, 0.9569625662432774, 0.9256305750873356, 0.9263840334282983, 0.9347594045930441, 0.9595452570252953]}