{"latitud": 3.5942, "longitud": -67.6465, "radiacion": [1.3566594408618087, 1.3808829850620699, 1.3788333200746108, 1.3749185350206161, 1.4241364306873743, 1.3835300836298199, 1.4079253978199429, 1.3946586681736832, 1.384979831178983, 1.4038252684805126, 1.4445640928215455, 1.4621018459399544, 1.4215911037392086, 1.4255098899205525, 1.4553095009591843, 1.4426429119375017, 1.4728553195794427, 1.450805422332552, 1.4535536746184032, 1.4450431499216296, 1.461430864863926, 1.4884236779477866, 1.455701512098312, 1.4753238863415188, 1.4829285369979008, 1.4567380878660412, 1.4941135439607829, 1.5200702541404303, 1.5249530931313828, 1.5195456504821772, 1.546798564990361, 1.5555327739980485, 1.5279573592874736, 1.5633855839570359, 1.5933125880029468, 1.5877605113718243, 1.5878048360347752, 1.5499123613039654, 1.5606243173281353, 1.5532972262965312, 1.5655988918410406, 1.5778477728366853, 1.532603678438398, 1.560643227232827, 1.5597654369142322, 1.576456197102865, 1.5633201380570727, 1.5758867383003239, 1.550931663645639, 1.513997916711702, 1.5314825104342564, 1.5411034497949805, 1.5525141980912949, 1.5180556840366786, 1.5349148803287083, 1.511186540789075, 1.4817007349597084, 1.4682477192746264, 1.4589353952142927, 1.4854968104097577, 1.4613924784792784, 1.4995963500605691, 1.5001925395594702, 1.4711745937665306, 1.5083113974995086, 1.533835788236724, 1.5263091643651328, 1.5288699501090586, 1.5138429178131954, 1.487191952599419, 1.500059710608589, 1.4684124920103285, 1.47847522728973, 1.4526259111033546, 1.449914207723405, 1.3992070853710175, 1.4278354273902047, 1.409268857041994, 1.4238892161183887, 1.4269070224629508, 1.4144569304254322, 1.4166115591923394, 1.39551556011041, 1.3709866378042435, 1.3904827935828108, 1.3612547126081251, 1.342564932174153, 1.3286773224671686, 1.3666552159521312, 1.3497160875134995, 1.371741000811259, 1.345784355865585, 1.3226008845700166, 1.346977819999059, 1.3475110855367454, 1.3390200558635923, 1.334801293081708, 1.3028348455826444, 1.3016076525052385, 1.3091110550694995, 1.2593171387910842, 1.2504840970039368, 1.2200557039843671, 1.249169972870085, 1.238875709308518, 1.2332505451308362, 1.2289137353499726, 1.2165592349237864, 1.212595572405391, 1.2183241612381408, 1.1913738429546357, 1.1703573067982995, 1.1509533471531335, 1.1489872988727352, 1.1594653752115038, 1.1468424393071068, 1.10966175629033, 1.1408718311124375, 1.134964121712579, 1.1099715726243122, 1.1095432059632413, 1.0951441476742427, 1.0911124537388481, 1.0757546444733936, 1.0674172388182739, 1.041626400417752, 1.0402673850456874, 1.0338645388682686, 1.0502629376120038, 1.0842052049107025, 1.0370200600888992, 1.0169667250580259, 0.9762373179197309, 0.9853628837400015, 0.9746171269151898, 0.9908269971609115, 0.9779204587141673, 1.0133909612894056, 1.007307876812087, 1.0289979378382368, 0.997732042272886, 1.0053650018241669, 0.9980074140760634, 0.9582890086703827, 0.947925024231275, 0.944721909695201, 0.9190146045552359, 0.9220781872669858, 0.9526245355606079, 0.9542740646335813, 0.9582712441682815, 0.9629176606734595, 0.9013452453745733, 0.9276240719689266, 0.9297982470856775, 0.9302170034911897, 0.9125366734133827, 0.9203697800636291, 0.9153676516479914, 0.9188816110293073, 0.9064807848797901, 0.9043918175829778, 0.9078608291016685, 0.8966150038772157, 0.9035589582390253, 0.9086411635080974, 0.9270065334108137, 0.9220547765493392, 0.9431409974892935, 0.9117601500617134, 0.9335289541218018, 0.8980686744054158, 0.8976481470796798, 0.9229070620404345, 0.9267410106129117, 0.9365535534090466, 0.9157339172230827, 0.9286345723602506, 0.9356933808988996, 0.9528048892815909, 0.9239448931482102, 0.9326797856224908, 0.9136189768711724, 0.9405328803592257, 0.9224129282765919, 0.9041776981618671, 0.9224510692887836, 0.9148931824498705, 0.9405376470751229, 0.917729624112447, 0.9075893130567336, 0.9370728201336328, 0.9286882864104379, 0.9231414308150611, 0.932652884721756, 0.94518881407049, 0.9484506626923883, 0.9121979190243614, 0.9035701255003611, 0.8954860962099501, 0.9525982244147198, 0.9542893720997706, 0.95732454293304, 0.9501090404060152, 0.9042580511834889, 0.9417336672544478, 0.9682491209771898, 0.93340016802152, 0.9120096623897552, 0.924238735437393, 0.9556410991483261, 0.9810104353560338, 0.9611322651306787, 0.961958660350905, 0.9902274290720623, 0.974522140953276, 0.989947724342346, 0.9806806749767727, 0.9838478783766424, 0.979567054907481, 1.0043880816962982, 1.0128950168689093, 0.9850304878420301, 0.99280746281147, 0.9895223640733297, 1.0047240078449253, 0.9875225984387924, 1.004154219561153, 1.0211174186733034, 0.997602591580815, 1.0122628668944045, 1.0134427415000067, 1.0262107408709, 1.0208548294173345, 1.0377371403906082, 1.039459287457996, 1.0555463711420694, 1.0496933695342807, 1.0482238299316828, 1.0689640611410136, 1.0623926377958723, 1.0441290524270797, 1.078268358111382, 1.0586046586434044, 1.0722655763228737, 1.0758503672149446, 1.0800554242399003, 1.0674287726481755, 1.0857427782482574, 1.1191907938983705, 1.1047414090898304, 1.090939392977291, 1.0891371657450997, 1.0782301919327846, 1.086336197786861, 1.108864559398757, 1.1157486332787407, 1.1225192285246317, 1.0929548760255174, 1.1092636356751122, 1.0954975482490332, 1.1204880072010892, 1.1058587772978676, 1.1134266757302813, 1.1436875445975192, 1.1336616012785168, 1.1253034856584334, 1.1509045627382066, 1.1310132294893267, 1.159970924589369, 1.133288605676757, 1.1201951622962947, 1.1055128355820976, 1.1265192366308632, 1.133669199877315, 1.1670770853757857, 1.171910121043523, 1.1568356182840143, 1.1578388512134554, 1.1327453954352276, 1.1843249748150506, 1.1815550330612394, 1.1685763640536202, 1.1886479023430088, 1.1892676439550196, 1.152455687522888, 1.1325621906254029, 1.1423199898666805, 1.1426907681756553, 1.1724597907728616, 1.1710739321178862, 1.1312886844078704, 1.138772724072139, 1.147670646508535, 1.130255521006054, 1.1389078266090817, 1.09970080587599, 1.1072118166420193, 1.1346425910790765, 1.13118633362982, 1.1461694190899532, 1.143894602192773, 1.1181273119317157, 1.1147900409168665, 1.1482561677694327, 1.1313239733378093, 1.1429882685343422, 1.1146386894914841, 1.0855149477720258, 1.1085764792230395, 1.0855052202939988, 1.0608974854151407, 1.076346484820048, 1.0903852350182004, 1.119604653782315, 1.1050485746728047, 1.0840848449203706, 1.1018883489900169, 1.0994757566187112, 1.1251373449961348, 1.1523056152794102, 1.1413045919603775, 1.1441470805141665, 1.1392021679215958, 1.17366780936718, 1.129342577523655, 1.1153472758001748, 1.1262730383210713, 1.1497970319456527, 1.1499726467662388, 1.1416978670491111, 1.1550644480519823, 1.1390124152104064, 1.167153849204381, 1.1901009940438805, 1.2068790353006784, 1.1888364301787482, 1.2076650092999142, 1.2310553984509576, 1.2297115120622841, 1.2214440703392033, 1.2134524603684747, 1.2479747901360185, 1.2782267818848292, 1.2670725646946162, 1.2697624388668274, 1.2443117489417392, 1.2825996206866368, 1.2713396807511648, 1.261464195450147, 1.27715027961466, 1.279831733968523, 1.263700856102837, 1.2634357737170323, 1.3032641271750138, 1.3190469496779968, 1.2907973170280458, 1.3113017115328052, 1.3092590835359361, 1.3256658289167622]}