{"latitud": 1.4921, "longitud": -72.3445, "radiacion": [1.3800425546036832, 1.4024839815166266, 1.3988447070121761, 1.4129250854253772, 1.428718648354213, 1.463768329885271, 1.4489453150166403, 1.445295152399275, 1.4570772820048863, 1.4923133022255362, 1.50205439693398, 1.492755856116613, 1.458014680279626, 1.4472851336002355, 1.4739334083265725, 1.501681536436081, 1.4859111928277546, 1.5002795096900725, 1.4963844034406877, 1.4926980058352148, 1.4959385553995777, 1.5030679560369917, 1.5134733448425928, 1.5158271498150289, 1.5362690104378587, 1.497552439901564, 1.462510555320316, 1.5084366891119212, 1.5217651095655225, 1.5544665369722575, 1.5544198665353983, 1.5653311875131397, 1.572226814097828, 1.5764589382542507, 1.6006111198001438, 1.5759720904959569, 1.557481105460061, 1.5404581053389441, 1.5771637717882783, 1.5201589634021122, 1.5359471122423802, 1.5390852530797323, 1.5481970114840393, 1.548400850097338, 1.5632024937205842, 1.5410718109872603, 1.5248782618178265, 1.5368021478255594, 1.5341612464851806, 1.5179273853699362, 1.5079398790995286, 1.5244164506594338, 1.5131048904524906, 1.473543299900161, 1.4597921023766203, 1.431236853202184, 1.4335928870571986, 1.4407339486810897, 1.414922601977984, 1.4383099973201754, 1.415919073753887, 1.424346400631798, 1.4128994809256656, 1.3815302362044652, 1.3788799716366658, 1.3737965332137214, 1.4219323257605225, 1.4038574069738388, 1.393560073773066, 1.3596868548128345, 1.3611444599098632, 1.343818185395664, 1.3217753320932382, 1.306586570872201, 1.3211991141239798, 1.3097731530666357, 1.2925641742017535, 1.2873040792014858, 1.282266942991151, 1.2824516812960303, 1.245459501610862, 1.2706218557225333, 1.243447826968299, 1.2502018719911578, 1.2353789538145066, 1.229218184285694, 1.2143725732962292, 1.2015222605731748, 1.2211868375539776, 1.2235766341288885, 1.2207365612188976, 1.203688435090913, 1.1783335102929007, 1.139894416597154, 1.1718436913357841, 1.1842857840988368, 1.1872482968701257, 1.1511046972539691, 1.110737748609649, 1.1552985439697903, 1.1399667236540052, 1.1517570462491775, 1.1077505389849345, 1.0586552295419904, 1.1171725395652983, 1.100409111380577, 1.081529098418024, 1.0437370287047494, 1.0262122929096222, 1.037623256113794, 1.0504902432362238, 1.0474920802646217, 1.0276458799839017, 1.012312929166688, 1.0072330392069289, 1.0149458550744586, 0.9978123366832733, 0.9861515088213816, 0.9724325805902483, 0.9885045097933872, 0.9922953989770679, 0.9841966804530887, 0.9703152146604327, 0.9428146236472658, 0.9628149721357554, 0.9757277485397126, 0.9661125842067929, 0.9839511503775918, 0.9731521278619762, 1.0134342935350205, 1.0068462491035464, 0.977972646223174, 0.9631979584693906, 0.9236035115189024, 0.9093005249897642, 0.9205158323049547, 0.9021501223246259, 0.929646307229996, 0.9090186393923231, 0.9315755390458634, 0.9309936609533097, 0.9502777182393602, 0.9450558635923602, 0.8910940971639424, 0.8711295700735514, 0.8957582801580428, 0.9140790224075319, 0.8751816232999167, 0.8741314533683989, 0.8797048469384512, 0.9092662708626854, 0.913252939780553, 0.8736077636480332, 0.8701397935549419, 0.8478653275304371, 0.8695200002855726, 0.8221173925532234, 0.8184100190798441, 0.8212038894494375, 0.82816771335072, 0.8346921175718308, 0.8644163843658236, 0.8324106673399608, 0.8393052690558961, 0.8414305733309849, 0.8383141812351015, 0.8380235344171524, 0.8350323988331687, 0.8356544176737466, 0.841452787650956, 0.8400452031029596, 0.814394799205992, 0.8156714975833893, 0.8277814875046413, 0.8289372185866037, 0.8610797451602088, 0.8586369355519611, 0.8034806625710593, 0.8201345490084756, 0.8628789643446604, 0.8428226030535169, 0.875565418932173, 0.8544511139392852, 0.8449944413370557, 0.832945997847451, 0.83284173740281, 0.885816774103377, 0.8617224173413384, 0.8605464120705922, 0.8453096018897162, 0.8673046761088905, 0.8559176988071867, 0.8306777560048634, 0.8051665478282505, 0.81331537299686, 0.8556189904610316, 0.864153398076693, 0.8402903205818598, 0.8224160475863348, 0.8287921276357438, 0.8384256747033861, 0.8555123094055387, 0.887145631512006, 0.8606780793931751, 0.8539597560962043, 0.8432275338305368, 0.8728373686472576, 0.8909820136096741, 0.8724371870358786, 0.8557848920424779, 0.8359321686956616, 0.8388104981846279, 0.8355500827232998, 0.8537632154093848, 0.8415324999226468, 0.8468113130993312, 0.8684453626473744, 0.8662376112408107, 0.8615997032986747, 0.8646976560354233, 0.8651160372628107, 0.8934493912590873, 0.9304616312185927, 0.8994804276360409, 0.8752016256252926, 0.8586893594927257, 0.8914115700456833, 0.871123163567649, 0.8624415530098809, 0.8760321213139427, 0.9030776189433206, 0.8989254958099789, 0.9125265691015455, 0.9140361024273768, 0.9099335130718019, 0.8965218404928845, 0.936706536346012, 0.9489672005176543, 0.9085898237095938, 0.9146594537629023, 0.917694792813725, 0.9095266222953794, 0.9534425500366424, 0.9361375444465212, 0.9286043296257652, 0.9384115245607164, 0.9418529811832635, 0.9341816537910038, 0.9403561274210611, 0.9842523495356242, 0.9563619421588053, 0.948678214020199, 0.9636709941758049, 0.9341202901469338, 0.9579259554545083, 0.9652837389045289, 0.9964527911610075, 1.0113271120521758, 0.9878150012758047, 0.9500537961721421, 0.9647495627403259, 0.9640820804569455, 0.9750449786583592, 0.9833739366796287, 0.9843361516793573, 0.9979157027271058, 0.9812297556135393, 0.9816147724787392, 0.9677096092038685, 0.9644126021199755, 1.0085525446467936, 0.976090230875545, 1.0110370665788648, 1.0297422776619591, 1.0262404650449748, 1.0218129949437247, 1.0376393583085801, 1.042414030432701, 1.0361201832691833, 1.0271209948592714, 1.039496194985178, 1.0546422229872807, 1.0480560306045748, 1.077156768904792, 1.0762364198764165, 1.0456629531251058, 1.0538663999901878, 1.0315042869912256, 1.0484490126371384, 1.059678005509906, 1.0574072162310284, 1.0669883631997634, 1.0269012338585324, 1.0427618175745008, 1.0482104612721337, 1.0174176600244313, 1.0024466468228237, 0.9894488695595006, 1.0382858835988575, 1.043996579117245, 1.0456069979402753, 1.0344125227795709, 1.0395833945936628, 1.0221025579505494, 1.0305161092016435, 1.0420883321099814, 1.027827846010526, 1.0502944101889924, 1.047216795219315, 1.0072809961107043, 1.0026905079682669, 0.996600342459149, 1.03475287258625, 1.080741438931889, 1.0861557016770045, 1.0238638377851912, 1.0258663333124585, 1.0601306100686392, 1.0848324795564017, 1.1040667083528308, 1.0811141494247647, 1.045530908637577, 1.0538525280025268, 1.0668853743208782, 1.0775729593303467, 1.0945792294210859, 1.0855426453881796, 1.0602697491645812, 1.0839351213640638, 1.0974336746666167, 1.0898793972200822, 1.1083304365475974, 1.1175424161884526, 1.147924034794172, 1.189827620983124, 1.2104989859792925, 1.1990189896689525, 1.1954186615016724, 1.1772121972507898, 1.194357212053405, 1.1878732240862315, 1.2159003582265644, 1.1916325559218726, 1.2222996830940251, 1.2586967080831526, 1.2544340729713443, 1.2492587043179406, 1.258754152059555, 1.2774013535843955, 1.270717067519823, 1.292199013630549, 1.3137192981110672, 1.3124691887034312, 1.3145529554949864, 1.3469157159328455, 1.341868953903516, 1.2978635201851527, 1.310325572225783, 1.3212966375880768, 1.3609071678585478]}