{"latitud": 4.09, "longitud": -71.4862, "radiacion": [4.375852395428552, 4.424016996224721, 4.424461383289761, 4.361951759126452, 4.415289917257097, 4.470201068454319, 4.425225117471483, 4.511111226346757, 4.482352885935041, 4.50697135925293, 4.598892414569855, 4.533451150523291, 4.417852482530805, 4.463992791705662, 4.528848187128703, 4.58903088702096, 4.626197204324934, 4.608168437745836, 4.555563696225485, 4.556283044815063, 4.598616157637703, 4.677874737315708, 4.6249392575687835, 4.545817656649483, 4.6255746179156825, 4.636226401064131, 4.631108400556776, 4.656692935360802, 4.691147189670139, 4.761994237369961, 4.808833448754416, 4.865983087486691, 4.91049063205719, 4.86050804985894, 4.891802220874363, 4.8607406285074015, 4.805577005280388, 4.829138922691345, 4.823815463648902, 4.77098542716768, 4.660865865813361, 4.758218010266622, 4.736672204070621, 4.689554452896117, 4.621049960454305, 4.657318545712365, 4.692944819397396, 4.651734975973766, 4.5588069213761235, 4.573551220364041, 4.66982688638899, 4.640705568260617, 4.577375041113959, 4.429407831033071, 4.3943405164612654, 4.237277303801643, 4.298837655120425, 4.419265972243415, 4.3035308162371315, 4.343520510196686, 4.2697385801209355, 4.276048750347562, 4.343282369772594, 4.331528637144301, 4.387456174691519, 4.401169374254015, 4.4284219940503435, 4.384357657697466, 4.19468948311276, 4.2656938499874535, 4.182657419972949, 4.286987287468381, 4.164257163471645, 4.094967227511936, 4.094267618656159, 3.9658024165365426, 4.026732193099128, 4.116075255473454, 4.089414411120946, 3.860243331723743, 3.8535711235470256, 3.8963965343104476, 3.858176032702128, 3.843072117699517, 3.771995508008533, 3.6871538400650024, 3.6893376681539753, 3.6589716196060174, 3.6734683977233042, 3.637404886881511, 3.5413007232877938, 3.5500727951526643, 3.5288426995277398, 3.472516610887315, 3.563980505201551, 3.5419290092256346, 3.485782016648187, 3.3652342326111264, 3.38512861331304, 3.422623586654663, 3.352360869116254, 3.3219070083565185, 3.2434538271692066, 3.1702443924215102, 3.250563700331582, 3.2255920860502463, 3.152397765715918, 3.0485666632652286, 3.065196169747247, 3.0818383190366956, 3.052013901207182, 3.0905696524514092, 3.0568300419383583, 2.9714382502767775, 2.9669578850269325, 2.9451446533203125, 2.8452782140837773, 2.8623730990621774, 2.872911100255118, 2.9328449434704247, 2.8639967732959337, 2.8668208161989845, 2.8545023706224235, 2.8198390894465977, 2.8418975028726794, 2.844923537307315, 2.81264147957166, 2.827773031261232, 2.7790224565400017, 2.9235734423001603, 2.9586627893977693, 2.9521497183375884, 2.7992561201254538, 2.6594705839951835, 2.6951478381951652, 2.697411144442029, 2.6326670024130086, 2.5901305384106106, 2.7201380127006107, 2.7029276543193395, 2.685554252730475, 2.695381263229582, 2.6727646443578923, 2.584737414121627, 2.5141774965657127, 2.4795837799708047, 2.5183145622412364, 2.452710118558671, 2.4314055820306137, 2.4536114560233226, 2.5015825066301556, 2.4553868883185914, 2.4101102564069956, 2.373503071731991, 2.371036393774881, 2.3185776756869423, 2.1783673452006442, 2.093798908260134, 2.1295233355628125, 2.1723281880219774, 2.2312316464053263, 2.120200120078193, 2.215525048971177, 2.3006490230560304, 2.3210638834370516, 2.2270048320293423, 2.1455558737119045, 2.0885773347483743, 2.154486444923613, 2.128820836544037, 2.0206620123651295, 2.0424972236156465, 2.070675539308125, 2.069865366485384, 2.121696532434887, 2.2088725672827825, 2.1379596544636623, 2.074671418137021, 2.106019847922855, 2.1189945730898114, 2.0908530248536006, 2.0613420863946277, 2.0552197350396053, 2.142659832371606, 2.1488599035474993, 2.039171761936611, 2.075862451394398, 2.058764025237825, 2.1458763864305284, 2.114534412489997, 2.116636167632208, 2.1420335961712733, 2.0522367762194738, 1.9742837886015572, 1.94286344382498, 2.036464032861922, 2.062982608874639, 1.947918430301878, 1.995089161396027, 1.9205441753069563, 1.9837789336840312, 1.9937082992659676, 2.066074913740158, 2.0737667335404297, 2.048856690857145, 1.9345394591490432, 1.9965533978409236, 2.0000663916269934, 2.0183678613768685, 1.9384344617525737, 1.9718028618229757, 1.9387901153829363, 1.9075593345695072, 1.9788255280918545, 1.9633173485596973, 1.9413330720530617, 1.9860060519642293, 2.0321144845750596, 1.9889586885770154, 2.093072801828384, 2.05033997827106, 2.0804281797673965, 2.1710561533768966, 2.2495134300655786, 2.1003279328346256, 2.0994876556926307, 2.1344042883978958, 2.0429612788889147, 2.1061316384209534, 2.1210321009159085, 2.12260278529591, 2.1552688810560436, 2.2172274841202637, 2.305812325742511, 2.329800451464123, 2.271897086169984, 2.3492640879419113, 2.3034953090879653, 2.4344522787464986, 2.381397931443321, 2.2834168540106883, 2.3067745010058083, 2.3191329763995276, 2.3139635139041483, 2.3193481789694896, 2.3457553525765746, 2.378344071573682, 2.4036468101872344, 2.4563849826653805, 2.5920882781346637, 2.6464925620290973, 2.5410879260963863, 2.6302061531278826, 2.590616569254133, 2.616661214166218, 2.674555183781518, 2.680842004881965, 2.779822543594572, 2.668917223480013, 2.7138013588057626, 2.728015055921342, 2.778023660182953, 2.7637564718723304, 2.8690017528004126, 2.84442344572809, 2.796543035242293, 2.676713003052606, 2.7394474301073277, 2.8000887287987606, 2.8345035155614227, 2.832646064625846, 2.910075438684887, 3.036936036083434, 3.0245434496137826, 3.0724582420455078, 3.066223480304082, 3.0598047481642827, 3.014074599742889, 3.1197896593146854, 3.0834520260492955, 3.0930214285850535, 3.144881785578198, 3.1186653918690155, 3.05662770403756, 3.0165047513114085, 3.119509373108546, 2.992493402957917, 3.0393369747532746, 3.070057326555252, 3.0536625716421337, 3.1569458484649657, 3.1420267542203266, 3.0940555612246197, 3.1183819989363357, 3.1012836376825965, 2.9243445800410375, 2.977058768934674, 3.0593021578258934, 3.1023935053083633, 3.1591474440362717, 3.094737015830146, 3.0576683514648018, 3.029160300890604, 3.018197450372908, 2.978682251109017, 3.058248813947042, 3.0182466030120856, 3.0902213202582467, 3.046881109476089, 3.0599265654881784, 3.1029587056901726, 3.079605031013489, 3.133185960186852, 3.1633158875836274, 3.200325826803844, 3.072636787096659, 3.047642258140776, 3.0644529044628146, 3.1331837905777817, 3.126871010992262, 3.155982964568668, 3.1131530927287208, 3.1856169912550185, 3.2031545307901172, 3.2324942058987087, 3.2321767462624442, 3.209268809027142, 3.3192982991536457, 3.1954555379019833, 3.2649213062392346, 3.3240712589687775, 3.3601422905921936, 3.3696415623029075, 3.459852931896846, 3.5433275712860954, 3.5452003406153785, 3.581906851132711, 3.6129397273063657, 3.6069853405157724, 3.6586368832323295, 3.613927462365892, 3.6412251167827177, 3.682525918218825, 3.8299250298076206, 3.958783753712972, 3.843127912945217, 3.8427778482437134, 3.8781595693694224, 3.833571872446272, 3.9316105749872, 3.9890645212597318, 4.07031308280097, 4.070352318551806, 4.133051813973321, 4.172106153435178, 4.1630732893943785, 4.078028055032095, 4.081492939260271, 4.207856567700705, 4.3047302193111845]}