{"latitud": 5.3454, "longitud": -69.5533, "radiacion": [4.824675778547924, 4.890195104810927, 4.8413629796769895, 4.8727213276757135, 4.936301492320167, 4.963616194327672, 5.005604831377665, 5.032487041420407, 5.148439195421006, 5.144179270002577, 5.1980687287118705, 5.055969060791863, 4.959131171968248, 4.963545117113326, 5.04053065776825, 5.16483752992418, 5.234945613808102, 5.206217277712292, 5.19027709696028, 5.258394606908163, 5.256151386102041, 5.340248314539591, 5.30434444612927, 5.218353876802656, 5.25668284760581, 5.257024028566147, 5.304923065503438, 5.268808943695492, 5.246231289042368, 5.3420041746563385, 5.603807829485999, 5.575108019510904, 5.598795280191633, 5.641558395491707, 5.702239210075803, 5.649858852227529, 5.489589630232917, 5.479568966892031, 5.616723578506044, 5.5878629671202775, 5.591786392529806, 5.612186198764377, 5.496772293249767, 5.514346696270837, 5.481025045447879, 5.5378805067804135, 5.564777346452078, 5.456323504447937, 5.41635185877482, 5.501529739962685, 5.603093004226685, 5.433659182654487, 5.268687351544698, 5.104491788811154, 5.135697484016419, 4.982105007436541, 5.001234691672855, 5.120755109522078, 5.087851291232638, 5.0605895353688135, 5.001499125692579, 4.955872039000192, 4.87283175388972, 4.850779547956255, 5.076662561628552, 5.181581682629056, 5.117670746644337, 4.970458092954424, 4.845851949850718, 4.784897054566278, 4.728113422791163, 4.775862287150489, 4.674558602439032, 4.652867142359416, 4.5395415465037035, 4.449127626419068, 4.5105988250838385, 4.522700369358063, 4.568722630871666, 4.470664005809361, 4.2450865811771825, 4.258567994170719, 4.137859210703108, 4.021351472536723, 3.9494377639558578, 3.82777254846361, 3.7435146927833554, 3.8420248879326713, 3.861442981163661, 3.861516757806142, 3.713669254382452, 3.7537834790017874, 3.6202151232295567, 3.5778447707494103, 3.533616324928072, 3.4894882281621293, 3.4526157657305396, 3.2599340471956455, 3.322276753849453, 3.320151719782088, 3.280157054795159, 3.182332085238562, 3.1765082067913486, 3.1689609169960025, 3.142420058780246, 3.1056022663911182, 3.1213860246870255, 3.1122971713542937, 3.0989968809816575, 3.0094428532653392, 2.973419307337867, 3.0023944152726068, 2.952146722210779, 2.9157132148742684, 2.897529890139897, 2.854925457636515, 2.640614570511712, 2.708924796183904, 2.7618321703539954, 2.7541163656446668, 2.7781659874651172, 2.7102132042249045, 2.6880890150864922, 2.6518219616678027, 2.6734419001473317, 2.6926226158936823, 2.599338317579693, 2.6575884554121236, 2.6634929147031574, 2.7460756288634403, 2.762432546085781, 2.735796225070954, 2.5633963101440007, 2.469012557797962, 2.4740408327844414, 2.504081104199092, 2.4070200456513295, 2.4447040882375504, 2.587640358342064, 2.659097145001094, 2.5881407486067873, 2.58512994117207, 2.5215455008877647, 2.435371749930911, 2.3599644627836027, 2.3069612926907013, 2.320427611139086, 2.244353182448281, 2.325946193271213, 2.319133362505171, 2.33262117240164, 2.3687256998485986, 2.2786068763997824, 2.231378986438115, 2.2866779128710424, 2.173444847265879, 2.0877941005759775, 2.0049918942981297, 2.0513752665784626, 2.0739352166652676, 2.043850528531604, 2.0431956466701293, 2.0513592792881856, 2.1234872387515176, 2.1085315201017587, 2.034283046589957, 2.057382667064666, 2.037695154878828, 2.052772446473439, 2.0331629554430646, 2.042766053146787, 2.04411942826377, 2.041819739341736, 2.0368065125412413, 2.08538580470615, 2.0975568526320987, 2.1000632809268107, 2.1450989928510453, 2.1595379034678133, 2.1113958709769776, 2.0612191134028968, 2.028679899374644, 2.0748269531461925, 2.1593525562021463, 2.138898879289627, 2.044843717416128, 2.055967698494593, 2.114947989914153, 2.1251999954382583, 2.1359213133653, 2.099216186338, 2.134988915920258, 2.0594652427567373, 2.037992206546995, 2.043993433316549, 2.1143854790263705, 2.0376888149314456, 1.9225336690743766, 1.9811592327223881, 1.9273079574108127, 2.0733044849501727, 2.0014890419112312, 2.0387427806854244, 2.0493930677572885, 2.0711611456341212, 2.0027793010075894, 2.0750683552689018, 2.0793918814924024, 2.002301810185114, 1.9741882960001629, 1.9839309712251028, 2.042073769039578, 2.0191479444503795, 2.09774158861902, 2.036295479536056, 2.0453372935454044, 2.079379581742817, 2.1861571020550206, 2.1064059178034458, 2.157088655895657, 2.1896607306268483, 2.2201208485497372, 2.1959735095500936, 2.2702046142684087, 2.1791241135862136, 2.240843711958991, 2.2072132534450954, 2.1513086146778533, 2.2406888763109847, 2.2049013747109307, 2.2496677537759133, 2.2422120822800533, 2.327810233831405, 2.421912820471658, 2.3770026187102, 2.410638565487332, 2.4511403706338672, 2.419784471061494, 2.5195414847797815, 2.428536505831613, 2.361805904573865, 2.3647581789228647, 2.488894080453449, 2.407346400287416, 2.382231756051381, 2.3578719344404013, 2.3922665761576756, 2.4163495202859244, 2.521547878450817, 2.6230848809083303, 2.556422978639602, 2.5270612226592175, 2.6413885898060268, 2.6235190590222675, 2.6523535589377087, 2.6060712628894387, 2.715088420444065, 2.7300174633661904, 2.583715534210206, 2.6771560509999586, 2.681754635439979, 2.6807560397519, 2.733074401484595, 2.7745336612065628, 2.748434938987096, 2.6763377865155533, 2.6450601312849265, 2.6066813786824543, 2.6984201934602527, 2.7247495796945365, 2.694023207161161, 2.773096177313063, 2.9019964092307617, 2.8763463675975802, 2.8909380667739444, 2.985984722773234, 2.9381882687409724, 2.924601411819458, 2.943456522623698, 2.9689087980323365, 3.0234124620755516, 2.9942331678337517, 3.0314842277103, 3.0102518161137906, 2.9593596604135306, 2.8774383975399864, 2.7549823886818365, 2.773002398676342, 2.863721781969071, 2.827156156963772, 3.0547852224773844, 3.0217905859152467, 2.975199936495887, 2.954481193754408, 2.922741136285993, 2.825599930021498, 2.8428720924589377, 2.859663778543472, 2.886938885185454, 2.9298401647143897, 2.9252375596099434, 2.9688399698999195, 2.7968382795651743, 2.9007820188999176, 2.9398303608099625, 2.9618954287634955, 2.8563584831025857, 2.7666066931353677, 2.9476289835241105, 2.870744581354989, 2.910830450057984, 3.0012708902359013, 3.0435075581073767, 3.1452083342605164, 3.110583553711573, 2.9767470763789277, 2.8762199719746904, 2.9777317583560934, 2.9502921640872954, 2.9595518509546923, 2.8963362329536015, 2.9674267623159625, 3.0400670475429954, 3.0835066212548146, 3.1192659669452243, 3.105366030666563, 3.1051244682735866, 3.1471599777539567, 3.1666718151834274, 3.1237322403324974, 3.20107230146726, 3.248626748058531, 3.2873158891995744, 3.474664843744702, 3.558280595143636, 3.5865026328298772, 3.614781691630682, 3.5817264835039775, 3.618207585149341, 3.6774215870433387, 3.6271887335512365, 3.7284481333361725, 3.7616772982809272, 3.9158933189180165, 4.072994995779461, 4.078405694166819, 3.985887469185723, 3.8620577540662553, 3.909118514590793, 3.930821134646733, 4.216961489783393, 4.341500867737664, 4.255590167310502, 4.466316350301107, 4.426508540577359, 4.363002267148759, 4.329377433988783, 4.254606492651834, 4.555338855584463, 4.6187382214599175]}