{"latitud": 1.0117, "longitud": -77.4205, "radiacion": [3.131033154990938, 3.143298096789254, 3.0421257363425362, 3.0741983493169145, 3.058198467890422, 3.065052890777588, 2.968324616882537, 2.9226318313015827, 2.8957671927081208, 3.029023118151559, 3.121318024396896, 3.2213785158263306, 3.179626844326655, 3.1856958104504476, 3.150666726297802, 3.0447253783543897, 2.9984088771873054, 2.908493842681249, 2.9012166751755615, 2.937511733505461, 3.044829275872972, 3.0976236131456165, 3.0351900570922425, 3.0056177516778315, 2.9998180283440488, 3.065808331304126, 3.049505494369401, 3.061968122588263, 3.187772139575746, 3.167491091622247, 3.192660780747732, 3.2244207647111676, 3.177528280682034, 3.1403334379196166, 3.177102142572403, 3.2599130802684364, 3.2656479729546444, 3.191826867394976, 3.1509771287441253, 3.1487069076961944, 3.208190884192785, 3.0474776009718574, 3.0207451575332214, 3.1373740269078154, 3.2193766878710854, 3.157693396674262, 3.112728649377823, 3.0858694208992845, 3.00909101234542, 2.9485519899262322, 2.8949643433094026, 2.8894735448890265, 2.908816299173567, 2.9969081574016148, 3.1925759547286567, 3.2289194246133164, 3.1841432670752208, 3.0711250464121496, 3.141127110852135, 3.1812250342633988, 3.151969189776315, 3.1090910004244905, 3.2003520323170562, 3.1765267570813496, 3.158902975585726, 3.2203484833240505, 3.3200066440635254, 3.2657221529218887, 3.2535035848617553, 3.2872066160043083, 3.3089319712585876, 3.2942959739102253, 3.2534367647435936, 3.253530961937374, 3.205860010782878, 3.1172180175781246, 3.131500095129013, 3.050597745842404, 3.09642345044348, 3.179088626967536, 3.281349072191451, 3.3320112778080837, 3.3383246150281694, 3.339803816212548, 3.3120838562647505, 3.4439625183741254, 3.4252022425333664, 3.3347198035981918, 3.3182549635569245, 3.342715554104911, 3.415211915307575, 3.4744137618276816, 3.469990073972278, 3.5167774928940667, 3.554354186190499, 3.646559087435405, 3.580410681168239, 3.5234888580110337, 3.483185724417369, 3.5130707356664868, 3.4681088202529486, 3.4393427782588533, 3.463076704740523, 3.421600154373381, 3.5137494113710193, 3.504127817683749, 3.483311968379551, 3.4809011399745935, 3.6093386160002816, 3.7160718917846673, 3.673177612490124, 3.6010211692916023, 3.676198495758905, 3.769743800163269, 3.7689663900269395, 3.790456108252208, 3.829927816655901, 3.9110241267416215, 3.9585231410132518, 3.9650415036413413, 3.9333166824446795, 3.9437337054146653, 3.9678647557894386, 4.017202993233998, 3.9772061811553114, 3.9889668398433265, 4.072795731491513, 4.151628151204851, 4.171640161673229, 4.245876052644518, 4.252275037765504, 4.204936358663772, 4.138550788826412, 4.136294359631008, 4.1473900874455785, 4.0656837410397, 4.092621600627899, 4.146020056141747, 4.126653636826409, 4.129465899202558, 4.190156658490499, 4.222970055209266, 4.214735392729441, 4.237133359909058, 4.234369695186615, 4.282199849022759, 4.269223758909437, 4.270608741707274, 4.311094813876682, 4.277409299214682, 4.306054023901621, 4.339682714144389, 4.351117442713844, 4.2944650650024405, 4.357222020626068, 4.441200674904718, 4.48759005467097, 4.450682095686595, 4.4077345702383255, 4.4200894554456065, 4.505908838907878, 4.644717703925239, 4.572384776009454, 4.526524994108413, 4.52891669008467, 4.5204686681429544, 4.494663622644213, 4.461643630928464, 4.528820436530643, 4.576461670133803, 4.498876423305934, 4.478471210267808, 4.484193738301595, 4.520629629823897, 4.567820865578121, 4.565547352366977, 4.560493160618676, 4.601575071281856, 4.52196534342236, 4.6063876271247866, 4.722915906376309, 4.753560249010722, 4.721714611848196, 4.6739262925253975, 4.5790519886546655, 4.61915512084961, 4.674419734213088, 4.713141442669762, 4.687422808011373, 4.6735718727111815, 4.708596507708232, 4.669344845083025, 4.642653244071538, 4.731667383511861, 4.734486503071256, 4.694633977942996, 4.741023808055454, 4.70642012225257, 4.773157807191214, 4.7745668689409895, 4.634234706560771, 4.682242435879178, 4.7301848636733155, 4.688015802701314, 4.711656847265032, 4.791839991675482, 4.837865132755704, 4.775232807795207, 4.77889264954461, 4.765644370185004, 4.778177437517378, 4.7160549932056, 4.632991536458334, 4.603282568189832, 4.613729645146264, 4.6471228467093555, 4.686307435565524, 4.61714336739646, 4.542670940028295, 4.537593522336747, 4.5761312577459545, 4.627720681826274, 4.592148706648085, 4.616088471147749, 4.584157047006818, 4.597216872374217, 4.546494200494554, 4.548259313901266, 4.553029865688747, 4.55070315334532, 4.437556637658013, 4.478320140308804, 4.424057126045227, 4.4246669265959, 4.38691875272327, 4.391058115164438, 4.363498267862532, 4.377557112110986, 4.405370714929369, 4.446202908621895, 4.435643160343171, 4.4310276455349396, 4.491231503751543, 4.478854990005493, 4.360970607068804, 4.305116901132795, 4.221914172172546, 4.227723243501452, 4.242545159657797, 4.254253115918901, 4.155133807659149, 4.090905476941003, 4.06886936293708, 4.078459611203935, 4.120586861504449, 4.204336573017969, 4.1209504710303415, 3.9904515504837037, 3.917120112313164, 3.880717506673601, 3.9026383413208854, 3.9495595441924194, 3.989486712879605, 3.9811410029729206, 3.95846159391933, 3.956858864095475, 3.947071675459544, 3.949189398023817, 3.8639655192693083, 3.740330555703905, 3.6812154399024113, 3.6564581784937116, 3.475287221537696, 3.4176196230782403, 3.4256907396846343, 3.553353893756866, 3.4564307967821755, 3.4045177221298215, 3.4728310485680898, 3.3469522251023185, 3.3558959457609396, 3.277600842052036, 3.2607356137699557, 3.2776974969440045, 3.3273299071523876, 3.275147495004866, 3.255800635284848, 3.202383612261878, 3.156959275404613, 3.096014976501465, 2.978003508514828, 2.9776475323571105, 2.8723176095220784, 2.9184850480821396, 2.938513423999151, 2.9645665248235065, 2.873843262592952, 2.905786626868777, 2.900657986270057, 2.9800146725442676, 3.034623612297906, 2.9610401213169095, 2.923751867479749, 2.88360256685151, 2.921504242552651, 2.8116513311862943, 2.7880420108636215, 2.7705132769213776, 2.7900493562221524, 2.738003155257967, 2.6662692189216615, 2.744123459524579, 2.7400192724333867, 2.626024155484306, 2.6708425343036652, 2.817691327465905, 2.731630498833127, 2.7444097826878227, 2.792196798986858, 2.8400144782331256, 3.0332183374298936, 3.067190049754249, 3.013912737369538, 2.9553745620780525, 2.9824327170848846, 3.0046391553348966, 2.991307225492266, 2.88114643825425, 2.7753127793471015, 2.8033617880609296, 2.8852387487888334, 2.8230202787452274, 2.7544210712114974, 2.7612885667218108, 2.81022538277838, 2.8330375485950046, 2.868700412246916, 2.8345941874716014, 3.005334381262461, 3.064467218849394, 2.982142698102527, 2.9428487175040776, 2.9125074611769777, 2.9096352954705558, 2.9302715573045948, 2.904095562299092, 2.86394254565239, 2.979653911458121, 3.015162885189057, 2.999717114369074, 2.9773125131924942, 2.9777002321349255, 2.8917389704121486, 2.770438323418299, 2.8238026863998833, 2.97842341264089, 2.9559781246715118, 2.9029188970724733, 2.8186196671591865, 2.8245348705185784]}