{"latitud": 1.6982, "longitud": -72.3251, "radiacion": [1.4185284588072038, 1.4313538865910644, 1.4437045362260605, 1.460715906487571, 1.455897200769848, 1.4832441720697618, 1.4866856349839104, 1.4781934625572628, 1.4938628494739536, 1.5276106602615773, 1.5248235808478465, 1.5228458523750303, 1.5049604564905168, 1.4689868857463202, 1.5130659570296603, 1.526454688774215, 1.5335244874159495, 1.5310459617111418, 1.5355802145269186, 1.5284157037734987, 1.5186222503582638, 1.5325081576903663, 1.5611901018354628, 1.5436951720052294, 1.566168882780606, 1.5357130676507953, 1.498343993557824, 1.5540458559989936, 1.5653594255447387, 1.5919575783941484, 1.5855653497907853, 1.5964042918549646, 1.5952704740895165, 1.6101812462011968, 1.6342323429054681, 1.6019244134426118, 1.5866726497809092, 1.5760114500919986, 1.6122235053115415, 1.5629774447944431, 1.57277045249939, 1.5750225325425466, 1.5722925818628732, 1.602680240737067, 1.5941071748733515, 1.5633245428403217, 1.5653821607430782, 1.59600016772747, 1.5763338887029221, 1.5527496890889267, 1.5511123471789894, 1.5650305185053082, 1.553046903014183, 1.490025318662326, 1.4780620806747011, 1.4554795195659, 1.4574130796723896, 1.485710652006997, 1.4606933153337904, 1.466747709446483, 1.4588728924592334, 1.4669083227713895, 1.4601240681277385, 1.4324204223023518, 1.4239530563354492, 1.4172868662410314, 1.4496236556106143, 1.442912136183845, 1.4097921888033549, 1.3986337347163094, 1.3892228037118912, 1.3790158953931602, 1.367925631668833, 1.357335189978282, 1.3656795316272319, 1.3477635542551674, 1.3338805453644864, 1.3337908486525218, 1.3248019864161802, 1.3153217027584707, 1.2969564560386875, 1.3103181640307107, 1.2967455618911314, 1.293139552407794, 1.2792857799265116, 1.268226867583063, 1.2564986069997153, 1.2372364107105458, 1.260244691040781, 1.2658856285942923, 1.2419424401389219, 1.2284159491459528, 1.1934588412443798, 1.1596750160058342, 1.2054681864049697, 1.2197925597429276, 1.2195512960354484, 1.1896962927447425, 1.1515070531103346, 1.188231302301089, 1.169897856646114, 1.192088035411305, 1.1438276499509812, 1.097323729263412, 1.1371603197521634, 1.1337019662062324, 1.1268875466452701, 1.075776394870546, 1.043370336294174, 1.0594027863608468, 1.0825284285677803, 1.0796160486009387, 1.0511421723498235, 1.021805131435394, 1.0394041713741091, 1.040915794505013, 1.0221022562848192, 1.0164297786023881, 0.9871637341048983, 1.0188416656520631, 1.0057644999689526, 1.020922365784645, 0.9957417339086535, 0.9619831505748963, 0.9793514927228292, 1.0060134367810354, 0.9935644404755696, 1.0061467064751517, 0.9959584736161761, 1.0265560242864824, 1.0292205717828538, 1.002645376324654, 0.9983079353968303, 0.9394478758176161, 0.9181681861480078, 0.9402040587531194, 0.9212048934565651, 0.9407536397377649, 0.9227261612812677, 0.9448840873108969, 0.9447652237282856, 0.9472942070828542, 0.9642372207509147, 0.9058886928690804, 0.8877805888652803, 0.9044287605418102, 0.9179635359181296, 0.8927369134293661, 0.8843774033917322, 0.898852503961987, 0.9146214703718822, 0.9221645116806031, 0.8856889532672039, 0.8803673899836012, 0.8699028899272281, 0.8691447195079594, 0.8250573827160731, 0.8277129411697387, 0.824592712190416, 0.8284827255540423, 0.8407917297548719, 0.8674433877070745, 0.830785716904534, 0.8463725626468658, 0.8566466973887552, 0.8441777772373623, 0.8519144697321787, 0.8358798066775005, 0.8343670778804353, 0.8395188268687992, 0.8346513741546208, 0.8160792168643739, 0.8260708073774975, 0.8219099422295889, 0.838493573996756, 0.8613372478220196, 0.8632354653543897, 0.810786783695221, 0.8186524036857818, 0.8516824954085883, 0.8350794812043509, 0.8744408362441592, 0.8455772933032777, 0.855645387040244, 0.8460444592767291, 0.8331784043047165, 0.8834004455142548, 0.8553405685557257, 0.8615605238411161, 0.8546298421091502, 0.8734185887707606, 0.8662831879324383, 0.8266054868698122, 0.8130606651306153, 0.8159631086720361, 0.8468530403243174, 0.860159468319681, 0.8378831671343913, 0.8350886858171888, 0.8383915483951566, 0.8389376226398678, 0.8573693613211314, 0.8897554106182523, 0.8600005086925296, 0.848428632153405, 0.8422945724593269, 0.8759467081891167, 0.8849011301994323, 0.8715661989318, 0.8411972906854418, 0.8346268994940651, 0.8410655521684224, 0.8295942498577965, 0.845434559053845, 0.8445773975716696, 0.8349262340201271, 0.870906490087509, 0.8600847866800095, 0.8687095350689358, 0.8689031634065839, 0.8619595007763966, 0.8957200010617572, 0.9282654954327477, 0.9000897596279779, 0.8693913691573673, 0.8562143365542093, 0.8958939039044909, 0.8631892071829902, 0.86770083838039, 0.8755378113852608, 0.9013556218809553, 0.9040401140848798, 0.9048627254035736, 0.9092939611938262, 0.9071600447098414, 0.8891034427616331, 0.9409953792889914, 0.9519854482677247, 0.9032947328355574, 0.9241443842649458, 0.9222844762934579, 0.9128140989277097, 0.9489669558074739, 0.9524370263020198, 0.9292336334784826, 0.9432782289054661, 0.9412262035740744, 0.9416863577233417, 0.9449520965417225, 0.9801627679003607, 0.954414227273729, 0.9675126933389236, 0.9696394602457682, 0.9528944164514543, 0.9511740787161723, 0.9764647920926411, 1.0010330620739196, 1.020579848686854, 0.9987141463491649, 0.9618685930967333, 0.9901468780305652, 0.9792772985166976, 0.9864825520250533, 1.004356313082907, 0.9996680537859595, 1.0090336908896766, 1.0002707160181468, 1.0110124491982992, 0.9965369479523765, 0.99582106338607, 1.0349256002240708, 1.0083624088101917, 1.0290233754449416, 1.050565959016482, 1.050857976410124, 1.0306141634782156, 1.0666398459010658, 1.0654800295829772, 1.0670759439468385, 1.0469075560569763, 1.0592015491591555, 1.081612822082308, 1.0869316157367492, 1.102220806479454, 1.106139963534143, 1.0667722771565125, 1.0673728287220003, 1.0517839031087026, 1.0730597211254962, 1.082470584246848, 1.0800254702568055, 1.095947473247846, 1.0557230985826913, 1.0819440460867356, 1.0855284286869893, 1.054046743445926, 1.0365630951192644, 1.0216315070788065, 1.0676105019119053, 1.0822039925389817, 1.0692873067326014, 1.0622251593404342, 1.0807752913898883, 1.0611728764242596, 1.0638234628571404, 1.0686662501758997, 1.065956491563055, 1.0718572543727027, 1.0758100781175826, 1.0390180014901693, 1.0370345370637046, 1.0212589051988392, 1.0637755284706751, 1.1061823401186202, 1.109309063355128, 1.0411276883549156, 1.0568064630031584, 1.0830788744820488, 1.0983893636200168, 1.1236753990252815, 1.1037824826108087, 1.0691946383979583, 1.0915314200851651, 1.101708270774947, 1.1048200544383786, 1.1220186061329316, 1.1021818978918925, 1.0976967685752443, 1.1081920256217324, 1.1257290091779495, 1.112896329826779, 1.1452443745401168, 1.1634319613377258, 1.178572012318505, 1.2097424603170819, 1.2523238162199657, 1.2343877779112924, 1.226966527766651, 1.1994568265146677, 1.222813073794047, 1.2204209685325622, 1.238979423377249, 1.2298043370246887, 1.2527079115311304, 1.2914138181342023, 1.29477256834507, 1.285335838794708, 1.2986099312702812, 1.3101861559682428, 1.3070283267233103, 1.3168812755081392, 1.3407044188843837, 1.3501549313465748, 1.3528254227505794, 1.3806937942902244, 1.3690741767485939, 1.3349525577492187, 1.3405349165201186, 1.357077417108748, 1.3934440947241251]}