{"latitud": 9.0513, "longitud": -74.9866, "radiacion": [3.432078678078121, 3.444748700989617, 3.380032351281907, 3.336940870020124, 3.466571050220066, 3.4591187205579543, 3.40932188630104, 3.337473683887057, 3.3799067974090575, 3.4029091755549117, 3.4000932123925955, 3.4414772192637124, 3.3776349716716343, 3.456789223353068, 3.411891706784567, 3.4725296894709268, 3.415446730454762, 3.396580685509575, 3.4175803158018323, 3.496077987882826, 3.346853578090668, 3.372454285621643, 3.3427616053157383, 3.4111398445235346, 3.397687319914501, 3.435812310377756, 3.408116943306393, 3.485053352514902, 3.5290065262052743, 3.5579600559340587, 3.5920889960394966, 3.6495780269304903, 3.577671440442403, 3.644048918618097, 3.557353301843007, 3.503456370035807, 3.6074376384417213, 3.5282090412245855, 3.64454479879803, 3.541088945335812, 3.526387186845143, 3.5813787274890476, 3.6543239500787528, 3.5829906384150187, 3.469164681434632, 3.460951840877533, 3.465606160958608, 3.529443334208595, 3.5226934631665543, 3.5374033119943413, 3.526346698072222, 3.558775062031216, 3.5501198371251426, 3.5306169523133164, 3.510934838983747, 3.6066808713807, 3.6609807663493683, 3.7097324709097546, 3.684370258119372, 3.5839912215868623, 3.6355721592903136, 3.566660106182098, 3.632091988457574, 3.6229477180374996, 3.6481127315097392, 3.692693905035655, 3.7082421077622314, 3.811607070763906, 3.759722303019629, 3.837453410360549, 3.8662144131130645, 3.883641946315766, 3.859801280498504, 3.8418345663282607, 3.7274155682987633, 3.6339817100101044, 3.7128578119807774, 3.783810411559211, 3.79931687646442, 3.784477227263981, 3.7547721889283934, 3.692959405316248, 3.8319676200548805, 3.734488529629177, 3.6781379924880127, 3.668864129649268, 3.635856387350294, 3.747420689794751, 3.6688902695973717, 3.6192503458923766, 3.6275321371025506, 3.7161243763234886, 3.769796250926124, 3.709530920452542, 3.7426139500406053, 3.7925986912515426, 3.775492473443349, 3.733410227298736, 3.6658388190799296, 3.643593434492747, 3.5461236834526075, 3.5670848846435548, 3.511983134349188, 3.6475281755129494, 3.583352841271294, 3.605524240599738, 3.6146067818005876, 3.594320550229815, 3.652584599786335, 3.6374356276459157, 3.629064087735282, 3.5073842406272875, 3.579049260086483, 3.629969080951478, 3.6094032585620877, 3.6271952655580306, 3.6015813039408795, 3.609800771872203, 3.5798801620801286, 3.6277845137649116, 3.527421079741585, 3.5626511242654586, 3.5325692382123735, 3.5672705160246956, 3.638809520006179, 3.5581364929676056, 3.614634653594759, 3.616817588938607, 3.651628200875388, 3.579357774390116, 3.488217859135734, 3.5162453922960495, 3.4214524918132363, 3.4111608783404024, 3.3713635557227666, 3.3299348413944245, 3.4431914865970614, 3.4880064268906907, 3.4630680951807236, 3.4653384036488006, 3.5110460605886247, 3.5943694710731506, 3.5406589806079865, 3.5446690758069352, 3.4715355356534334, 3.543371507856581, 3.5047415302859406, 3.562651469972399, 3.530988141563204, 3.4211211668120485, 3.414327587683996, 3.497470484177272, 3.5811400605572596, 3.5339160117838113, 3.4977489080693984, 3.5724300285180406, 3.5428316255410515, 3.6295872079001534, 3.5265486339728036, 3.5691744301054222, 3.5794467118051316, 3.5248418192068747, 3.5350342896249565, 3.5960292193624706, 3.6840598636203357, 3.716813921266132, 3.688146972656251, 3.767052704095841, 3.6906896763377723, 3.6393892910745405, 3.7824841843711012, 3.8843257692125106, 3.722857356071472, 3.7281680332289806, 3.7130736503336172, 3.8712709910339775, 3.81552851067649, 3.8232913679546776, 3.919023736317952, 3.969795471429825, 3.9405486736032693, 4.040942744414012, 4.063452667660183, 4.133832053343454, 4.098277906576793, 3.957947521739536, 4.060013433297475, 4.176813247468736, 4.176844424671596, 4.097639681233301, 4.108669612142775, 4.1181104540824895, 4.116216125753191, 4.081051225132413, 3.919025217824513, 3.8704114966922343, 3.9241452137629182, 3.976524208651649, 4.003758020533456, 4.009818232059479, 4.034940156671737, 4.018766507837508, 3.963250472148259, 4.023629208405812, 3.930341930521859, 3.9510944843292233, 3.955127569039662, 4.073904654714796, 4.128528332710267, 3.975380245844524, 3.879863136344486, 3.879952527417077, 3.9095259004169036, 3.917594158649445, 3.8216249664624526, 3.729373484187656, 3.7570226113001506, 3.9507149510913426, 3.937882501549191, 3.748786726262835, 3.675033254093593, 3.736847993400362, 3.7392332222726608, 3.7539676096704278, 3.6160373369852703, 3.632142849763234, 3.625160643789504, 3.687150515450371, 3.674073632558187, 3.537610202365451, 3.5511727081404794, 3.617603284782833, 3.613592154449887, 3.655520637167824, 3.656600211726295, 3.6307105143864953, 3.6138121048609406, 3.599155774381426, 3.6136369440290665, 3.494613944821888, 3.4564873218536376, 3.4464934057659575, 3.4678653028276236, 3.469919485516018, 3.408235058519576, 3.444386748472849, 3.414969592624241, 3.4816936638620173, 3.4851800799369816, 3.4858413431379525, 3.4672916200425887, 3.5048404581016963, 3.52447319428126, 3.4248068094253536, 3.425358243121041, 3.4107632127073075, 3.3993703246116636, 3.392096515496572, 3.2391558243168723, 3.209404142697652, 3.2666362716092006, 3.2802750613954337, 3.256772110197279, 3.1853800720638703, 3.180394891897837, 3.152430799272325, 3.1605450669924413, 3.2594273772504594, 3.1773514827092484, 3.126529513465034, 3.0635414143403374, 3.0367358154720727, 3.088399427135784, 3.0050155136320327, 2.872285999192133, 2.958000034093857, 2.971661834584342, 3.0176335414250697, 2.980834520525402, 2.9091595451037087, 2.899608418676588, 2.9095869647132027, 2.910808832777871, 2.8768918461269792, 2.9209549983342478, 2.803056458632151, 2.859200280242496, 2.794531368547015, 2.793856843974855, 2.780863985750411, 2.7005921714835694, 2.727410946951972, 2.720098306073083, 2.661518467797173, 2.742175006866454, 2.7692576216326823, 2.7933181822299944, 2.7561416990227166, 2.743455689483218, 2.728762579626508, 2.8154654800891876, 2.767403873470093, 2.737353905042013, 2.7532796369658574, 2.6974837819735207, 2.6812364028559794, 2.6607271459367534, 2.6014812562200764, 2.646220800611708, 2.584933390220006, 2.595244448714786, 2.614177364110946, 2.68492683172226, 2.698497958978018, 2.705633762147692, 2.6324094447824695, 2.6824434863196482, 2.7542754067315, 2.8337610271241935, 2.8576582206620103, 2.7836615588929923, 2.851180771986643, 2.878396142853631, 2.926016515493393, 2.8704430407947963, 2.8529009666707785, 2.908306364880667, 2.894910036193, 2.7830161730448406, 2.8170785817835067, 2.8137754903899292, 2.840225778023402, 3.0006360325548385, 3.0558029558923505, 2.9941659231980644, 3.0035033848550583, 2.9787271638711297, 2.92659269703759, 2.9646134542094345, 3.029866667588552, 3.0650613718562663, 3.0677781237496276, 3.0397274679607817, 3.081933916277356, 3.0606879638301003, 3.05590066379971, 3.0791152808401328, 3.174069947666593, 3.2080326279004416, 3.1382522397571133, 3.146320769521925, 3.1916620890299483, 3.2443460914823743, 3.2994178705745276, 3.1712899870342675, 3.1484951257705696, 3.1559873686896434, 3.158975817097558, 3.1708652370505863, 3.2409636232588035]}