{"latitud": -1.6357, "longitud": -72.6393, "radiacion": [0.9255992763572269, 0.948031304942237, 0.955380497707261, 0.9518775072362687, 0.9613882376088035, 0.9803559233744944, 0.962832107477718, 0.9867600093285244, 0.9840755429532795, 1.0143033282624352, 1.0347167902522616, 1.0036644995212558, 0.9749994228283564, 0.9807937827375199, 0.9991931137111448, 1.0117346366246542, 1.0014462957779566, 1.0009941846132275, 1.0058302760124205, 1.044295800394482, 1.0426815281311668, 1.0465780562824671, 1.0367189208666483, 1.0403440929121441, 1.0586674723360272, 1.042731421854761, 1.0286849002043406, 1.0639654172791373, 1.074339888162083, 1.0535901834567392, 1.082285147574213, 1.083618790904681, 1.0843090779251523, 1.0929665320449409, 1.117347734504276, 1.1317336695061793, 1.1135183880726494, 1.0931121395693888, 1.1008617205752274, 1.1091859396961006, 1.1275128198994533, 1.1241755816671588, 1.101685886912876, 1.1110338995854059, 1.0923732750945625, 1.110912106765641, 1.0626341190603046, 1.0785279144843425, 1.0815127952231303, 1.0655588236120008, 1.1003920356432593, 1.0659552110566033, 1.0900748805867304, 1.0501092029942403, 1.0523766143454447, 1.053934841685825, 1.0195943633715314, 1.0044249422020384, 0.9785482512580024, 0.9985105574131015, 1.036915706925922, 1.0239261786142986, 1.0217140038808186, 0.9702795777055949, 0.9784982717699471, 0.9960704611407388, 1.014624537030856, 0.989129799604416, 0.9774893982542888, 0.9634305513567396, 0.9888996531565984, 0.9922901782724591, 0.9757861958609686, 0.9676661110586592, 0.9573136025004917, 0.9643264750639599, 0.9578437851534946, 0.937451769908269, 0.9229616830746331, 0.9494209597508115, 0.9685482088062498, 0.9606565402613748, 0.9353134350644213, 0.9269018103679022, 0.917901039123535, 0.9496676064199875, 0.9282400515344408, 0.9005948778655796, 0.9179276916715833, 0.9048303948508369, 0.9252771351072523, 0.9238879313071569, 0.9189902898338106, 0.9106029040283627, 0.9280096126927274, 0.9108941011958653, 0.8949420425626964, 0.8925002564986547, 0.8605995366970697, 0.878889599111345, 0.8641888207859462, 0.8848485708236694, 0.8687228951189253, 0.8537096973922519, 0.8456402795182334, 0.8537392364607915, 0.8563464174667995, 0.8412370496326024, 0.857702714204788, 0.8531196580992807, 0.8449328627851272, 0.8612701889541411, 0.8611169175969228, 0.8394567668437957, 0.8200075844923655, 0.8519030332565306, 0.8346932239002655, 0.8484039419227177, 0.8338290486070846, 0.8511799706353083, 0.8412051184309851, 0.8291139768229588, 0.8444127728541688, 0.8090646853049593, 0.8555469731489818, 0.8592895153496002, 0.8309027807580098, 0.8827805843618179, 0.8809618178341124, 0.8855621135897106, 0.8889598800076378, 0.8603040115700827, 0.8552420487006503, 0.8184550642967224, 0.8156968024041916, 0.8104047652747896, 0.8148963335487577, 0.8199636393123201, 0.8135178738170198, 0.8172505007849802, 0.8518110636207791, 0.8674920307265389, 0.8501437124278809, 0.8166923350758021, 0.8345141553216511, 0.8670660237471264, 0.8335326595438852, 0.8285789847373962, 0.80690282980601, 0.8101884620057213, 0.852979373600748, 0.871875600020091, 0.830108588271671, 0.8259659820132786, 0.791525650686688, 0.8006712112161848, 0.8245569060246151, 0.8022571030590268, 0.8136357655127844, 0.8067116614845068, 0.8074492040607663, 0.8424652172459499, 0.8412893159521951, 0.7999356097645229, 0.7885147319899666, 0.8141137533717684, 0.8154119898875555, 0.8041371852159501, 0.7875016745593814, 0.8103914648294449, 0.8382966564761266, 0.8169129345152114, 0.819611265261968, 0.8239669574631586, 0.8317138143711622, 0.8476902541187075, 0.8438385592566595, 0.8476793067322839, 0.8640323698520662, 0.8666675921943452, 0.8574285960859722, 0.8885881725284784, 0.8684875643915602, 0.8746853205892772, 0.8607366624805661, 0.8357848445574444, 0.8670834296279484, 0.8680583152506087, 0.8745222210884095, 0.852896640698115, 0.8670784168773227, 0.9190837926334803, 0.8834899587763679, 0.842158748043908, 0.8887893825769423, 0.9132387654648891, 0.8958542731073167, 0.9033510194884405, 0.8563198046551811, 0.8976733499103121, 0.8914830111795004, 0.9102893998225529, 0.9309281537930171, 0.9555858737892576, 0.8930626316203011, 0.9192736986610622, 0.9640102432833778, 0.9683249841133752, 0.9523361702760059, 0.9132311105728149, 0.9396567934089236, 0.9538472933901682, 0.935137660635842, 0.9465855631563397, 0.9324888375070358, 0.943826533357302, 0.9710809932814706, 0.9728154718875883, 0.9710443112585282, 0.9253503882222708, 0.9681699120336108, 0.9797395808829202, 0.9846549262603123, 0.968234418498145, 0.9369647350576183, 0.9679714226060443, 1.006263441509671, 0.9884961068630219, 1.00670464237531, 0.9729506181346047, 0.9954564528332818, 1.0200002607372067, 1.0173152685165407, 0.9947965400086507, 0.9735391679737305, 0.9712222711907493, 1.0005276408460404, 0.9715674036078981, 0.9835639311207665, 0.9884034627013735, 1.0240572674406896, 1.0008675744136173, 1.0156859632995394, 1.0172675897677743, 0.9993941161367631, 1.0032348821560544, 1.0115561442242724, 0.9946764306889645, 1.0086446742216746, 1.0116019666194918, 1.0059873580932621, 1.0259806222385828, 0.9888375358449087, 0.9876476264662214, 0.9885501798656259, 1.0113690998819147, 1.038647947708766, 0.9722444186608, 0.964088503850831, 0.9729463501109016, 0.9865750322739286, 1.0066011269887285, 1.0042643235789404, 1.0209891127215496, 0.9697182065910765, 0.9890915297799637, 1.0145779689153038, 1.0080859637922714, 0.9764243165651955, 0.9887344443135792, 0.9966130773226421, 1.0130863361888462, 1.0026876863506107, 0.9836311890019314, 0.9618102537261114, 0.9969675497876276, 1.004406523042255, 1.0237587710221607, 0.9675758411486939, 0.9729143126143351, 0.9798055125607386, 0.9736503909031552, 0.9640114569001726, 0.9432422465748257, 0.9681538893116842, 0.9636878391106926, 0.9628920286893844, 0.9779421670569315, 0.9428721947802439, 0.9116158995363447, 0.9155091491010457, 0.9694348295529686, 0.9442162536912493, 0.8839603076378505, 0.9276700523164537, 0.8856248577435811, 0.9075882010989718, 0.9270089844862617, 0.9067594117588467, 0.8936372727155687, 0.8892332080337734, 0.9302396688196392, 0.9166836274994742, 0.8877271744940017, 0.8701440831025441, 0.8768750713931189, 0.8991966572072769, 0.8874872346719106, 0.862664704852634, 0.8472371366288924, 0.8598355677392747, 0.855411594774988, 0.8795102020104727, 0.873928655187289, 0.8556034952402115, 0.8512197666698033, 0.8534895992941327, 0.8360684093501835, 0.8913265741533705, 0.8479245126247407, 0.828263560268614, 0.850687501827876, 0.867336807317204, 0.8437104238404172, 0.8591065635283789, 0.8470299651225407, 0.8611937466594908, 0.8436199208100638, 0.8312837451696397, 0.8269068972931969, 0.8309840851359898, 0.8464178393284478, 0.843568124373754, 0.8525081362989213, 0.8471175736851162, 0.8630802833371694, 0.8621612479289373, 0.84448740945922, 0.8540797627634471, 0.8634030203024544, 0.8731310456991196, 0.8805784950653712, 0.8818099177545973, 0.8806086689233781, 0.8959310346179538, 0.9073605808946822, 0.9052950484885108, 0.9111328803830677, 0.9012978037198384, 0.8928082234329647, 0.9183757043547098, 0.916793046726121, 0.9153744972414444, 0.8916496349705589, 0.9210506283574634, 0.9384227848715252, 0.908940414587657, 0.918637834654914, 0.9237034175131053, 0.9319652189811073]}