{"latitud": 5.0121, "longitud": -76.2907, "radiacion": [1.5978251622782815, 1.5562497264809079, 1.5568608204523724, 1.5592227399349214, 1.5729466358820599, 1.575821575191286, 1.5882155829005766, 1.5953514390521581, 1.5826243115795986, 1.5935956252945787, 1.6139472888575657, 1.609760604964362, 1.6132818731996752, 1.6052114705244698, 1.6133926530679057, 1.5581116060415898, 1.579290101925532, 1.5674147983392082, 1.5996882253222993, 1.6015148520469669, 1.610789677831862, 1.6260351803567674, 1.5684747947586908, 1.6117697311772246, 1.601163842280706, 1.5696401543087433, 1.5826832678582934, 1.5721929709116615, 1.6170524540874693, 1.5784216781457268, 1.6150483287043051, 1.6260991533597304, 1.6339111202292973, 1.628866341378954, 1.6171915491422013, 1.649752861923642, 1.6442981481552117, 1.61526017387708, 1.6030997849173014, 1.61935789320204, 1.6100775327947403, 1.5874848948584666, 1.5793007082409325, 1.5904006196392908, 1.617248872915904, 1.6089452286561325, 1.6168286926216544, 1.612002482679155, 1.6009587446848548, 1.554747986462381, 1.5579032844967313, 1.5546131610870366, 1.5874184370040891, 1.575969169537226, 1.614033450020684, 1.5962564428647361, 1.5794974015818706, 1.5400578922695587, 1.5892568541897676, 1.5842722521887886, 1.5565087305174934, 1.5501153892940944, 1.5981597940127052, 1.5469536463419598, 1.5466707100470864, 1.5824324859513175, 1.5727505226929976, 1.5887087305386862, 1.5757009870476189, 1.5807044559054904, 1.580088158448537, 1.572827206717598, 1.5626276055971786, 1.54603696068128, 1.5324906673696308, 1.5206334451834358, 1.5280958977010517, 1.4995634410116405, 1.5012741860416199, 1.510745475027296, 1.5512457887331645, 1.5412512944804295, 1.5112099495198992, 1.5158025834295488, 1.5205718292130364, 1.5082376271486277, 1.5127439651224348, 1.4799799799919129, 1.4814813176790873, 1.4797881325085955, 1.4832724723551012, 1.501388518015543, 1.4599697437551296, 1.49326986140675, 1.4786342104276027, 1.4989379439089028, 1.4724072337150578, 1.4713969568411507, 1.4624612470467884, 1.4258020712269677, 1.427660659286711, 1.401865130331781, 1.4319262425104782, 1.4512738982836402, 1.4109810693396472, 1.4373227205541401, 1.4455806904368929, 1.4173784693082174, 1.4547792878415848, 1.4648462937937852, 1.4391947666803997, 1.4156290736463342, 1.471997031900618, 1.4258899953630235, 1.4599558303753541, 1.416766773992115, 1.4485679162873162, 1.4422530505392288, 1.4535927573839824, 1.4619301127062903, 1.4287151402897298, 1.4248645921548206, 1.427424222230911, 1.4311691469616357, 1.4058672851986358, 1.3943488419055934, 1.402372279432085, 1.4029472159014809, 1.4012267003456753, 1.4092534141408073, 1.4132380955749086, 1.4074389219284058, 1.4112362623214725, 1.4047598487801025, 1.3667273210154642, 1.419084124432669, 1.4217927674452466, 1.4083868576420675, 1.4414980206224655, 1.434503538409869, 1.4266553613874648, 1.4062547352578907, 1.3856753246651756, 1.4477330830362105, 1.4241477078861655, 1.4048094703091518, 1.3772709233893294, 1.346803304221895, 1.3873323910766182, 1.4273704449335736, 1.4488104608323844, 1.3917264103889464, 1.410336887174183, 1.3752786705891296, 1.4021265582905877, 1.4245903717146982, 1.4296477215157617, 1.355914339423179, 1.3938009626335568, 1.425064744551977, 1.4133423070112865, 1.4320840530925327, 1.3908170676893654, 1.3839090880420473, 1.386988530556361, 1.425439607434803, 1.4168184684382548, 1.4228187938531238, 1.4143713278902894, 1.4145221448606915, 1.41157366236051, 1.3822311109966696, 1.3992351942592192, 1.399582099252277, 1.450986756549942, 1.4302914546595682, 1.4276214122772215, 1.4316263265079916, 1.4749377982483975, 1.4674690637323586, 1.4456518984503217, 1.395768686466747, 1.4369819435808402, 1.4662898964352078, 1.463229721784591, 1.464851921796799, 1.447414104806052, 1.4531427575482265, 1.4477427058749732, 1.440993935200903, 1.4692004296514725, 1.4782807489236196, 1.4725089569886523, 1.4633425480789606, 1.460556745529175, 1.455429127481249, 1.4568645947509336, 1.4077537245220615, 1.4341523372464706, 1.4482689864105651, 1.480173836151759, 1.4706850343280369, 1.5104555567105613, 1.453261282046636, 1.4819823933972245, 1.4617809898323484, 1.4628704627354938, 1.4672578334808348, 1.4997233702076802, 1.4741776168346412, 1.4637936645083958, 1.460476306411955, 1.470199305481381, 1.4996306757132212, 1.5003936628500625, 1.4694946746031448, 1.4859859029452007, 1.4862129304144123, 1.4942627661757995, 1.5102263914214238, 1.4778105722533335, 1.4945103208223973, 1.489497184753418, 1.491913000742594, 1.4988809088865918, 1.5196824544005931, 1.4928353581163618, 1.4926011754406818, 1.4868324471844565, 1.4909170892503527, 1.491336315870285, 1.4988094614611729, 1.479297210110559, 1.5003410246637132, 1.5358500076664816, 1.5283176567819385, 1.5289607147375752, 1.5007648487885792, 1.5075022372934554, 1.4998356004556024, 1.4996421813964844, 1.5096573180622528, 1.5238174087471432, 1.5345175279511347, 1.4898180286089575, 1.502508366107941, 1.487441426515579, 1.5107186357180273, 1.4748822205596503, 1.5211383203665407, 1.499874538845486, 1.4847716278500027, 1.4921468999650749, 1.4924795475271015, 1.489196452498436, 1.532902103662491, 1.499166796604792, 1.504000159104665, 1.5012714187304177, 1.535362386703491, 1.5324797756142094, 1.5285088664955564, 1.471614216102494, 1.4881422287887993, 1.4984422855907022, 1.4724625825881956, 1.48317918115192, 1.4832916160424554, 1.4779157022635145, 1.4813832475079431, 1.4579790549145804, 1.4471657110585106, 1.44940513935354, 1.4693729182084407, 1.4681382248799004, 1.4869271953900653, 1.4660220397843255, 1.4228878392113582, 1.44663837618298, 1.431531262397766, 1.4351168599393633, 1.4457739280329818, 1.4300740788380308, 1.4363750808768796, 1.4127678745322756, 1.4346706714895037, 1.4156896104415253, 1.4011747337049905, 1.364034831523896, 1.384505277209812, 1.4048404620753383, 1.382088278399574, 1.430202404658, 1.3925347901052902, 1.4230939322047762, 1.4284988019201492, 1.3835464133156676, 1.4019881897502469, 1.4139185180266693, 1.4022186779313621, 1.4217436174551648, 1.4142079760630926, 1.3889298657576246, 1.3614940881729127, 1.369823138250245, 1.3791054109732306, 1.3766914546489717, 1.377290917105145, 1.3597052173482052, 1.325351968738768, 1.335453053315481, 1.369389977388912, 1.3764729297823377, 1.402960814370049, 1.3953993976116177, 1.4689478079477942, 1.4452754272354973, 1.4251027233070797, 1.425995103518168, 1.429341222842534, 1.4479443934228682, 1.4359354303942784, 1.4663977252112492, 1.423484894302156, 1.455836091438929, 1.4346906642119086, 1.4338141616847784, 1.3970068411694638, 1.4707389394442245, 1.4199663725164207, 1.4234404212898681, 1.4712965144051449, 1.4327815175056464, 1.4495824042293766, 1.4078853434986538, 1.4281502627664142, 1.4516788787311974, 1.4262781335247885, 1.5024977568123077, 1.5066691981421576, 1.4732898347907597, 1.4866419169637888, 1.5097525841659971, 1.472563553849856, 1.5125350640879738, 1.4994629813565148, 1.50293203526073, 1.4471794598632386, 1.5079575657844544, 1.5226415190431808, 1.5189658701419828, 1.5528824223412407, 1.513254327244229, 1.4964026576942864, 1.5257305893633104, 1.5275887641641832, 1.5267244544294145, 1.5060381723774803, 1.5157938294940536, 1.52048009733359]}