{"latitud": 2.3003, "longitud": -76.0043, "radiacion": [2.62138675848643, 2.5981170296669003, 2.6263548440403413, 2.5905242615275914, 2.5710610654618997, 2.5689828872680667, 2.5768775529331633, 2.6089547329478795, 2.59861847029792, 2.600711062219408, 2.576643375555675, 2.566098744339412, 2.595697279771169, 2.601201844215393, 2.5983301719029748, 2.6329436818758647, 2.6390213131904607, 2.6274813373883554, 2.6403845773802863, 2.611266696453095, 2.6112374299102363, 2.5972896542814046, 2.6168549140294393, 2.643925670782725, 2.641073020299275, 2.630790827009413, 2.6265308313899567, 2.616156554222108, 2.644524191485511, 2.6388593733310706, 2.637341384092967, 2.6267469525337233, 2.710398609108395, 2.6937705477078757, 2.667168238427904, 2.674819009833866, 2.6342156993018255, 2.6461075213220386, 2.663683894607756, 2.684368545479245, 2.6529901332325396, 2.660648583041297, 2.670542274581061, 2.6606573608186515, 2.645577669143677, 2.6238585445615983, 2.676306915283203, 2.6921917186843025, 2.6787257817056456, 2.737584612104628, 2.7284980442788864, 2.752854014767541, 2.7627538071738353, 2.731247863504622, 2.718793674310049, 2.698391064008078, 2.667044790585836, 2.669720893436008, 2.671991452905868, 2.6523839486969845, 2.6679839915699426, 2.6918377319971722, 2.6893809477488198, 2.7016474008560185, 2.7203793406486505, 2.7336313578817584, 2.7347840329011284, 2.7406925360361734, 2.705278352896373, 2.735458909140693, 2.7082117405202655, 2.6980073822869195, 2.708651245302624, 2.6979533314704898, 2.6726696544223363, 2.7112503005398647, 2.7152849568261037, 2.7159027662542132, 2.7141501459810478, 2.7011062456501858, 2.6951050221920014, 2.669223311212329, 2.6838410708639358, 2.6432347946696813, 2.596889480617311, 2.5868951155079736, 2.5824796636899308, 2.535759638415443, 2.529668169551425, 2.532581429349052, 2.5007963743474755, 2.477137166923948, 2.4901610791683204, 2.514961566527685, 2.499815164672004, 2.4801524062951406, 2.463431803385417, 2.449902784162097, 2.435143796602885, 2.4172346300548977, 2.3277349266741005, 2.3187484211391873, 2.330399317211575, 2.365437535444895, 2.3160318871339167, 2.3547375195556213, 2.3344600405957965, 2.2896038015683495, 2.3300168375174204, 2.318363305595186, 2.2546014315552187, 2.2931874765290154, 2.2432380331887143, 2.1978024529086224, 2.197151082091862, 2.168019666936662, 2.154383683204651, 2.1422107517719264, 2.140212758382162, 2.140715254677667, 2.116808248890771, 2.1290131012598676, 2.1389982925521, 2.06559282011456, 2.035973036951489, 2.0963549594084423, 2.049698113070594, 2.0446707301669655, 2.0751844935946995, 2.0664116568035555, 2.027946650319629, 1.9763500101036497, 1.989883170525233, 1.9792474018202892, 1.9521975874900814, 2.0056476751963292, 2.0470854467815824, 2.0667732179164893, 2.0518804927666987, 2.0115521490573887, 2.0469240698549487, 2.067346125178867, 2.004464055432213, 1.9979794806904259, 2.009616423977745, 1.9786822550826597, 1.9383333027362817, 1.9724899801943032, 1.981632511483298, 2.0170417891608348, 2.032249141401715, 2.047086920340856, 2.0422149479389198, 2.015551600191328, 1.9920147922303937, 1.9907236132356854, 2.0072893341382336, 2.0336100094848213, 2.0431347800625694, 2.027006018161774, 1.9819144864877065, 1.9931430233849425, 1.989640972349379, 1.9829362405671018, 2.038005293740167, 2.028458177381092, 2.0226888868543837, 2.0390404370095996, 2.0639657179514574, 2.0563432633876797, 2.0558521072069795, 2.0935396174589793, 2.038571863704258, 2.009883605771595, 2.0718101316028172, 2.1165410962369706, 2.119499284691281, 2.099970069858763, 2.161890305413141, 2.139389642741945, 2.1481853690412316, 2.105236432287428, 2.0716023716661667, 2.096097081899643, 2.1831824322541555, 2.1250569264094037, 2.060313569174873, 2.1369669814904526, 2.097865127192603, 2.0750141700108844, 2.0829409923818383, 2.0714650650819144, 2.0547634820143377, 1.98194642663002, 2.0027146054638756, 2.060249941878848, 1.9493220627307888, 1.9312150948577458, 1.9293007519510053, 1.9390632854567638, 1.9438558015558451, 1.9753645088937546, 1.9711910605430607, 1.9386596116754753, 1.9815298279126485, 2.021383944484923, 1.9727009137471516, 1.9482622689670992, 1.929865615897708, 1.9469376266002651, 1.9491444859239788, 2.023555431101057, 2.0211213078763746, 2.027034875419405, 2.020517349905439, 1.9982934521304234, 2.0326799227131738, 2.0558456341425573, 2.020204630162981, 2.0113839546839394, 2.0018850856357147, 2.02728980117374, 2.036324271890852, 2.0554297586282084, 2.0604879670672944, 2.0353912638293377, 2.0104848894808023, 2.028186053037643, 2.0260236773225997, 2.044151220719019, 2.0628357357449, 2.0699450665050088, 2.114343025286992, 2.0948488593101495, 2.1371409091684552, 2.130476931068632, 2.1774706125259393, 2.1995936764611135, 2.214236853520075, 2.160790438784493, 2.103602015309864, 2.1408234046565164, 2.1260197414292232, 2.119380714495977, 2.097582216395272, 2.1281438271204633, 2.179129321045346, 2.1496464245849185, 2.185528192917506, 2.2022019856505923, 2.225672974189123, 2.2276530245939896, 2.245804153548347, 2.236817844708761, 2.2412385086218514, 2.213370864921146, 2.2250657783614263, 2.2565094259050156, 2.269793980651432, 2.3152083648575683, 2.3172104524241557, 2.2469810525576275, 2.219245205322901, 2.239394871393839, 2.2362777935134037, 2.213322135474947, 2.221691679292255, 2.2249717533588416, 2.2513038059075674, 2.301349891556634, 2.2875570846928492, 2.2900853640503356, 2.3129537761211396, 2.3559039579497445, 2.381821466154522, 2.333185315132141, 2.333551332023409, 2.334548928340276, 2.3158906956513725, 2.3348736524581915, 2.357554664876726, 2.3270798054006363, 2.3658896578682795, 2.3322374727990898, 2.3397957271999785, 2.3482431087228988, 2.3202748318513238, 2.2763346148861783, 2.298793237739139, 2.3750245942009816, 2.3704886754353844, 2.3953083091311993, 2.388658426867591, 2.3811695595582325, 2.4290340714984473, 2.373040980100632, 2.372810310125351, 2.4026734941535532, 2.4288135568300886, 2.396982439359029, 2.361575600173739, 2.367004917065302, 2.3466253274016906, 2.3707534299956436, 2.321819160381953, 2.361108972628911, 2.367578345537185, 2.364285302824445, 2.379848959048589, 2.351590706904729, 2.343798661231995, 2.343877771165636, 2.282742204268773, 2.3275456070899962, 2.3757613864209914, 2.3922606017854475, 2.352584401104186, 2.335808771186405, 2.337859712044397, 2.395251750946045, 2.4213438378440006, 2.400031239456601, 2.412610369920731, 2.4230850239594783, 2.450026579697928, 2.4364827063348566, 2.38402715060446, 2.431154871649212, 2.464588700400458, 2.478800098101298, 2.502219216028849, 2.475853345791498, 2.5029820250140307, 2.514634372128381, 2.5106105062696673, 2.4945715023411648, 2.4787812987963367, 2.4705173128181035, 2.508212596840328, 2.502620372507307, 2.495409597953161, 2.4803346726629467, 2.480544786320792, 2.5165609386232166, 2.5081362538867524, 2.47578803035948, 2.507316983408398, 2.5073993643124903, 2.5121984640757247, 2.5561730305353803, 2.5383866826693224, 2.5698063426547586, 2.6140502611796066, 2.5734372165468007, 2.5658256802293997, 2.5298404951890308, 2.542575779888365, 2.573912334442138, 2.577284485763973, 2.57418945365482]}