{"latitud": 10.4513, "longitud": -73.6392, "radiacion": [5.205920943948959, 5.231230314572653, 5.197419299019708, 5.105186839898428, 5.1763324843512635, 5.055439827177259, 4.943728918499417, 5.045696975125206, 5.1097549597422285, 5.134722391764323, 5.148826942178938, 5.209635180897183, 5.130868921014998, 5.050909838411543, 5.047411121262445, 5.058530622058445, 5.125622865888808, 5.0792523940404255, 5.145163261890411, 5.058859429094526, 5.008564963605668, 5.061245312955644, 5.074207892682817, 4.9276411864492635, 4.948138638337453, 4.945918430222405, 4.9867265674803, 4.971077501773834, 5.137520693408119, 5.416251329580942, 5.514431888527341, 5.526920441786448, 5.319572291109296, 5.31718296872245, 5.231276006168788, 5.271083060900371, 5.17260358730952, 5.097489715947045, 5.172603856192693, 5.153739098707834, 5.134155021773443, 5.250610368781621, 5.157037219736312, 5.062805828783248, 5.015757433573405, 5.047314996189542, 5.007668316364288, 4.929351369539897, 4.943691300021278, 4.973589942190382, 4.906838046179877, 4.85866821606954, 4.8405649211671635, 4.776034923394521, 4.939402405420939, 4.93286568986045, 4.975815215375689, 4.998967097865212, 5.024520153469509, 5.016330389181772, 4.951139244768354, 4.866740695635477, 4.9621289743317485, 5.00269459353553, 5.234560873773362, 5.368179143799677, 5.392837271425459, 5.228450045320723, 5.1751738760206445, 5.20474639336268, 5.160653686523436, 5.230674923790826, 5.271528728802999, 5.238096112675137, 5.10181725025177, 5.055375158786774, 5.1410727288987905, 5.126711863941616, 5.048298512564766, 4.985414225525327, 4.951259164015452, 5.025668954849244, 5.050975245899624, 5.001003473334841, 4.940378328164418, 4.98747617006302, 4.915100363890331, 4.989941291676627, 4.987529485755496, 4.887921942604913, 4.853573098447588, 4.91423019501898, 5.029142804940542, 4.997251821888818, 5.061283139387766, 5.060196913613214, 4.94849126206504, 4.897467829121484, 4.954098215368059, 4.922912138038211, 4.901739749643538, 4.824632790353562, 4.764928325017293, 4.822513380315569, 4.832311364014943, 4.856132034460703, 4.945433909363217, 4.903747145997152, 4.9119651661978825, 4.994017516242133, 4.906848911444347, 4.847303415669335, 4.81091463830736, 4.937101013130612, 4.910027582777871, 4.856568795442581, 4.880148996909459, 4.846501647101509, 4.956851201587254, 4.972696724202898, 4.86568392780092, 4.8341586086485115, 4.817576626936595, 4.880282717280918, 4.9401057587729555, 4.932625422875085, 5.074862712621688, 5.080555325746536, 5.07819483478864, 5.008092200756072, 4.893633664978875, 4.849645790788863, 4.787749437491098, 4.802564594480727, 4.842837936348386, 4.741687828302383, 4.705312705702252, 4.872981422477298, 4.90353312889735, 5.0041537125905355, 5.055985194444656, 5.067133484284084, 5.077799959977468, 5.069469120767381, 5.025993846522437, 5.0187746432092455, 5.0084469212426095, 5.02035125626458, 5.013631781604555, 4.997523057460786, 5.05024343331655, 5.10268005794949, 5.300121910042233, 5.261452455653084, 5.206961678796344, 5.268143378363717, 5.215846988889906, 5.301853562063641, 5.265922473536598, 5.395371146996816, 5.329219547907512, 5.286792315377129, 5.363890914122263, 5.340745846430461, 5.492431443267397, 5.536230858167013, 5.601002254750994, 5.65436338186264, 5.614044936498007, 5.519561783472697, 5.5528740167617805, 5.655710734261407, 5.67764191362593, 5.673469720946418, 5.7553112599584795, 5.835102739599016, 5.7913336131307815, 5.970821760760413, 5.985670309596592, 6.131203548113505, 6.1868542114893605, 6.143282413482666, 6.157656411329904, 6.260302523771922, 6.163069772720337, 6.021048392189873, 6.1499282373322375, 6.228448989656236, 6.127428717083401, 6.0380724800957575, 6.062392248047722, 6.139781811502245, 6.122284433576795, 5.987772520383198, 5.985418918397691, 5.880505298243627, 5.881995964050293, 5.902434607346854, 5.771776571538713, 5.74437267780304, 5.95101138220893, 6.006630619366963, 5.960516852802701, 5.88836744096544, 5.756055238511827, 5.906026604440476, 5.869987686475118, 5.915545452965631, 5.883140589131249, 5.892554452684191, 5.823587499724494, 5.827759216891394, 5.818126975165473, 5.79287179046207, 5.659194033675725, 5.674492740631103, 5.756884744432237, 5.845413451724582, 5.850324440002441, 5.699888066450755, 5.68313513464398, 5.655043680138058, 5.715895553429923, 5.719881733258565, 5.5589737123913245, 5.521632610427008, 5.601876065466139, 5.508072610696156, 5.526403531763289, 5.470150233639611, 5.407171220249601, 5.484422798951467, 5.5624120328161455, 5.5371466994285585, 5.570431660281287, 5.661936582459344, 5.671813389990066, 5.598542045222389, 5.455941945976682, 5.352031274636587, 5.284125873777602, 5.336183374457889, 5.316782400343153, 5.193761050701142, 5.1540393763118315, 5.127931139204238, 5.044509156545004, 5.124776813719008, 5.105811353524526, 5.187192681100633, 5.1637884762552035, 5.131216898229387, 5.141881966590881, 5.0390054967668325, 5.085444176197053, 5.194437605804867, 5.134446548091041, 5.001612530814278, 4.738496527406905, 4.709737526045905, 4.81321969429652, 4.909099903371599, 4.7319228053092965, 4.666136495272318, 4.633198124832577, 4.622568567593894, 4.676617197195689, 4.5916690455542675, 4.531518814961115, 4.527486948172252, 4.492806166410446, 4.4031365275383, 4.394979461034139, 4.248415795962016, 4.286102862490548, 4.427728903955883, 4.479020256466336, 4.360199263360766, 4.353770967324574, 4.35640116598871, 4.149836860762702, 4.176044440931744, 4.185287021928363, 4.125685544146432, 4.116070514917374, 4.034820471207301, 3.9579038348462845, 3.947528839773602, 3.9767552018165575, 3.9858918686707807, 3.974576307667626, 3.9414368483755324, 3.8899076766437957, 3.7872355924712284, 3.8670451713932885, 3.8835678398609166, 3.8621604429350955, 3.840167417791155, 3.9413775338066954, 3.887420765558879, 4.018202375703388, 4.069662010007434, 4.027659214205213, 4.044110802809397, 3.9375511017110614, 3.8188745525148184, 3.8401052819357973, 3.898148559861712, 3.83692832522922, 3.7091768595907424, 3.7273977041244497, 3.9168448653486045, 3.909765615728166, 4.012341503964531, 3.9934856434663133, 3.914365490277609, 3.8937329080369736, 3.9981817119651364, 4.12756111158265, 4.2373657584190365, 4.259739255242878, 4.3664127402835415, 4.339499056339264, 4.305818225277794, 4.18693208363321, 4.224995979997847, 4.488110080030229, 4.424360141489241, 4.3352933459811736, 4.250130963325501, 4.35354957845476, 4.397995193137063, 4.554263998402489, 4.65879526005851, 4.651362787352668, 4.621761707464855, 4.538708633846707, 4.568963135613335, 4.653961910141838, 4.637155311637454, 4.66132238176134, 4.521545403533512, 4.630799954467349, 4.710250563091702, 4.815960099962022, 4.779240237341987, 4.835146726502313, 4.879196272956, 4.794058966636658, 4.899014707406361, 4.946611846817863, 5.034149568610721, 5.113321137428284, 4.975507704416911, 4.794216820928785, 4.732305728064643, 4.7868595679601045, 4.7542117158571875, 4.966211464669969, 4.873888908492194]}