{"latitud": -2.3275, "longitud": -72.0638, "radiacion": [0.9200172030263479, 0.9218798574474122, 0.9288609286149342, 0.9577704370021819, 0.9248565918869444, 0.9587919281588663, 0.9535247984859678, 0.9630012197626964, 0.9586866796016693, 0.9832342104779354, 1.001961873306169, 0.9760614928272036, 0.940044086840418, 0.9502689606613578, 0.9719022820393247, 0.9907587435510425, 0.9824612289667128, 0.9922830118073359, 0.98489388525486, 1.0095651434527502, 0.9945086012283961, 1.012997286187278, 1.029303949409061, 1.0074552055862214, 1.013070017430518, 1.0125240597460003, 0.9925721539391416, 1.0287174284458163, 1.0390700280666352, 1.0440236535337235, 1.0623276064793268, 1.0478707164525984, 1.0609802567296558, 1.0678424997462168, 1.0994449337323504, 1.1042375630802577, 1.088782704538769, 1.0804087291161222, 1.0743007312218344, 1.0659290850162508, 1.0975078867541423, 1.0922083384460877, 1.0846797784169515, 1.092177521520191, 1.0574544601970253, 1.0794808963934586, 1.0695168664058057, 1.0601415465275446, 1.0755536559555268, 1.04772838751475, 1.0919313851330015, 1.0810842368337843, 1.054185812340842, 1.0370900117688715, 1.037851023674011, 1.0335576173332002, 1.0183481305837632, 1.0182008624076844, 0.9609751691420874, 0.9861147522926328, 1.011191232336892, 1.012186885211203, 1.0154977420965832, 0.9596794992685315, 0.9771385732624268, 0.9804013182719546, 1.0290239549345441, 0.9765835076570509, 0.98549822833803, 0.9670819424920613, 0.9866474671496285, 0.9902368797196289, 0.9831541617711381, 0.9877823885944155, 0.9804417212804158, 0.9778895268837613, 0.9634121100107828, 0.940744772553444, 0.9363976144128374, 0.9512881924708686, 0.9868471089336607, 0.9373501307434506, 0.930996486544609, 0.9124548170301647, 0.9052536136574214, 0.9200549072689483, 0.9549915826982923, 0.9145515541235604, 0.9060556338893044, 0.9270063314172953, 0.9144700669580036, 0.9270448598596785, 0.8964427305592428, 0.8949227664205762, 0.9082116110457313, 0.9298546721537907, 0.9060876001914342, 0.8846368564499749, 0.8597506033049688, 0.8779657675160303, 0.8557658430602816, 0.8746673001183404, 0.8888377070426939, 0.8558689882357914, 0.8411351213852565, 0.8773612211147942, 0.872442595826255, 0.8261100931300057, 0.8567382226387661, 0.858554117878278, 0.8767360899183486, 0.8724976268079546, 0.8526120152738358, 0.8649516221549773, 0.8360994156863953, 0.8576817442973456, 0.8405697229835721, 0.85150791241063, 0.8626843657758503, 0.852613744801945, 0.8337280104557673, 0.8346677621205648, 0.8353626350561778, 0.8067732536130481, 0.8555778235197069, 0.8589669436216353, 0.8527346071269776, 0.8966619508133994, 0.87958635158009, 0.8866647392511368, 0.8872781587971582, 0.8747119175063237, 0.8619714508454003, 0.8232350326246684, 0.8264175842205682, 0.8202432649003134, 0.8132671856217916, 0.8320398774411943, 0.8157255924410288, 0.8086918112304478, 0.8842467907402249, 0.893315291735861, 0.8528005811903213, 0.8257273766729566, 0.8524230281511942, 0.8650561918814977, 0.8322045071257483, 0.8154917693800398, 0.8050758067104553, 0.8288978715737662, 0.8611899319622252, 0.8672738247447543, 0.8496704426076676, 0.8235868672529857, 0.7842045807176167, 0.8013620618316861, 0.8247122678491806, 0.8036457389593125, 0.8180782132678561, 0.8038535970780587, 0.8221289730734295, 0.8423459516631233, 0.8384022371636498, 0.7975260850456025, 0.8014710389905507, 0.8223472383287219, 0.8221988843546973, 0.802113516132037, 0.78737176656723, 0.8287202096647687, 0.8498791565497718, 0.8241893457041846, 0.8207495950990253, 0.8318168073892593, 0.8414293729596669, 0.8497923086086908, 0.836764090922144, 0.8469348546531467, 0.8662792050176197, 0.8754862762159771, 0.8623984922965371, 0.9154464698500101, 0.8928564959102205, 0.8681057165066401, 0.8409988221195008, 0.8511912087599437, 0.8782316737704808, 0.895080887609058, 0.882081772883733, 0.8584739519490135, 0.9015097820096548, 0.9191351979970931, 0.8867235389020708, 0.8621925317578846, 0.8972795152001912, 0.9142443888717228, 0.9195868369605806, 0.9086715820762846, 0.8805079350868864, 0.9103161470757591, 0.9079569048351713, 0.944945147964689, 0.9475007047255831, 0.978777857621511, 0.9161137521266935, 0.9377910157044728, 0.9673099070787431, 0.9798567314942677, 0.9678161511818567, 0.9531777679920196, 0.9630974743101336, 0.9873766673935785, 0.9759467800458278, 0.9501310312085685, 0.9579702996545366, 0.9739103655020398, 1.0021427942646872, 1.0034824666049746, 0.9949146919780305, 0.9677533646424612, 1.020693064398236, 1.0263483726316027, 1.0215822875499725, 1.001835701862971, 0.9784253726402922, 1.0128009806076683, 1.0204071750243504, 1.0455015894439483, 1.0411514206065071, 1.0070519980457093, 1.0246035503016577, 1.0421202775504856, 1.049206368128459, 1.029443665676647, 1.0046274486515259, 1.0276040948099558, 1.026442892021603, 1.028340300586489, 1.0119295769267613, 1.027454295423296, 1.0580797096093495, 1.0477034952905442, 1.0365739643573761, 1.0439625832769606, 1.0215735508335964, 1.0377316395441694, 1.036730953719881, 1.0293739474482009, 1.0450291888581384, 1.0425004326634937, 1.0457076284620492, 1.039875141448445, 1.0210370437966447, 1.0122531612714127, 1.0129338214794796, 1.0141430311732818, 1.0521884593698714, 1.0235678255558012, 0.9977137770917678, 0.9767685585551793, 1.0099055051803594, 1.0299617893166013, 1.0405748407045998, 1.0359299600124363, 1.0126223203208713, 1.0518227742777928, 1.0543959670596648, 1.0301922914054658, 1.0194713724984064, 1.0143463528818555, 1.0438812199566099, 1.0550184590948957, 1.0404995792441896, 1.026242955525716, 1.0135609192980664, 1.0227366301748486, 1.0501191725333532, 1.042606649465031, 1.0161073774099347, 1.00929054485427, 1.0064537266890206, 1.0142776221036909, 1.0073249055279625, 0.9696877565648819, 0.9978786150614422, 0.9916665895117655, 0.9995368987321852, 0.999625825219684, 0.970845170153512, 0.9608337567912208, 0.9791917489634615, 1.0301977392699981, 0.9833022286494573, 0.9262598706616295, 0.9756877339548535, 0.9176068600681094, 0.9193055490652723, 0.9576983163754146, 0.9406075073613059, 0.9401051070955063, 0.9343069732189176, 0.9484476516644161, 0.9314878804816139, 0.9277375019258921, 0.9127593924601877, 0.9094665113422605, 0.929563409421179, 0.8827908005979327, 0.8965272135204739, 0.8656579583883287, 0.8786163558562595, 0.8935932265387638, 0.9036487976709999, 0.8974978291326098, 0.8614150053924984, 0.8620335194799634, 0.8672195335229239, 0.8514796329869164, 0.8767023596498701, 0.8595487988657422, 0.8393229686551624, 0.8509776271051829, 0.8672050307194392, 0.8406690935293831, 0.8574882361623972, 0.8502955042653615, 0.8362856040398281, 0.8536068879895741, 0.8594880660374958, 0.8418027179108725, 0.8313985294765897, 0.8578399148252274, 0.8563573284281624, 0.8626154498921501, 0.8499407599369685, 0.8550516234503852, 0.8478551821576223, 0.8591808501217102, 0.8637194047371549, 0.8429820424980589, 0.8516452779372533, 0.877224932114283, 0.8766296529107622, 0.8917147258917488, 0.893514394097858, 0.902056002948019, 0.9025702195035089, 0.8985937154955334, 0.8787789821624755, 0.9026862916019228, 0.9085489117436939, 0.8956837700472938, 0.9136124769846599, 0.882818801866637, 0.8962878714005154, 0.9334094203180737, 0.8824025286568534, 0.9115597522921034, 0.9287240564823155, 0.9112851864761775]}