{"latitud": 2.8355, "longitud": -71.1874, "radiacion": [1.542918660243352, 1.529846607314216, 1.530725463231405, 1.5386526077985767, 1.5649985210763087, 1.5715396847989824, 1.575754210021761, 1.5835706243912375, 1.5768043773041838, 1.5930989536974167, 1.6191236039002737, 1.6135316643449995, 1.5784044272369802, 1.6027593400743276, 1.60943905181355, 1.6283665498097732, 1.6261328405804105, 1.641876089572906, 1.622116153438886, 1.6159941845470007, 1.6357551210456427, 1.6469921118683282, 1.6274689522054457, 1.657453590962622, 1.6237022929721405, 1.6481024563312527, 1.6376719246308011, 1.685852739546034, 1.674408292770386, 1.6845364593797265, 1.7374388019243876, 1.722070703903834, 1.7215660280651515, 1.7225235475434195, 1.7472968207465278, 1.7215120818879874, 1.6841969960265697, 1.6781414760483642, 1.710020444790522, 1.7238536854585014, 1.6971830447514853, 1.7164241817262436, 1.7068867491351234, 1.6926616668701175, 1.6789260711934826, 1.6652604033549627, 1.6707742230759723, 1.6939238823122444, 1.6707040329774216, 1.6731390085485247, 1.6716120090749527, 1.668408370680279, 1.6399752702977926, 1.6005818784236905, 1.6084266665909024, 1.558765756421619, 1.5765198767185213, 1.6022167858150278, 1.5494836068815665, 1.5803712324963675, 1.5716414544317454, 1.5948254972696303, 1.5817445953687033, 1.553385155399641, 1.5741734203365116, 1.5764159146282408, 1.5692143877347309, 1.5791246294975279, 1.534641969203949, 1.5363063017527265, 1.5023942828178407, 1.5160639577441744, 1.4828390594985752, 1.4720590697394478, 1.4738569279511775, 1.453338187932968, 1.4499246954917906, 1.4449163383907742, 1.4905350787772067, 1.4136146194405024, 1.417957924471961, 1.398926271332635, 1.3969311085012228, 1.4088078257110377, 1.4088801751534146, 1.3685294906298324, 1.3410784241225981, 1.332946378323767, 1.3800003889534207, 1.3652751488818067, 1.35774887767103, 1.3236931135257086, 1.3031229012542302, 1.271271996365653, 1.3030650662051306, 1.313192684451739, 1.2889871564176343, 1.2700035485956407, 1.2827134764856765, 1.2840999083386526, 1.2584732701381043, 1.2671319491333433, 1.2336849225891962, 1.2259439643886358, 1.2408263577355279, 1.2252868665589227, 1.1978846099641585, 1.1725421296225658, 1.1592303107182185, 1.179722128974067, 1.1670460542043049, 1.1802365412314735, 1.1630284180243808, 1.1287384659051896, 1.1096491426229476, 1.1152808285421794, 1.0931761864158842, 1.0824949771165853, 1.081299664576849, 1.0983835111061735, 1.074524531761805, 1.0844439334339564, 1.0587964594364168, 1.0492186721828245, 1.0673976623349717, 1.0637734578715432, 1.0423812343014607, 1.044894229372343, 1.0339661015404598, 1.0818449639611776, 1.0797222422228918, 1.0655586739381155, 1.0280146777629853, 0.9809171345498827, 0.9799984349144831, 0.9902628113826117, 0.9857110569874448, 0.9760874003171921, 0.9934791346391041, 1.0101621190706889, 1.001485833194521, 0.9947266025675666, 0.9829329782062107, 0.9505993508630329, 0.9653243968884148, 0.94161316189501, 0.9445975455972887, 0.923378512594435, 0.9180088308122428, 0.9397608147727118, 0.9479944116539424, 0.9472534504201674, 0.9164279000626671, 0.9087136520279776, 0.9099892675876617, 0.9054836885796654, 0.8688434759775799, 0.8522181633445953, 0.8570922745598685, 0.8589449303017721, 0.8681422872675791, 0.8531883971558676, 0.8633765869670444, 0.8791646454069352, 0.8862889677286149, 0.8703823682334688, 0.8700643165243996, 0.8364784118201999, 0.8487406048509808, 0.8507891443040637, 0.8369465887546541, 0.8305922147300508, 0.8516761081086267, 0.8411983460187912, 0.8559172723028392, 0.8704208814435536, 0.8569564541180928, 0.835755459136433, 0.8586915810902914, 0.8698440276914172, 0.8529480927520329, 0.8696493317683537, 0.850789925787184, 0.8605320201979744, 0.858803591463301, 0.8627097338438032, 0.8750940978527068, 0.8709657294882668, 0.8761229101154538, 0.8897780855496723, 0.8969776593976552, 0.9062790582577386, 0.866240425242318, 0.8414213266637591, 0.8343561132748922, 0.850521206524637, 0.8798167536656063, 0.8322659674617979, 0.8457681089639665, 0.8506394045220483, 0.8577332857582305, 0.8521322720580629, 0.8598467144701214, 0.8819093982378643, 0.8754392266273497, 0.8587743759155274, 0.8631734295023811, 0.8892097132073506, 0.8565130780140559, 0.8668730464246538, 0.8408875485261283, 0.8306367413865194, 0.8422121385733288, 0.8365871051947275, 0.8517592863904109, 0.869638592335913, 0.874250880214903, 0.884188319908248, 0.8634878155257968, 0.8697790344556174, 0.8554851892921661, 0.8721176120969986, 0.9020192616515689, 0.8965609765715069, 0.8768166045347848, 0.8803465416034063, 0.8983038355906808, 0.8900579111443626, 0.9005394369363784, 0.9125514113240772, 0.9047151542372172, 0.9035314430793128, 0.9117792848083709, 0.8918367683887481, 0.9223035050763021, 0.9132392959462273, 0.9595014105240504, 0.9435375223557152, 0.9348374721076754, 0.9071829709741803, 0.9341315862205294, 0.9249105215072633, 0.9656541764736174, 0.9456452363067201, 0.9374213996860714, 0.9316454774803584, 0.9483687198824357, 0.9467098626825545, 0.94281130068832, 0.9896243373552963, 0.9831171509292392, 1.0001882387532122, 0.9928580827183193, 0.9823505447970495, 0.9892892907063168, 1.0176993860138783, 1.0216662545998891, 1.0624431835280523, 1.0443889763620164, 1.0159524927536645, 1.0453923917478987, 1.0388053274816942, 1.0366695553064345, 1.0526460164123115, 1.0480737520588768, 1.0658493452601963, 1.0647890713479786, 1.0765078819460339, 1.0799431658453411, 1.0483974834283192, 1.0965740892622209, 1.0999780539009305, 1.110302062498199, 1.1382042513953314, 1.1452919575903155, 1.1325659904215069, 1.1302167471912172, 1.1414851026402577, 1.1574731336699595, 1.1378217369318007, 1.150114951862229, 1.176221873693996, 1.1953689075178573, 1.1752288093169532, 1.1711490743690067, 1.1490136845244299, 1.1527330544259817, 1.140089411205716, 1.1697649535205628, 1.1574881699350144, 1.143549667795499, 1.1546256432930624, 1.1495932479699456, 1.1713025321563082, 1.1597707314623729, 1.139271149039268, 1.119246082835727, 1.1315824538469312, 1.1389877355760998, 1.1784119261635684, 1.138166953126589, 1.1685409019390736, 1.163969229989582, 1.139278372128805, 1.1339387433396444, 1.138523918721411, 1.1503220223718225, 1.1400824348131815, 1.1064632286628084, 1.121888478928142, 1.1137786143355894, 1.1071495936976543, 1.1354599293735295, 1.1396122495333354, 1.1503350562519492, 1.0934633569584948, 1.115550596515338, 1.1378493610355593, 1.1466936081647874, 1.1632017417086502, 1.1684103134605617, 1.1622417052586875, 1.1759153223699992, 1.187008086178038, 1.1970863507853615, 1.1862548298305935, 1.1781896498468185, 1.1909613483481942, 1.186068556043837, 1.2162679778205023, 1.1872909906837679, 1.2074991520908145, 1.2206782052914302, 1.2526637478007212, 1.2805518994728728, 1.2972284277280173, 1.3104596310191685, 1.3147774444686042, 1.279782921738095, 1.3251389447185729, 1.3212021168735293, 1.3520476679007214, 1.3531923009289635, 1.3886883712477154, 1.409854522678587, 1.3917096465826033, 1.37983688182301, 1.3696390314234623, 1.397497969534662, 1.4198609156741038, 1.417480845914947, 1.4536206059985688, 1.4326779882113136, 1.43930161330435, 1.473303980959786, 1.4223307761881083, 1.4174705157677334, 1.4515657862027487, 1.4710755752192597, 1.5033997843662894]}