{"latitud": 1.9306, "longitud": -70.2308, "radiacion": [1.234778091642592, 1.259028423163626, 1.252565309736464, 1.2440949138667854, 1.2965009755558439, 1.3081904268927038, 1.3262724286980103, 1.3185710993078015, 1.3083997782733705, 1.3211444738838412, 1.3274220817618898, 1.3413591537210676, 1.3049468785524365, 1.3144640525182087, 1.3500196844339365, 1.3513335853815078, 1.3503369165791401, 1.3512875394688706, 1.3560601151651805, 1.353931567404005, 1.3534489830334984, 1.351377953423394, 1.3639137870735591, 1.3943820026185776, 1.3789764993720584, 1.3617457432879343, 1.3407884793149103, 1.3849353919426601, 1.3884444352653291, 1.4453654276000132, 1.4140553630060622, 1.4389247126049465, 1.429616480403476, 1.4137162625789645, 1.4501274069150287, 1.4339519566959804, 1.4249318533473545, 1.3992590132686828, 1.4255372842152916, 1.4327260067065557, 1.4183493432071472, 1.4198772933748025, 1.4004528370168472, 1.4134768691327837, 1.4401202271382016, 1.417295494013362, 1.4160428543885555, 1.4310013287597236, 1.425315946340561, 1.4116375313864815, 1.3923081384764782, 1.4252861665354832, 1.4058530247873724, 1.3798495981428356, 1.3706724789407516, 1.3398099313179657, 1.3446056846115333, 1.3760945194297365, 1.3443205879794224, 1.382503597603904, 1.3470342275169163, 1.3448170572519305, 1.3351997468206622, 1.3275265342659424, 1.349971025851038, 1.311685535311699, 1.3455767833524284, 1.3223598433865442, 1.3300948318507944, 1.3133872975905738, 1.286576515105036, 1.2835431618822943, 1.2599932120905983, 1.2574908183680638, 1.2689201752344772, 1.257144600484106, 1.2653075956636008, 1.2328138811720741, 1.2336681342787204, 1.2523291918966504, 1.2299782752990727, 1.2329717914263414, 1.2132621424065697, 1.2033596495787302, 1.2091084579626719, 1.195986735489633, 1.176375438769659, 1.1542608108785422, 1.183733007974095, 1.1998470786545015, 1.1869014806217613, 1.1699542396598392, 1.1292246354950801, 1.116698758469688, 1.139058290587532, 1.1366198261578868, 1.12092055843936, 1.1030342307355667, 1.090623908572727, 1.1359557439883552, 1.0964531388547682, 1.1010224769512815, 1.0851077457269034, 1.0451798442337255, 1.0971603850523632, 1.0646569904353889, 1.073712009853787, 1.0361953036652674, 1.022950266798337, 1.0527114113171896, 1.0531378653314383, 1.0282433142264686, 1.0106800989972224, 1.003281166818407, 1.0086823850870132, 0.9738262673219044, 0.9710570292340384, 0.9683296001619767, 0.957726496458054, 0.974753565589587, 0.9663111057546399, 0.964420128530926, 0.9425739460521273, 0.9346441861655981, 0.9570321881108811, 0.9587523195478648, 0.9306392348474924, 0.9333805988232298, 0.951527976989746, 0.9894169830613665, 0.9740294837289382, 0.9298079086674585, 0.8736218286885155, 0.8850467625591486, 0.8710308154424035, 0.8930064234468672, 0.8887668553325865, 0.8886766546302374, 0.8966107762522163, 0.9397725164890288, 0.925651194983058, 0.9303071614768772, 0.8926876475413638, 0.8626642415920891, 0.8763248119089342, 0.8699528995487426, 0.8854480829503801, 0.870462284485499, 0.8593251814444859, 0.8704766654305987, 0.8783861862288581, 0.8994724816746184, 0.8484094536966745, 0.8479796740743849, 0.8424573361873625, 0.8434272597233455, 0.8159613940450883, 0.817952694495519, 0.8250836475027933, 0.8326316866609785, 0.8390689389573206, 0.8479342063268026, 0.8410797645648319, 0.8308073063691457, 0.8387478050258426, 0.8154944042364755, 0.8135995596647264, 0.8361972987651826, 0.8418171382612653, 0.8173367735412386, 0.7983084864086577, 0.8197373380263646, 0.8197891102896796, 0.8232910805278354, 0.8397399882475538, 0.8543306274546519, 0.862372672226694, 0.8207911534441842, 0.8231094313992392, 0.8564035524924596, 0.8431741088628769, 0.8797062936756346, 0.8501303315162657, 0.8371795588069494, 0.8380429592397477, 0.8300073875321283, 0.8674275868468815, 0.8584461496935951, 0.8731292691495683, 0.8640743149651423, 0.8690521054797702, 0.8845560103654863, 0.8588066114319695, 0.8454522255394195, 0.820197477274471, 0.8525091568628946, 0.8776901049746408, 0.8461958299080529, 0.8218753407398859, 0.842371095220248, 0.8567124807172352, 0.8631630271673204, 0.8931221147378285, 0.8730569528208839, 0.8599707487556669, 0.8584346178505157, 0.8760798937744564, 0.8938768386840819, 0.8819943994283675, 0.8689210646682316, 0.8598826133542591, 0.8956329981486003, 0.8814785520235698, 0.8898070693016055, 0.8838612844546634, 0.8978615413109461, 0.9096065749724707, 0.9202803181277379, 0.895756991373168, 0.9246954368220434, 0.9006074137157865, 0.9273471097151441, 0.9381180213557349, 0.9333308233155148, 0.9234904716412227, 0.9240005724959902, 0.9346033208900031, 0.9263350841071872, 0.9494544178247454, 0.9596045927868947, 0.952743627958827, 0.9568522082434759, 0.9567879431777523, 0.9735480384694201, 0.955866325563855, 0.9425487935543063, 0.9792170746458897, 0.9796396742264429, 0.9760339044862323, 0.9755683478381899, 0.9669056865904065, 0.9635173933373559, 1.0222750878996318, 0.9988837397760818, 0.9643977373838425, 0.9795084300968382, 1.0017235842016008, 0.9834486905071468, 1.0037531253364351, 1.029385699497328, 1.0111829893456568, 1.0097586300637984, 0.9982311536868416, 1.0047063615587024, 0.9973056028286615, 1.0184460524055694, 1.0169762396150168, 1.0293922079934015, 1.011060277620951, 0.998216958509551, 1.0071749922302033, 1.0261124544673499, 1.025272783637047, 1.0218640247980755, 1.0096552471319835, 1.0212964408927496, 1.0298022515243952, 1.04750786655479, 1.0197036229901846, 1.0178453488482366, 1.0423181868261764, 1.0290031413237257, 1.0435644888215594, 1.039734910925229, 1.0458330177598532, 1.022946854101287, 1.0363006618287827, 1.0494872040218775, 1.0346988138225346, 1.0320884125100243, 1.0491299592786365, 1.069247615999646, 1.0575440112087457, 1.0468089494440294, 1.0590412302149668, 1.0186744332313538, 1.0711622648768955, 1.0390594449308181, 1.0290407945712403, 1.0341295255555047, 1.019241647256745, 1.034169771605068, 1.0211993386348086, 1.0446546643972392, 1.0184258530537291, 1.0136540783776173, 1.0058045887284808, 0.9951969471242695, 1.0184605615006548, 1.016005850500531, 1.0404274851083752, 1.0212386896212897, 1.0288288411166935, 0.9882511029640836, 1.0058731261226865, 1.0136290722423136, 0.9731184376610654, 1.002325404352612, 1.006219521827168, 0.9848409285147985, 0.9906662500566906, 0.975782056649526, 0.992450419068336, 0.9732625679837333, 0.9938820477988987, 0.9683602495325937, 0.9560718764861423, 0.9834458271662392, 1.000579943259557, 0.981096418698629, 0.9847414513429008, 0.9933260318305758, 1.0001626647180986, 0.9930898275640277, 1.015731593966484, 1.0211583842833833, 0.9877247863345676, 1.005696363250415, 1.0099493096272152, 1.038251479466756, 1.0224765519301098, 1.0057183732589083, 1.0370153582758375, 1.0371416151523591, 1.0816176954242918, 1.080692728029357, 1.0941872752375073, 1.0838062951962155, 1.0706847889555824, 1.0874874300426904, 1.0979067203071378, 1.1121310263872146, 1.1053466704156667, 1.1060253702931935, 1.1393111397822693, 1.1440810438659463, 1.1418047044012283, 1.1360037558608587, 1.1171298861503605, 1.1399845461050673, 1.1436656822760902, 1.162130223049058, 1.1839445302883782, 1.1641945696539349, 1.203467269076241, 1.203634397519959, 1.1525142894850837, 1.1916230191787083, 1.1968786699904335, 1.22780511909061]}