{"latitud": 6.5813, "longitud": -75.8914, "radiacion": [1.5926288512017985, 1.6137384815348514, 1.6023644182417127, 1.6138521571954094, 1.6351686765750248, 1.5932948076062736, 1.5851125376092063, 1.5753796935081485, 1.595381999678082, 1.640663321150674, 1.661777956618203, 1.6385573599073624, 1.6420071760813402, 1.6599587884214184, 1.626763007375929, 1.6326928708288406, 1.5706577572557665, 1.545116356346342, 1.6031779434945845, 1.6550258470906154, 1.6129443890518609, 1.622475463814206, 1.570291073454751, 1.5420573804113602, 1.5947825302680332, 1.5693251947561897, 1.6081367277436789, 1.5370322376489642, 1.6253135730822876, 1.637817969587114, 1.6567582362227968, 1.6474670781029597, 1.6014929721752804, 1.6443379355801475, 1.631107595894071, 1.626750155952242, 1.5945275141133204, 1.5814513511127892, 1.6130077057414585, 1.609906132353676, 1.625197245677312, 1.5655176344845032, 1.5358247664239675, 1.5347053680155016, 1.596967763370938, 1.5770238823360867, 1.548677264650663, 1.5522677289115059, 1.523759945895937, 1.48469540476799, 1.471723335650232, 1.475502038995425, 1.4730127639240684, 1.5094466199477508, 1.573872601985932, 1.558647548821238, 1.5797951989703714, 1.5201855457491344, 1.5194819241762163, 1.54228918088807, 1.5180245339870444, 1.5020553992854222, 1.573634258243773, 1.5902714961104916, 1.5752198557058972, 1.5569288465711812, 1.5475953572326233, 1.5420723934968308, 1.535941806766722, 1.580431202716298, 1.5725569079319641, 1.5482356826464343, 1.53184469209777, 1.496644737985399, 1.4807889110512207, 1.4500442690319488, 1.5090318941407734, 1.4745280722777048, 1.4731806470288167, 1.4973945783244236, 1.503732392523024, 1.4989920414156386, 1.5377101762427225, 1.5195931845241122, 1.4769013779030906, 1.5091148608260683, 1.4947831600904469, 1.5467598348855978, 1.4984537018669986, 1.4655149151881541, 1.5149507098727752, 1.4962308718098534, 1.5202622089121076, 1.4954549243052806, 1.5338050170077218, 1.5061549054251777, 1.5420307053460016, 1.4824993179904091, 1.420823068751229, 1.4397731754514906, 1.4352356526586751, 1.435644759403335, 1.4230549219581812, 1.4132050855292213, 1.4409544888469903, 1.4743158946434658, 1.4741662806934783, 1.4437424732579132, 1.447355569402377, 1.4763919131623375, 1.4603439685371182, 1.406909617450502, 1.4198554568820534, 1.4916014942857954, 1.4874521460798051, 1.4721417526404057, 1.4911246995131169, 1.476155649291145, 1.5294564525286354, 1.498880396617783, 1.4853355258703231, 1.5077092366086113, 1.5189713590674934, 1.5413845486111108, 1.520147578583823, 1.5231247295935946, 1.5475057727760735, 1.573519359032313, 1.6194492479165392, 1.5663248009151889, 1.545516041252349, 1.5467564854356979, 1.5447236998213663, 1.5643220437897576, 1.5176712294419608, 1.5362053049935236, 1.5638762593269349, 1.5835201472043996, 1.5446224616633517, 1.5925426271226675, 1.5598727064000235, 1.5771848320961002, 1.5697027451462215, 1.6107118633058342, 1.5874075882964667, 1.536783462762833, 1.585857870843675, 1.602458340260718, 1.613815495040682, 1.6281536499659222, 1.606328546007474, 1.6438110000557369, 1.6137953066163593, 1.6126318779256608, 1.6298286928070913, 1.6253783663113914, 1.6441480623351208, 1.6623370534843869, 1.650556000073751, 1.6570791973008052, 1.6188020845254265, 1.716386417547861, 1.6883913881248898, 1.6718611227141487, 1.7354439225461746, 1.7234982808430985, 1.7050342837969463, 1.6896865434116783, 1.6888585839006645, 1.7167781922552316, 1.7163225260045796, 1.731926462385389, 1.6880367053879628, 1.6869120352798042, 1.770102036992709, 1.7786548528406352, 1.7731924759017097, 1.7397526383399962, 1.7695536043908857, 1.7904118915398914, 1.792826591597663, 1.8423587256007725, 1.8961032576031156, 1.8978429595629382, 1.8181695375177596, 1.8012570642762717, 1.8044929511017276, 1.8463332328531477, 1.8150732159614567, 1.8427662372589115, 1.857168607579337, 1.8491626097096343, 1.7688167777326378, 1.786549025111728, 1.7849480572674017, 1.7340459353393978, 1.774029978116353, 1.7798206581009761, 1.800659098227819, 1.8400347530841834, 1.7841250290473294, 1.7831576155291664, 1.7521979848543803, 1.769664138555527, 1.8105523374345565, 1.776453190379673, 1.8158689114782547, 1.8171880231963267, 1.7673561778333442, 1.7579173611270054, 1.721525639295578, 1.7622164501084228, 1.7193914135297141, 1.7416222254435214, 1.706943960984549, 1.6912409911553066, 1.7260561684767408, 1.723659990231196, 1.6667667180299757, 1.6303592370616062, 1.6984714746475216, 1.698349393738641, 1.6985302077399362, 1.6539631797207732, 1.6811637984381782, 1.710549115472369, 1.696751736270057, 1.6515080862575109, 1.7026274015506113, 1.6844315217600931, 1.696549696392483, 1.6385648270448048, 1.6085334698359173, 1.623672813177109, 1.6323180145687524, 1.6653347180949314, 1.6520598676469593, 1.6392254736688405, 1.5876748184363052, 1.6497992270522646, 1.6341648141543061, 1.6360285434457997, 1.6417404486073384, 1.6111954861217075, 1.6166634443733432, 1.6055947800477348, 1.550800851980845, 1.552228632569313, 1.565531632635329, 1.6281797117657135, 1.5732704460620888, 1.5352395951747895, 1.554722921384706, 1.5754177272319791, 1.6267191910081438, 1.671701094177034, 1.5791517145103884, 1.5760754803816477, 1.5096509695053095, 1.5222552325990464, 1.5202552292082057, 1.5697125633557638, 1.5339226504166923, 1.5317956931061205, 1.5234825730323793, 1.4814401103390582, 1.5051899108621811, 1.4995657397641076, 1.4695233623186743, 1.4880299833085804, 1.4613210439682007, 1.4263495286305743, 1.3978035151958466, 1.3934700085057157, 1.3922146644857192, 1.4237769722938542, 1.4459223071734109, 1.389702530039681, 1.4355649292469026, 1.4154081957207785, 1.366444283061557, 1.3933497875928877, 1.392305080095927, 1.4193610290686294, 1.426382039321793, 1.3653867310947838, 1.408562812540266, 1.393709240357081, 1.3686189409759313, 1.3583305312527552, 1.3669019169277614, 1.3676317195097603, 1.4015819854206513, 1.390736839506361, 1.3679205775260928, 1.3664842744668333, 1.4035286691453726, 1.3523827470011174, 1.3416905075311656, 1.3594190319379171, 1.3896395272678796, 1.3598752270142231, 1.4280058281289207, 1.3694860004716451, 1.3589268621471193, 1.3675318264298966, 1.3777276883522667, 1.4107759681012892, 1.3763401561313202, 1.385105941030714, 1.3549945182270478, 1.433209166593022, 1.4454942226409908, 1.4949327131112413, 1.4475341952509355, 1.4411891652478108, 1.4883431510792846, 1.4676887558566192, 1.4816189348697664, 1.4686191691292656, 1.479892988999685, 1.4689346339967517, 1.4886626412471138, 1.4516844262679411, 1.48898741139306, 1.4716878553231563, 1.4766740481058758, 1.4962597128417752, 1.5170990880992683, 1.500468873315387, 1.4647273169623485, 1.4590659240881603, 1.4778476655483246, 1.4671524259779192, 1.4521216180589462, 1.4248237162828445, 1.4467255618837136, 1.402312531405025, 1.5024906290902031, 1.4840477741426892, 1.4445175899399654, 1.4552873969078066, 1.4986002528005178, 1.4897672510809372, 1.4542450772391422, 1.4744100322326024, 1.5122233745124607, 1.5411700016922427, 1.5043867614534172, 1.5316884193155502, 1.520693833298153, 1.5598922222852716, 1.5422418352630405, 1.5249647094143761, 1.5315509650442334, 1.5431744939751102, 1.5510776831044097, 1.542921430534787, 1.5587226000097063, 1.5089971489376495]}