{"latitud": 3.1878, "longitud": -67.6719, "radiacion": [1.3262234151363375, 1.3737406889597576, 1.3584331065416333, 1.3517385065555576, 1.3728252907594047, 1.3622857325606876, 1.3846944438086612, 1.3796281453635955, 1.3609262737962942, 1.3808170153035055, 1.4179272698031535, 1.4350138184097077, 1.4103605982330107, 1.3932372172673542, 1.42401072382927, 1.429149571392272, 1.4298993004692917, 1.3953888614972432, 1.3971644673082564, 1.4056371026568943, 1.4174450549814435, 1.424540523025725, 1.4095342232121355, 1.4449763208627706, 1.4447744064860872, 1.4346604684988653, 1.441044913397895, 1.4688498026794854, 1.4735453618897336, 1.4658163613743254, 1.4937729193104634, 1.5137518707248905, 1.465097305840916, 1.4688355207443229, 1.5199899574120843, 1.5147612942589654, 1.5033163037565025, 1.4728936122523413, 1.489569079875946, 1.4913143131468036, 1.511309989293416, 1.4971370193693379, 1.4703861892223362, 1.5003694574038196, 1.5241563419500983, 1.4886774798234301, 1.5146614578035138, 1.516407255993949, 1.4955661495526635, 1.465892312924068, 1.4679907904730902, 1.5015108717812427, 1.489291575219896, 1.4740858084625665, 1.495986100037893, 1.480575080050362, 1.4292509658469097, 1.4439308596981908, 1.4233007603221468, 1.4382648898495567, 1.427726142274009, 1.455342740482754, 1.461606775389778, 1.4527772294150452, 1.4688219328721361, 1.5177552812629278, 1.470642699797949, 1.4793718112839593, 1.4643207695749068, 1.4354615363809806, 1.4540836426946857, 1.4357275068759912, 1.4314741677708094, 1.4472829023996985, 1.4180926809708279, 1.3823874251710049, 1.3805610338846843, 1.378351646661759, 1.410610197318925, 1.4093099345763527, 1.4136609415213268, 1.3937724288966915, 1.380961383051342, 1.3752766741646658, 1.3833949695030847, 1.356167415446705, 1.328701258367963, 1.3163238734006881, 1.3503861371013848, 1.3180454810460402, 1.344969196452035, 1.3438415043883856, 1.2878526820076832, 1.3221047765678833, 1.3294245501359307, 1.3229536556535297, 1.2966177609231735, 1.2925483683745067, 1.2929155372911028, 1.3001172499524227, 1.249808802207311, 1.2201466066969768, 1.2272787819306055, 1.2107850859562557, 1.214467152622011, 1.1932432009114156, 1.204319808880488, 1.1902726464801365, 1.1918734030591118, 1.1984393179416652, 1.1713281439410315, 1.1519499076737298, 1.1306752946641707, 1.120962092611525, 1.1345242864555785, 1.1144382897350527, 1.1039180596669513, 1.1064297103219565, 1.10362797776858, 1.0873013837469947, 1.0785967492394974, 1.0755549795097774, 1.08043149444792, 1.0680062962902916, 1.0495968547132284, 1.0239369895723132, 1.0247401035494275, 1.0197790056467058, 1.0225656121969224, 1.0598278032408819, 1.0103163795338737, 0.9828303999370999, 0.9548173122935824, 0.9461115959617826, 0.9638237754503888, 0.986636404527558, 0.9624924328592082, 0.9800922016302746, 0.9860637432999081, 0.9955144233173795, 0.9866958638032276, 0.9911161833339265, 0.9654890212747786, 0.9233970675203537, 0.9366447197066412, 0.9408496098385918, 0.9161029779248766, 0.9207297166188558, 0.9244958556360671, 0.9390347060230048, 0.9415853960646525, 0.9662371824185053, 0.8939410616954168, 0.9137284143103493, 0.920775351259444, 0.9215036537912157, 0.912087646126747, 0.90745343334145, 0.9000262270371119, 0.907845519317521, 0.9034534364938733, 0.8893718252579371, 0.8818495766984094, 0.8957668837573797, 0.8923307432068718, 0.8864354325665369, 0.9187441981501051, 0.9262909101115332, 0.9304684436983531, 0.9048907260100045, 0.9097623358170193, 0.8942191564374499, 0.905670944518513, 0.9227191080649696, 0.9282063679562672, 0.935135990050104, 0.9078307539224623, 0.9127236382828817, 0.9085557901197013, 0.9366926954852212, 0.9253994269503485, 0.9298650734954409, 0.9134593344397016, 0.9309465159972508, 0.9192006415790982, 0.899837384621302, 0.8991384036011164, 0.9159118960301083, 0.9390618118974898, 0.9224413033988741, 0.8892820798688464, 0.9292970680528213, 0.9289047078953852, 0.9214385526047812, 0.9171124421887926, 0.9322898278633751, 0.93442681464884, 0.899996916121907, 0.8884155296617083, 0.8824604256285563, 0.9426841795444488, 0.930793240997526, 0.9412290092971588, 0.938978918393453, 0.9097551412052579, 0.9278580370876525, 0.9578911681969958, 0.9279384543498357, 0.9178392330805462, 0.9080867108371523, 0.9381330582830643, 0.9755430205000774, 0.9375279559029476, 0.9332882550027638, 0.978381405274073, 0.972797671953837, 0.9790276212824712, 0.984508827659819, 0.9678534007734725, 0.9823655621873009, 0.9909123745229508, 1.0013260467184917, 0.9816901044713126, 0.9961297475629385, 0.9906212157673306, 1.0037262542380228, 0.9806441532240969, 1.0028766615523235, 1.0012582076920402, 0.999448404709498, 1.0182814412646823, 1.0183426380157465, 1.0179770943191315, 1.023562804195616, 1.0388652318053777, 1.0519946035411625, 1.0661499268478816, 1.0562482512659497, 1.055385458469391, 1.062075176172786, 1.0679844409227368, 1.0634313222434784, 1.0801875041590796, 1.0692543231778682, 1.082304722401831, 1.0835054831372364, 1.0898754268884658, 1.078866069846683, 1.0941854639185802, 1.138706280787786, 1.1177454110648892, 1.1132694545719362, 1.1026920997434189, 1.120031760467423, 1.1106327801942824, 1.140293815732002, 1.1394289225339893, 1.1227635062403145, 1.1051809493038394, 1.1204701887236705, 1.1255641135904522, 1.1352416982253388, 1.1297794938087462, 1.1260153932703867, 1.1430698315302534, 1.1605345252487396, 1.1442430790927676, 1.165976119041443, 1.1458802984820473, 1.1646380394697189, 1.152741396427154, 1.1501340978675414, 1.1436707387367884, 1.1324467354350625, 1.1465866208076476, 1.1837176018291047, 1.1577011356751121, 1.1555620319313473, 1.1666124727990894, 1.1645089169343315, 1.2102243284384409, 1.1892451385656997, 1.1741192175282373, 1.1682752446995839, 1.198900293310483, 1.1417970829539827, 1.1314057111740115, 1.1435444838470878, 1.140077355835173, 1.1556459218263626, 1.1654515547884836, 1.1470383610990316, 1.1389619463019898, 1.1441598524649939, 1.1180546840031946, 1.1377403577168779, 1.110274962253041, 1.0977327485879262, 1.1345209896564485, 1.1398785856035023, 1.1230514066086872, 1.1253687345319328, 1.0987461040417352, 1.0846708354022765, 1.1305636399322088, 1.1128528022103836, 1.111708003944821, 1.106495734386974, 1.0884142703480193, 1.0777213315169016, 1.0829691840542688, 1.0675928215185804, 1.0700673636462954, 1.0544775158166877, 1.0827289425664477, 1.0713592976331707, 1.0757986214425832, 1.0978064417839055, 1.0706050041649082, 1.1063132819202215, 1.1209879401657317, 1.1155565172433854, 1.116997887028588, 1.129075955351194, 1.1492528203460906, 1.1234146760569674, 1.1080576022466022, 1.101826881368955, 1.1350870400667195, 1.147990039653248, 1.1260142256816226, 1.147541316019164, 1.1164511332909266, 1.157164065043131, 1.1855645911561117, 1.1696008894178604, 1.2010690288411243, 1.193430236313078, 1.2160537785953942, 1.2243477930625284, 1.2100941042105355, 1.2094278812408445, 1.2264957533942331, 1.2494180457459558, 1.2324697812398278, 1.245436922046874, 1.2588767882850433, 1.2777443726857505, 1.240924663013882, 1.2688450197378793, 1.2563047962056262, 1.2788123130798341, 1.259214727746116, 1.267633034123315, 1.3116481343905135, 1.2905127204126783, 1.287732048167123, 1.301339035895135, 1.3033729745282068, 1.3135090218649967]}