{"latitud": 4.9626, "longitud": -75.8878, "radiacion": [1.5913288679387831, 1.6138140082359314, 1.592017569806841, 1.6113302628199258, 1.6272736410299933, 1.6096059925026367, 1.6025939676496719, 1.6024553828769263, 1.5978281365500557, 1.6298148360517295, 1.643632688124975, 1.6010886185699043, 1.5924077881707088, 1.600697847207387, 1.5903323822551305, 1.6080026653077875, 1.620761432250341, 1.61042867898941, 1.6314430117607122, 1.6372504141595627, 1.6155334512392683, 1.6102788607279457, 1.6045312484105427, 1.6017372873094347, 1.6164165510071653, 1.6013967620001897, 1.5805390099684393, 1.607953623930613, 1.6030917286872863, 1.5920518921481237, 1.6306791484355927, 1.630530396434996, 1.6408615966637932, 1.6396226260397173, 1.6449219312932755, 1.658905125988854, 1.642988287740283, 1.6471589485804232, 1.655889969401889, 1.6422551929950708, 1.6272389690081281, 1.6381178167131214, 1.630606330103344, 1.6690030753612521, 1.635322978761461, 1.6116730312506362, 1.6037691301769683, 1.6652132391929628, 1.664594968159993, 1.659955283668306, 1.6403263601991858, 1.6301354441377853, 1.6324650175041622, 1.6215666486157307, 1.6543170942200565, 1.628956184784572, 1.6214955243799418, 1.619140950838725, 1.5627147343423633, 1.6250497195455766, 1.5996645662519668, 1.6030851350890263, 1.603077793121338, 1.5778557115130958, 1.5835389256477361, 1.6062823984358054, 1.6230491591824425, 1.6118086033397248, 1.5742653820249768, 1.5776010109318637, 1.5966263201501631, 1.600784467988544, 1.5675315267509877, 1.5618847264183888, 1.5819344295395752, 1.581890601581998, 1.556421110365126, 1.5938368651602, 1.5714120103253262, 1.5692722194724613, 1.570054768191443, 1.5472617308298753, 1.5473492125670116, 1.5366323815451723, 1.5417149431175652, 1.5378201074070397, 1.4993957857290905, 1.5398839533329018, 1.5635757346947987, 1.5390726400746246, 1.5146040333641908, 1.5324063638846084, 1.5026594062646235, 1.4866257005267673, 1.4961780978573695, 1.4980243656370373, 1.485499307844374, 1.497817848788367, 1.4690525386068554, 1.4840931852658592, 1.4844348933961655, 1.5190518385834164, 1.46302928659651, 1.481712108850479, 1.4676635762055712, 1.4920660303698652, 1.4617667992909749, 1.4347918219036524, 1.456830657190747, 1.4622111843691936, 1.4812944061226323, 1.4649863666958287, 1.456710742579566, 1.4313728127214647, 1.4332669066058272, 1.4446887592474618, 1.4497978256808386, 1.4280464728673297, 1.4033602582083813, 1.4134090052710642, 1.40724073515998, 1.3909403032726713, 1.3998852233091992, 1.4048524234029978, 1.3817479179965122, 1.4104648133118947, 1.3741159843073956, 1.3961018807358212, 1.3788420908980896, 1.4067051046424446, 1.3885664946503111, 1.4215157449245455, 1.389492607116699, 1.3876782864332202, 1.3814798692862194, 1.4286453194088404, 1.4726522955629566, 1.4107038047578602, 1.3940961433781525, 1.411691945791244, 1.374464626444711, 1.4118223865826929, 1.3803797509935167, 1.4055207037263446, 1.3896556172106003, 1.4253390596972577, 1.4036298844549393, 1.384856795271238, 1.3969907932811314, 1.4142152852482262, 1.408680259519153, 1.4278277814388278, 1.403769261307186, 1.3752153827084435, 1.397156189547644, 1.377574773629506, 1.368886048263973, 1.372308698627684, 1.3990437726179759, 1.3567259834872356, 1.4332278847694397, 1.4244254741403797, 1.4278967923588226, 1.3801557421684263, 1.4048840939998624, 1.408793212970098, 1.3675788521766663, 1.4071511566638952, 1.390168384048674, 1.3830414427651305, 1.4245592011345751, 1.4320280611515044, 1.4015375269783865, 1.4079668098025853, 1.4339210953977375, 1.4458287709289126, 1.4447029590606686, 1.477430772781372, 1.4058374358548058, 1.3833012521266939, 1.4245103789700406, 1.4462894592020241, 1.4233162727620865, 1.4582886166042748, 1.4705964975886865, 1.456211613284217, 1.4447573939959206, 1.4602524591816797, 1.4664503461784781, 1.4379895601007668, 1.4480009608798554, 1.4718726469410788, 1.4354743474059637, 1.4130171643363105, 1.4180967562728453, 1.4586045689053009, 1.469808657964071, 1.4098973598745133, 1.4455473158094616, 1.4333845410082073, 1.4182494322458903, 1.4930229942003892, 1.4622942672835457, 1.4279027733537888, 1.4414913958973348, 1.4502772271633149, 1.467030706670549, 1.4274998684724174, 1.4301321910487286, 1.4136068562666575, 1.4362043758233385, 1.4838572170999313, 1.444703503449758, 1.4625531256198883, 1.4325337383482193, 1.4524987803565133, 1.4621101114485004, 1.459855463107427, 1.486657971805996, 1.4776445051034284, 1.4400928060213722, 1.453661183847322, 1.5000337137116329, 1.4949156145254772, 1.4657093061341178, 1.4444709711604649, 1.4811927000681564, 1.4626101003752818, 1.4513398779763118, 1.4684567650159197, 1.4984440432654484, 1.4918955577744377, 1.4761313524511124, 1.5083684715959762, 1.4859566357400678, 1.4739719139205085, 1.4895184907648298, 1.4725922021600937, 1.4760508590274384, 1.486852297517989, 1.4993011017640436, 1.5274201744132572, 1.5233074592219455, 1.5156619071960453, 1.5044535266028511, 1.4926906764507297, 1.5070584687921738, 1.496729205714332, 1.5198113924927175, 1.5297934114933014, 1.5100500855180947, 1.5168833507431876, 1.5319264849026997, 1.498421471648746, 1.4915585358937582, 1.5206224368678196, 1.5173443390263455, 1.5200593981477948, 1.5153372208277387, 1.5266338004006281, 1.5267275697655147, 1.5417927828099993, 1.5429881281322908, 1.5001781053013268, 1.5455364697509346, 1.516899755265978, 1.471164643102222, 1.5057491355472143, 1.5311791314019096, 1.5124079651302764, 1.559558123350144, 1.5174854609701371, 1.5371395760112334, 1.542582647005717, 1.521973450978597, 1.5571236285898422, 1.546421741114723, 1.5143203417460118, 1.5248033404350283, 1.5289758112695482, 1.5230541898144614, 1.5717209524578521, 1.5824147389994732, 1.5919466084904137, 1.5608318693108034, 1.5849896053473154, 1.5733379648791415, 1.6126553389761185, 1.560092702176836, 1.5836824443605213, 1.5716036240259807, 1.5849533551269104, 1.6029078794850244, 1.5612561126550037, 1.5760403997368284, 1.6101657973395451, 1.6287506381670636, 1.6300716241200766, 1.5940068125724798, 1.5957192586527933, 1.609648619757759, 1.6190371586216823, 1.6237046771579318, 1.5775954855812915, 1.567496655384699, 1.6284281604819835, 1.6024447235796178, 1.6059093819724193, 1.606293112039566, 1.5853375779257883, 1.5879069950845508, 1.6611088156700122, 1.6769260353512239, 1.6387846224837839, 1.6212599469555746, 1.658366136418448, 1.6159973839918775, 1.6077774822711948, 1.6033096624745262, 1.6066132889853584, 1.5790432188245977, 1.6097894814279332, 1.6093170695834689, 1.5877362999651166, 1.5705600983566708, 1.5938841197225784, 1.5626381589306728, 1.5838491082191464, 1.6019419093926748, 1.6138325949509937, 1.6110183417797082, 1.602034258842468, 1.5974180592430962, 1.596245401435428, 1.6506493257151706, 1.5975258403354227, 1.5876999484168153, 1.5631869879033833, 1.569812862078349, 1.5668088475863133, 1.6078683495521542, 1.6101062443521295, 1.5683869739373526, 1.557745542128881, 1.542406588792801, 1.6044819235801695, 1.5794728133413525, 1.5467435227500073, 1.574731391006046, 1.557630530993144, 1.589795656336678, 1.5747400469250146, 1.597761578030056, 1.581475159857008, 1.594921811421712, 1.5723260263601937, 1.5887222389380138, 1.5765799403190612, 1.5816329836845398, 1.614532964097129]}