{"latitud": 0.4154, "longitud": -74.1255, "radiacion": [1.1459962331586413, 1.1752122849225997, 1.1574163036213982, 1.1669790009657544, 1.1966830061541656, 1.222933463917838, 1.2082424468464323, 1.2110862784915501, 1.2256524874104386, 1.2686120354466968, 1.2455590052737133, 1.2210475123590898, 1.2036096470223534, 1.2159738418128752, 1.2441609422365827, 1.2675714357031713, 1.2716196010510128, 1.2648993988831838, 1.257150379816691, 1.273915369311968, 1.2785091340541836, 1.2974425488048127, 1.3052989618645776, 1.3030894514587188, 1.2945988068977983, 1.294878057638804, 1.2790173560380935, 1.3044921252462593, 1.330032311214341, 1.347603103187349, 1.3730778313345384, 1.3602850519948528, 1.344091847538948, 1.3743081698815025, 1.403259026341968, 1.3955274926291568, 1.3686790767643195, 1.3621347463793227, 1.358217803306049, 1.3421495156155696, 1.3427961226966654, 1.3594610906309548, 1.341628956132465, 1.366130522555775, 1.361685205499331, 1.3619677053557504, 1.3261888927883578, 1.317120910353131, 1.3318133251534567, 1.340901628467772, 1.319310198227565, 1.3075266735421287, 1.2953294171227354, 1.2820172293318646, 1.2469687700271606, 1.244784749878778, 1.212666290998459, 1.2208517839511244, 1.19985851181878, 1.2506452249156108, 1.2180397897958757, 1.1948558423254223, 1.1766464614205892, 1.1761890593502253, 1.1923676086796655, 1.2093543671899376, 1.1906063308318455, 1.2042091031869246, 1.200112094481786, 1.1809263802236982, 1.1688744386037182, 1.1696212626165814, 1.161560062236256, 1.1354510691430837, 1.1553146564298211, 1.1567771948046162, 1.1220979164044058, 1.1145994504292804, 1.095108998152945, 1.1000978300968807, 1.1046144939131208, 1.0828467786312104, 1.1047228783369065, 1.1043512960275017, 1.1022218922773999, 1.115658600462808, 1.0887309051222271, 1.0705157286590996, 1.059466828240289, 1.0805167247851692, 1.0787048021952306, 1.0785431103573906, 1.0463483946190937, 1.0187571611669328, 1.0277636147207685, 1.0541874541176692, 1.0325075202518041, 1.0228229161765838, 0.983425639073054, 1.0077451881435187, 1.0089261319902207, 0.9934300955798886, 0.965485214524799, 0.9248319480154249, 0.9885745922724402, 0.9771084040403366, 0.9735724955797198, 0.9408843040466309, 0.9245764285326001, 0.9330633719762171, 0.9457658151785533, 0.9592238373226593, 0.9128323237101239, 0.9028870774639975, 0.916346691383256, 0.9179780261384115, 0.9156366219123203, 0.8974479264683194, 0.8693445106347403, 0.8914189918173682, 0.9125650399261049, 0.896772466103236, 0.9050443738698956, 0.8663440912961962, 0.8758389072285757, 0.8989900158511267, 0.9059187630812328, 0.906006575955285, 0.8893902364704346, 0.9149344470765858, 0.9139954884847006, 0.9125496023231082, 0.8964552495214676, 0.853099665708012, 0.8607724530829324, 0.8329265455404915, 0.8578377839591766, 0.8567519999212688, 0.8475022415320078, 0.8542387859688866, 0.8674040804306663, 0.8463907414012487, 0.8460420545604496, 0.8335802561706968, 0.833506131503317, 0.8525870220528708, 0.8626307484176428, 0.8231240335437985, 0.8348395483361349, 0.8322288976775276, 0.8337617877456878, 0.8683999568223952, 0.8502234899335438, 0.8435613860686622, 0.7955930666791069, 0.79249706433879, 0.8036275098721187, 0.8189249045319027, 0.7994523591465419, 0.7943088011609184, 0.7940074202087191, 0.8296718627214433, 0.8230187750524944, 0.7805944992436302, 0.7862827850712669, 0.8016615251700084, 0.7910113291607965, 0.8150731510586207, 0.7881770670413971, 0.7931241366598342, 0.8101627088255352, 0.8131013744407231, 0.7889950295289357, 0.7906894167264302, 0.7842527945836384, 0.8197005985511675, 0.7881678498453563, 0.8099183208412594, 0.797533251510726, 0.8180633160803051, 0.8015024357371862, 0.8190678666035334, 0.8053299695253372, 0.8068020923270119, 0.801806531018681, 0.8088787184821234, 0.8352162337965437, 0.8319885270463093, 0.8212209953202145, 0.8179276102119021, 0.8193053805165821, 0.8224837770064672, 0.8151995857556661, 0.7984405391746098, 0.7889804505639605, 0.8504739585849975, 0.832899216810862, 0.8343481332063672, 0.7984237293402355, 0.8073271152045992, 0.8410952869388794, 0.825572610894839, 0.8622293293476103, 0.8584588494565755, 0.8503435982598199, 0.8557109518183602, 0.8617853436205122, 0.8703575630982717, 0.8494707124100791, 0.8198639041847654, 0.841894425617324, 0.8348749164077972, 0.8395592467652429, 0.8479215883546406, 0.8251700209246741, 0.8334460599554908, 0.8527243624130882, 0.8386185533470577, 0.8207509229580561, 0.8253455218341615, 0.8610402882099152, 0.8802054047584532, 0.9112933698627682, 0.8833316180441114, 0.82216773364279, 0.828413721256786, 0.845686892668406, 0.8548995299471751, 0.855705035726229, 0.8482341246472463, 0.8803527302212187, 0.8407469981246521, 0.8641825798485018, 0.8454008416997064, 0.8458168546358742, 0.8631146536933052, 0.8634219712681238, 0.8510966115527682, 0.8595812797546385, 0.867044695880678, 0.8594696399238377, 0.8702130122317208, 0.8615642040967941, 0.8690720432334477, 0.8526549193594194, 0.8727932585610283, 0.8631473233302435, 0.8617949426174163, 0.8247804211245642, 0.8683532271120283, 0.8825804091162155, 0.8718205001619129, 0.8452847984102038, 0.8547802968157662, 0.8726644890175926, 0.8746458609898885, 0.9012404782904516, 0.8814400252368714, 0.8555594914489323, 0.86663927965694, 0.8460298448801039, 0.879231239689721, 0.8798909746938279, 0.8866090307633079, 0.8650258610645931, 0.8669921384917366, 0.85712697605292, 0.8576255533430314, 0.8444757819175718, 0.8597668641143373, 0.8746462980906169, 0.8746148980326124, 0.8916266133387882, 0.904640755388472, 0.8904751383596, 0.9018115464184019, 0.8902558588319355, 0.9265766796138553, 0.8958440754148694, 0.8793870525227653, 0.916293446222941, 0.9089805023537744, 0.9039761864476735, 0.9049640089273456, 0.9208878636360166, 0.9362598806619644, 0.9270652141835954, 0.8891659816106161, 0.898985147476196, 0.9026793135537042, 0.9174736744827697, 0.9164855165614022, 0.9023276037640043, 0.8854532265000873, 0.9051061126920911, 0.8799359106355243, 0.8925033463372123, 0.8761808402008481, 0.9286415123277244, 0.9181784957647324, 0.9138577487733627, 0.907148109210862, 0.9010726461807886, 0.8865554796324835, 0.9138303425576956, 0.9143633577558731, 0.8857897765106625, 0.9215945541858676, 0.894309619731373, 0.8862032969792683, 0.9049658023648792, 0.9155597150325775, 0.9285270343224208, 0.943354977501763, 0.9654462069272993, 0.913666754629877, 0.9107353442245057, 0.9169231408172184, 0.9775151001082532, 0.9618252562152017, 0.9367179764641654, 0.9169822070333692, 0.9160523063606685, 0.9168058511283658, 0.928307955463727, 0.9466780652602514, 0.9344795260164475, 0.93933288289441, 0.9301970455381605, 0.9556568457020651, 0.9327442506949107, 0.9583308895428981, 0.9506124201748106, 0.9835924251212015, 1.0120971586969165, 1.029860652486483, 1.0041947192615936, 1.007766660716799, 0.9983301341533659, 1.0221533278624217, 0.9994434989160959, 1.0093558397558, 1.0001520286003749, 1.0301167378822962, 1.0706782066159775, 1.0644209689564172, 1.065199460585912, 1.0624433361821706, 1.064592068394025, 1.0629977083868454, 1.0777347630924654, 1.0736219972372052, 1.060999416642719, 1.0968827628427087, 1.1213530206018028, 1.135198667314317, 1.1035828861925339, 1.0847253173589704, 1.1093706296549912, 1.1318986061546539]}