{"latitud": 5.8429, "longitud": -68.1077, "radiacion": [4.8998275597890215, 5.030490508344439, 5.022585330406824, 4.985963484976026, 5.044299878014457, 5.098467434777153, 5.084350882636176, 5.091999620861478, 5.193109758694966, 5.261872669061025, 5.274489453103808, 5.130409859286414, 5.100028389030032, 5.024006895224254, 5.214286332660252, 5.298021003935072, 5.42030782699585, 5.359303590986464, 5.377205073833466, 5.405830319722494, 5.364464722739325, 5.4058267301983305, 5.42661715083652, 5.36230911678738, 5.342448163032532, 5.353098562028674, 5.383158869213529, 5.38122421503067, 5.341953545146519, 5.489431064658695, 5.7083780712551535, 5.794753768708969, 5.767219775252873, 5.777522807651096, 5.801522033744387, 5.686015246974097, 5.572513684961531, 5.605792343616488, 5.719806485705905, 5.626354597674475, 5.707484806908501, 5.774711932076349, 5.670489021142323, 5.6215554462538835, 5.5602334578832, 5.603005610571967, 5.641627138190799, 5.652810596095191, 5.610808318191104, 5.722610371642642, 5.754387377368079, 5.5683191114001795, 5.4035588648584145, 5.351673597759671, 5.331575251950158, 5.192661073472764, 5.2213611808088105, 5.382692754268646, 5.3293372498618234, 5.292699921131135, 5.241016066074371, 5.2984967708587645, 5.223932362927331, 5.276186512576209, 5.472462381256951, 5.573764748043484, 5.466780722141267, 5.352482109599644, 5.179893338680266, 5.10305620961719, 5.183479830953811, 5.152463649378883, 5.016186103555892, 5.018606363402474, 4.997688751750522, 4.9810673395792655, 5.119893994596269, 5.097008854813047, 5.097707045078278, 4.874780702590942, 4.714924789799585, 4.691784363322788, 4.589607730176713, 4.470439981089697, 4.346997494167752, 4.301291708151498, 4.322786675559149, 4.471312503019969, 4.473621011442607, 4.255390486452314, 4.182630635632409, 4.126534832848443, 4.079282367229461, 4.049107534355588, 3.8861761834886335, 3.904473985566033, 3.836586329672071, 3.6845766425132744, 3.7983031074206033, 3.7190820071432324, 3.6220521357324387, 3.6197478459941017, 3.5275912072923448, 3.5483092354403603, 3.529258937305874, 3.541095463434855, 3.574183006419076, 3.6272426830397713, 3.5190796242819893, 3.350015148851607, 3.332224378320906, 3.3038946085506016, 3.2397482600477012, 3.2435513350698675, 3.207727258735234, 3.1624979893366496, 3.0902941922346745, 3.061313460932837, 3.0846128424008694, 3.0701379021008806, 3.016046238607831, 2.9832194871372653, 2.9893854624695257, 2.9574153105417893, 2.9815841621822785, 3.0222653084331093, 3.016235494613648, 2.9476349174976346, 2.9527178300751573, 2.9778527239958446, 2.9056738893191016, 2.8815821952290004, 2.711917273203532, 2.716167314185037, 2.6577874865796827, 2.6832638290193347, 2.6584702690442406, 2.7126822233200074, 2.831254674990973, 2.849732953310012, 2.8033008727762443, 2.7402705940935346, 2.6912932760185666, 2.604470513264338, 2.5008571300241687, 2.5045404189162777, 2.467913978629642, 2.43238964676857, 2.4504974815580582, 2.471374919017156, 2.477343479130003, 2.5061110569371117, 2.4402518530686694, 2.3822944945759246, 2.393706495894326, 2.2771847936842176, 2.28567866285642, 2.168254919184579, 2.236710130506093, 2.243588054180145, 2.244853026999367, 2.179730949136946, 2.1463917109701374, 2.1993039369583136, 2.2425302584966023, 2.1272143595748485, 2.223494166798062, 2.2340016272332934, 2.2279293457667033, 2.2172316067748596, 2.1942102829615275, 2.194697884056303, 2.159381945927938, 2.1869875881406995, 2.212146135833528, 2.2485701706674366, 2.1931869400872124, 2.2112077017625174, 2.250743654701444, 2.254765072133805, 2.220540708965725, 2.246764293644164, 2.245370083385043, 2.2883882588810387, 2.241565341419644, 2.2005429274506043, 2.1853685067759616, 2.1569051033920705, 2.259206914239461, 2.201530606216855, 2.1866053011682305, 2.161572953065237, 2.1441997733381064, 2.1404208362102506, 2.137746998998854, 2.174221982558568, 2.161900783247417, 2.0476489232646093, 2.067242883311378, 2.004607668850157, 2.09550287855996, 2.0861205776532494, 2.1468753079573313, 2.142496879233254, 2.195557141304016, 2.093784017033047, 2.1682988577418856, 2.0979087763362467, 2.08738127483262, 2.090950901640787, 2.0893817100259984, 2.13138704167472, 2.111787824498282, 2.189802214172151, 2.1435803512732194, 2.081823855638504, 2.174005331595739, 2.1430356376700934, 2.1894536554813384, 2.1603001495202387, 2.15549572441313, 2.184768333037695, 2.2136863099204174, 2.285407638549805, 2.200685393147998, 2.2207142876254196, 2.208860542376836, 2.2013515366448293, 2.231362162033717, 2.243992022011015, 2.2939025143782303, 2.281523531675339, 2.34816378487481, 2.419645565085941, 2.3372225291199156, 2.389413821034961, 2.322734821505017, 2.4442149460315705, 2.449131985505421, 2.381682169437408, 2.2586773349179166, 2.334404957956737, 2.42554318772422, 2.427219569020801, 2.344584818681082, 2.296383139822218, 2.3077183345953625, 2.4577507588598455, 2.5313727398713435, 2.516413476069769, 2.534546550777225, 2.5282327161894904, 2.567446650399103, 2.506012672185898, 2.526005349556605, 2.5326114045249093, 2.566575432486004, 2.552419835329056, 2.6169843329323665, 2.5244751526249787, 2.5540570980972714, 2.624091089434094, 2.5805454360114206, 2.6604138818052085, 2.5916854275597467, 2.5159116731749633, 2.535416033532885, 2.565045711066988, 2.714730570713679, 2.611451566219331, 2.6313583241568677, 2.763819558752908, 2.779991682370504, 2.8581346611181893, 2.8345508793989818, 2.8284431954224907, 2.866088693009482, 2.919561702013015, 2.9029031356175743, 2.8621395746866853, 2.9321812669436134, 2.9302973098225067, 2.8777483297718898, 3.0336331029733024, 2.902705243561003, 2.8195518573125202, 2.828029539850023, 2.8409623377852977, 2.9153287735250264, 2.889977904160818, 2.906203918324577, 2.915608206722471, 3.026872795820237, 3.1075858500268723, 2.9865236719449357, 2.8944614522986942, 2.903869805071089, 3.0106020443969306, 3.0504884454939103, 3.0478095756636736, 2.9403980016708373, 2.9852199263042873, 3.038493208752738, 3.038052539692984, 2.9905681735939447, 3.0151665767033897, 3.0230861405531564, 2.932692373461194, 3.077846276760102, 2.956298702292972, 3.0385928716924453, 3.162877571582794, 3.1187402102682324, 3.148042270210054, 3.125682653983434, 3.071081093284819, 2.985624600781335, 3.1730484551853606, 3.1342525164286292, 3.08725747730997, 3.0183015280299714, 3.130213684505886, 3.244296426905526, 3.3311565558115652, 3.2222799685266286, 3.3117104556825425, 3.2758827937973867, 3.386709280146493, 3.293427639537388, 3.3177304585774734, 3.4578787512249414, 3.4865147663487335, 3.5834351619084672, 3.6530297742949585, 3.6446728063954246, 3.7698998742633396, 3.8066414813200637, 3.7735598742961884, 3.809235077434115, 3.8399638043509583, 3.8070958899127114, 3.8939948327011535, 3.9455595115820565, 4.094485172298221, 4.238984892765681, 4.273229850663079, 4.24503931734297, 4.194870592488184, 4.118253501256307, 4.16894316011005, 4.401254257890912, 4.461103618144989, 4.4091585503684145, 4.70180257426368, 4.581620623005762, 4.521425125333999, 4.452309200498793, 4.5211693697505515, 4.57801650762558, 4.813475883007048]}