{"latitud": 3.4823, "longitud": -71.5411, "radiacion": [2.380872831741969, 2.4168551703294114, 2.4093508740266163, 2.361052860816319, 2.3618070986535806, 2.424401346180174, 2.4218141774336495, 2.443872452444501, 2.4383196850617725, 2.473409672578176, 2.549237434069316, 2.5219673878616753, 2.48984099957678, 2.4716431001822152, 2.5233052889506014, 2.5501205133067244, 2.534442998303307, 2.5429197927316025, 2.5441267828146614, 2.5300116234355503, 2.540538413657083, 2.5407361580265895, 2.539210294352638, 2.516311581929525, 2.5387956645753644, 2.567309874296189, 2.5608154402838803, 2.5980456769466396, 2.5996990150875514, 2.613360695706474, 2.709311140908136, 2.7236378974384734, 2.7089941389030874, 2.69138054980172, 2.7441435800658334, 2.7072775012916988, 2.6513630635208556, 2.655455771419737, 2.6864667786492245, 2.665551107459598, 2.6316963924301993, 2.6852410058180496, 2.667063992553287, 2.639790219068528, 2.6046191944016353, 2.58469131257799, 2.6138540413644575, 2.632267279757394, 2.561962860822678, 2.6097789665063225, 2.6306276884343895, 2.6157518247763316, 2.536627688010534, 2.490454488330418, 2.43225826687283, 2.4021669732199773, 2.4320872982343036, 2.4874814801745946, 2.4151697695255288, 2.4568074391947854, 2.395062805546655, 2.4274973670641584, 2.4147321575217777, 2.439198252889845, 2.463754765192667, 2.4630741185612153, 2.442856048875385, 2.388305905792448, 2.376194103558858, 2.377938875887129, 2.328127946456273, 2.3683715760707855, 2.2906905942493005, 2.30877799656656, 2.3191871000660793, 2.247093521224128, 2.256991101635827, 2.2815108524428482, 2.285713747474882, 2.191579504145516, 2.187126996119817, 2.1791656235853836, 2.1440202825599246, 2.1550061994128757, 2.121644755866793, 2.0887435151471028, 2.0576074971093075, 2.044733160071903, 2.091881688767009, 2.073796288834678, 2.0442028171486326, 2.02678987648752, 1.9940635244051617, 1.9625861883163456, 2.0104876074526046, 2.0118486172623107, 1.9835314472516379, 1.9321932097276056, 1.9448113931549926, 1.960495967335171, 1.9292851176526806, 1.9092207173506421, 1.8447058306799995, 1.835047356287638, 1.8369560344351663, 1.8396721422672275, 1.7956608381536265, 1.7714847180578452, 1.7572265333599522, 1.7664269765218101, 1.758673235442903, 1.7748926934268736, 1.7575596067640522, 1.697321476538976, 1.6955198559496134, 1.671491462654538, 1.6456542945570414, 1.6361372901333704, 1.631173017952177, 1.6651498781310183, 1.6436206969949942, 1.6096449378463955, 1.6230511195129813, 1.6014003435770672, 1.6154174652364526, 1.5987571855386093, 1.6063501603073547, 1.6192031747765012, 1.5807505925496421, 1.6519217987855273, 1.651705510748757, 1.647259898318185, 1.5761911127302384, 1.505425320731269, 1.5067139714956281, 1.5338663538297015, 1.4940743929809999, 1.4951376414961286, 1.520721743173069, 1.533369300762813, 1.5219784372382692, 1.511726739671495, 1.4933121333519626, 1.4623816016647548, 1.4595584690570826, 1.420614156458113, 1.4336781945493486, 1.3941435856951605, 1.3784179455704153, 1.398471621010038, 1.4349081781175401, 1.4297545846965576, 1.3810926904280982, 1.3618831621276009, 1.3488323311011, 1.3278305139806539, 1.267236419518788, 1.226633738478025, 1.250833368632529, 1.2663371225198108, 1.2806574155886967, 1.226678678393364, 1.2791256106562081, 1.3144926723506716, 1.3164525892999432, 1.2828535348176955, 1.2672310719887416, 1.2145215911997689, 1.2457475745015676, 1.2253567566474277, 1.187058302760124, 1.1845459491014483, 1.2088785065544985, 1.1951409869723852, 1.2384363644652898, 1.270741351114379, 1.23985561132431, 1.197086352772183, 1.2228177169958754, 1.230220570498042, 1.2167526278230878, 1.2403171509504316, 1.205226654807727, 1.2309787087970308, 1.2351804739899106, 1.2023116969399983, 1.2423926876650915, 1.2033562517828411, 1.2552314652336964, 1.2409941126902904, 1.2647960609859894, 1.253481515248617, 1.2124700138966242, 1.172810240255462, 1.1499949004915029, 1.1967754625611835, 1.2275041007333334, 1.1794910520315172, 1.1798539251089093, 1.1692367454369863, 1.1792905237939624, 1.191532457537121, 1.18809916973114, 1.2141034106413526, 1.2081160641378828, 1.174499783913295, 1.1903554932938685, 1.1757582310173242, 1.1918126497003776, 1.1689985718992022, 1.1783515450027253, 1.133028665847248, 1.1351892050769599, 1.1859582705630198, 1.1681267923778955, 1.1771008809407546, 1.1870707372824347, 1.168517835934957, 1.1581371112002263, 1.2059726781315268, 1.1664436231056847, 1.1740159898996354, 1.2319416085879005, 1.2507177468803192, 1.2171790526972874, 1.1972570134533782, 1.1971969369384983, 1.214380914303991, 1.2040856510400777, 1.229678259293238, 1.2164504372411304, 1.2162205129861832, 1.2534927176104655, 1.266874645153682, 1.2642219864659838, 1.2770976450708174, 1.3032953388161135, 1.3019042091237176, 1.3177658481730357, 1.2919509142637258, 1.2933172371652395, 1.287115511298179, 1.3084115488661663, 1.3028201798597974, 1.2982037415107095, 1.2871341062916648, 1.3122109936343302, 1.330187428659863, 1.3237072298924124, 1.418850798739327, 1.4307551864120696, 1.4083575636148458, 1.4185495068629583, 1.3841846131616171, 1.458440147505866, 1.4763847817977265, 1.4468665871355268, 1.525562888383865, 1.4749588903453617, 1.465557194749515, 1.5141558984915413, 1.4860065420468649, 1.456311638156573, 1.5224378738138409, 1.5402431713210214, 1.527545725305875, 1.521710220310423, 1.5205513980653549, 1.5224173423316738, 1.5549128409889013, 1.603761008050707, 1.591390482584636, 1.606764399343067, 1.6733223862118187, 1.654244964321454, 1.6486568835046558, 1.6775514993402696, 1.677436923318439, 1.7088701307773597, 1.688711154460907, 1.6839524229367575, 1.7216487420929802, 1.7411896579795414, 1.7058452281686993, 1.7214471624957188, 1.714721782339944, 1.672363083230124, 1.6790040936734936, 1.7018018139733204, 1.6860337065325843, 1.737891410456763, 1.7309449258777831, 1.7260039057996537, 1.75006785525216, 1.719705863131417, 1.652493090762033, 1.6675880524847244, 1.6952875905566742, 1.7151821278863484, 1.7571933335728114, 1.7080785102314413, 1.717399990558624, 1.703772030274073, 1.6958977209197148, 1.6563292367590794, 1.7058821439743044, 1.7010573082500036, 1.703358224365447, 1.6719590935442181, 1.6899260573916965, 1.6906803061564766, 1.6838025854693515, 1.7107186439964501, 1.7369130227300857, 1.7517931951416867, 1.6848738835917578, 1.680661929647128, 1.6945318374368876, 1.7312317728996278, 1.751007575790087, 1.7679084512922498, 1.7318253331714206, 1.7611731463008458, 1.8106494138638176, 1.8198437780141825, 1.7950666632917194, 1.7758813480536138, 1.8286250876055823, 1.7920322219530744, 1.8370217621326443, 1.8130795160929374, 1.8539931939707863, 1.8902796592977313, 1.8995411280128696, 1.9718018147680487, 1.966705026891497, 1.9893678512838149, 1.9976774725649085, 1.9694433394405575, 2.002436890867021, 2.0010881231890782, 2.014646045366923, 2.0699257930119837, 2.1010276999738475, 2.1066403488318124, 2.088948181602689, 2.088605474763446, 2.094016427463955, 2.1010036024782397, 2.1455213149388634, 2.1349151021904422, 2.196944951348835, 2.1915662288665776, 2.200842728217443, 2.2073086930645833, 2.2094627718130746, 2.174858954217699, 2.231703364186817, 2.2869139379925194, 2.317909593052334]}