{"latitud": 4.4935, "longitud": -71.4497, "radiacion": [4.681009891298082, 4.724876969390445, 4.740601513120863, 4.695654667748346, 4.777316937181685, 4.813278101550208, 4.756927133931055, 4.826033968395658, 4.828218068016899, 4.8817618727684025, 4.927313848336539, 4.824019475777945, 4.715428780184852, 4.7316256417168505, 4.791983438862695, 4.868634796142579, 4.895441925525664, 4.888773371113671, 4.769661464956072, 4.854006089104547, 4.9068184044626015, 4.969411154588063, 4.893364947372013, 4.748569872644213, 4.868329424328273, 4.901146434413061, 4.907757168345982, 4.932762173811596, 4.943432842360603, 5.01942978170183, 5.1290899210506025, 5.143631312582229, 5.142445702022976, 5.155153626865811, 5.145320155885485, 5.165114523304833, 5.057728419038984, 5.0992368711365605, 5.0685106065538195, 5.043818827470143, 5.006501132912105, 5.015792255931431, 5.0027745962142935, 4.928002283308242, 4.970176977581448, 4.946756732463836, 4.970173320505354, 4.968392221132914, 4.8059352000554405, 4.835572653346592, 4.895840318997702, 4.9017880386776405, 4.80026277171241, 4.721012228065066, 4.654014832443661, 4.575730990038977, 4.600650911198723, 4.67040930721495, 4.588737571239471, 4.650876100858052, 4.520592930581834, 4.553127125898997, 4.598878215418922, 4.523115536901687, 4.716139803992378, 4.697976499133641, 4.732178715864817, 4.616273665428161, 4.4863932013511665, 4.4645721938874985, 4.399014520645143, 4.537475290563372, 4.408047062820859, 4.3027720994419525, 4.335322629080878, 4.196979422701729, 4.230692774057388, 4.3362409763866, 4.319795513153076, 4.115208117167154, 4.063111861546834, 4.111741483211517, 4.0739992313914835, 4.019851042164697, 3.9417994035614865, 3.89543323384391, 3.8341947542296526, 3.852592975563473, 3.903340094619326, 3.8396410677168102, 3.7043508880668212, 3.737795933749941, 3.759243851237827, 3.7184092183907826, 3.7684531794654, 3.7494332684410945, 3.7124223364724056, 3.597530408038033, 3.572769717375438, 3.580779882272085, 3.5055297838317028, 3.508180834187401, 3.4170454051759513, 3.3251102626323696, 3.39897283381886, 3.3449074347813923, 3.322721042897966, 3.2053981820742288, 3.2276241627004416, 3.253133548630608, 3.217711188395818, 3.2696466664473216, 3.179728665616778, 3.149552915493647, 3.1339134395122525, 3.099518303076426, 2.9961072332329217, 2.9919341127077743, 3.023112212949329, 3.0609335528479673, 3.01120075252321, 2.9758888403574617, 2.950831192069583, 2.928180997239219, 2.9523254288567435, 2.9761477126015556, 2.896933092673619, 2.927523910999298, 2.894315301047431, 3.0699336647987363, 3.0909133262104462, 3.075944234265221, 2.9332085404131143, 2.751730355289247, 2.7733457578553087, 2.76658641828431, 2.697540559371312, 2.644513336817424, 2.8231666399372948, 2.831191621224086, 2.8066219396061367, 2.8078340126408476, 2.766859019464917, 2.6892127209239534, 2.6107607583204913, 2.567718985345628, 2.6376563707987466, 2.564720575677024, 2.5387808216942678, 2.565206354856491, 2.582488109668095, 2.556439709001118, 2.5100119272867842, 2.4445275227228804, 2.478889350096386, 2.4209323432710437, 2.2793059719933404, 2.2060987300342982, 2.176186356941859, 2.2590838147534265, 2.3068720108932914, 2.195661056041718, 2.3194140414396927, 2.429954718218909, 2.4268558959166207, 2.316026951207055, 2.2678980708122256, 2.195049531592263, 2.237730691830317, 2.2362151483694714, 2.1259276681476176, 2.1661225987805257, 2.1861322595013513, 2.1953361127111646, 2.2626828392346705, 2.3457861065864556, 2.276174704233805, 2.2333027886019816, 2.2247001859876847, 2.2312029600143437, 2.2023151901033184, 2.169950639539295, 2.1784715407424504, 2.2855190734068556, 2.28667491806878, 2.174643064207501, 2.1937126027213205, 2.225040715270573, 2.2760732299751703, 2.240648185544543, 2.2586777263217503, 2.3165160821543798, 2.2262390216191608, 2.107535423172845, 2.0590580721696217, 2.163305450148052, 2.1704111019770296, 2.040228870842193, 2.1036319818761613, 1.9962939341863002, 2.1256959882047446, 2.085751889811622, 2.2343507435586716, 2.218672497404946, 2.179786343044704, 2.0239408406946393, 2.115629691547818, 2.119555424981647, 2.1244207680225373, 2.0499591946601865, 2.065458659993278, 2.0865328894721134, 2.0944746838675603, 2.1105400323867793, 2.086861063374414, 2.074123581250508, 2.1357982304361136, 2.2058593723509055, 2.199055709441503, 2.280032315519121, 2.2566261231899265, 2.2470287885930795, 2.343096783426073, 2.4619812607765192, 2.3511735737323765, 2.3354995734161803, 2.3184960226217908, 2.2083088199297585, 2.309112759431203, 2.3133105059464776, 2.323379766278797, 2.3919961399502228, 2.4058360510402266, 2.562778109312058, 2.5705678012635977, 2.5828454183207623, 2.622944252358543, 2.5018497566382094, 2.6382350789176097, 2.6184058268864945, 2.5468453665574393, 2.568120904101266, 2.585457413064109, 2.5902003963788354, 2.583396224180857, 2.6107429232862263, 2.623717337846755, 2.657106867101458, 2.7393180052439376, 2.843572399351332, 2.920401722855038, 2.8400758670436015, 2.935331936677296, 2.8928151216771876, 2.9338261379135986, 2.945748596721226, 2.9789443227979873, 3.0727215760283997, 3.02457677854432, 3.028613611724642, 3.071408882406022, 3.0850836290253536, 3.075647282600403, 3.162933952940835, 3.129959006441965, 3.098529557387034, 2.9881318377123933, 2.979678336117003, 3.12003630399704, 3.143145632743836, 3.1110994431707595, 3.2567249251736534, 3.3634259535206694, 3.3424240854051384, 3.403013594945272, 3.470250376727846, 3.3753968622949393, 3.3076601611243355, 3.4234725607766046, 3.379345739550061, 3.3843801279862724, 3.4709809329774646, 3.4609040591451845, 3.397486917177836, 3.311609420511458, 3.3611378179656133, 3.255990695291096, 3.3436460442013214, 3.3638446635670127, 3.334267712301679, 3.4885777513186134, 3.437749583191342, 3.3941426634788514, 3.3879521555370755, 3.394486509429084, 3.1817349023289148, 3.2547270225154024, 3.3589477750990127, 3.401396783192953, 3.4396368927425818, 3.382874032523896, 3.334532239039739, 3.250722656647364, 3.3209267119566603, 3.2951960225900017, 3.371358871459961, 3.3022893144024743, 3.3313933047983384, 3.368041267659929, 3.345975062582227, 3.3996449391047157, 3.4446211271815823, 3.42804684109158, 3.500632695357005, 3.562528804937999, 3.467530616124471, 3.3357639193534854, 3.3730323288175796, 3.4370640244748856, 3.459158297379813, 3.4805412001079987, 3.467859166198307, 3.448767619662815, 3.500179154343075, 3.5324375602934097, 3.5731258591016135, 3.5816298193401757, 3.624695241451264, 3.519633697138893, 3.56256323787901, 3.60739305946562, 3.643011958731545, 3.7350129882494603, 3.83022072646353, 3.851509293582705, 3.9128344072235968, 3.932220482163959, 3.953938468297322, 3.992266299327214, 4.0146793875429365, 3.938517341348861, 3.9561965379450057, 4.0238690694173185, 4.190983903408051, 4.326703295442794, 4.288111801279915, 4.254489836427901, 4.239648951424492, 4.200801797707876, 4.325384626123641, 4.435734203126695, 4.492655678590139, 4.428474117649927, 4.486025398307376, 4.517111112011804, 4.518604710366991, 4.469927345381843, 4.428166789478726, 4.558674273225996, 4.6620751447147795]}