{"latitud": 5.7142, "longitud": -69.1221, "radiacion": [5.154006856017642, 5.2277219957775545, 5.182711183362538, 5.157880715529124, 5.240603624449837, 5.322066362698872, 5.31647308866183, 5.327306968635982, 5.432484267817604, 5.43745388057497, 5.479658506976233, 5.360775258806018, 5.298045901457468, 5.239596376154157, 5.375064644548627, 5.466199082798428, 5.566931417253282, 5.5136105471187165, 5.519051194190979, 5.5605228145917245, 5.546091793643104, 5.647137127982245, 5.608513198958502, 5.476523877514733, 5.511064595646329, 5.493162637286717, 5.547291416592068, 5.523941246668497, 5.483565972910987, 5.664499617947473, 5.902988224559361, 5.945833241939545, 5.936540958616469, 5.990861180093553, 5.995524398485819, 5.902193788687388, 5.785769318209755, 5.790663837061987, 5.874099618858761, 5.862970426347521, 5.931375243928698, 5.88306200504303, 5.784461326069302, 5.843680130110847, 5.731330001354217, 5.8195566031667925, 5.85119985209571, 5.806176365746392, 5.7921269774436945, 5.842104413774279, 5.9365642560852905, 5.714915903409321, 5.633177790376876, 5.450541553232404, 5.463279139995574, 5.358166306548649, 5.3251618974738655, 5.457860922813416, 5.4080281813939415, 5.406456192334493, 5.316798533333672, 5.344420562850104, 5.248691667450799, 5.331484003861745, 5.520683754814995, 5.635086417198181, 5.52244400050905, 5.436667042308383, 5.289801659848955, 5.22947567568885, 5.136915485726463, 5.256826888190375, 5.048459532525805, 5.047144089804756, 5.001744969685873, 4.893597169054879, 5.044802912076315, 5.025262835290697, 5.1275231692526075, 4.920156643125746, 4.686677584383222, 4.719257275263469, 4.569785855876074, 4.457940804958343, 4.319616970088747, 4.260841706064013, 4.215976532300313, 4.251501490672429, 4.314254595836004, 4.157172034846412, 4.028762745857239, 4.0246776355637435, 3.9530847072601305, 3.8854302194383408, 3.879639720916748, 3.772889692253537, 3.7597767896122405, 3.5446291221512687, 3.629828733868069, 3.542873075273302, 3.486689897378286, 3.402089401748445, 3.3540113310019173, 3.3789279354943176, 3.3440359142091545, 3.307877323362563, 3.3146255638864304, 3.374311513370938, 3.2741251839531795, 3.151874376005597, 3.097039176358116, 3.1261989619996817, 3.0348820951249866, 3.026881939835018, 3.0323077844248876, 2.9700461056497356, 2.778696195284526, 2.843980354732937, 2.856030792660184, 2.8259411838319566, 2.811462896400028, 2.797744220495224, 2.802120287550821, 2.7181841863526244, 2.711059792174234, 2.7457403918107346, 2.6914825552039674, 2.7618078404002713, 2.7531689299477473, 2.766128724151187, 2.759263408184052, 2.7293677965799965, 2.543745748202006, 2.490353648530112, 2.4591846194532185, 2.5022534555859033, 2.4706214308738708, 2.48815061516232, 2.62350460489591, 2.661348377996021, 2.647188849581612, 2.5753344376881917, 2.5654597010877396, 2.45446573694547, 2.3534488909774356, 2.364760635296504, 2.337102570798662, 2.2803522931204903, 2.3717119978533847, 2.3616239004664954, 2.32703337404463, 2.3699820684062107, 2.3147167305151624, 2.281945159700182, 2.3011189685927502, 2.190155613422393, 2.1249947693612845, 2.047237764464484, 2.1026622156302133, 2.120375963714388, 2.0570471194055346, 2.061979027589162, 2.079496779044469, 2.142646767033471, 2.1445160170396167, 2.057747842868169, 2.137254522906409, 2.1065078728728834, 2.1045472800731653, 2.098073407676485, 2.106125531593959, 2.0996499379475915, 2.139253732230928, 2.096766481134626, 2.132414692640304, 2.1344210796886016, 2.1501427021291515, 2.2078185995419823, 2.232485931449466, 2.16440629031923, 2.1052930202749036, 2.0959010488457155, 2.137604593568378, 2.199599735604392, 2.222452361053891, 2.1234453260898594, 2.1116769803894884, 2.18233123421669, 2.227417180935543, 2.16488246454133, 2.1500779012839, 2.1136921518378795, 2.1263222369882797, 2.0805049267080094, 2.0736973404884345, 2.140712025430467, 2.0635461866855622, 1.9720196366310117, 2.0163016451729674, 2.003047248389985, 2.102770545747545, 2.021280721161101, 2.080176846848594, 2.124293061097463, 2.138545481363932, 2.0822088837623594, 2.155415578683218, 2.1089545925458277, 2.0548614581425984, 2.0512093888388736, 2.0591275407208336, 2.0799770461188416, 2.0672521637545693, 2.1364423400825925, 2.1191600130663972, 2.0829335749149323, 2.1433169921239212, 2.2210893664095135, 2.1311926854981316, 2.2150368889172873, 2.2268218861685862, 2.243042461739646, 2.2136284748713186, 2.296671972672145, 2.2820735116799677, 2.3064799010753636, 2.2459406269921196, 2.2160147726535797, 2.268197908004126, 2.2695669054985053, 2.3144715163442826, 2.2709916002220574, 2.384299435218176, 2.4457529478602935, 2.4105345315403413, 2.4314248164494834, 2.4613764564196274, 2.4753654473357734, 2.5466093480586998, 2.4639262484179603, 2.3735896666844685, 2.4533436795075736, 2.485484758350584, 2.486143034034305, 2.4190841125117415, 2.3530105802747943, 2.4201936589346995, 2.436788449022505, 2.589712727732129, 2.6117716617054407, 2.602319178316328, 2.5596508668528664, 2.684496211343341, 2.6420945902665465, 2.6850803030861745, 2.5894477943579357, 2.720951909489102, 2.717741047011481, 2.6478473318947677, 2.6624532024065655, 2.678496809800466, 2.721402923266093, 2.7412402941120995, 2.8356619536876675, 2.710910383197996, 2.657276538345549, 2.6705207626024876, 2.652402353286743, 2.7316488007704414, 2.7537466433313154, 2.7109519951873353, 2.843670614560446, 2.93263003428777, 2.968737172418171, 3.0146100918451944, 3.0625427597098884, 3.021661577622096, 3.040443099869622, 3.041172411706713, 3.0305995378229347, 3.0660427497492897, 3.0955114722251893, 3.074114865064621, 3.146024590068393, 3.0432981438106963, 2.9087714996602805, 2.853424969646666, 2.916396483447817, 3.007321231232749, 2.9902844587961828, 3.155710675319036, 3.1547071218490594, 3.1578015685081486, 3.0930837101406525, 3.0387660741806024, 2.970655294921663, 3.018322754568524, 2.9501352826754252, 3.0285098446740037, 3.0200695296128597, 3.0129900250169968, 3.091457399394777, 2.97063346306483, 3.087244902054469, 3.1033624596065947, 3.180284669664171, 3.008126135004891, 2.997912640041775, 3.1443063716093698, 3.0885100848144957, 3.0936962922414146, 3.233472677071889, 3.2437479310565522, 3.2944049696127577, 3.294870254066255, 3.1947688851091605, 3.0676705916722624, 3.141948526435428, 3.1502805352211, 3.1801481180720863, 3.135598620441224, 3.1882665342754795, 3.329578493038813, 3.3387455238236328, 3.3301414741410156, 3.358175723420248, 3.4050941354698607, 3.4036470658249325, 3.433811200989618, 3.4694864643944623, 3.473276937670178, 3.6318503108289506, 3.6808242373996314, 3.816965396536721, 3.879111066129472, 3.9013514035277894, 3.9780636621846086, 3.946304656399621, 3.9967346489429487, 4.060074342621697, 4.002520451280806, 4.015745861000485, 4.073764759302139, 4.217050927215154, 4.422094015280407, 4.458030475510491, 4.422385564115312, 4.27294042772717, 4.226203982035319, 4.328272261884478, 4.588311314582824, 4.691547846794129, 4.62551181183921, 4.843144483036465, 4.7229518565866675, 4.678574381934271, 4.652739805645414, 4.645010856787363, 4.8180292546749115, 5.0093727548917135]}