{"latitud": 7.0813, "longitud": -71.2147, "radiacion": [2.241324367788103, 2.243215441703797, 2.240821165508694, 2.2774718874030646, 2.2990200248029495, 2.276310025983386, 2.283498601780997, 2.2925969342390693, 2.2875715229246345, 2.2907100829813216, 2.3035866929425137, 2.2546678450372486, 2.2295675535996753, 2.2735468374358283, 2.3285240550835926, 2.3078565511438587, 2.324137704239951, 2.325493107239405, 2.324040737417009, 2.3162121653556826, 2.3401045786009895, 2.304410845703549, 2.2966337932480703, 2.355003768867917, 2.363298875755734, 2.3563359280427294, 2.342206820514467, 2.346703246566984, 2.37358988655938, 2.431677217615975, 2.429836804336972, 2.411879903740353, 2.3989834494060944, 2.4388740751478406, 2.476982559098138, 2.449046770069334, 2.3976866185665133, 2.3963803105884125, 2.471653760141797, 2.487544420030382, 2.4679130256176, 2.4501387715339664, 2.458592679765489, 2.502229723003176, 2.495216239160961, 2.4828922861152223, 2.45546684662501, 2.472254484229618, 2.5367564585473805, 2.5443844318389894, 2.5387650503052606, 2.510568379031288, 2.528595496548547, 2.5035898036426967, 2.4669027917914925, 2.440575178464254, 2.4592535833517712, 2.509822957383261, 2.521018215682771, 2.4876022391849095, 2.48824343085289, 2.474017090267605, 2.519640846384897, 2.5327104912863847, 2.557820177078247, 2.5488762961493605, 2.545655979050531, 2.532388706339731, 2.5614381929238648, 2.5296947942839725, 2.499907069736057, 2.5069588734043964, 2.502091808451546, 2.508302779330147, 2.500887163480123, 2.51064511736234, 2.5063074774212306, 2.5066774037149218, 2.531881680753496, 2.504068898492389, 2.4627764403820036, 2.422782876756456, 2.384653495417701, 2.390047269397312, 2.382367385758294, 2.3885668787691325, 2.321287681659062, 2.352431980768839, 2.3895679334799453, 2.372937493191826, 2.340340442789926, 2.292890410290824, 2.283507091469235, 2.285713680585226, 2.325580633348889, 2.2902294940418675, 2.2504750139183467, 2.178399987353219, 2.1618032932281497, 2.1955368929439123, 2.0878070155779525, 2.0932798239919883, 2.1152676641941066, 2.1032418502701655, 2.1013491034507745, 2.106835348407427, 2.046469073825412, 2.0487361510594684, 2.0636804441610965, 2.077031112379498, 2.008787233299678, 1.9690652102231978, 1.926639394627677, 1.935564568969939, 1.925714807709059, 1.8527015460862053, 1.8956685807969833, 1.8384911252392664, 1.8612491885821025, 1.8792336076498029, 1.807637123266856, 1.7771898792849647, 1.7300765282577941, 1.7118579043282403, 1.7290730635325111, 1.7301335003640919, 1.7200377000702751, 1.6838553359111146, 1.6657529201772479, 1.7547518101003432, 1.6774556782510543, 1.616204411453671, 1.545688072178099, 1.5375374966197544, 1.5216187238693235, 1.560878611273236, 1.5536931392219333, 1.6072929965125187, 1.6359107222821974, 1.639368010229535, 1.635528494252098, 1.5551623533169432, 1.5648651705847847, 1.5059541391001814, 1.4566753410630753, 1.4260365486145015, 1.4365193784236905, 1.4216815011368862, 1.4806507769558166, 1.5621415078639977, 1.5097509284814201, 1.4661764181322525, 1.4163374616040132, 1.41852482755979, 1.4194365527894772, 1.3924352698855929, 1.3986862921052514, 1.410777478747898, 1.3896339171462586, 1.4602484444777166, 1.3713685916529759, 1.3157095978657407, 1.3084710829787782, 1.3425720499621498, 1.378451372186343, 1.3679864674806594, 1.3415160811609692, 1.3275937391652004, 1.3277955790360776, 1.2789084378216005, 1.3344214356607864, 1.3600089285108776, 1.3427898204988906, 1.3559834589560822, 1.3830215993854733, 1.3675462851921718, 1.4056708047787343, 1.3533212413390476, 1.4350026355849372, 1.4108908252583607, 1.379756021168497, 1.3430632382631307, 1.3231761114464866, 1.4053868465953403, 1.3985841747787262, 1.3907581776380535, 1.3319290608167655, 1.3989282174242863, 1.3885250329971308, 1.3991686261362497, 1.3700060258309052, 1.3735124700599248, 1.3566887454854115, 1.3325889368851982, 1.3373288167847523, 1.4075401090913349, 1.3576954563458763, 1.2922062665224072, 1.2699903524584244, 1.3188193970256383, 1.37503842247857, 1.4074307835764355, 1.3622931338018844, 1.3763739281230498, 1.3853692885902191, 1.4252240949206882, 1.3318709757592944, 1.3522428966230813, 1.350522635711564, 1.3986527423063915, 1.4213304503096482, 1.4327400743961336, 1.4670478973123766, 1.4568648795286807, 1.4653197182549373, 1.4734421690305073, 1.4633751862578916, 1.4740146570735504, 1.5067147043016222, 1.5289084778891668, 1.5188837332857978, 1.5313144154018825, 1.5199836492538452, 1.5281587620576225, 1.5026594075891708, 1.5465593609544965, 1.5459204455216724, 1.5157143023278978, 1.533466098043654, 1.5953650951385498, 1.6206722898615735, 1.5879705005221891, 1.643896875116561, 1.6094493885835008, 1.6176303810543482, 1.6630440162287814, 1.687517442305883, 1.6452551838424476, 1.6811528457535634, 1.6558067825105454, 1.6724246952268815, 1.6795031037595536, 1.7199034131235547, 1.684893822007709, 1.7015298942724861, 1.6797471880912778, 1.6662861751185523, 1.727321483691534, 1.7342662956979538, 1.751724136537976, 1.73647420141432, 1.7494472828176286, 1.7611114919185633, 1.8028959128591744, 1.799677410390642, 1.8586444828245376, 1.7727699531449217, 1.8468854645888009, 1.8717908190356358, 1.8554035809304974, 1.8954622089862825, 1.8440634753968979, 1.8757038765483436, 1.915514037344191, 1.8514881067805824, 1.8931031511889564, 1.8544195241398282, 1.897047144174575, 1.9308863447772133, 1.951973597870933, 1.9203537099891232, 1.92486241724756, 1.9888378898302717, 1.9877610471513538, 1.942233118083742, 1.9311722324954141, 1.9595312032434682, 1.958820703294542, 1.9408381945557063, 1.9347376498911117, 2.01689401268959, 1.99438815050655, 2.031691257821189, 2.007638283570607, 1.9530156420336835, 1.9768229974640745, 1.9864285164409223, 1.9313864178127718, 1.9836350626415673, 1.9495450245009536, 1.9846971227063073, 1.9468796683682335, 1.970123818847868, 2.006695095698039, 1.9789988928371, 1.9504858275254566, 1.9243608792622886, 1.970006155967712, 1.935089125898149, 1.9631487011909485, 1.9399948047267062, 1.9758145146899755, 1.957292727629344, 1.9831977850861024, 1.952745561467277, 1.9533276882436537, 1.9090087307824029, 1.9358103328280982, 1.9057650420400838, 1.932978868484497, 1.9313678436809107, 1.9096274369292783, 1.9341819478405853, 1.9478976620568176, 1.9727694524659052, 1.9357851862907403, 1.9515396747324203, 1.9242061436176299, 1.9818277047740083, 1.9525779479079777, 1.9359104037284858, 1.9947454677687755, 2.0043188393116, 1.987333931525548, 2.071863914198346, 2.0168688648276856, 2.0035735070705414, 1.9775684860017562, 2.0300911499394307, 2.0222473760445916, 1.9975264959865147, 2.011519722806083, 2.043307787179947, 2.032516433795293, 2.072379880481296, 2.1114701436625594, 2.0859163085619605, 2.093929447068108, 2.116610534985861, 2.084371257490582, 2.0521407630708484, 2.0873011728127793, 2.1042754265997146, 2.171747795740764, 2.1877524183856125, 2.1557642883724637, 2.131568393442366, 2.14513496822781, 2.158652479118771, 2.1763505452209055, 2.1707854602071976, 2.1634658277034755, 2.205182838439941, 2.205517138375176, 2.173067695564695, 2.176321988635593, 2.179421332147386, 2.205301341745589, 2.2446669439474745, 2.2343220962418453]}