{"latitud": 4.3957, "longitud": -74.5222, "radiacion": [3.201068133778042, 3.2512170897589794, 3.224912656678093, 3.220275207360585, 3.1707475278112622, 3.124988601605097, 3.1036492586135864, 3.0745888319280414, 3.133312873045604, 3.217677521705627, 3.294297867351108, 3.2679728945096334, 3.2686839567290407, 3.252154971493615, 3.254959285259247, 3.1040998432371354, 3.1485134442647293, 3.1901228348414103, 3.192826514773899, 3.1921528511577186, 3.3044177532196044, 3.325149133470323, 3.2417018638716804, 3.2923289868566727, 3.2051229596138007, 3.197136582268609, 3.1965148746967316, 3.172095863686667, 3.2254231598642136, 3.2228286266326904, 3.228648743364546, 3.306269029776256, 3.3826033459769342, 3.3765040847990253, 3.324026323689355, 3.3762104286087884, 3.416629782650206, 3.3511695252524483, 3.321620945135752, 3.2947377721468603, 3.4207952737808234, 3.3445292419857453, 3.374527948432498, 3.368831131193373, 3.319736626413133, 3.3623351520962186, 3.3569814556174813, 3.378220264116923, 3.3388347625732426, 3.1974954207738246, 3.1378549271159706, 3.201835611131456, 3.253046213918262, 3.241503106223212, 3.3949463910526703, 3.3547692378362015, 3.2886558307541733, 3.225375428464678, 3.31701119210985, 3.3536751945813497, 3.2747715022828845, 3.252659044000838, 3.3144568390316436, 3.274951276514265, 3.2237487150563133, 3.3944401383399962, 3.3171495543585885, 3.3377372350957657, 3.328679582807753, 3.258420570691426, 3.21727238032553, 3.2575993200143176, 3.3644484904077316, 3.278601513968573, 3.2277320914798313, 3.220291192001767, 3.1766437927881874, 3.197730639245775, 3.211404628886117, 3.1882313960128363, 3.1696514162752365, 3.09973248243332, 3.181307803259955, 3.163082483741972, 3.17248207728068, 3.284123649862078, 3.2607635339101164, 3.275791912608676, 3.269897143708335, 3.2836140579647495, 3.3420826474825542, 3.280558518568675, 3.289982450008392, 3.319804455836613, 3.3897419148021277, 3.3425812509324815, 3.335383786095513, 3.2468481673134697, 3.2515875101089478, 3.306989406214821, 3.3796833064821024, 3.373846758736505, 3.3167099621560836, 3.38462122546302, 3.416146224074893, 3.397248358196683, 3.4652424030833777, 3.4278547869788283, 3.4558158636093137, 3.510522200001611, 3.5313919279310437, 3.5006160351965168, 3.5875746899180943, 3.643536489539676, 3.618450408511691, 3.6423878206147084, 3.7184005922741363, 3.708460274007585, 3.7469512449370495, 3.7775281853146025, 3.761116087436676, 3.7068220496177666, 3.8019474996460807, 3.8897265209092033, 3.8709705074628196, 3.855648594432406, 3.8951890110969547, 3.8945398542616103, 3.9411680459976197, 3.9899867031309353, 4.028787489732107, 4.02460361984041, 3.9858411894904244, 3.9816076649559875, 3.955001905229357, 4.003674225012461, 3.9235114508205, 3.950702871216667, 3.9597220831447175, 3.9778496450848047, 3.9717701037724815, 3.983566680219439, 3.9945161289638946, 4.024880254268647, 4.024984822008345, 4.0707517464955645, 4.049238867229886, 4.016145196225907, 3.954879442850748, 4.009678375720977, 4.056179965866936, 4.09050817489624, 4.029940013090769, 3.990300489796533, 4.045577177736495, 4.059547580613031, 4.037060219711728, 4.016621281041039, 4.021182335747612, 4.058697378635406, 4.0311963240305575, 4.052104446623061, 4.067114868428972, 4.062176696459453, 3.985458780659569, 4.100500917434692, 4.008467237154643, 4.00239890548918, 4.016174076663123, 4.001690736081865, 4.010711538791657, 4.003401875495911, 4.015696083174812, 3.980462944507599, 4.033619209130603, 4.008976052867042, 4.0140996681319345, 4.0202956822183396, 3.9663832015461398, 4.099146201875474, 4.026169308026632, 3.989561830626594, 3.995871489577823, 4.014422950479719, 4.012124526500703, 4.025156331062316, 4.060453658633761, 4.024463951587677, 3.972416787677341, 4.064139849609799, 4.065977136294047, 4.056161297692193, 4.05622180170483, 4.059308131535848, 4.052462526162466, 4.002723319000668, 4.101137687100304, 4.1218347536193, 4.068695762422349, 4.058114565743341, 4.056494221422408, 4.058080675866868, 4.045934278435178, 4.108001191086239, 4.05824421511756, 4.073239766226874, 4.085126237074535, 4.138488940397898, 4.111346599790786, 4.140599486562942, 4.066753497388628, 4.121043663554722, 4.040848490926954, 4.050016008483039, 4.03389130168491, 4.047994254695046, 4.024785644478268, 4.007901479138269, 3.9871581713358566, 4.005069241258833, 4.003338401847416, 4.012608325481415, 3.9887047224574608, 3.936752949820624, 3.904391272862752, 3.9269161740938823, 3.9703416042857707, 3.8838636941379967, 3.8812647210227116, 3.893897906939188, 3.8243705259429084, 3.873082933160994, 3.7618865966796875, 3.80557904905743, 3.797887615362803, 3.7840156435966485, 3.773770463466645, 3.7356031431092163, 3.684199545118543, 3.757905479272207, 3.7658037251896332, 3.6989476746982994, 3.680728975931803, 3.5919972777366636, 3.6811310542954345, 3.6328097608354355, 3.5828942391607494, 3.5069969614346816, 3.5065615667237178, 3.474804716640049, 3.4847465250227194, 3.4024404022428723, 3.3194390310181507, 3.2876526872316987, 3.342557113700442, 3.3787967191802135, 3.364962890413073, 3.2709949506653673, 3.1598041945033604, 3.191312905152639, 3.1991329696443347, 3.2246668431493966, 3.22979159620073, 3.149483385350969, 3.1999875651465524, 3.1904169784651866, 3.1499642444981473, 3.1519242200586532, 3.1046029501491126, 2.9904635720782813, 2.9266418523258633, 2.917197166548835, 2.772438454627991, 2.75110457804468, 2.8495020071665444, 2.9112438466813835, 2.9078827460606895, 2.845164061917199, 2.83758915927675, 2.7761428058147444, 2.7625470889939208, 2.7520561178525287, 2.648788762754864, 2.753579211235046, 2.7933215525415207, 2.7439406441317664, 2.761389686663945, 2.770258821381463, 2.710722886191474, 2.69896293481191, 2.6146507793002662, 2.6305939184294806, 2.6845744954215163, 2.6446466008822127, 2.6261706848939252, 2.6633851197030807, 2.650983525647058, 2.6322176032596154, 2.654430622524685, 2.693049368593428, 2.7148559219307375, 2.7227305657333805, 2.768273152907689, 2.7024837586614825, 2.7119652099079565, 2.701442056232029, 2.6181172834502338, 2.642627927329805, 2.73768700030115, 2.6969507349861996, 2.59766705168618, 2.647698197762172, 2.698363543219037, 2.6949004199769764, 2.7628991789287993, 2.760030742486318, 2.771782134638892, 2.808094351159202, 2.803868374559615, 2.7491013414329957, 2.7600683795081244, 2.8490236096911965, 2.8061138239171775, 2.8104684306515586, 2.8134213599893783, 2.8904075053003098, 2.86166907813814, 2.852665480640199, 2.8264040761523774, 2.7636856145328945, 2.819553861353132, 2.804184052679274, 2.797854707638423, 2.8491856634616854, 2.9334884577327305, 2.8875081790818116, 2.895412259631687, 2.8498175104459134, 2.9256753153271142, 3.0310998784171215, 3.0352544267972306, 2.982643495665657, 3.0003535277313653, 2.944481537077163, 2.9266077405876576, 3.0446477810541794, 2.990979472796123, 2.984237839115991, 3.0291568782594473, 2.9481391509373984, 2.969264062245687, 2.988310676150853, 3.0125739309522834, 3.0232562104860947, 3.0285049027866795, 3.0495646622445847, 3.045742854807113, 3.079067697789933, 3.0459178699387444, 3.0227748076121017]}