{"latitud": 3.4765, "longitud": -75.4499, "radiacion": [2.774082701736026, 2.7991236527760823, 2.7957883490456474, 2.7178775939676494, 2.731149457560645, 2.676607979006237, 2.7204564942253966, 2.606006844176187, 2.6070817702346374, 2.6411268134911867, 2.725476529200872, 2.7674528764353856, 2.8392705824640063, 2.7742032448450726, 2.7552555474970077, 2.791086941957475, 2.7613513986269633, 2.7004136151737637, 2.749417250686222, 2.744833629661136, 2.7121399389372924, 2.7260663509368896, 2.7517700685395137, 2.7071191436714597, 2.777056859599219, 2.744040854771932, 2.6978811714384285, 2.713247626357608, 2.6984207650025684, 2.761216133832932, 2.7197154382864634, 2.6941385732756724, 2.7828701085514496, 2.7573781450589494, 2.7539661222034035, 2.780501061015658, 2.8404421223534473, 2.760701611306932, 2.739565222793155, 2.784030667940776, 2.744955101278093, 2.6961854312154974, 2.6902698066499493, 2.726010225878822, 2.723709001143773, 2.7188207109769187, 2.6839098201857667, 2.629276344511244, 2.7016238537099633, 2.5752828154298997, 2.650254117117988, 2.5783855133586457, 2.642660414510304, 2.634706160757277, 2.739434733655717, 2.7088044365247086, 2.7870509134398564, 2.70177768336402, 2.6837903234693727, 2.688182499011358, 2.67051358156734, 2.7342229677571193, 2.7351924432648556, 2.7195670823256175, 2.7112933688693577, 2.77881260977851, 2.7754652963744277, 2.783030831813813, 2.6823067175017457, 2.8037818815973075, 2.7744998448424867, 2.756893868578805, 2.75460342168808, 2.7403199123011697, 2.670058841175503, 2.7009755141205254, 2.727256791459189, 2.6635425594117907, 2.6634017507235206, 2.6731084307034814, 2.7267916871441744, 2.712255757384831, 2.7149849891662594, 2.6710288272963627, 2.6517199569278294, 2.663121987713708, 2.7060876342985374, 2.719358631637361, 2.7109595411353644, 2.7258905682298877, 2.7435254169834984, 2.677027474509346, 2.626633157995012, 2.710843780967924, 2.7192967242664765, 2.7534429854816866, 2.7769235372543335, 2.752806279394362, 2.683201915025711, 2.646184403366512, 2.68124097718133, 2.646438565519121, 2.667874277300305, 2.6316206620799174, 2.660725218719906, 2.6736871792210466, 2.638582795196109, 2.6589516765541497, 2.6743881384531663, 2.708700525098376, 2.7546410481135055, 2.684248139460881, 2.7232049213515395, 2.7240368525187173, 2.683675917651918, 2.743924066755507, 2.7192875908480745, 2.6848820666472117, 2.7669068336486813, 2.7525842779212524, 2.79215161204338, 2.7731175084908806, 2.662474206421111, 2.710580390029483, 2.7797817389170327, 2.7702395293447704, 2.766673803991742, 2.7776074257161887, 2.7676082650820413, 2.7650133146180043, 2.6842990067270063, 2.646760214699639, 2.6681763887405396, 2.7020831068356834, 2.6691095987955733, 2.661234795384937, 2.711526238918305, 2.8072120136684844, 2.7865655561288194, 2.8271496653556825, 2.817700944344203, 2.7578040222326905, 2.7300707346863224, 2.7060488449202644, 2.7769621226522663, 2.740554883744982, 2.6592313322756027, 2.697535814179315, 2.7108125474717877, 2.7390889790323043, 2.8154406176673046, 2.801840809981028, 2.7990920477443275, 2.782561418745253, 2.8138713214132522, 2.852260418732962, 2.793912729952071, 2.8451297567950355, 2.8037652128272588, 2.8091788894600334, 2.8199435585074966, 2.814995045132108, 2.7986812995539765, 2.8017050186793004, 2.8129861023690963, 2.9119270602862035, 2.8366447660658096, 2.8665060394340096, 2.8934877402252623, 2.8920355637868247, 2.8578887826866572, 2.8498926209078896, 2.8604166613684767, 2.860699354277717, 2.8870102339320716, 2.945745950274997, 2.9440256105528935, 2.9533928672472634, 3.026072469022539, 2.980681573020087, 2.9577423579163025, 2.9708093855116107, 2.970665208498637, 2.898363546530405, 3.019661169581942, 2.969413358635373, 2.9756109727753532, 2.9660961257086864, 2.975467964013418, 2.989366577731239, 2.9713824735747445, 2.9330532391866053, 2.928952581352658, 3.0047419481807283, 2.9390738858116996, 2.894915897316402, 3.0018633736504445, 2.919050810072156, 2.917273033989801, 2.8794000824292496, 2.8809320158428613, 2.984668027030098, 2.976979480849373, 2.945822454823388, 2.994412283102671, 3.053891874684228, 3.026235054598915, 2.9505611154768197, 2.983316612243653, 3.0548879451221893, 2.991666350099775, 2.9855618900722924, 3.0186560312906905, 3.0206981115871003, 3.0393750588099167, 3.013625876108806, 3.059294556246863, 3.040089889367421, 3.0871021813816495, 3.070096675554911, 3.023647668626573, 2.987002533011967, 3.07587753004498, 3.0457509186532765, 3.019914821783702, 3.018332954247793, 3.0435549563831756, 2.9933980822563164, 3.041528966691759, 3.036199039883084, 3.0348222957717055, 2.9887747817569306, 3.0746754752265084, 3.0631521556112506, 3.0854723413785288, 3.054372233814664, 3.106180085076226, 3.144215003649394, 3.08483766582277, 3.0992096265157065, 3.06053958468967, 3.0761308140224877, 3.0929528911908477, 3.052507698535919, 3.017550383673774, 2.9917941715982224, 3.0241419659720528, 3.0497296651204415, 3.0401101748148593, 3.0090104765362207, 2.965055933263566, 2.9865161299705503, 2.922881697283851, 2.9833255052566527, 3.0042921675576104, 3.006635786427392, 2.9666171603732643, 2.883340064022276, 2.8459220343165934, 2.9054526322417793, 2.945987461672889, 2.899748649199804, 2.9002395961019722, 2.8406746407349908, 2.850439810752869, 2.787868719630772, 2.8146104070875384, 2.8609146926138145, 2.788781013091405, 2.741799668471019, 2.754651555087831, 2.6985084149572582, 2.6199682447645403, 2.5925750222471033, 2.6091154833634693, 2.6515440973970628, 2.6711751262346906, 2.562047213315965, 2.60901503364245, 2.642595579226812, 2.6056726230515377, 2.5855605211522845, 2.554429652955797, 2.531517416901058, 2.5648992710643355, 2.5268405702379013, 2.5074298580487575, 2.4944928937488133, 2.432233619027667, 2.4226529916127526, 2.4053195483154717, 2.4112274944782257, 2.4038562105761634, 2.3751713527573473, 2.385771526230706, 2.4482937130663127, 2.422704783413145, 2.3652895344628235, 2.3676213747925225, 2.3675209210978605, 2.3902589990033043, 2.4983785622649717, 2.4563533378971947, 2.410907298988766, 2.330263272258971, 2.339696322547064, 2.3385975923803133, 2.3205442819330426, 2.3200324190987485, 2.3192481120427457, 2.308525256315868, 2.303991503185697, 2.309921850098504, 2.2977266490459445, 2.3155162877506683, 2.366405022806591, 2.3660179919666713, 2.3869615077972415, 2.354789255062739, 2.408084221018685, 2.4565561950206756, 2.4797288093301986, 2.5382890058888328, 2.4835538652208116, 2.495394666989645, 2.5230041927761486, 2.5011079430580136, 2.518318986230426, 2.48509475323889, 2.438046793805228, 2.4912540237108876, 2.5438602321677735, 2.5291246453921, 2.517572256591585, 2.555870199203491, 2.589904526869456, 2.619685177670585, 2.5455133537451426, 2.641592134369744, 2.6129007544782428, 2.6386955281098685, 2.604512676265505, 2.642145690653059, 2.6852197448412576, 2.5545669608645967, 2.577680148018732, 2.6702824751536043, 2.7327924542956876, 2.6998959991667015, 2.7232290784517925, 2.6666619916756944, 2.7081043124198914, 2.684934779008229, 2.6760750618245868, 2.6651020083162518, 2.702731255690258, 2.7120980964766606, 2.719597400559319, 2.654566297928492, 2.676712434821658]}