{"latitud": 8.3025, "longitud": -76.8761, "radiacion": [4.108610418770048, 4.151963745223151, 4.212354779243468, 4.17162888844808, 4.328313673867121, 4.270009828938378, 4.391595833831364, 4.372286676035987, 4.324421399169498, 4.395436218049791, 4.430170871151819, 4.337141213152144, 4.293633078204261, 4.295597247282664, 4.3886792990896435, 4.427447628974915, 4.359301793575288, 4.468981634245979, 4.590433621406555, 4.739839196205139, 4.730201706621382, 4.655230421490139, 4.63867982758416, 4.636575754483541, 4.692932670646244, 4.702229061391619, 4.765646485487619, 4.838293719291686, 4.930863229433696, 5.006701346238454, 4.8059021247757805, 4.768109798431397, 4.80284514957004, 4.744536263412899, 4.730755559603374, 4.673367586400773, 4.635587420728471, 4.841081999407875, 4.936978067292109, 5.108938241004943, 5.178803111447228, 5.1129452572928535, 4.995184932814703, 4.922375830014546, 4.962012541294098, 4.919179316361745, 4.901640558242796, 4.905049811469183, 4.839206190903982, 4.8608428650432165, 4.774177836047278, 4.765385576089224, 4.834164957205455, 4.870975328816308, 4.88452226055993, 4.958023141490089, 5.044710779190063, 4.901686324013605, 4.8366264674398645, 4.9361168450779385, 4.979065263271331, 4.94545671807395, 5.046881001525456, 5.099320973290337, 5.060438372029197, 4.96656305525038, 4.878449168470172, 4.905869335598417, 4.847047823005252, 4.90571606821484, 5.052173956235249, 5.0177292386690775, 4.993623091114892, 4.897614306873745, 4.846897440486484, 4.889162027835845, 5.017978201972114, 4.920612890190548, 4.714666791756947, 4.848764170540703, 4.963379662566715, 4.926609783702427, 4.908121894465553, 4.864763675795661, 4.833176419470045, 4.955212120215098, 5.041098297966851, 4.889751909838782, 4.73994495736228, 4.791721166504754, 4.908186978764005, 4.906896065341101, 4.880861593617333, 4.814616101317935, 4.811834655867684, 4.760982669062084, 4.753718899355995, 4.6802014417118505, 4.618570767508612, 4.547061240673066, 4.549856131606632, 4.442013751135931, 4.46127415895462, 4.400355172157288, 4.562929950820075, 4.445623654789395, 4.4533030562930636, 4.405375960138109, 4.273030285702812, 4.2511199004120295, 4.242356967926026, 4.284668621751998, 4.323058254188962, 4.222032071484461, 4.242858253584967, 4.243001621299319, 4.192351143889958, 4.153074279096391, 4.123548226886325, 4.119321617815229, 4.091300160355039, 4.143942234251234, 4.169043901231553, 4.061154907279544, 3.9787558462884696, 3.9136110312408867, 3.9770336998833558, 3.9693389985296457, 3.91521000928349, 3.9690338353315986, 3.851879076162973, 3.77347351577547, 3.732631013128493, 3.613386976056629, 3.5231084068616236, 3.5772952967219873, 3.69049452940623, 3.706895014974807, 3.646596562862397, 3.6364753405253096, 3.6164328151279026, 3.558117945988973, 3.5719888713624743, 3.582487418916491, 3.52857107785013, 3.4533289068275033, 3.4829474601480706, 3.3856410874260803, 3.2560788200961226, 3.318453574180604, 3.355165872308943, 3.33909859193696, 3.282149634758632, 3.2413775086402894, 3.292689130041334, 3.300134556823307, 3.316619533962674, 3.4013925168249344, 3.2548909703890483, 3.2886844840314655, 3.2559787061479355, 3.184969543086158, 3.205972468190724, 3.238105226887597, 3.2711912989616394, 3.3159979754024085, 3.3426672485139637, 3.2866595480177137, 3.317938160896301, 3.2345246010356483, 3.1691285179720983, 3.28108101156023, 3.2896681401464676, 3.2274222811063127, 3.277623156706492, 3.2633446375528963, 3.447244013680352, 3.411660867267185, 3.4385235296355354, 3.4188253098063996, 3.479732053809696, 3.4528982970449658, 3.3853009714020623, 3.4985130945841463, 3.5310180465380356, 3.476102013058133, 3.400168752670288, 3.4352002316051067, 3.4752436690860318, 3.4802514089478387, 3.5472222050031026, 3.5165273374981347, 3.5195593277613324, 3.5097473502159118, 3.4922816885842223, 3.474584311909146, 3.550458926624722, 3.467083676656087, 3.5126344429122085, 3.5386425521638656, 3.4590637067953747, 3.5252798385090305, 3.557932502693601, 3.5452775385644695, 3.480626934104496, 3.4819219549496965, 3.4770392802026535, 3.554660570621491, 3.580724596977234, 3.5563077502780494, 3.5672994256019592, 3.611862133608924, 3.5187690138816836, 3.516255827744802, 3.535684265030756, 3.514876320627001, 3.459298166963789, 3.5297701385286118, 3.529128592544133, 3.4884582599004106, 3.451390841272142, 3.4768576807445952, 3.4948941389719645, 3.4711623933580182, 3.468257168928782, 3.446323864989811, 3.4448871374130245, 3.388297000196245, 3.357930890719095, 3.3548396415180632, 3.3573399384816494, 3.402284559276369, 3.2946706361240814, 3.3022954026858016, 3.3571511745452884, 3.3401025030348035, 3.3128561920589874, 3.3962588085068597, 3.3864960339334274, 3.3650972922643034, 3.2696453332901014, 3.27913292646408, 3.2847186075316537, 3.182184316052331, 3.249075452486674, 3.235959485504362, 3.1727480517493354, 3.183468468983969, 3.221008908086352, 3.231267535024219, 3.283531906207402, 3.1807580431302385, 3.2087726606263054, 3.2169976751009624, 3.1906794216897754, 3.1777749300003055, 3.2512774546941117, 3.2903501788775116, 3.2841287652651476, 3.11679206026925, 3.075507075256772, 3.2705903808275862, 3.3012649920251635, 3.247173541122013, 3.2207594792048138, 3.193185374471876, 3.280831796593136, 3.2411328156789145, 3.231907747189204, 3.3560554915004315, 3.33793967432446, 3.2989990658230255, 3.2692673484484356, 3.2693235278129578, 3.2603861404789822, 3.193565465344323, 3.3026117132769683, 3.28347495396932, 3.400963364707099, 3.336179575655196, 3.2323869533008995, 3.2834858761893373, 3.254290347629123, 3.2007372094525226, 3.3139482564396325, 3.340520440207588, 3.357011912928687, 3.509468589888678, 3.5746035383807286, 3.3993482636080863, 3.3486021439234417, 3.455911124414868, 3.475527829594082, 3.4752906620502473, 3.3704440520869348, 3.3700603697035056, 3.4582281907399497, 3.440583043628269, 3.3658000402980384, 3.441370783249537, 3.4967295063866506, 3.474842106633717, 3.405953141053517, 3.4557758722040384, 3.489535845650567, 3.4683146788014305, 3.551171974341074, 3.441902413633134, 3.4858723845746784, 3.6134587274657357, 3.618011953433355, 3.652989163001378, 3.787009060382843, 3.7505875905354826, 3.813548843065897, 3.705413517687056, 3.7039887567361203, 3.588583495219549, 3.6309456752406226, 3.5299307922522227, 3.58343933754497, 3.501458381944232, 3.5793646891911823, 3.594212306870355, 3.583835102452172, 3.679891035954157, 3.6721422751744583, 3.6990257336033707, 3.6514207932684157, 3.6702523310979207, 3.6517722288767493, 3.7349521835645034, 3.6571369144651626, 3.4876161773999534, 3.558972825606664, 3.5615964505407547, 3.513657053311666, 3.310639825794432, 3.310617531008191, 3.3847649627261696, 3.324296373791165, 3.512193211581972, 3.6222151233090294, 3.6359055373403764, 3.5711827145682435, 3.662758703364266, 3.5850446244080865, 3.584376629193624, 3.597629374265671, 3.6684910409980347, 3.7179424881935126, 3.817199687163035, 3.942088554965126, 3.859335110584895, 3.7945478253894382, 3.7598359088102975, 3.7649662997987536, 3.875173156791263, 4.003202904595269, 3.906894588470459]}