{"latitud": 2.3411, "longitud": -70.19800000000001, "radiacion": [1.2865370455715395, 1.3243688589996765, 1.3060105032391016, 1.2890234000153007, 1.342674425906605, 1.3618474735154045, 1.3761621750063364, 1.3575209293100572, 1.3494752284553322, 1.3728965246015123, 1.3758320636219448, 1.3852163059843907, 1.35552728275458, 1.3490420000420675, 1.3999103069305425, 1.4055212077167305, 1.393290930986404, 1.408488145470619, 1.39598679376973, 1.4008715973960024, 1.4041556404696571, 1.4048178527090285, 1.425326846374406, 1.4371698697408037, 1.4092293308840855, 1.3914625578456452, 1.3959510068098702, 1.4450175537003414, 1.4486181547244399, 1.4863212327162423, 1.4654978765381703, 1.489677385489146, 1.4786494341161511, 1.4707048883040743, 1.5005658672915565, 1.49854687584771, 1.469319158130222, 1.4486416839891014, 1.4912237352795072, 1.467062309715483, 1.4600967178742088, 1.4746295154094693, 1.4603265795442792, 1.4559315893385145, 1.4911932756503419, 1.476609458525976, 1.4563266827000512, 1.4832956777678594, 1.4653897858328293, 1.4446800417370262, 1.4537010295523538, 1.4618164036009051, 1.4403095795048608, 1.4300171524286271, 1.418054061134656, 1.3945818656020699, 1.39400786889924, 1.440441976653205, 1.4046514719724652, 1.4265492710802283, 1.4074034588204487, 1.414985410372416, 1.3950410104460182, 1.391069981455803, 1.3996141619152491, 1.3674288279480402, 1.3841461767752967, 1.387763704193963, 1.3629379179742596, 1.3505957941214246, 1.324976188275549, 1.3393722030851583, 1.3102259758445955, 1.311996904015541, 1.3048158933719003, 1.2928243941730921, 1.2967678252193664, 1.28798309067885, 1.280892565846443, 1.2888850460449863, 1.2640312959750493, 1.2699279483821655, 1.250560262799263, 1.2512727634774314, 1.2597589234511055, 1.2266570806503296, 1.2088848120636408, 1.2046539011928774, 1.223337939712736, 1.2335611558622785, 1.217576328913371, 1.2012499070829812, 1.1749839729732938, 1.1580756011936402, 1.175401483310594, 1.1717378503746463, 1.1659096025758318, 1.1604979299836693, 1.133719594942199, 1.1674216459194817, 1.1219141506486467, 1.1313843799961942, 1.1111118902762733, 1.0867028408580357, 1.1402186887131798, 1.0860719107919266, 1.0888242320881951, 1.0649439483880996, 1.0622388852967155, 1.0799222230911254, 1.076723485853937, 1.0507247110207878, 1.0466003911362753, 1.0302087664604185, 1.0312168829970896, 1.0216439836555056, 1.0014497187402516, 0.9944563776254656, 1.0019587990310461, 1.018437713384628, 0.9983557522296905, 0.9911789516607916, 0.9823114593823746, 0.9660724656449421, 0.9698516438404722, 0.9711867905325359, 0.9481442557440863, 0.9496204968955779, 0.9569152447912428, 1.0014681160449983, 0.9910856631067063, 0.9590483893950781, 0.9018898891078101, 0.902697080042627, 0.8838580840163758, 0.9124809245268501, 0.8954171256886587, 0.9107698182264959, 0.9269464555713868, 0.9643820759322909, 0.9461974316173128, 0.9399730477068161, 0.9013586951626672, 0.8856389300690757, 0.8958144310447905, 0.8877154780758753, 0.8969493713643816, 0.8855220645666124, 0.8645650770929124, 0.8852672484185962, 0.8898920946651033, 0.9089192075861825, 0.8597199807564421, 0.8611822813749314, 0.8523545016845068, 0.8476474298371208, 0.8282494544982909, 0.8227146509620877, 0.8291721247964435, 0.8343944655524361, 0.845366025964419, 0.8309974170393414, 0.8312015192376242, 0.8300682988431719, 0.8337886124849317, 0.8260596043533752, 0.8195128126276862, 0.8247578849395115, 0.8434507836898167, 0.8223501788245308, 0.8190745966302023, 0.8222292095422746, 0.8342642780807284, 0.8215598348114227, 0.8340373605489729, 0.85136373076174, 0.8538481252060998, 0.8042344133059185, 0.8256875296433767, 0.8463914281792112, 0.8351077452301982, 0.8661056452327304, 0.8384213613139258, 0.8380327324072518, 0.8347965680890613, 0.826615514026748, 0.8724246667491066, 0.8691175272067392, 0.8642717013756434, 0.8733086337645851, 0.8663263744778105, 0.8790608714024223, 0.8627007974518671, 0.8391256392002103, 0.8255079590611988, 0.8556452016035715, 0.8721360011233226, 0.8340858923064337, 0.8179956965976292, 0.8475528607765833, 0.8479401588439943, 0.8572170469495984, 0.8734915690289603, 0.871432462996907, 0.8674943420622084, 0.8605803198284573, 0.8619565082920922, 0.8833396345376968, 0.8653295510345035, 0.8727544463343092, 0.8602607376045651, 0.902282766501109, 0.8775100082159041, 0.8753232058551577, 0.8758874045477972, 0.9048938857184515, 0.9099313219388331, 0.9188406748904123, 0.8847649087508517, 0.906155367030038, 0.893551254272461, 0.9205752889315287, 0.9249420225620271, 0.9229788697428173, 0.9080701321363449, 0.9104708578851491, 0.9225408007701238, 0.9117901977565556, 0.9356121169196232, 0.9264657818608812, 0.9502168039480846, 0.9512159089247386, 0.9517083283927706, 0.9555052111546201, 0.9530399464898641, 0.9425863537523483, 0.9644008547067644, 0.9636718514892791, 0.9667772253354392, 0.9644264178143604, 0.9653416709767452, 0.9566294686661827, 1.008352541261249, 0.9789454284641477, 0.9571148567729527, 0.9718522833453281, 0.9836984333064818, 0.9726832280556366, 0.9886513802740312, 0.9894254965914624, 1.0035853147506717, 0.9863229026397069, 0.9789558894104425, 0.9996592385901346, 0.993169134524134, 1.000178567237324, 1.0231032229132122, 1.031217140952746, 1.0017210341162155, 1.0017641521162457, 1.0125692807965807, 1.0261162774430381, 1.0201551324791376, 1.009972733921475, 1.027242484688759, 1.0405919651190438, 1.0333656830920113, 1.0387553698486753, 1.0233226239681243, 1.0221543719371162, 1.0511715213457749, 1.0409874270359676, 1.0662413544125027, 1.0594954775439371, 1.0557308955325022, 1.0378495670027201, 1.0578483502070108, 1.067117275794347, 1.06222962571515, 1.0385110149780905, 1.0593206952015555, 1.0746720224618913, 1.0701501697301865, 1.0648977365758683, 1.0789588832192953, 1.037575881017579, 1.0680655903286402, 1.0602873904837504, 1.0518978092405529, 1.0501568638616139, 1.0397040244605804, 1.058676968018214, 1.0369412591060003, 1.0645498779084945, 1.0431271023220485, 1.021593391895294, 1.0198125259743798, 1.0027407185898884, 1.0301916817824042, 1.0315910584396786, 1.0416056987312108, 1.056267003880607, 1.0502540936072666, 1.0159779810243184, 1.014743109544118, 1.0311567654212315, 0.9990423808495205, 1.0320884111854765, 1.0104622470008005, 1.0103584501478406, 0.9923985203107194, 0.9651232275697922, 1.0092584841781196, 0.9904165996445551, 1.0142353216807045, 0.9742786106136107, 0.9865909520122739, 0.9902202682362663, 1.004627959264649, 0.9956740342908438, 0.9929526458183924, 1.0072441044780942, 1.0197308103243514, 1.0267017569806842, 1.0339242494768566, 1.0388378365172277, 1.0138289156887266, 1.0202890916003116, 1.0239516701963212, 1.0486919760704045, 1.02806148926417, 1.0204768531852297, 1.0491262002123727, 1.047483817074034, 1.094105857610702, 1.1030239644977782, 1.1176092680957581, 1.1112872438298333, 1.0798408743407995, 1.1085548884338807, 1.10700797703531, 1.129045083787706, 1.1259725315703284, 1.146252450346947, 1.1925659749242994, 1.1894358727667067, 1.1848479178216726, 1.156789711780018, 1.1480957713392044, 1.1795101430681016, 1.1780656056271663, 1.2046138336261114, 1.204874894022941, 1.2037438631057733, 1.232849486337768, 1.2384304824802606, 1.1883614430824914, 1.229969506131278, 1.2398672746287447, 1.2709291948212516]}