{"latitud": 3.0663, "longitud": -77.156, "radiacion": [1.381117449866401, 1.3680450134807163, 1.377545042170418, 1.3880495975414915, 1.3929405954149037, 1.379833103550805, 1.367148294051488, 1.3746577835745277, 1.394477110438877, 1.390793662601047, 1.4134082946512436, 1.4282113254070277, 1.42056739727656, 1.4373923175864753, 1.422861438327365, 1.4010908338758679, 1.413921399248971, 1.416676999462975, 1.417197021510867, 1.4296200136343644, 1.4075629797246723, 1.4142665816677937, 1.4264956421322295, 1.429803462823232, 1.4022422889868418, 1.3778005785412253, 1.3929539150661894, 1.404560179180569, 1.4178227252430384, 1.4131790849897599, 1.4315948132011627, 1.4492612832122385, 1.4550271795855625, 1.435348060395982, 1.4318005945947434, 1.4403354763984677, 1.461658822827869, 1.4559815181626217, 1.4580395638942718, 1.447037948502434, 1.4441641946633659, 1.4176306247711192, 1.4229207906458115, 1.4242371320724476, 1.425442362493939, 1.442539564106199, 1.464587585793602, 1.4469758669535315, 1.4467908706929944, 1.4021873808569376, 1.3984654797448057, 1.403319248225954, 1.3924081140094329, 1.405567750003603, 1.4407447636127475, 1.4455451528231305, 1.4025955895582836, 1.3887542711363903, 1.4016679237286251, 1.4286754919423004, 1.403365159697003, 1.4164570884572136, 1.42390923500061, 1.3943401667806838, 1.3990292165014475, 1.415234305461248, 1.4284453041023675, 1.41892602774832, 1.4212959243191612, 1.3951293375757003, 1.395988643169403, 1.3986911680963308, 1.4231433901521895, 1.4036609305275816, 1.3887179036935169, 1.3720317045847572, 1.3688252045048603, 1.3547518402338028, 1.3794365680880014, 1.3674177891678276, 1.3431379288434984, 1.3732495864232377, 1.387375700473785, 1.357619550493028, 1.3576970888508688, 1.3720249288611945, 1.335626260439555, 1.34528268178304, 1.3601284384727477, 1.375257109933429, 1.3635825143920048, 1.3330182396703292, 1.326952046818203, 1.3126536528269448, 1.3183034870359631, 1.3351458582613198, 1.3204678535461423, 1.3184520072407189, 1.3086252921157415, 1.3111544410387672, 1.293194386694167, 1.2999604254961008, 1.2992556111680138, 1.3036766406562592, 1.2958695716328095, 1.292458737558789, 1.2927817304929095, 1.2824349724584154, 1.311118319630623, 1.3089721368418803, 1.319993629720476, 1.2922161579132083, 1.3171443521976474, 1.3143246432145441, 1.3396757175525027, 1.3316567692491739, 1.3264553116427529, 1.311970470348994, 1.3401029268900555, 1.3334637257787916, 1.3332405779096812, 1.3345530301332478, 1.3435583293437956, 1.3341706368658273, 1.3340949316819513, 1.351314589712355, 1.320768373542361, 1.3453504734569126, 1.3444603433211644, 1.3261394600073497, 1.3490975154770746, 1.3498213754759902, 1.3572419686449892, 1.3227572474214766, 1.3357757793532479, 1.3700072454081642, 1.3604974653985755, 1.3564952141708801, 1.3629968643188473, 1.348878473705715, 1.3300870445039537, 1.3292540887991584, 1.3276470866468215, 1.3493082139227124, 1.334911723931631, 1.318627266751395, 1.3120376023981308, 1.325375895367728, 1.3297945115301344, 1.339201922549142, 1.3506511655118725, 1.3332696828577248, 1.3256621970070732, 1.3367332597573596, 1.3448614233069953, 1.3464956670999524, 1.3276107685433498, 1.285883871714274, 1.3134908308585482, 1.3169578969478606, 1.3004548625813592, 1.3304956210984125, 1.3294318927658928, 1.3161214894718596, 1.3278435260057444, 1.3432543297608694, 1.3277217709355884, 1.3298358268207977, 1.312050514088736, 1.3157177547613779, 1.334594840142462, 1.274575346708298, 1.3227170381281115, 1.3211737619505992, 1.3700744708379116, 1.3349409464332795, 1.3326053586271076, 1.353020434909397, 1.360719713899825, 1.3324215597576565, 1.3731237404876282, 1.366887848244773, 1.3801111933257844, 1.3993321842617459, 1.3746762732664746, 1.3786639587746725, 1.393535817662875, 1.3933768702877891, 1.4204233215914837, 1.4283588078286915, 1.4176465895440853, 1.3927132248878475, 1.3976054234637154, 1.3990241587162011, 1.4118348777294152, 1.4143274750974442, 1.4101880384816063, 1.4321971502568982, 1.437981379694409, 1.4339793476793499, 1.433948536713918, 1.4459255092673828, 1.4703710085815853, 1.4405793375439113, 1.4577789399358958, 1.44329725768831, 1.4432210319572025, 1.4410331759187907, 1.4851442919837103, 1.4787175873915357, 1.4582905835575524, 1.451645236545139, 1.4640810694959432, 1.4847994777891371, 1.4628906687100722, 1.4386960407098135, 1.4519150469038216, 1.445773175689909, 1.4480358862214622, 1.4717741707960759, 1.447123112281164, 1.4174878093931402, 1.4328011314074205, 1.4636451827155221, 1.457076024015744, 1.4635682655705342, 1.4377311838997742, 1.4666064494185977, 1.4202734331289923, 1.4426813264687859, 1.4404542694489164, 1.4455193916956581, 1.4532684200339843, 1.4536509884728328, 1.436982680029339, 1.42021245625284, 1.389345019393497, 1.416536799073219, 1.4168688118457788, 1.4061480621496834, 1.4212365713384416, 1.4096195287174653, 1.4094663639863336, 1.4399887422720585, 1.4159272889296213, 1.40374011794726, 1.4069287790192497, 1.3955412023597287, 1.3927932269043393, 1.3777398526668554, 1.4079016811317866, 1.3717919011910755, 1.3711298041873505, 1.3896311899026241, 1.3844323154952791, 1.4193184097607932, 1.3767771138085259, 1.3811494615342876, 1.3929644482003318, 1.4134633845753142, 1.3816799607541828, 1.3794418758816196, 1.3688121212853328, 1.3688992857933044, 1.3457842667897548, 1.3518494870927602, 1.3465619143512508, 1.3612612379921807, 1.3793775283628038, 1.359088754653931, 1.3412957217958243, 1.3401889708307053, 1.347379349337684, 1.3493962234920922, 1.3554298732015821, 1.3245114680793546, 1.3107459959056647, 1.310257573922475, 1.2901230967707107, 1.3016794277562032, 1.3011797289053602, 1.3176956190003288, 1.3165828519397316, 1.3284824629624687, 1.3182840675115584, 1.3200194636980689, 1.274299244748221, 1.2589331136809454, 1.257255828711722, 1.2939451621638403, 1.2794330769115023, 1.2923417415883807, 1.3102118399408127, 1.2947807040479449, 1.3043204446633654, 1.2897677193085357, 1.2860865851243335, 1.2694307870335053, 1.2692428489526113, 1.2611325280533894, 1.31804928249783, 1.2861153158876624, 1.2977040337191692, 1.2618518882327612, 1.2854702770709994, 1.2695774091614618, 1.2756629453765018, 1.2588602960109714, 1.2592668099535838, 1.267307898071077, 1.2523572391933866, 1.2536820948123932, 1.2661264340082807, 1.248119456238217, 1.2814161830478241, 1.3098693821165293, 1.271644153197606, 1.2619228363037107, 1.2643715742561552, 1.2880020757516222, 1.2893700056605868, 1.2768104361163244, 1.2671336226993137, 1.2810303244325845, 1.2807594272825453, 1.2722645309236313, 1.2621058318350051, 1.2564381188816491, 1.2710164924462644, 1.2655368036694001, 1.2880960186322532, 1.293913566403919, 1.2760689894358317, 1.2984588166077924, 1.3007144229279624, 1.2855634636349142, 1.319269661770927, 1.2910728090339234, 1.3338685618506538, 1.321452759371863, 1.3065962202019161, 1.293037572834227, 1.279101071092818, 1.3024944504102065, 1.3087962925434113, 1.3333010156949363, 1.3228068252404535, 1.2963971502251097, 1.3280646893713208, 1.316461946566899, 1.32518801689148, 1.3521234876579715, 1.3192232141892115, 1.3189138213793432, 1.3115021301640404, 1.3327895257208076, 1.3216078049606743, 1.3353699982166296, 1.3139737937185496, 1.3186421056588498]}