{"latitud": 6.9009, "longitud": -73.4363, "radiacion": [1.872956573963165, 1.8693421920140585, 1.8969849149386082, 1.9070997330877513, 1.9212654882007179, 1.8991713179482355, 1.890873052676519, 1.8938170830408734, 1.8730913049644897, 1.9236510223812526, 1.920639476511213, 1.897759102450477, 1.9356488525867466, 1.919703251123429, 1.900985393921534, 1.914016620980368, 1.9135327902105121, 1.9063151955604554, 1.898854540454017, 1.9451085997952358, 1.9198489063315927, 1.9078322350978854, 1.9041567405064896, 1.8836993177731836, 1.9204968545171954, 1.9252254552311372, 1.911486792564392, 1.9358757032288443, 1.9340876857439675, 1.9424018323421481, 1.9588954183790428, 1.9604032907221047, 1.933834588527679, 1.9507423076364734, 1.9498794635136925, 1.934970444440842, 1.939517882797453, 1.9276825024022004, 1.9279469754960807, 1.9200940854019592, 1.9230731242232846, 1.9228461258941232, 1.9133920590082794, 1.9029795395003424, 1.912316159407298, 1.8955092350641884, 1.926362670792474, 1.932045691543155, 1.921655111180411, 1.8976553267902796, 1.9056584159533179, 1.8983318997753997, 1.9030826614962681, 1.8919603341155582, 1.927377970351113, 1.914829530980852, 1.9197383489873676, 1.935618872774972, 1.946887430879805, 1.9559062745836044, 1.9453341801961266, 1.927809862295786, 1.958239005009333, 1.948612197240194, 1.9439982586436797, 1.9622014304002129, 1.9758751769860592, 1.9974346048302127, 1.9558118826813171, 1.9645742489231954, 1.9846069236596424, 1.9389899472395582, 1.9766903605726032, 1.9899765378899046, 1.9595744126372867, 1.9468990133868322, 1.9593714290195041, 1.959215893348058, 1.9427438106801773, 1.942849379115634, 1.9419841388861336, 1.9295360439353517, 1.9742398447460596, 1.956753927469254, 1.967946904235416, 1.9720092872778574, 1.9733656658066643, 1.92236767411232, 1.9441856867737235, 1.9324867566426598, 1.9185196048683597, 1.9487146178881325, 1.9175473829110465, 1.920652178592152, 1.9082150028811558, 1.9139016502433355, 1.939081614547306, 1.9521668308311042, 1.9408893234199944, 1.90263418952624, 1.8894304050339592, 1.8756662183337742, 1.8429946644438642, 1.885666012763977, 1.8517113924026491, 1.8563846793439656, 1.8704612221982748, 1.8573713640371956, 1.8737361556953858, 1.8701466063658394, 1.872927762402429, 1.819162754217783, 1.7991705331537455, 1.8251759807268784, 1.8244049482875397, 1.8394788139396248, 1.8425736818048695, 1.8652580632103815, 1.8411918375227192, 1.8471786134772827, 1.8553459710545008, 1.8387438754240668, 1.8321243709988062, 1.8258276197645398, 1.8021241035726339, 1.8306481546825832, 1.8233343866136347, 1.8364810142252181, 1.850718733999465, 1.8191570937633512, 1.7849022984504703, 1.7883076363139683, 1.7897907740539978, 1.7539886044131388, 1.7736758364571463, 1.7609301461113829, 1.793387706412209, 1.8213668829864922, 1.8135242899258934, 1.8287666208214233, 1.7821681426631075, 1.8017814285225346, 1.7971823155879978, 1.8173201627201507, 1.7750408258703019, 1.7514678279558815, 1.7740061375829914, 1.7821740958425731, 1.7867299444145621, 1.7820865286721126, 1.771221694019105, 1.7990164849493235, 1.7999224974049468, 1.7669345815976465, 1.7819269067711296, 1.80306312640508, 1.7861426466041144, 1.7835682882203006, 1.7934767994615768, 1.795190121067895, 1.8080946220291985, 1.83984680308236, 1.8329117814699811, 1.8207094523641798, 1.815691624747382, 1.8119416859414839, 1.789425527387195, 1.7605918301476373, 1.766717844539219, 1.794881691535313, 1.7819724347856305, 1.7513785507943893, 1.799813098377651, 1.8062276694509718, 1.831820593277614, 1.8259425726201801, 1.8052141156461505, 1.823794194062551, 1.8231318586402467, 1.8317920525868738, 1.8130133661958912, 1.7924920903311836, 1.8355955395433643, 1.862380903959273, 1.8662680400742424, 1.831808205445607, 1.8089343488216405, 1.8211074762874182, 1.8381453547212807, 1.8368660496340858, 1.8809119138452737, 1.851350036594603, 1.838133817911148, 1.8491146061155528, 1.8426820596059164, 1.8197850790288719, 1.8744641204675039, 1.8396769258711074, 1.8904793050554058, 1.8714664247300885, 1.827444501055611, 1.8462257915072975, 1.85844765636656, 1.8582122577561273, 1.827222751908832, 1.8159388105074568, 1.813975641462538, 1.8268158164289259, 1.8545141610834328, 1.821564679013358, 1.7987367471059166, 1.808654512299431, 1.8277647634347278, 1.8359243286980522, 1.8380626499652866, 1.801024158795675, 1.827997075186835, 1.8271353410349953, 1.8268875029351974, 1.7807959298292804, 1.801947890387642, 1.7750429146819648, 1.8196883360544847, 1.8256104131539665, 1.8069875518480936, 1.7628280043601998, 1.7688804758919605, 1.838666084077623, 1.8337456809149846, 1.7858085890611015, 1.7562700563006934, 1.7854915347364209, 1.7869330578380165, 1.7905594719780817, 1.7681431366337674, 1.7538530601395497, 1.779065710968441, 1.8172111445003083, 1.8122627562946743, 1.7968455274899797, 1.7857679989602826, 1.79119618402587, 1.8057985968059969, 1.7946475353505882, 1.7977871682908801, 1.7896217332945918, 1.7579954253302683, 1.7514050437344444, 1.76953105462922, 1.7960166619883653, 1.7661652399433982, 1.7818170832263103, 1.7814782215489282, 1.790073501401477, 1.7961992820103967, 1.806768347157373, 1.7653020567364164, 1.777116425169839, 1.7831756677892479, 1.7759469012419382, 1.7817505319913227, 1.7719122820430326, 1.7949992722935149, 1.7726047535737355, 1.7723999798297887, 1.7580197148852879, 1.793333124452167, 1.8105408045980662, 1.8128407743242054, 1.7940876887904273, 1.784391469425625, 1.7674472384982642, 1.7468429313765637, 1.7968098216586637, 1.7679513752460483, 1.807621685663859, 1.773650323020087, 1.7711691498756414, 1.7741289569271939, 1.7375264538658985, 1.7455479946401384, 1.7797475702232781, 1.7746110982365082, 1.8021363000075026, 1.7791078706582386, 1.7679062750604417, 1.7563523246182333, 1.7833542466163639, 1.7910952667395277, 1.7910982820722798, 1.7725473509894485, 1.8247606714566549, 1.7926235152615437, 1.8019779576195607, 1.7661979377269736, 1.7707198321819302, 1.7569270339277059, 1.760179689195421, 1.7311224699020376, 1.7451480097240875, 1.7212752494547097, 1.7501719686720103, 1.7692875703175865, 1.736511937114928, 1.7357602099577587, 1.739063690106074, 1.7068417840533783, 1.7574566688802509, 1.7692645569642382, 1.728264680835936, 1.712802133295271, 1.6911601099703049, 1.680416344934039, 1.6971377624405755, 1.6816670484013028, 1.6958553486400179, 1.6935860209994844, 1.716549225648244, 1.7333010276158654, 1.7626576960086826, 1.7522226326995416, 1.7668244547314116, 1.759983864095476, 1.7650363981723778, 1.7633678495883947, 1.7503543211354158, 1.7416519979635872, 1.750988815228144, 1.7420310484038464, 1.7452499998940363, 1.7186447110440994, 1.7526977757612856, 1.7311054733064442, 1.7510175863901771, 1.7809557106759817, 1.7865496350659262, 1.787799560361438, 1.7737303607993649, 1.779216506083806, 1.816102327903111, 1.7998687532212998, 1.7778232547971935, 1.7758955869409776, 1.8052045610215928, 1.834377690818574, 1.8317683630519443, 1.821888959407806, 1.8326672838793858, 1.8351362241639038, 1.8180133329497448, 1.832768797212177, 1.8436103396945527, 1.8571974310610033, 1.857604029443529, 1.8535071068339877, 1.8406467715899153, 1.827900293138292, 1.8158528890874657, 1.8220942146248287, 1.8327784412437014]}