{"latitud": 7.1977, "longitud": -76.0159, "radiacion": [1.7014537705315487, 1.6797484139601384, 1.7188323838843236, 1.7270580814944376, 1.7911980814403956, 1.7566150261296165, 1.7093825505839453, 1.7328538782066767, 1.7400647759437557, 1.7195918103059131, 1.7293253587351904, 1.7414208395613562, 1.754311700661977, 1.7560093422730765, 1.7572755051983728, 1.7331040117475716, 1.703415034214655, 1.7467890613608892, 1.75497058696217, 1.7649790816836888, 1.7778069489532047, 1.734162667393684, 1.711177310347557, 1.7617159518930645, 1.6829935378498504, 1.6977090855439503, 1.7158685455719633, 1.754067723618613, 1.8526076793670658, 1.7994128207365678, 1.808978439701928, 1.755620139837265, 1.7900831917921707, 1.7908751414881812, 1.7558118187718923, 1.7676104068756102, 1.7669352557924054, 1.7961468987994726, 1.7899394922786296, 1.8165818724367357, 1.8033951010968947, 1.7826797670788235, 1.756650512748294, 1.7340706639819679, 1.7798937436607154, 1.757345794306861, 1.7636643257406017, 1.7538003100289237, 1.7375361300177043, 1.7214916050434113, 1.6834269265333812, 1.6789848089218136, 1.6642542954948218, 1.7346696141693325, 1.7205553366078263, 1.7174686064322788, 1.7414670159419383, 1.752163141965866, 1.709325881799062, 1.7647321383158372, 1.7419042848878437, 1.752902160750495, 1.7366463575098248, 1.7978546897570287, 1.7802127659320834, 1.7722878098487855, 1.7305843485726247, 1.71562514603138, 1.7170092039638094, 1.747340691751904, 1.7551484280162384, 1.7170148087872394, 1.6767283694611654, 1.6884981460041473, 1.652967901362313, 1.7256783359580565, 1.6991973711384663, 1.6339248332712382, 1.6839261376195485, 1.6937314093112945, 1.668427276611328, 1.6803078472614292, 1.6376862956417941, 1.675745733910137, 1.666716537210677, 1.6920008619626365, 1.6534642150004704, 1.6717858758237625, 1.6645591361655123, 1.6555665949980423, 1.6575566430886586, 1.6401697582668728, 1.59643484685156, 1.6047764519850414, 1.685682189795706, 1.6949598213036856, 1.6263184176550969, 1.5554954820209075, 1.5957564718193478, 1.5940140409602057, 1.5781277024083662, 1.5740219500329757, 1.592444410920143, 1.5715931607617268, 1.55914398531119, 1.5290983789496957, 1.533585069576899, 1.5693398449156009, 1.5449181096421352, 1.5365908629364438, 1.4944273034731548, 1.5107636905378767, 1.5275082823303014, 1.5154280543327339, 1.504810531271829, 1.5113050884670676, 1.4999362243546386, 1.5365743372175427, 1.5296093179119954, 1.4991783930195697, 1.4860270804829063, 1.472872598303689, 1.46869704524676, 1.483679631683561, 1.4510931183894475, 1.4771759430567426, 1.458546567956607, 1.479251400960816, 1.4706845531860988, 1.4485714591211745, 1.4081608010662923, 1.4070222149292626, 1.4135352601607643, 1.448398955331908, 1.416071003013187, 1.4751553300354214, 1.5022480275895855, 1.453798742426766, 1.4592963778310357, 1.4895330319801967, 1.4566723697715336, 1.410906595322821, 1.4475720971822739, 1.5066942287815943, 1.4580424431297514, 1.433148651321729, 1.4044233779112492, 1.434985182682673, 1.4472950362496908, 1.4770729528533082, 1.4383650415473508, 1.441458581222429, 1.474345321456591, 1.439786325229539, 1.472094033161799, 1.4666666888528397, 1.4179454694191618, 1.4293344772524301, 1.4696447832716835, 1.4544357405768498, 1.4636267619000538, 1.4963239991002617, 1.504967851771249, 1.4698332117663488, 1.5253366142511362, 1.5591072261333467, 1.5146359254916513, 1.4964283807410135, 1.5061175184117428, 1.4779811938603717, 1.523912387755183, 1.535041559735934, 1.484543083111445, 1.5145661354064937, 1.6137358122401773, 1.6254043142000836, 1.6355076127582124, 1.6714856074915991, 1.6631979280047944, 1.6317822549078196, 1.6799627621968591, 1.6788524190584815, 1.753513072596656, 1.7787186662356058, 1.6455607169204287, 1.6147079792287615, 1.6095306846830582, 1.6701032433244913, 1.6510637568102944, 1.643756168418461, 1.6375886705186637, 1.6327582432164085, 1.5851192408137849, 1.5786153770155371, 1.6033141566647426, 1.6400489548842112, 1.64015579952134, 1.5990386697981096, 1.5829363213645082, 1.6016340282228256, 1.612404032217131, 1.5270500222841896, 1.5931019686990318, 1.5476955579386826, 1.5670705007182226, 1.5944832854800761, 1.5591395954291023, 1.5641278793414426, 1.5624023861355252, 1.5299074656433531, 1.5551981449127201, 1.5479216840532093, 1.5446704877747433, 1.5035519868135445, 1.4791213926341793, 1.506934754384888, 1.4734071728256017, 1.4958953109052437, 1.4874228060245522, 1.4416436158948471, 1.441237766544024, 1.4803452713621992, 1.5020965341064667, 1.4687708463933735, 1.4376736819744114, 1.4909360773033569, 1.459379145834182, 1.444904679059982, 1.4452852282259203, 1.4492025067408878, 1.4345814330710305, 1.4522064357995992, 1.437194477187262, 1.438152108589808, 1.4230358001258638, 1.4669019814994602, 1.4701557821697662, 1.4865155332618292, 1.412025701337391, 1.40758673051993, 1.3908824334541956, 1.4373131152656347, 1.445832309789128, 1.4551881227228378, 1.4132122764984765, 1.4286856247319115, 1.3746694220436944, 1.3932328999042507, 1.3839516116513142, 1.386208740870158, 1.3881164769331618, 1.36783273683654, 1.4054689235157438, 1.401942822668288, 1.4183606833219526, 1.4348029587003923, 1.3907618509398567, 1.4180613285965393, 1.4146605263153713, 1.3864446745978463, 1.4186375055048204, 1.418449743588764, 1.3739591730965508, 1.3999822583463457, 1.378793332642979, 1.3731565998660191, 1.4093891213337582, 1.3957868099212647, 1.3695590688122643, 1.4177669657601255, 1.32523436513212, 1.3557820558547977, 1.335116289059321, 1.3926374670532013, 1.3696488589048386, 1.32765986919403, 1.4053833759493293, 1.4065342631604931, 1.4278694818417232, 1.3504149013095434, 1.346463991204897, 1.366963454418712, 1.3575940536128162, 1.3788812104198664, 1.3960569543970955, 1.3311427152819109, 1.3447557787100475, 1.3843530856900745, 1.3969794660806663, 1.387944917215241, 1.4414243608713149, 1.4245737072494293, 1.4949737379948298, 1.4129630565643314, 1.4811319655842257, 1.4247086197137833, 1.376327637500233, 1.3816785103744935, 1.4228266302082273, 1.4492963979641595, 1.4801017072465683, 1.4569872054788806, 1.4399848633342316, 1.4533816145526046, 1.461339061127769, 1.4099767903486888, 1.4190693351957533, 1.4692630930079351, 1.3842092073625987, 1.4237673381964366, 1.445452418592241, 1.4334570599926841, 1.474714691771401, 1.498944940831926, 1.5220294197400408, 1.4996623065736563, 1.5760307543807555, 1.5948202580213546, 1.554552889201376, 1.5716918355888787, 1.5513646427128052, 1.6098066959116195, 1.531992432806227, 1.5629547946982916, 1.57481060160531, 1.5483385956949656, 1.5689896414677307, 1.5679254369603257, 1.5980744507577678, 1.5398277858893075, 1.5171907888518437, 1.5346241818534008, 1.6061527729034417, 1.5972560697131684, 1.57743373380767, 1.5690350585513642, 1.5555962512890493, 1.519830507040024, 1.5677806437015533, 1.5433034714725278, 1.5388643814457783, 1.5254195680220926, 1.5245698170529474, 1.605701287587484, 1.6070776846673753, 1.5532030426793628, 1.599373381005394, 1.5809096144305332, 1.6325465102990473, 1.663765658272637, 1.6743556794193053, 1.6668777684370675, 1.6291294339630342, 1.6565366254912484, 1.6291582683722183, 1.6057983318964648, 1.5918331894609663, 1.648961548010508, 1.6640149295330051, 1.6180483645863006]}