{"latitud": 5.0372, "longitud": -76.4921, "radiacion": [1.2683171060350205, 1.2460944390959214, 1.265005760060416, 1.2869845767815902, 1.2645666960212916, 1.2558620446258122, 1.2551707261138494, 1.2559376007980776, 1.2682417472203573, 1.2765258914894524, 1.2810725490252173, 1.2521646943357254, 1.2716355661551157, 1.268325588107109, 1.25540541112423, 1.2645109229617646, 1.278534573316574, 1.2511048750744929, 1.2576348943842788, 1.2913790881633762, 1.266958665516641, 1.2588863521814353, 1.2710704141192968, 1.2763559573226513, 1.2841978437370722, 1.2800486634174983, 1.2891612797975538, 1.2899879766835103, 1.337330718504058, 1.2905639568964646, 1.3089487618870204, 1.3192056649261052, 1.326929638783137, 1.3305714342329238, 1.3015965594185728, 1.3276359432273448, 1.2972257779704195, 1.3055371238125704, 1.3167016201549107, 1.3276273998949264, 1.3061710106001951, 1.2937603354454044, 1.3255351311630665, 1.322278242972162, 1.3080157114399802, 1.3251562641726597, 1.3142455402347781, 1.3340581443574695, 1.3456355022059554, 1.3347228676080702, 1.302028114597003, 1.310584471623103, 1.3103188421991134, 1.3005728979905449, 1.3458847165107732, 1.3311302555931939, 1.3373341855075616, 1.3282619721359683, 1.3212706628772948, 1.3524940398004321, 1.3280893296003347, 1.3088759336206648, 1.3335981061061226, 1.3301855560806064, 1.330525947279401, 1.3693851086828446, 1.3741708556811016, 1.3528336644172663, 1.3389715618557403, 1.3318832986884648, 1.3434014413091873, 1.3351171308093608, 1.3216504550642432, 1.3223095118999482, 1.347670491536458, 1.3240545382102333, 1.3411682923634844, 1.3363049785296124, 1.3094404730531908, 1.3122273600763743, 1.3186243239376283, 1.34064485695627, 1.3274896856811313, 1.3399811314211945, 1.3131662027703397, 1.306375128030777, 1.2965574390358396, 1.328746532069312, 1.3410737699932522, 1.300608134600852, 1.3131127423710294, 1.3119961079623959, 1.317073838578331, 1.324230865637462, 1.3162607461214069, 1.3055601977639733, 1.3347115602758202, 1.315496262576845, 1.3020360840691465, 1.2966813693443937, 1.3010639104578225, 1.2483694351381731, 1.301553738779492, 1.2747322118944595, 1.2835587289598254, 1.3224892152680285, 1.264599537518289, 1.2578624321354759, 1.2931971937417979, 1.3090624786085554, 1.2824168211883966, 1.2648140728473665, 1.2968500180376898, 1.2621620966328515, 1.2802832305431366, 1.2750760402944348, 1.284346133470536, 1.2836477537949877, 1.2981815139452617, 1.2975952575604117, 1.2864610605769684, 1.2686581631501515, 1.2717678000529606, 1.294264253642824, 1.2748752054240968, 1.2700699501567427, 1.2705417354901638, 1.2580024063587192, 1.2744316329558691, 1.288811792929968, 1.2746672484609816, 1.2748156246211793, 1.2720769057671228, 1.2692404518524805, 1.2543139500750435, 1.2716303752528295, 1.3157380991511873, 1.2794199284580017, 1.3044968144761195, 1.3111949304739638, 1.2841495381461245, 1.285020310680071, 1.2884734895494254, 1.2767783492803575, 1.3138521956072908, 1.2803731428252327, 1.2590118007527467, 1.2684323019451564, 1.27830249302917, 1.2905831767453084, 1.2796026835838956, 1.2964312069945876, 1.2831168234348296, 1.2882614192035466, 1.2581885304715896, 1.3072540332873663, 1.2943006035354407, 1.2830860333310232, 1.2792732811636391, 1.2828528579738405, 1.2707398381498123, 1.301517265703943, 1.2850692222515738, 1.2962865538067285, 1.271570743454827, 1.2888961199257112, 1.2879251380761465, 1.309858748316765, 1.3243121494849521, 1.3073408302333622, 1.2630860444572238, 1.2881758123636244, 1.2752606021033392, 1.2889891684055323, 1.2812246756421193, 1.308648234605789, 1.3410014569759372, 1.317703955041037, 1.334679708878199, 1.3175388743480052, 1.2996319350269097, 1.307877802848816, 1.3091079768207339, 1.3455562306774986, 1.3494218243492977, 1.3106232126553852, 1.347861787676811, 1.3266072356038627, 1.330121180084016, 1.3178671770625636, 1.3438985725243882, 1.3316181600093842, 1.3326812042130365, 1.3422354456451207, 1.344842041201062, 1.3443438933955296, 1.3246367742617926, 1.3312202109230886, 1.355392333534029, 1.3615777598487007, 1.3593072460757363, 1.3691014806429547, 1.3678254130813814, 1.3595237864388354, 1.3413501878579452, 1.3478209462430744, 1.3708042131529918, 1.3588389231099025, 1.3801590899626415, 1.3793852402104274, 1.3596904807620576, 1.3942452172438304, 1.3564348028765796, 1.3866256806585522, 1.3992194460497964, 1.3749216285016803, 1.3912085235118867, 1.3653628501627184, 1.4178180800543896, 1.4097553445233233, 1.3723952492078144, 1.410125123792224, 1.4206861952940617, 1.4232175913121967, 1.3919342603948384, 1.4209580712848242, 1.421768862671323, 1.406945967343119, 1.3657271524270376, 1.4077905164824596, 1.4272124356693683, 1.421152028110292, 1.4047052019172244, 1.4008199652036026, 1.4161281592316095, 1.4207272337542636, 1.418169428904851, 1.3980616066190932, 1.4353999435901639, 1.4430689248773785, 1.429486118422614, 1.4332593712541792, 1.4443088908990218, 1.440827622678545, 1.4430113991101579, 1.4300595170921755, 1.418813500801722, 1.439977718061871, 1.4222131225797858, 1.4189898000823125, 1.4128698441717358, 1.4146334966023761, 1.419525527954102, 1.3822867883576286, 1.392124257816209, 1.4157423244582283, 1.4169438680013027, 1.3904319597615136, 1.405751289261712, 1.3901869787110221, 1.392672778500451, 1.417634994453854, 1.4049094835917153, 1.4067050735155744, 1.421341670221752, 1.3828006558948094, 1.3948971533113053, 1.3677498539288837, 1.3843016505241394, 1.3817644688818191, 1.389858304791981, 1.3709705140855577, 1.3781160169177589, 1.3742769949966007, 1.3440143926276098, 1.3683573573827736, 1.386087004343669, 1.3222778922981682, 1.3530417935715784, 1.3596832785341473, 1.353226629892985, 1.3825241605440777, 1.3302812271647984, 1.3548050291008422, 1.364134681887096, 1.3438121060530346, 1.3834848894013299, 1.3440235455830891, 1.3486337896850376, 1.3252154108550813, 1.3238025115595928, 1.3401722278859884, 1.316438751088248, 1.3031899369425244, 1.3084963215721979, 1.3337673286596934, 1.3433858156204224, 1.3419369058476551, 1.3236677216158972, 1.3221045407983991, 1.3156916744179197, 1.3265660127003986, 1.34778452846739, 1.2971104082134035, 1.3059390164083904, 1.3093143741289779, 1.332658660742972, 1.314951138363945, 1.3381903916597366, 1.315813157624669, 1.30006330245071, 1.3153253826830122, 1.3116385075781083, 1.3311750859022142, 1.3267401986651952, 1.3542967604266274, 1.303407181633843, 1.2862848639488216, 1.2714930795960953, 1.2792844898170894, 1.291837788621585, 1.3178832934962381, 1.3067424393362472, 1.284902064667808, 1.2955249792999692, 1.2844699449009362, 1.2861858434147309, 1.2996631804439753, 1.3168876647949217, 1.2877920518318815, 1.2831102066569857, 1.261879626247618, 1.3047287656201252, 1.2843439718087517, 1.2811577426062681, 1.236769444743792, 1.2299641003211337, 1.2306891183058417, 1.265084911386172, 1.269630777504709, 1.2789863983790082, 1.2917350033919017, 1.2715607259008619, 1.2735647728045776, 1.2401128904687033, 1.2652044044600599, 1.264998027020031, 1.247223583194944, 1.2490459707048212, 1.2575127727455564, 1.2403880066341824, 1.2346840871704947, 1.2408752938111622, 1.2507864766650731, 1.2487365523974105, 1.251287129190233, 1.244681287142965, 1.2586092332998915, 1.233793577882979, 1.2227577202849915]}