{"latitud": 4.9382, "longitud": -75.6864, "radiacion": [2.009685369994906, 2.003658973508411, 2.0561366233560765, 2.0942348559697472, 2.074714864624871, 2.0429428299268086, 2.0411443650722503, 2.0365764869583978, 2.044884076383379, 2.0677730805344052, 2.0623396701282926, 2.0104640589820018, 2.0408701446321276, 2.0284197396702233, 1.9781837039523655, 2.002717520793279, 2.0118226442072125, 2.001089751720428, 2.051899194055134, 2.077081086900499, 2.014727916982439, 2.01840766204728, 2.029736130105124, 2.0106034815311435, 2.0358690526750354, 2.008207541041904, 1.9825492958227793, 1.9982805278566145, 1.9407216416464914, 1.9534799476464595, 1.9790269169542523, 1.9875328838825226, 2.0079824739032324, 2.004698136779997, 2.0054680095778568, 1.9880331450038486, 2.026101401779387, 1.9912390814887146, 1.9808925330638882, 1.9561374425888058, 1.948619802130593, 1.993966314527724, 1.993154959546195, 1.984976803594166, 1.9451186233096658, 1.9509751902686225, 1.91767978866895, 1.9423534426424238, 1.953189871046278, 1.9526736398537954, 1.9387072086334227, 1.9376964436637032, 1.9046682483620112, 1.905604581038158, 1.8995285855399233, 1.9104818072583942, 1.9171821633974708, 1.9400752153661511, 1.8719004657533438, 1.9220168941550781, 1.9260709623495735, 1.9143472194671627, 1.8417277521557283, 1.8476853397157458, 1.8659823795159654, 1.883851724200779, 1.9189176029629176, 1.910778097311655, 1.8937321239047578, 1.8535453187094795, 1.8651047348976142, 1.8566333625051712, 1.8691107571125025, 1.880319642358356, 1.8697700719038644, 1.8982439319292703, 1.8675029648674866, 1.893884284628762, 1.8891469591193728, 1.8884100106027393, 1.8706504954232115, 1.8313165671295593, 1.8735721475548213, 1.8688275078932441, 1.8539903276496463, 1.8538201126787397, 1.859999139441384, 1.8890162911680008, 1.9531766050391728, 1.9348625911606678, 1.8973131060600281, 1.8674977746274741, 1.8682578365008036, 1.8176092525323233, 1.8533038450611965, 1.8287081539630894, 1.8302186542087127, 1.8787673744890423, 1.8133307417233784, 1.8734665049446952, 1.8995025270515018, 1.9091800802283816, 1.9012983183066055, 1.8771202822526283, 1.9183234565787852, 1.8949766198794045, 1.938305000464122, 1.8664831260840098, 1.8789637512630886, 1.856241024865044, 1.9130229201581745, 1.9309617612096994, 1.8788499613602958, 1.8861172907882267, 1.8710424953036842, 1.9074533085028336, 1.8568614357047615, 1.8168523609638214, 1.8188273747762047, 1.8283228847715591, 1.8184698157840302, 1.8342131204075292, 1.8175767706500165, 1.8466552635033926, 1.8341688507133058, 1.862785691685147, 1.7664751158820255, 1.8110017783111994, 1.7899525443712871, 1.8327322151925827, 1.814977063735326, 1.8305737270249256, 1.8608665088812513, 1.8580804096327885, 1.8837936136457658, 1.942863516675101, 1.929568690723843, 1.8643320308791271, 1.8428033053874966, 1.8735982649856144, 1.8077572113937803, 1.8646380808618332, 1.82299788263109, 1.8527343716886309, 1.893756757179896, 1.9016945534282266, 1.886504236194822, 1.9035329394870342, 1.9175178521209293, 1.893536437882318, 1.8398347563213775, 1.9057010001606407, 1.893701064586639, 1.8682860884401535, 1.8674208866225352, 1.818722387154897, 1.8211586879359354, 1.858072961039013, 1.8791333397229513, 1.8617891073226935, 1.9641738467746306, 1.9379741874006065, 1.9466532892651027, 1.8523152086469856, 1.852461850643157, 1.8784599966473046, 1.775606637530857, 1.8567935691939457, 1.8203519410557227, 1.824894575940238, 1.874144764078988, 1.8915517515606346, 1.8117812375227604, 1.8330700165695617, 1.857305698262321, 1.8307964252101054, 1.8476972136232588, 1.8610849592420786, 1.7601376897758907, 1.8002608776092535, 1.8078309224711522, 1.8588363024923542, 1.8423824343416424, 1.8853048788176643, 1.8622639576594027, 1.8728033357196383, 1.9017117844687565, 1.8961746328406868, 1.9048275027010175, 1.8515462511115606, 1.843773180908628, 1.8568324857287937, 1.8545346644189618, 1.7884831421905092, 1.8496578229798208, 1.8496248543262481, 1.8550245384375252, 1.8840230180157551, 1.9010254416200854, 1.8823059340318047, 1.8346654004520833, 1.8450211458735992, 1.8834101120630906, 1.8639432562722098, 1.9140002753999503, 1.8849269515938227, 1.9145684818426771, 1.849526453680463, 1.8729538685745666, 1.8083113359080416, 1.747509544425541, 1.8453430056571964, 1.7840776436858714, 1.8260562413268622, 1.8013874550660454, 1.8550557500786244, 1.786733726660411, 1.805848895178901, 1.829907292127609, 1.8014090743329791, 1.8083021865950688, 1.823124525944392, 1.859654761685265, 1.8460095988379586, 1.8480279233720562, 1.7819184111224284, 1.8023695972230698, 1.80967548555798, 1.8251670598983762, 1.84578153292338, 1.8776057846016352, 1.8540024942821922, 1.8351177202330693, 1.8450055685308244, 1.8096735205915238, 1.8015077723397148, 1.825544579161538, 1.8063947776953375, 1.772163191106584, 1.8116406493716772, 1.831698623630735, 1.8469830294450122, 1.817533679803212, 1.7975615693463214, 1.8195491684807674, 1.822155523300171, 1.8269954833719473, 1.8034124804867633, 1.85234060353703, 1.8620122565163504, 1.8355582111411628, 1.8191582289006971, 1.842180616325802, 1.8158408317301007, 1.8049871491061318, 1.8100037025080782, 1.8590689844555321, 1.8509716570377355, 1.8296673039595284, 1.8434711125161911, 1.838338305552801, 1.894595907131831, 1.8980530149406851, 1.868074732356601, 1.8556628776921167, 1.8724616759353212, 1.8060540133052403, 1.8482519891526963, 1.8531351168950396, 1.88590742415852, 1.9301750123500827, 1.886197066969342, 1.9157988621128925, 1.9156421230898963, 1.8910461525122317, 1.948017836941613, 1.9325610631042058, 1.8793514536486733, 1.958127963542939, 1.9697785622543755, 1.96649219195048, 1.9978312710920962, 2.0078489442666365, 1.9986762834919827, 2.0127389722400237, 2.029818678564495, 2.068110408385595, 2.1023557947741613, 2.1183812015586434, 2.0885222083992434, 2.054538036055035, 2.090141328175863, 2.126820399363836, 2.0886586931016713, 2.0547066284550564, 2.0892181780603196, 2.0984502169821, 2.0868345552020595, 2.1010116133424965, 2.0732235444916616, 2.0549979660246107, 2.1055879559781823, 2.1391214675373504, 2.1284918559922112, 2.1184997532102794, 2.1325570974085055, 2.1693548023700715, 2.16947015259001, 2.2009541657235885, 2.184543232123057, 2.1738398710886635, 2.204023360543781, 2.2509166273805836, 2.254956018262438, 2.18296325272984, 2.1909417549769086, 2.178916582134035, 2.15858746237225, 2.1588842444949683, 2.1497218635347157, 2.052384986480077, 2.1293875429365374, 2.0814707914988198, 2.0742264098591274, 2.075188355313406, 2.1134627938270563, 2.0753916256957594, 2.1087492095099556, 2.08937672773997, 2.1059447904427855, 2.1241773943106335, 2.0844157477219896, 2.1072041703595055, 2.0737390975157424, 2.150863135523267, 2.161153164837095, 2.11747934155994, 2.1142664849758144, 2.0667493071821004, 2.07571715315183, 2.11138196322653, 2.1107653498649595, 2.0840779960155484, 2.0852528048886194, 2.0711079551113976, 2.1056600570678707, 2.064460084173414, 2.0732052246729524, 2.056497079133988, 2.0230443994204195, 2.023139195972019, 2.0310167074203487, 2.0635852946175466, 2.0734740906291536, 2.086907255649567, 2.0620877444744106, 2.0384456621276015, 2.0655291736125947, 2.0674611303541393, 2.065712705585692]}