{"latitud": -0.2954, "longitud": -73.3563, "radiacion": [1.0092878020471996, 1.0544737123780774, 1.0491753280162812, 1.054462300075425, 1.0761506444878048, 1.1002305842108198, 1.088032904598448, 1.1058310518662136, 1.1055062346988256, 1.1546981808212065, 1.135862827632162, 1.1116213235590193, 1.0787060999208025, 1.0737775064176986, 1.1150200648440252, 1.1365515728791558, 1.1343555069632, 1.1301898092031475, 1.135793040196101, 1.1675811525848176, 1.174782109922833, 1.1697487198644214, 1.1676054891612793, 1.1787500497367651, 1.2052919589810898, 1.1828344934516488, 1.1560202797253927, 1.1994945605595904, 1.2063538200325434, 1.2224901474184455, 1.249262085225847, 1.2321392811006973, 1.2493618839316898, 1.251424069537057, 1.2828775217135753, 1.2796623332632915, 1.246963052617179, 1.223830025394758, 1.2482141421900856, 1.2452937212255266, 1.233188585109181, 1.2570237199465433, 1.2420099344518445, 1.2565697875287798, 1.2442931052711275, 1.2308642503288052, 1.215893518593576, 1.2251052353117196, 1.2190605958302811, 1.2264965597126218, 1.2120291868845623, 1.1925607389873931, 1.195165843102667, 1.171108549833298, 1.1498326304886077, 1.1369008070892763, 1.1203828712304433, 1.1116310324933796, 1.1268724405103256, 1.1459311511781483, 1.152139592832989, 1.1156621509128148, 1.0803747034735147, 1.0684629801246854, 1.0634974208143022, 1.1088312433825598, 1.0942238304350114, 1.0704976747433343, 1.0917778121100528, 1.066003125905991, 1.0650351305802663, 1.0378221842977737, 1.039105016986529, 1.016193604800436, 1.0289922833442688, 1.0502106534110178, 1.0131677601072522, 0.9920095778173869, 0.9929201182391907, 1.0140673796335855, 1.008265558216307, 0.9886468831035824, 0.9852667195929423, 0.9726709018150963, 0.9875708851549359, 1.0197469022538928, 0.9848874413304859, 0.963895922899246, 0.9692314449283813, 0.9815336240662468, 0.9977443963289264, 0.984253348575698, 0.9364192694425583, 0.9226883232593535, 0.9418774621354209, 0.9473883463276757, 0.9440611296229892, 0.9344257083204058, 0.9119238591856428, 0.9026207841104931, 0.9238263216283586, 0.9183657285239963, 0.8861207859383687, 0.8697249329752393, 0.8873627937502332, 0.8849027097225189, 0.8751944886313542, 0.8697108662790725, 0.8725913084215587, 0.8674779742956161, 0.8728859030538137, 0.8848265826702119, 0.8595156345102524, 0.8569591204325361, 0.8509988281461928, 0.8579429298639295, 0.8615214573012459, 0.8417769981755151, 0.8502428683969709, 0.8405282090107598, 0.8581918941603767, 0.856555685069826, 0.8368350005812114, 0.8046779149108462, 0.8482604708936479, 0.8445292784108055, 0.8760867420170042, 0.8502317090829213, 0.8822020348575381, 0.870906901359558, 0.8810842590199576, 0.8638471348418131, 0.857435354259279, 0.8129171192646027, 0.8184690978791979, 0.8111382328801687, 0.8109630839692222, 0.8274209078815248, 0.8134080211321512, 0.8171400606632232, 0.8405217885971069, 0.8447819117042753, 0.8419442935122387, 0.8239193856716157, 0.7977823138237001, 0.8402008410957124, 0.8430372433529959, 0.8163494798872208, 0.805869170692232, 0.8098245653841231, 0.8331367833746803, 0.8471169226699403, 0.8287801679637696, 0.8262569321526422, 0.7847160196966595, 0.7858888238668443, 0.8018162194225523, 0.8056277063157823, 0.7924758089913261, 0.7963148335615795, 0.7779066797759798, 0.8328657656908033, 0.8107875098784766, 0.7787692507108052, 0.7727346582545175, 0.7914564053217571, 0.81310719218519, 0.8187731199794347, 0.7850546793805228, 0.8003561417261759, 0.8091366413566802, 0.7890851322147582, 0.8126254296965069, 0.7961617069111931, 0.787150337960985, 0.8040745612647799, 0.8097694171799553, 0.8196443226602342, 0.8236055076122283, 0.8531738056076899, 0.833426820900705, 0.847110746966468, 0.8503915511899524, 0.8433972987863751, 0.8220447917779286, 0.824562656879425, 0.8279877867963581, 0.8324267264869477, 0.8352253089348475, 0.8125326140059365, 0.8285754849513375, 0.8504305217001175, 0.8346318821112315, 0.8213159634007349, 0.8205438488059574, 0.8859771682156458, 0.865302829941114, 0.8660452660587099, 0.8325258307986788, 0.825398552748892, 0.8530577576822704, 0.8560145023796295, 0.8837346848514347, 0.8943262418111165, 0.8576357215642929, 0.8704718705680636, 0.8844614899820753, 0.9195309268103705, 0.8938181983100045, 0.8623290810320112, 0.8803685469759834, 0.8940884702735475, 0.8813362578550971, 0.8887030366394256, 0.8652495155731836, 0.8611563288503223, 0.9046241998672482, 0.9032420145140753, 0.8751353416177962, 0.8785954958862727, 0.9288387480709286, 0.9295551415946749, 0.9700487656725777, 0.9279924518532224, 0.8858574185106486, 0.9185685512092383, 0.9299502654208077, 0.923173961043358, 0.9245178076956005, 0.9112673527664611, 0.9266174505154292, 0.9272929231325787, 0.9392453554603787, 0.9023639019992613, 0.8943280037906433, 0.8938078933291966, 0.9185291455851662, 0.9289140237702265, 0.8915597087807124, 0.9202633281548819, 0.9181559761365256, 0.9187376949522231, 0.9480721301502655, 0.9346014009581672, 0.9093727929724583, 0.9300118741061955, 0.921817863980929, 0.9081588513321345, 0.8836221959855822, 0.9306746201382744, 0.9425269123580722, 0.9452195925845043, 0.90385644601451, 0.8913973675833805, 0.8981742348935869, 0.929910296201706, 0.9518152481979795, 0.912529836760627, 0.874169413248698, 0.8731086793873045, 0.9160899076196882, 0.9193477359082959, 0.9117945442597072, 0.9228504555092919, 0.9096695393323896, 0.9117071085506017, 0.9131077405479218, 0.8954747130473456, 0.8949885222646925, 0.8899568557739256, 0.9059896647930147, 0.8890923185480967, 0.8979902509186006, 0.8793325033452777, 0.8820250504546695, 0.9183802528513806, 0.9063300917545956, 0.9303896129131317, 0.8900200413333045, 0.8814577688773473, 0.8967193418078953, 0.8883440037568411, 0.8786526713106365, 0.8545397135946486, 0.908265811536047, 0.9141627377933927, 0.9240294522709317, 0.9161215527190102, 0.8834705385896894, 0.8638171202606625, 0.8689751946263842, 0.8634187006288107, 0.8735734770695368, 0.8490219444036483, 0.8657927046219509, 0.8555636528465485, 0.8337037106355032, 0.8434855775700676, 0.8758378121587967, 0.8576422774129443, 0.8636136521895726, 0.8852202163802253, 0.8783109671539732, 0.8431482656134497, 0.862068165010876, 0.8481091512574092, 0.8407619814078013, 0.8629734920130837, 0.8549649397532145, 0.8382782459259034, 0.8308657619688248, 0.842710252602895, 0.8531390772925483, 0.8910655763414174, 0.8757738855150013, 0.8545127451419833, 0.8526823027266396, 0.8622756077183618, 0.9092108130455016, 0.8918264306253857, 0.8483704606691994, 0.8494188792175716, 0.8740018874406813, 0.83454300098949, 0.8664233532216814, 0.8901758852932188, 0.8800660447941887, 0.8545862946245406, 0.8493424180481166, 0.8571268217431175, 0.8517005119058823, 0.8738196978966397, 0.8567403581407333, 0.8728121575382022, 0.8911713278955883, 0.9213530345095527, 0.9014512615071405, 0.8823847853475147, 0.8947227643595803, 0.9115845137172274, 0.9062335100438861, 0.9121150073077945, 0.9173565824826561, 0.9408437179194555, 0.9729811224672528, 0.9704527450932395, 0.9770244204335743, 0.947515904241138, 0.9522398501634596, 0.9553395605749553, 0.986182216803233, 0.9614570008383859, 0.9625739415486655, 0.9586115870210863, 1.010876085360845, 1.0254430952999327, 0.986601472894351, 0.9852038257651857, 0.9891605195071959, 1.0203034036689334]}