{"latitud": 6.2875, "longitud": -75.1181, "radiacion": [1.769349519411722, 1.794324095381631, 1.7778433740139006, 1.7688277648554898, 1.758174630668428, 1.7761608766184913, 1.7968431406550938, 1.7869576275348662, 1.7965486745039623, 1.8155724061859981, 1.8349077118767638, 1.8749784290790554, 1.828122476074431, 1.8131086481942067, 1.7821440577507026, 1.816988492674298, 1.8632310085826453, 1.864156452152465, 1.8881004949410751, 1.8985713879267376, 1.909500886334313, 1.9019365953074558, 1.9152051773336203, 1.8853735937012568, 1.8939010116789075, 1.8870362682474984, 1.8950306892395021, 1.9196474479304424, 1.9203766306241346, 1.9424419383207958, 1.948872332440482, 1.9973234189881224, 1.9698222021261849, 1.9596876760323845, 1.9921097887886898, 1.9678907440768347, 1.977126914925045, 1.9737494250138605, 1.9469523231188457, 1.9937300423781075, 2.0035214324792228, 1.9936013234986205, 1.9848970691363024, 1.9868265145354798, 1.9631818817721471, 1.9751563794083067, 2.0223191367255318, 2.0094116032123566, 1.9910340329011287, 1.9832246747281814, 1.9532504982418486, 1.95783051053683, 1.959969668255912, 1.9725672543048856, 1.925898565186395, 1.9773975551128389, 2.024279886484146, 1.9911239968405834, 2.015300548407767, 2.0241406049993307, 1.9741291867362125, 1.9761193970839184, 1.9772579358683693, 1.98610518111123, 1.961090124977959, 1.9892980327208836, 1.9915870421462596, 1.999859590662851, 2.018783907757865, 1.9918290025658074, 1.9853512333499062, 1.9575126396285165, 1.9680283672279784, 1.957943081855774, 1.9756636109617018, 1.941391640239291, 1.8908492598268716, 1.9286834319432573, 1.9292390273676976, 1.9114204261038044, 1.8970450182755787, 1.865145044856602, 1.8836556924713985, 1.9082444866498307, 1.9020621260007224, 1.923269761933221, 1.8635790606339768, 1.8487628360589348, 1.8772025711006597, 1.889257440964381, 1.8494040045473306, 1.8064743916193642, 1.828331420818964, 1.8121579600705042, 1.8126152853171031, 1.792791392405828, 1.8119287676281397, 1.799868162473043, 1.7443396727244054, 1.7458154128657448, 1.774253615405824, 1.7691531750890945, 1.729037120607164, 1.718830218580034, 1.7215208729108176, 1.7081433110766946, 1.70017127195994, 1.7121172726154323, 1.7171369479762182, 1.6985398325655205, 1.6667897562185932, 1.6725766585932842, 1.6485273778438565, 1.6691443390316436, 1.676417517662048, 1.6380707621574409, 1.6548195521036781, 1.6618799540731632, 1.641616437170241, 1.6108631690343216, 1.6434945265452068, 1.652282953924603, 1.6689925054709125, 1.6272879395220012, 1.6293542974525026, 1.6308490792910249, 1.595727965566847, 1.6562866277164883, 1.6773791756894854, 1.6881390392780304, 1.6720098038514453, 1.6589851213826075, 1.675453081395891, 1.679503311713536, 1.678770967986849, 1.6788847254382242, 1.7074796173307625, 1.7258192294173778, 1.6813826799392697, 1.7001465751065148, 1.7008010274834102, 1.721242456965976, 1.7161715971099003, 1.7139615025785233, 1.7181709746519722, 1.735071863730748, 1.7117996778753062, 1.7110324521859497, 1.71138444211748, 1.7133129272196033, 1.788780617713928, 1.7633681191338428, 1.770059594180849, 1.7707848191261288, 1.7433398935529925, 1.7316462543275621, 1.7536285128858353, 1.7844732840855915, 1.7714187880357113, 1.751056753264533, 1.7886602322260536, 1.8263022422790527, 1.8041623274485261, 1.7760674099127447, 1.7750428663359752, 1.8314964420265625, 1.775468138853709, 1.7589921136697135, 1.7612396849526295, 1.8047673344612116, 1.777788012557559, 1.765327643685871, 1.7785599774784504, 1.783042303058836, 1.806354348527061, 1.828414840830697, 1.8069043152862119, 1.7637188076972958, 1.7733967370457115, 1.8020496480994759, 1.8410526944531336, 1.8664098646905682, 1.8287430743376423, 1.8255092302958171, 1.8375381396876438, 1.850544407632616, 1.8564014944765306, 1.858115028672749, 1.8396163092719184, 1.8455617454316877, 1.8745511677530071, 1.8682977027363243, 1.8541557735866971, 1.8547178785006209, 1.856619569328096, 1.8588654213481481, 1.834726897875468, 1.8300629258155816, 1.901580842336019, 1.8939467436737483, 1.8553853140936951, 1.8516668849521214, 1.8615409996774461, 1.863846742444568, 1.8844006836414335, 1.9072703215810993, 1.8962661809391446, 1.8583807792928477, 1.8456313378281066, 1.8919235110282895, 1.845378496911791, 1.8557603776454918, 1.8000918593671587, 1.8229276206758283, 1.8018103328016066, 1.833438283205032, 1.8342202901840212, 1.7672730763753257, 1.7777453091409476, 1.738585350248549, 1.733856397204929, 1.693341312805811, 1.7268837160534325, 1.7101206680138903, 1.7283989078468744, 1.6830148286289635, 1.7013186434904741, 1.7040332211388487, 1.6926642855008447, 1.6843682097064132, 1.6751426127221851, 1.6814847641521027, 1.6481654670503405, 1.661058297422197, 1.6358460585276289, 1.6133615248733102, 1.6172080046600763, 1.6248106651835972, 1.6008389274279275, 1.6115354379018152, 1.6251533766587576, 1.633163331614601, 1.6220741834905414, 1.5745382606983185, 1.5649582140975529, 1.5630197889275024, 1.5558496799733899, 1.5569279909133915, 1.5395391258928512, 1.5569828132788344, 1.5648411545488565, 1.575760116179784, 1.5206225461430016, 1.568775828017129, 1.5543344722853762, 1.5414703759882187, 1.5677984740999011, 1.5395332892735798, 1.5365231321917634, 1.5616238786114585, 1.5391540467739109, 1.5581281873914932, 1.582238545020421, 1.5459306081136075, 1.5451939006646473, 1.5415669792228275, 1.5399603313869896, 1.5429671393500433, 1.5342612193690401, 1.5396019650830162, 1.5120405329598319, 1.5169043295913267, 1.4660591867234976, 1.4888008846176994, 1.4829648739761774, 1.515799236297607, 1.4732372879981999, 1.451920193433761, 1.4715387708610959, 1.4325288242763943, 1.468661627504561, 1.5112143874168396, 1.4818154858218298, 1.4561228341526455, 1.4935414552688595, 1.4699771006902063, 1.445858023895158, 1.455152867900001, 1.4778031938605836, 1.4723664873176154, 1.4925006071726472, 1.4946318858199648, 1.4715902785460155, 1.477265021536086, 1.4508025606473287, 1.4345831354459129, 1.460844864447912, 1.4436969101428991, 1.4692102266682523, 1.4358697606457602, 1.4649807029300261, 1.466816185580359, 1.4553407324684988, 1.4366854806741083, 1.4362696435716416, 1.4015530804793046, 1.4302395661671958, 1.4599235634009042, 1.4151004128985942, 1.412602269649506, 1.4210531804296709, 1.4557045353783507, 1.428897562954161, 1.4728521426518755, 1.4623200264241962, 1.4494809574551055, 1.4673060887389717, 1.4694556921720505, 1.4644454167948828, 1.4812506755193073, 1.472987612088521, 1.516456130478117, 1.5172642701201966, 1.4655434913105438, 1.5257025228606331, 1.5014069772428937, 1.4995059563053978, 1.5075132502449884, 1.4649976905849245, 1.5187314828236893, 1.530437503258387, 1.577861320310169, 1.5223611417743896, 1.5472648236486644, 1.5299007144239212, 1.5423877815405527, 1.5426378395822316, 1.5604282571209798, 1.544832022322549, 1.5319983932707038, 1.5514429443412354, 1.5699361112382686, 1.5706735663943823, 1.5511985090043812, 1.5857869082027005, 1.5742224680052868, 1.5894677334361607, 1.5903065615230136, 1.6266164110766514, 1.5966638856463966, 1.6277253581417932, 1.644689936770333, 1.6252569841014015, 1.6648620751168999, 1.642890617582534, 1.6443137301339046, 1.6834353380733067, 1.7007892456319602, 1.6898939675754974, 1.702453266912036]}