{"latitud": 5.9497, "longitud": -71.9225, "radiacion": [5.110544231202867, 5.075671552287208, 5.076534291108449, 5.07583724392785, 5.106526594691807, 5.089229599634806, 5.051615738868713, 5.070342065228356, 5.094602276219262, 5.092582122484842, 5.107572615146637, 5.063912720150419, 5.046338268121084, 5.062580246395535, 5.045623429616293, 5.107260386149089, 5.1408701035711495, 5.1233808490965105, 5.073698343171014, 5.045913602246178, 5.079369535711076, 5.0740575565232175, 5.03945703374015, 4.967195645968119, 5.040111094050936, 5.093953388267093, 5.072257248560587, 5.017405770884619, 5.039761898252698, 5.155501147111257, 5.234394428465102, 5.255282198058235, 5.19532794687483, 5.171616302596198, 5.233369473616282, 5.185401691330804, 5.118151052792867, 5.103552614318, 5.10694695578681, 5.135528669092391, 5.172218844625685, 5.155353090498182, 5.100834740532769, 5.036310421095952, 5.0328871210416155, 5.028060270680322, 5.0025726252132, 4.9797486384709675, 4.976935497919718, 5.022616267204285, 5.067616992526584, 4.991975169711643, 4.92991679377026, 4.87809042930603, 4.86784889962938, 4.8499787343872915, 4.868824199835459, 4.850567127598658, 4.805501715342205, 4.862428528732724, 4.808568980958727, 4.813456715477837, 4.796865363915761, 4.792524531152513, 4.918107393052844, 5.012556277381049, 4.945421376493242, 4.896642544534472, 4.808836126327516, 4.835057340727912, 4.7622485597928375, 4.80692863729265, 4.775900418228574, 4.7513584507836235, 4.740126343568167, 4.687513777944777, 4.738575180371603, 4.713955342769623, 4.685318954785665, 4.675607489215004, 4.6619514120949646, 4.589171964592404, 4.435862443182203, 4.3426730314890545, 4.39659707347552, 4.397255847189161, 4.352193828423817, 4.366082678900824, 4.291195058822631, 4.304041065110101, 4.2222638169924425, 4.205644080373976, 4.1944271756543055, 4.186685405174892, 4.222964951727125, 4.258286142349244, 4.1713805225160385, 4.072465557522244, 3.979596645302243, 3.9922943101988904, 3.924285679393345, 3.8650076813167993, 3.863860825697581, 3.8483557409710354, 3.900827332337697, 3.94674363401201, 3.927788723839653, 3.852405721611447, 3.8145853771103755, 3.8908563137054437, 3.7996641503440016, 3.726368362373776, 3.659753012657165, 3.6524627784887937, 3.681191417243746, 3.6944700876871743, 3.730992887417475, 3.666454325781929, 3.6589647862646317, 3.6324662155575216, 3.53175673087438, 3.5353492021560675, 3.3761442032125264, 3.3846888926294123, 3.4701074547237813, 3.4759100072913705, 3.497213352388806, 3.422677468591266, 3.364919820096759, 3.3493219839202033, 3.2755348953935832, 3.0988738026883866, 3.0338881969451905, 3.1717100852065614, 3.2560212916798075, 3.3277678244643742, 3.367997597985797, 3.405692754851447, 3.3520468632380163, 3.4547499842113925, 3.4409479690922624, 3.461150702502992, 3.386714226669735, 3.3406400435500676, 3.3690873364607494, 3.2956360220909118, 3.1806646333800423, 3.3044092582331763, 3.3794093926747646, 3.5389641198847026, 3.4337004522482553, 3.32280476755566, 3.357733349005382, 3.3644461320506203, 3.4479972283045455, 3.440862545702192, 3.486318173673418, 3.49060695502493, 3.500167353947958, 3.553261111842262, 3.444970999823676, 3.450694264305962, 3.4219186796082384, 3.4764640218681766, 3.533539489242766, 3.5661042703522576, 3.576651720205943, 3.679732718070348, 3.6719326588842613, 3.611792131265004, 3.697009299198786, 3.712569396363364, 3.669974294635985, 3.7096661196814638, 3.714848179287381, 3.7107044233216175, 3.6225061635176345, 3.7520372794734107, 3.8310795161459184, 3.751674784554376, 3.6741872270902003, 3.645151604546441, 3.6196656213866336, 3.7197638975249387, 3.7613154649734497, 3.7298251708348595, 3.757977051205106, 3.7250467287169577, 3.729901619752247, 3.7497766733169553, 3.724225853549109, 3.725573265552521, 3.6743995732731283, 3.64839874373542, 3.715378407637278, 3.6069648795657687, 3.5735141992568966, 3.5451212578349636, 3.4904879384570653, 3.652241963810391, 3.7567247629165643, 3.782594863573711, 3.7766148196326363, 3.7762432787153464, 3.6994499021106293, 3.8006727046436737, 3.767389697498745, 3.7520636902915108, 3.7661157051722207, 3.7803931752840687, 3.864255699846479, 3.9746790660752196, 3.973562456501855, 3.91671943002277, 4.013667154312134, 3.9918649408552382, 4.001515200403001, 4.0905400156974805, 4.141757743888431, 4.127076902654437, 4.109613875548045, 4.121902892324659, 4.106381368637085, 4.069863659805722, 4.184591992696126, 4.20306832128101, 4.16029747724533, 4.12157440715366, 4.162799664338429, 4.191997300253974, 4.208142834239536, 4.297297921445635, 4.3606845352384775, 4.348199384742313, 4.419385454389785, 4.471974970234765, 4.519028037124211, 4.50306599802441, 4.484824797842239, 4.476300801171198, 4.444415712356569, 4.4678434464666585, 4.415839923752678, 4.467005809148153, 4.474159901671939, 4.477615904808045, 4.492097253269619, 4.527552363607618, 4.636708524492052, 4.637205045753055, 4.619976344373491, 4.630109781689114, 4.661524793836807, 4.703601405355665, 4.695678851339552, 4.6819454113642385, 4.6329795122146615, 4.706602748235066, 4.713881385326385, 4.722958188586766, 4.745289431677925, 4.678614931636388, 4.627682940165202, 4.6632351689868505, 4.62270829015308, 4.639160329765743, 4.617111123932733, 4.634747400548723, 4.705539051691692, 4.7036971992916525, 4.78341272407108, 4.739187766446007, 4.736021320025126, 4.759336663617028, 4.792353644635941, 4.757377688090006, 4.729967717329661, 4.714040107197232, 4.668673431873322, 4.705265788237253, 4.7692091597451105, 4.732314154836867, 4.721945314937168, 4.712943077087402, 4.6964557780159835, 4.634214259518518, 4.572886228561401, 4.557069231404199, 4.6040015670988295, 4.666051202350194, 4.677400227387746, 4.632945275306702, 4.655805197026996, 4.612901907496983, 4.6734479043218835, 4.617228215270573, 4.643473014566633, 4.6062773386637375, 4.590044617652893, 4.5748486638069155, 4.568973481655121, 4.581220936775207, 4.59090782933765, 4.608255540000067, 4.58313142326143, 4.549293877018823, 4.499156819449531, 4.554253182146284, 4.563218270407783, 4.605076718330383, 4.625835222668118, 4.611114194658067, 4.590965753131443, 4.614271138774025, 4.683416100343067, 4.663426509168413, 4.665120526154836, 4.643818876478407, 4.660296441449059, 4.725684856043922, 4.724711773130629, 4.747073475519817, 4.814940422111088, 4.777919937504664, 4.734519362449646, 4.770659270551469, 4.7606892890400365, 4.712321633762783, 4.725570611159006, 4.7934450149536145, 4.818786570760939, 4.808389602767097, 4.855096783902909, 4.94758763578203, 4.952766886022356, 5.0074581159485705, 4.990771196948157, 4.930868281258476, 4.911391219827865, 4.961458010143704, 4.926452677779728, 4.884782554043664, 4.931800042258369, 5.008578536245558, 5.010208410686917, 4.982911716567146, 4.96428656578064, 4.999403010474311, 5.021126699447632, 5.018016799290975, 5.025856057802836, 5.009109163284301, 5.053642990854051, 5.045032650894589, 5.015040625466241, 5.020885492695702, 5.0259855190912885, 5.033771408928765, 5.083794320954216, 5.08342447148429]}