{"latitud": 2.4117, "longitud": -78.4927, "radiacion": [2.775003329912822, 2.797772084342109, 2.756415428055657, 2.7965899732377797, 2.779339765177833, 2.8512556539641487, 2.8108459525638154, 2.7852214071485726, 2.7641762720214, 2.704792701535754, 2.708665960364872, 2.675197108586629, 2.736594371000926, 2.7990212718645737, 2.7019385013315413, 2.8180294626288944, 2.7649877402517524, 2.746416584650675, 2.8117478926976527, 2.790985890229543, 2.6776157319545746, 2.750557676951091, 2.7579532663027444, 2.7862214578522573, 2.7174238880475357, 2.6744406428602, 2.7051087922520107, 2.681921373473273, 2.6608221140172748, 2.659328133530087, 2.6620800806416405, 2.7179605576727126, 2.810928360621134, 2.7498271200391984, 2.6103392667240564, 2.5306785901387525, 2.601464855670929, 2.691732054286533, 2.7012221018473306, 2.5649353331989713, 2.6289806538157987, 2.607323340574901, 2.610405215952131, 2.6860572523540927, 2.5774208625157673, 2.6086837887763976, 2.724627375602722, 2.657435756259494, 2.659593795405494, 2.5894079301092368, 2.521932739681668, 2.5641416430473325, 2.5478777647018434, 2.587861020697488, 2.53211164077123, 2.655008714728886, 2.5904408375422157, 2.5920766525798378, 2.5866215242279913, 2.545383812321557, 2.625770918528239, 2.5897496508227458, 2.587557744979859, 2.5447827067640088, 2.5536246200402584, 2.6959044125345017, 2.721600641144647, 2.661932939953274, 2.628998749785953, 2.5117105629709027, 2.564739693535699, 2.6045274913311007, 2.628207298119863, 2.6902006440692485, 2.6173995176951084, 2.643602302339341, 2.585320500532786, 2.662947817643484, 2.7460851616329616, 2.628822871049245, 2.560441364182367, 2.54439831574758, 2.6038529329829743, 2.6508824004067324, 2.6183795240190295, 2.599704260296292, 2.4843841890494027, 2.604177199469672, 2.6578349974420337, 2.6199306117163768, 2.60958350499471, 2.5483352190918396, 2.6404803209834635, 2.651283354229397, 2.574919462866253, 2.6385957823859325, 2.644809635480245, 2.6964632974730605, 2.6063015586800042, 2.570498967832989, 2.6368469383981488, 2.5718089090453247, 2.601920983526442, 2.6255193703704416, 2.6936929292149014, 2.5807310806380372, 2.589621228641933, 2.6799624966250524, 2.7490941484769187, 2.6385123895274276, 2.6669355140791993, 2.6788095712661737, 2.666864988538954, 2.583827661143409, 2.6171695755587687, 2.6186048693127106, 2.563217005464766, 2.581441843509675, 2.619736172093285, 2.618086844682693, 2.685796180036333, 2.6455139491293163, 2.561440640025668, 2.6592198650042222, 2.650109587775336, 2.654125542110867, 2.609605072604285, 2.4621199183993867, 2.615393884976706, 2.6109486791822647, 2.6137577414512636, 2.570969192186992, 2.5678576787312815, 2.514244567023383, 2.537647785743078, 2.6267306579483876, 2.6265341586536834, 2.721912495295207, 2.5763318273756233, 2.54554714428054, 2.556904060973062, 2.6210241635640465, 2.654127456744512, 2.506233549118042, 2.547716375192006, 2.6318293399280974, 2.6608867976400585, 2.679774831400977, 2.5984582549995845, 2.608627712726593, 2.6331488516595627, 2.682131429513296, 2.6513812356524995, 2.627422711584303, 2.5222640580601166, 2.49049166639646, 2.519315400388506, 2.659995713498857, 2.665134683582518, 2.5695329109827676, 2.5341128905614214, 2.5086790899435676, 2.5969531483120387, 2.57809403207567, 2.61105030576388, 2.5316331108411156, 2.5993825541602242, 2.707670046885809, 2.6854171931743624, 2.647289604610867, 2.5597313145796465, 2.6069359997908275, 2.560668345292409, 2.54084085226059, 2.5114214903778507, 2.7237444990211066, 2.6624649822711945, 2.6882408857345585, 2.623786860042148, 2.622400808334351, 2.608207328452004, 2.5264236648877456, 2.593250309758716, 2.6769642578230965, 2.752707956234614, 2.7404397984345756, 2.668567799197303, 2.6705651839574176, 2.584533702002631, 2.589248224099477, 2.678235900402069, 2.6584570533699456, 2.7369946479797367, 2.7434415366914533, 2.8126824981636465, 2.776488803492652, 2.8074790941344374, 2.8347053713268697, 2.7875155872768826, 2.8918417950471245, 2.9747944831848145, 2.894810712337494, 2.7750817411475706, 2.792569182978736, 2.76765019165145, 2.726004286607107, 2.801006333695518, 2.9325954430633114, 2.9591959953308105, 2.9980022966861726, 3.0775968379444545, 3.0987290223439534, 3.055384788248274, 3.196011396911409, 3.3048743592368233, 3.2861265089776777, 3.1691781110233728, 3.228237441513274, 3.4094837864240013, 3.456022921535704, 3.3879718714290195, 3.3804926395416257, 3.632943585183885, 3.5664710111088223, 3.462775185373095, 3.4374597443474664, 3.432118186685774, 3.4633712887763974, 3.5045311245653363, 3.6702089230219515, 3.770015279452006, 3.6287290294965104, 3.593460766474406, 3.663590199417538, 3.644444794125027, 3.736388590600756, 3.7817567732599042, 3.723406896326278, 3.8188775340716052, 3.829394116666581, 3.8579146636856922, 3.9052012774679397, 3.77396221227116, 3.7094215260611647, 3.8427162766456617, 3.8399745861689247, 3.7888567990726902, 3.937596584690942, 3.828613844182756, 3.890941336419847, 3.83735716342926, 3.7686784320407445, 3.7022162901030637, 3.763958044846852, 3.681431933244069, 3.6976395249366765, 3.7743603547414146, 3.736291061507331, 3.702826478746202, 3.6235547794236074, 3.560697657532162, 3.6675626768006215, 3.632027937306298, 3.6086440947320733, 3.6103492988480466, 3.491727855470445, 3.50367684231864, 3.705746344725291, 3.767720777458615, 3.737086031172011, 3.7859450062115982, 3.8223315967453844, 3.6775149517589143, 3.688505523734623, 3.510244944360521, 3.4384640428755016, 3.5344254732131968, 3.606910863187578, 3.687362212604947, 3.6321075691117186, 3.584118390083313, 3.6635790639453467, 3.53407992389467, 3.5796540670924717, 3.577319620715247, 3.409365091058943, 3.554810453785791, 3.5769969529575776, 3.5633763207329636, 3.4985193186336088, 3.4799615369902717, 3.514826177226173, 3.436864287323422, 3.3643998808330955, 3.367683772246043, 3.3659746779335875, 3.4740138279067145, 3.5088577522171867, 3.482123087512123, 3.3703249798880677, 3.264028916094039, 3.2495674120055305, 3.4229630470275882, 3.4007120702001785, 3.424883455700344, 3.528676459524366, 3.5004840705129836, 3.4266743501027435, 3.4234693964322407, 3.4436383061938813, 3.385329410764907, 3.363075995445252, 3.408734022246467, 3.3669763843218483, 3.277475749121772, 3.1662299103207068, 3.1102341996298897, 3.0895723356140987, 3.1743514604038663, 2.9557539251115585, 3.0252283281750145, 3.100913239849939, 3.084600412845612, 3.0967007544305587, 3.1754223306973786, 3.1973408063252773, 3.0724606990814203, 3.0644007391399803, 3.1104184521569143, 3.1011996693081323, 3.0275409777959186, 3.035567012098101, 2.9936686330371436, 3.0244665424029034, 3.0772868924670753, 3.1199619809786476, 3.059564595752292, 2.9530467086368137, 2.9167223321066964, 2.9522614015473265, 2.8972747524579368, 2.8752299798859493, 2.9216739985677926, 2.9102886166837485, 2.8979682697190188, 2.8817657815085513, 2.8238196863068468, 2.857070683108436, 2.805059606499141, 2.8064072661929664, 2.802163214153714, 2.7620858867963154, 2.836767633756001, 2.9630122423171996, 2.8977462318208485, 2.778719488779704, 2.7460540612538664, 2.744433567259047, 2.7932965344852865, 2.7869714246855843]}