{"latitud": 6.7665, "longitud": -69.8426, "radiacion": [5.220370349619124, 5.213709591494666, 5.219658925798204, 5.246576008531783, 5.3338321977191505, 5.291326832109027, 5.2164288454585614, 5.269600590070088, 5.327078406016032, 5.406391460365718, 5.404182227452597, 5.316026372379727, 5.290145757463243, 5.281196433968014, 5.395606405205197, 5.464552455478245, 5.496334082550473, 5.443892069657644, 5.43924801879459, 5.401225630442301, 5.450116226408217, 5.479272177484301, 5.46074626909362, 5.360148261653052, 5.465840233696832, 5.470248732301925, 5.4300773885515, 5.418071101771461, 5.433108932442135, 5.575061583518981, 5.723156378004287, 5.746437848938836, 5.684300400151147, 5.7041727781295775, 5.730069658491346, 5.690422463417053, 5.630625043974983, 5.590802217854393, 5.662664022710589, 5.633444723818038, 5.710946770509085, 5.711356609397465, 5.626571301619212, 5.5792956511179606, 5.595781184567346, 5.602584681246015, 5.604059349166022, 5.59853401713901, 5.57443446053399, 5.709471384684245, 5.691848838329316, 5.573284324010214, 5.540415158536699, 5.499148922496372, 5.522337569130791, 5.488701747523414, 5.426723378234438, 5.489491331577301, 5.454928449789683, 5.409378551112282, 5.344029246436225, 5.341164306799571, 5.398418107297686, 5.421309275097318, 5.613163457976447, 5.677264451980591, 5.678412357966105, 5.6104322936799775, 5.543868770864275, 5.492229396767087, 5.467363928423988, 5.542080283164978, 5.466779332690769, 5.424011545711093, 5.385427252451579, 5.364412127600775, 5.461971108118693, 5.522509368260702, 5.524076636632284, 5.351360993915134, 5.269543266296387, 5.25102401971817, 5.108173232608371, 5.0194954607221804, 4.971858538521662, 4.891048751274744, 4.8567835715081955, 4.868447947502136, 4.9577901482582085, 4.8074950502978435, 4.684551227092743, 4.677718328105079, 4.561301418807772, 4.595288342899746, 4.608635976579456, 4.590040873156653, 4.58171523279614, 4.414556505944994, 4.288412500752344, 4.231379214922588, 4.114839373694525, 4.009204850594202, 4.067836558818818, 3.931537473864026, 3.9071492539511787, 3.851664543814129, 3.865380385186937, 3.924134322007498, 3.8446651895840964, 3.7150861793094214, 3.6320363640785214, 3.5609691447681846, 3.4641174647543167, 3.511698038048215, 3.4154390037059787, 3.4020501057306927, 3.350481657849418, 3.231324313746558, 3.2223704642719695, 3.221811301840676, 3.1442851126193996, 3.0821762753857507, 3.0370608382754853, 2.9444025066163806, 2.935992121034199, 2.9713021139303843, 3.044141080644396, 2.9459641390376614, 2.914657481511434, 2.9265431582927697, 2.8991916696230575, 2.8308307965596513, 2.6437931882010566, 2.588599884510041, 2.5704656733406916, 2.601116942697102, 2.662471780512068, 2.6206774367226484, 2.729352649715212, 2.7492740525139703, 2.824394537342919, 2.756448489427567, 2.614860401550929, 2.5698683003584546, 2.457900561226739, 2.3975703537464144, 2.455673564804925, 2.349014809396532, 2.4801659345626828, 2.5038456685013237, 2.4387696862220762, 2.4366658223999864, 2.360468909475538, 2.341147993008297, 2.407021558947033, 2.3499758243560795, 2.2755479077498113, 2.1920656104882563, 2.178762440549003, 2.2724228203296666, 2.167928575144873, 2.177899399730894, 2.1699598716364967, 2.3067471490965947, 2.3739726954036287, 2.256495569149653, 2.2883347034454347, 2.2895363185140822, 2.2284606205092543, 2.27609062327279, 2.3576438148816425, 2.28588939971394, 2.319368695550495, 2.3233662598662908, 2.375556972291735, 2.361784323718813, 2.380945818954044, 2.36370003885693, 2.376774279938804, 2.3505433744854396, 2.301556194490856, 2.26636707716518, 2.2669318119684854, 2.3627026855945594, 2.4377711163626774, 2.3930691957473753, 2.3597693198257024, 2.3452506396505566, 2.374398157993952, 2.4104330943690404, 2.3243604362010966, 2.3979643013742233, 2.3550097240342036, 2.298231420252058, 2.2320563700464047, 2.331024686495463, 2.214018160767026, 2.097385666767756, 2.0369724651177727, 2.150300894843207, 2.3400389207734, 2.2930687838130526, 2.3066500491566138, 2.344577463467916, 2.409298300080829, 2.3428834180037184, 2.3614869078000393, 2.208421436945597, 2.217461266120275, 2.250302339924706, 2.3401335544056363, 2.4394425259696106, 2.3577977365917637, 2.3824138316843246, 2.4728215522236296, 2.432182605399026, 2.4525480171044673, 2.4865108609199527, 2.4997313486205206, 2.5377889931201927, 2.533983384238349, 2.601168139113321, 2.521241429779264, 2.643235182099872, 2.6363978240225054, 2.7295126656691235, 2.6106905082861585, 2.5201644407378305, 2.620407044225269, 2.673900824785233, 2.7400441222720673, 2.7626608755853446, 2.826636340883043, 2.807430148786968, 2.8537035849359302, 2.9192035880353724, 3.008672630786896, 2.9172679768668277, 2.9265908492936035, 3.0094882693555616, 2.9048505405584977, 2.9158587978945825, 2.963822015126547, 2.9909639702902893, 3.0239629917674598, 2.8894105845027496, 3.0138677517573043, 2.9887966016928353, 3.1314000195927085, 3.2444680227173692, 3.2469587253199683, 3.182818261782328, 3.2731583138306948, 3.3008413261837433, 3.3544617374738066, 3.2645758079157936, 3.3225832978884378, 3.3985514283180236, 3.435282214482626, 3.39970379140642, 3.4397302985191343, 3.42858819299274, 3.414336162143284, 3.5434476998117233, 3.4337333301703126, 3.4336275365617546, 3.3893826193279692, 3.392725679609511, 3.519564558400049, 3.5870151685343843, 3.5117055866453377, 3.680352922942903, 3.767344927787781, 3.795363016923268, 3.7858882678879624, 3.791245591640473, 3.781848502159118, 3.7823195430967544, 3.700624589125315, 3.776609971788194, 3.800685799121857, 3.832951780160268, 3.8163535886340676, 3.8392365230454337, 3.792712760633892, 3.5907168534066947, 3.5822837895817217, 3.577207805050745, 3.753740971618228, 3.8301890704366897, 3.881531259748671, 3.8581994917657645, 3.8076221823692316, 3.8009672164916997, 3.8807007564438716, 3.761188484562768, 3.7395054048962066, 3.7853812376658116, 3.8151878078778574, 3.8405231383111746, 3.788327866130404, 3.852519784371058, 3.7741347485118433, 3.740410680241055, 3.8564170082410176, 3.828866722186407, 3.7318107763926194, 3.782889865504371, 3.9476137744055855, 3.840859950913323, 3.847785494062635, 3.829588607947032, 3.7446602278285557, 3.980361574225956, 4.000780496332381, 4.01604313717948, 3.825414921177758, 3.8972105622291564, 3.9767073598172935, 3.915685455666648, 3.88165318634775, 3.9621280259556237, 4.051804957124923, 4.0079810632599715, 4.112485165066189, 4.079373111989764, 4.089989409181808, 4.108169657654233, 4.2313803288671705, 4.181026689211527, 4.153876966900295, 4.196597471502092, 4.297628319263459, 4.433534904321035, 4.491262369685703, 4.556065320306353, 4.546366184287602, 4.535838317871094, 4.616759884357452, 4.672957931624519, 4.608180936177572, 4.669883398214976, 4.687489359908635, 4.778389404879676, 4.846639002694024, 4.862449072466956, 4.812591971291437, 4.801592953999838, 4.8061997135480246, 4.8821864869859475, 4.959796424706776, 5.030279558234745, 5.015329065587786, 5.140385648939344, 5.032374012470245, 4.947141537401412, 4.977033860153621, 4.989473406473795, 5.125413941012488, 5.222324968708886]}