{"latitud": 6.3945, "longitud": -74.2974, "radiacion": [1.404247721036276, 1.4110329224003688, 1.4047533935970726, 1.405809202459124, 1.4341626611020828, 1.461336917347378, 1.4490539285871715, 1.4291289518276848, 1.4371904813581047, 1.4557615293396842, 1.462639877531264, 1.4738098935948474, 1.4879818677902223, 1.4959297372235192, 1.4513126459386612, 1.4675634450382653, 1.4509697573052514, 1.4955910699235064, 1.5283495677842032, 1.5349852343400323, 1.5424674789110824, 1.5168195373482174, 1.532576611306932, 1.5295691218641065, 1.5134246607621515, 1.5201537453465985, 1.5320225192440882, 1.5162832445568508, 1.5225085384315913, 1.5226251065731047, 1.5076997684107891, 1.5559720807605324, 1.5615712384382887, 1.5451256632804868, 1.5689268476433227, 1.5429134858979132, 1.595315679576661, 1.585262378056844, 1.5890266696612043, 1.6013165467315247, 1.6194535030259027, 1.630994736486011, 1.659365490410063, 1.633246831099192, 1.6084747456841997, 1.594150572352939, 1.607742015520732, 1.6134967873493837, 1.6133719437652168, 1.6190136363108953, 1.64068836470445, 1.615801156891717, 1.6329700201749804, 1.6351360850863987, 1.6125032921632136, 1.6165245923731064, 1.6299022091759572, 1.6409965131017898, 1.6024059510893294, 1.6146617975499893, 1.6445016112592488, 1.6922887682914733, 1.6464545402261948, 1.6043316443761195, 1.6008604519897036, 1.6237470752663088, 1.6139794203970173, 1.618492070833842, 1.6329396996233199, 1.6023089683718148, 1.61135873860783, 1.6207011269198521, 1.6244172473748522, 1.6245201342635678, 1.634444380468793, 1.64845409989357, 1.6474266469478611, 1.6258786373668244, 1.5998523480362363, 1.5950659758514825, 1.5999046583970389, 1.6203975604640117, 1.5956684880786474, 1.5864545087019604, 1.5962140931023499, 1.5927923176023695, 1.580819532606337, 1.5667018897003604, 1.6080369399653538, 1.5677172462145494, 1.5503727515538532, 1.5712879326608444, 1.5685030437178085, 1.5300014687909023, 1.5586891492207835, 1.5762115806341175, 1.531852652629217, 1.59089513818423, 1.539300583468543, 1.5677954422103026, 1.5250158296691048, 1.5292843891514671, 1.5300567785898844, 1.5354701787233351, 1.5162254972590343, 1.5160975893338522, 1.4914585895008514, 1.5155888636906936, 1.5310391936037278, 1.514772774113549, 1.5291866395208575, 1.5300835086239701, 1.4907505823506249, 1.5492777403857974, 1.5464794576168064, 1.509891284836663, 1.534937012857861, 1.5361528436342882, 1.5320416652494002, 1.551337969303131, 1.534569661153687, 1.5502349376678468, 1.5406924386819207, 1.519119683901469, 1.51092807120747, 1.5369552486472662, 1.5007180846399726, 1.570197880930371, 1.5930578715271428, 1.5523506230778163, 1.575279372268253, 1.6039611382616892, 1.5854610681533812, 1.5768894149197479, 1.586847455302874, 1.5595939205752476, 1.569569318824345, 1.596650980578529, 1.5743589500586197, 1.521197224987878, 1.5327820142110185, 1.5470390352937915, 1.5739594770802394, 1.5795025666554763, 1.5785849445396003, 1.5960173255867431, 1.5892379760742184, 1.6015647076898152, 1.6124270353052357, 1.5881842970848086, 1.5830839700169033, 1.5913378480407925, 1.575030960639318, 1.5814150300290841, 1.570723885297775, 1.524418761995103, 1.559266256623798, 1.5819077127509649, 1.6353482908672756, 1.588982514540354, 1.5926053365071613, 1.5958691504266531, 1.5935482551654172, 1.6004053811232246, 1.5707387659284808, 1.5470181451903453, 1.5400877230697214, 1.5899490608109368, 1.5513920995924213, 1.5431877086559933, 1.573441459404097, 1.5758924060397674, 1.5609949211279546, 1.5691244615448852, 1.5928259306483799, 1.6014159977436064, 1.5543011705080676, 1.584450084633298, 1.5757872326506506, 1.60439421137174, 1.5786952243910886, 1.6182852029800412, 1.6238991989029772, 1.6170528650283817, 1.615877963436974, 1.6140608350435894, 1.6225044594870681, 1.6302337961064446, 1.6341400927967493, 1.6498390992482503, 1.683858622445001, 1.6522360808319518, 1.6378160112433964, 1.6155885371896959, 1.620282677147123, 1.5828493628236986, 1.568150226275126, 1.6523601657814446, 1.644800272252824, 1.6362252500322125, 1.6255933013227246, 1.5985846185021932, 1.642308068937725, 1.642439680629307, 1.6365346451600402, 1.6052432378133135, 1.6070637272463903, 1.6311536980999846, 1.6261556108792623, 1.6092802120579621, 1.5820912513468004, 1.5717079851362443, 1.55858044260078, 1.559851717948914, 1.5246567712889778, 1.4992845031950208, 1.5018395741780595, 1.5110791633526481, 1.513341303335296, 1.4978962169753183, 1.465425621138678, 1.4989927649497992, 1.5083343538973066, 1.5084913154443103, 1.5108174350526593, 1.4713511142465805, 1.5241016454166836, 1.491278282139037, 1.443834002812703, 1.4494021117687226, 1.42949205107159, 1.4626604914665222, 1.4411103152566493, 1.4721606105566032, 1.4151597559452054, 1.4352304273181489, 1.4430282609330287, 1.4319963150554227, 1.447834483120177, 1.4172845171557533, 1.4421434601147967, 1.446568724844191, 1.4217280771997238, 1.4189282033178534, 1.4242295285065965, 1.3874013741811115, 1.3841595808664957, 1.372771597239706, 1.3677589429749393, 1.3539970212512547, 1.38039950893985, 1.349405207567745, 1.3461953216128875, 1.360581369863616, 1.3591595749060312, 1.3582055323653754, 1.3657427049345439, 1.3573948820432031, 1.366228900353114, 1.3535746826065915, 1.3487060000499091, 1.357736051082611, 1.3756516602304238, 1.3395600391758815, 1.3630129324065312, 1.3703974723815915, 1.3772076580259534, 1.3664139774110577, 1.350132869680723, 1.3426714566018847, 1.3187395751476292, 1.3209794421990717, 1.3336090670691594, 1.352165292368995, 1.329124976197878, 1.3402638289663529, 1.3267378131548568, 1.325746289889018, 1.3020495613416037, 1.3210074967808187, 1.3083083828290303, 1.30591396689415, 1.294976248343785, 1.2735063791275023, 1.2945840905110044, 1.286107239458296, 1.3042798956235246, 1.2759781297710207, 1.2836262706253265, 1.255034251014392, 1.2747022440036142, 1.2950808174080322, 1.2933132711384034, 1.2696139752864835, 1.2674682835737865, 1.2807307180431158, 1.2994139028920069, 1.2991432418425883, 1.2769253558582732, 1.2722486608558232, 1.2767848326100244, 1.2996140443616444, 1.2926217589113447, 1.2874237908257375, 1.2805995345115664, 1.2855390455987719, 1.2878203888734179, 1.3015305184655717, 1.293635310067071, 1.2830572419696382, 1.2660242723094095, 1.2779886603355413, 1.3107614689403106, 1.3114158636993836, 1.3050772521230913, 1.3000987559556962, 1.3096955570909714, 1.3083478063344958, 1.306958667768372, 1.323925228251351, 1.299205894271532, 1.3008212970362767, 1.3479726940393448, 1.3525603122181364, 1.346726396679878, 1.3191015124320982, 1.3382908364137023, 1.3358564979500238, 1.3298538645108542, 1.3311612261666186, 1.3175685273276434, 1.3350463847319292, 1.3309886621104348, 1.3427487744225395, 1.358507928583357, 1.3375945780012337, 1.3489886803759468, 1.3301148292091158, 1.3286442021528881, 1.3422649221287832, 1.3270791259076862, 1.3584483765893516, 1.3363735695679981, 1.367754491832521, 1.3518844034936695, 1.3377302812205425, 1.3282729271385405, 1.3456862257586586, 1.3516652332411863, 1.3673856543170082, 1.3643525719642635, 1.3421465330653712, 1.3681352959738848, 1.3841625180509356, 1.385099153386222, 1.371500021881528, 1.3752732078234355, 1.3714525547292495, 1.3992876112461083, 1.3847160816192625]}