{"latitud": 1.907, "longitud": -74.3839, "radiacion": [1.566256493992275, 1.5632807248168519, 1.586477439602216, 1.5728028406699492, 1.5734510285986796, 1.5696644895606564, 1.5613313310676153, 1.5866620616780391, 1.5983917213148537, 1.6012386795547275, 1.61179015537103, 1.6042458746168347, 1.6122521181901301, 1.6370764010482362, 1.6770468566152783, 1.696583916081323, 1.7000017980734512, 1.7169087482823269, 1.6885183254877727, 1.6908812999725342, 1.6766896612114373, 1.6662018911706074, 1.6808590941958954, 1.6909163428677456, 1.68757801718182, 1.6907502472400664, 1.7066033638185918, 1.7329754369126433, 1.7225032690498574, 1.7362874547640492, 1.7974268247683842, 1.8232986893918774, 1.8073533780044981, 1.799180197715759, 1.8085891991853718, 1.7863231380780544, 1.7818602277172937, 1.7586875597635903, 1.793141617377599, 1.7958156188329062, 1.8042402843634282, 1.7689979248576686, 1.7893553833166755, 1.7565270705355538, 1.7456727196772899, 1.731636756989691, 1.726047002275785, 1.7332878867785138, 1.703583262032933, 1.7546873609224949, 1.7488951312171086, 1.7358209358321297, 1.7349893430868777, 1.6773203180895913, 1.6154987434546149, 1.603354461325539, 1.6121686041355137, 1.6470862726370499, 1.6386546846893097, 1.5847400549385284, 1.6032928046252988, 1.5988754438029398, 1.606861233380106, 1.6091204775704284, 1.6094845947292118, 1.640123807721667, 1.6169219659434422, 1.6297090179390379, 1.575329121616152, 1.5733166191313004, 1.559001760350333, 1.5731056875652738, 1.5388982650306495, 1.5201979666948322, 1.5097557846042846, 1.5060847991042665, 1.493083885312081, 1.479835610919528, 1.5140177110830944, 1.475279183851348, 1.4445765760209828, 1.4491128858592777, 1.4297562089231286, 1.4403377691904709, 1.454470912284321, 1.391978708902995, 1.3791782759957842, 1.3633080138100524, 1.4011051045523741, 1.4004414018657474, 1.3433627923329672, 1.3497411651743783, 1.3119999084207745, 1.3205723259184101, 1.3051213052537711, 1.3369642747773065, 1.3235258016321392, 1.3045543948809302, 1.242104403177897, 1.2659703907039428, 1.2811110208431875, 1.2852386242813534, 1.2164739469687147, 1.1786461164553959, 1.211260211136606, 1.2158477309677334, 1.194887612594499, 1.1504054966900084, 1.130531359381146, 1.139331923921903, 1.1661513636509582, 1.1906986167033515, 1.1427590913242762, 1.128734208477868, 1.117363534039921, 1.1318146295017668, 1.1453334881199726, 1.1278780513339572, 1.1138323403067059, 1.103031848867735, 1.106257317463557, 1.108542516827583, 1.1289895345767342, 1.1107830040984685, 1.1272466709216438, 1.120568733414014, 1.1305947257412805, 1.1481201148695408, 1.1491717848512866, 1.1629293425215617, 1.1908163335588247, 1.155357353223695, 1.1637949880626466, 1.1083681527111267, 1.1028240717119644, 1.077387723988957, 1.061048510670662, 1.0581209599971768, 1.0473974814017617, 1.0589335676696565, 1.0549650712145695, 1.095961741606395, 1.111778574850824, 1.0698636866278115, 1.0489704118834602, 1.0342262705167133, 1.0775397933191726, 1.0746871454848181, 1.0472397671805487, 1.0176583081483843, 1.0504075951046412, 1.057877676685651, 1.0380633963478936, 1.0529185675912431, 1.0307989286051853, 0.99978588687049, 0.9761281725433139, 0.9534252991278965, 0.9323850727743576, 0.9567018356588153, 0.9497453017367258, 0.9798384673065613, 0.9853890243503781, 0.9877579222122829, 1.0019996957646475, 0.9949810435374578, 0.9581081900331708, 0.9487551205688053, 0.9845482846101125, 0.9631307270791792, 0.9715154353115295, 0.9676057590378658, 0.9293180286884303, 0.952474546432495, 0.9681279089715753, 0.9991074197822147, 0.9358922060992985, 0.9130755808618333, 0.9192533950010936, 0.9517994655503168, 0.9669814934333165, 0.9646490520901153, 0.9238038712077671, 0.9284472270144356, 0.9623759577671684, 0.9544637716478769, 0.9447721362113951, 1.0006940176089605, 0.9807740926742555, 0.9688017368316649, 0.9662176079220242, 0.9596426884333296, 0.8897005816300708, 0.8760218451420464, 0.8920088165336186, 0.9162596020433638, 0.9219983054531946, 0.9216270218292871, 0.9301728076404996, 0.9195113046301738, 0.9351008113887574, 0.9603940920697317, 0.9698090983761679, 0.9394101328319975, 0.9556794719563589, 0.9135447111394671, 0.9196193238099415, 0.9632431368033093, 0.9634474436442056, 0.9293820824888014, 0.8707187566492293, 0.8925345589717227, 0.8988395180967118, 0.9488319231404198, 0.9046173539426592, 0.9180622849199507, 0.9634361465771994, 0.9089648124244478, 0.9345494879616633, 0.9463772396246588, 0.9454286985927158, 0.9504344258043501, 0.9671755605273779, 0.9692650622791715, 0.9437064028448529, 0.9224015994204415, 0.9207476400666765, 0.9281486047638786, 0.9513362146086162, 0.9795146051380371, 1.0088248216443596, 0.9693963179985682, 1.0122234731912612, 1.0411031858788597, 1.0310917874177294, 0.999380370312267, 1.0244082844919629, 1.0374476134777069, 1.0374561422401003, 0.9732766764031515, 0.9861734386947422, 0.9822472969690961, 1.00341259042422, 1.0225290258725483, 1.0307138346963463, 0.9983888705571492, 1.0461682183874974, 1.054949199822214, 1.0441303630669914, 1.0841860291030674, 1.0613841027021407, 1.0797314438554975, 1.067483149965604, 1.1111676547262406, 1.1054859810405304, 1.085906781752904, 1.1088109334309895, 1.1303788930177687, 1.10963436861833, 1.0952672272920607, 1.123357216848267, 1.0834610342979432, 1.091480789913072, 1.1071858187516523, 1.1143276469575036, 1.0887077844805189, 1.0841223971711262, 1.073641293247541, 1.086514021952947, 1.1373055819008089, 1.1549134506119618, 1.150609353846974, 1.1839814934465618, 1.2251200715700783, 1.2375087483061684, 1.1610890252722639, 1.1774721725119492, 1.2085548079676098, 1.2162246843179068, 1.249373978376388, 1.2664122227165435, 1.2168679972489675, 1.2428845511542426, 1.2603728155295053, 1.2494953357511094, 1.2617850124835972, 1.2156298660569724, 1.223077154490683, 1.2768519106838434, 1.25732853015264, 1.2732448945442834, 1.2616660988993116, 1.2575378802087571, 1.2810783604780829, 1.2778727451960248, 1.219670361611578, 1.2249735166629154, 1.231113017267651, 1.2495529456271066, 1.2454038798809055, 1.2664079245593816, 1.2167339765363268, 1.2519331170452963, 1.2617110626565087, 1.2741827322377102, 1.2532268242703541, 1.2507032414277395, 1.2798407107591634, 1.2808016571733682, 1.2372447868188223, 1.2589571283923255, 1.3057371278603866, 1.2999812566571765, 1.3294928146733176, 1.337817879517873, 1.2827048252026243, 1.2475086298253801, 1.2880631307760873, 1.308454477787018, 1.3563700099786125, 1.319423477517234, 1.3056107107135988, 1.32674933705065, 1.3132178591357329, 1.3046844737397298, 1.3183502703905106, 1.3149161487817762, 1.3022815346717833, 1.3212724669112101, 1.3310544898112615, 1.3034511599275798, 1.3525201327270935, 1.3725409858756594, 1.3675056381358044, 1.4020919154087708, 1.41059601240688, 1.408636058039135, 1.3790413955847418, 1.3690045836899014, 1.376336284478505, 1.3441583563884105, 1.3595738583140904, 1.3805241697364383, 1.4006226284636394, 1.440590478314293, 1.440179892712169, 1.4300756524006524, 1.4603462878200748, 1.4528236693806125, 1.446704131033685, 1.4428679916593765, 1.4623350004355118, 1.4583376056618162, 1.4678609059916605, 1.4999880105257033, 1.4854730387528736, 1.4787787642743846, 1.4916582773129148, 1.5094499260187149, 1.532996983991729]}