{"latitud": 2.0286, "longitud": -68.7763, "radiacion": [1.1690588851769765, 1.1932504657242036, 1.1899639921055893, 1.1842731657955383, 1.2262753294573896, 1.228434526258045, 1.2387080553505154, 1.2303095738093057, 1.207776877615187, 1.2201186994711557, 1.2418953170379006, 1.2453378200531002, 1.214079586333699, 1.2324289692772752, 1.2465456790394251, 1.2859490278694363, 1.260641571548249, 1.2527333945035934, 1.2395831565062203, 1.2558953437540261, 1.2495579971207513, 1.2509952518675063, 1.2661704788605368, 1.299416683448686, 1.305129692289564, 1.2705951382716498, 1.2594550228781172, 1.285916669501199, 1.2970266179905996, 1.3317625933223298, 1.327532483140627, 1.338132294681338, 1.324021313587824, 1.3474840144316351, 1.3489526013533275, 1.3603819443119904, 1.3427613536516827, 1.3189922206931646, 1.30601832734214, 1.3430857529242832, 1.3323720292912589, 1.327413669890827, 1.3111087279187303, 1.3599253012074362, 1.3601893405119576, 1.3096699012650383, 1.3362741006745231, 1.361518379714754, 1.3344903197553426, 1.3179082085688905, 1.3143819358613755, 1.356110021803114, 1.3429624074035225, 1.3398337380753624, 1.3797236018710664, 1.3227481120162539, 1.3065130160914522, 1.3340658055411445, 1.311633412374391, 1.3180540803405973, 1.3053874830404921, 1.3170575930012596, 1.3410244050953122, 1.3128633270661036, 1.3175003346469674, 1.3210444026523156, 1.3196155640814038, 1.303371893035041, 1.3200624644756325, 1.3011170102490317, 1.2889330946736866, 1.2920267095168427, 1.2923999196953242, 1.2865343226326849, 1.3064674731757913, 1.2838024655977882, 1.26667877237002, 1.251855188608169, 1.2532672206560769, 1.262913045949406, 1.2555249316824801, 1.2771323733859592, 1.2384709070126216, 1.2358899086713786, 1.238949963450432, 1.2177575714058342, 1.2283950017558198, 1.1863265722990037, 1.2112907307015526, 1.2193977892398833, 1.1907988081375758, 1.2013003279765444, 1.163430185781585, 1.195617394314872, 1.1884295254945754, 1.1729767938454947, 1.1655356241597068, 1.1600267188416595, 1.1192833860715223, 1.1491094016366536, 1.1228335264656273, 1.1260877009895112, 1.0969417240884567, 1.0809843669335046, 1.106097455488311, 1.0681326184007849, 1.0689201947715545, 1.0506155361731846, 1.055230833424462, 1.0833244959513346, 1.0796880828009712, 1.0512990074025261, 1.019752817021476, 1.041144541568226, 1.0333654556009508, 1.0184642785125309, 1.0135575463374458, 0.9864705403645834, 1.0000737647215523, 1.001909049683147, 0.9874466230471931, 0.9980794883436627, 0.9888956361346772, 0.9633132709397206, 0.9825651543007958, 0.9769032567739485, 0.9769015845325258, 0.9643382579088211, 0.9713973323504127, 1.0237216555409965, 0.9805747436152563, 0.9574252327283225, 0.902078784836663, 0.8915313409434428, 0.8991568972667059, 0.9271558966901564, 0.9160100046131343, 0.9215006430943807, 0.9507668117682138, 0.9640446679459681, 0.9545405526955922, 0.9487777382135395, 0.9299634916914835, 0.9039383765723974, 0.9009679019451139, 0.918605567349328, 0.8969988260004252, 0.8667141003741158, 0.8667539685964583, 0.8963022655910917, 0.8887032942639458, 0.9157589614391327, 0.8775834192832311, 0.8716543952624004, 0.8527906295326021, 0.8677158958382077, 0.8557572891314825, 0.8369232747289869, 0.8611784852213328, 0.8616528236203725, 0.8857417152987584, 0.8595067669947941, 0.8387478970819049, 0.8577655133273866, 0.8476770861281286, 0.8344590647353071, 0.8483311206102372, 0.8517970585160785, 0.8450555115938188, 0.8412801212734647, 0.8216591543621488, 0.8363566170136134, 0.8477383464574815, 0.8439895778894426, 0.8607829395267698, 0.8650454219844607, 0.8478551172547869, 0.826884134279357, 0.831445418132676, 0.8895536687639024, 0.860884592599339, 0.8677619728777145, 0.8522255632612441, 0.8639042105939655, 0.8488661362065207, 0.8167406449715298, 0.8912315792507594, 0.8844127131832966, 0.8926534099711311, 0.8781035502751667, 0.8519263598654004, 0.8736028631528221, 0.86247302128209, 0.8617637309763166, 0.8314465244611106, 0.8916930221849019, 0.887880405783653, 0.865194160739581, 0.8296553797192043, 0.8603916396697363, 0.877510431077745, 0.8689841187662548, 0.8956395592954425, 0.9062956624560886, 0.874019349945916, 0.8982204867733851, 0.9065877036915886, 0.8973752051591876, 0.8786011901166703, 0.8771028051773707, 0.8885165439711676, 0.9304074890083739, 0.9057383375035392, 0.8840633061197071, 0.9182904670635859, 0.9045295837852687, 0.926090026564068, 0.9523256407843697, 0.9247141430775322, 0.9630367669794296, 0.9314449724223874, 0.975824773311615, 0.9719799366262222, 0.9606968031989207, 0.9707571215099753, 0.9635349455806944, 0.9637917800082098, 0.984351295232773, 0.9735741969611912, 0.9975843250751496, 0.999007062117259, 1.0105217105812494, 1.0015635699033738, 1.0064622590939203, 1.00787408484353, 0.977362717191378, 1.044202998611662, 1.0187322990761862, 1.0132321980264454, 1.0217807746595808, 1.0233477506372666, 1.014937698509958, 1.071669835845629, 1.0460014247232017, 1.0462190594938068, 1.0527216232485241, 1.0899590227339002, 1.0555304447809857, 1.0603711207707724, 1.0740368233786686, 1.077057115568055, 1.0539318793349797, 1.0562148249811594, 1.040348693066173, 1.0609290579954784, 1.094086679485109, 1.0887693540917507, 1.0993093523714281, 1.0588275631268818, 1.0536632994810742, 1.075701634089153, 1.0813897603087954, 1.0718716459141837, 1.102304107281897, 1.0690184573332469, 1.1002724475330774, 1.0973553382688097, 1.0851285702652405, 1.1038494560453627, 1.1001659105221429, 1.1119800060987475, 1.1123744918240444, 1.1042314761214787, 1.101436282528771, 1.1018294692039488, 1.1056501822339166, 1.0947077290879357, 1.0915535741382172, 1.0967378387848532, 1.09870282345348, 1.100307351681921, 1.1179386145538757, 1.094867280125618, 1.081781972779168, 1.0959556490182871, 1.0745902866125105, 1.1027899447414604, 1.0908253004153574, 1.0824751502937742, 1.0669241249561308, 1.076501728759872, 1.0709748079379402, 1.0536839571264054, 1.0596656554275088, 1.0324255297581353, 1.0345104780462053, 1.0396847483184601, 1.0459046390321516, 1.0451123952865602, 1.045489653613832, 1.0458467231856448, 1.0365030934413275, 1.0241677317354414, 0.9926617847548592, 1.0219357020325133, 1.0342788017458384, 0.9952536510096661, 1.0248828222354247, 0.9961771839194827, 1.0188474135266412, 0.9733073009385008, 0.9717763695451951, 1.0026214377747642, 0.9754032893313305, 0.9831626441743636, 0.9720048119624455, 0.9617534303002887, 0.9842621482080881, 0.9844512601693474, 0.9786902868085434, 0.9759254839685226, 0.9884173598554401, 0.993340047200521, 0.9991672197977702, 1.0309928675492603, 1.0428075542052582, 0.9903286877605654, 0.979586083028052, 0.9961024910211566, 1.0135183158848016, 0.9938007424275076, 0.9923186272382735, 0.9936867184109159, 1.024043088489109, 1.0453082978725432, 1.0435172981686058, 1.0750883029566873, 1.044245232144991, 1.0487924191686842, 1.0630665110217201, 1.0727323571840919, 1.07547718750106, 1.0633983810742695, 1.072621014714241, 1.0910282025734588, 1.0888670199447208, 1.0985561586088604, 1.1130345698859956, 1.0886952198214006, 1.0938678724898232, 1.1181737860043846, 1.1214479549063576, 1.1030223164293507, 1.105622153480848, 1.1430584132671358, 1.1309729337692263, 1.1019694268703464, 1.13537199166086, 1.1363766726520328, 1.197437220480707]}