{"latitud": 8.4713, "longitud": -76.6535, "radiacion": [1.972592879335086, 2.040767363376087, 2.021758891476525, 2.035796880059772, 2.105942968527476, 2.0693944354852034, 2.0769907938109498, 2.068863307767444, 2.0661114427778453, 2.093242737319734, 2.140894403060278, 2.098467196358575, 2.10352433456315, 2.1086959328916346, 2.1603042648898234, 2.1731841875447167, 2.124494934082031, 2.1300895757145355, 2.196555437644323, 2.2509271654817797, 2.251179050736958, 2.2419227732552423, 2.241785197787815, 2.220649374855889, 2.2624834239482876, 2.2678318215741053, 2.2948912057611675, 2.323529856734805, 2.3242834289868672, 2.391943267981212, 2.3299507478872936, 2.3156577812300783, 2.3430921912193305, 2.3381261997752723, 2.3423117293251883, 2.330700896845924, 2.3225958983103436, 2.3979553984271167, 2.40777205824852, 2.479370972183015, 2.4830898953808678, 2.487792741590076, 2.4423025329907735, 2.4177785509162484, 2.4256786922613784, 2.4341154363420276, 2.4410772078567087, 2.4411882897218073, 2.440441349479887, 2.4339786224895055, 2.389009128014247, 2.4184297660986585, 2.4154444866710243, 2.4403240899244945, 2.419433883825938, 2.4461278431945375, 2.527485069301393, 2.48420501417584, 2.4085998833179487, 2.4519745363129513, 2.4669003228346504, 2.491560013426675, 2.5311960061391194, 2.5367170002725388, 2.5188201785087587, 2.5092468665705794, 2.478134183751212, 2.491784811682171, 2.4984040571583637, 2.5007827732298105, 2.5381167431672407, 2.544523449076546, 2.5174308776855465, 2.5048763751983643, 2.4686872111426457, 2.479788156350454, 2.5318872219986392, 2.5057086467742926, 2.4451927079094786, 2.4586376713381872, 2.5180648730860824, 2.5359735469023383, 2.5139362249109483, 2.476407721307543, 2.4690351247787476, 2.5131581988599567, 2.5103898141119214, 2.490273102786806, 2.4357306679089863, 2.4685856560866046, 2.4854247841570114, 2.4823693381415475, 2.478221602572335, 2.4501306368245017, 2.4445376767052553, 2.4511580867899796, 2.474946216742197, 2.488330488734775, 2.463161665863461, 2.425225887695948, 2.3765793555312684, 2.3266476458973364, 2.308399323291249, 2.295391285419464, 2.328150986962848, 2.2971434493859606, 2.2679930766423544, 2.2812063389354282, 2.2485524810022772, 2.2417785121334917, 2.248737290170458, 2.2688557558589513, 2.2520365085866723, 2.2384421898259066, 2.2351196640067634, 2.2135756161477835, 2.186268948184119, 2.1916742788420787, 2.1573738084899055, 2.1889161282115515, 2.1807476295365227, 2.186919048097398, 2.1951985266473564, 2.1512574209107287, 2.090423515107896, 2.0968069314956668, 2.138969686296251, 2.126209338506063, 2.065360749761264, 2.10140430132548, 2.0835742466979554, 2.0362704522079893, 2.0197653896278807, 1.9584858410888246, 1.917438875304328, 1.9258004877302373, 2.015349019236035, 2.0341137978765698, 1.9685107767581946, 1.9829972843329113, 1.996153755982716, 1.9748343239227928, 1.9983730183707342, 1.9953761074278091, 1.94631566339069, 1.9227590594026782, 1.9121826605664356, 1.8807847393883599, 1.8454946166939203, 1.8504823906554122, 1.8631679700480566, 1.9092567337883846, 1.89712196720971, 1.8351830363273625, 1.849235979715983, 1.8658598860104878, 1.9197514067093533, 1.9411895374457036, 1.8752221716774837, 1.8801303168137864, 1.8345904866854343, 1.8308498124281567, 1.8181444512473206, 1.8208901974889968, 1.8109900964630965, 1.8530651105774771, 1.8873765832848017, 1.8625518653127884, 1.8639353550142712, 1.8253393054008482, 1.8192979570892123, 1.8400715821319158, 1.8629486646917128, 1.8370045098993517, 1.8363383677270677, 1.834001975589328, 1.9191147651937275, 1.9054557700951893, 1.9270247002442675, 1.9104929566383362, 1.9473690821064842, 1.9325093282593615, 1.8784214754899342, 1.952711794773738, 1.9460232781039342, 1.923533007833693, 1.9375045723385285, 1.9241618725988598, 1.917472971810235, 1.924596742126677, 1.9616281118657852, 1.9617613997724321, 1.9654659125539993, 1.9556380656030445, 1.9384717305501298, 1.9262073973814644, 1.9478392091062329, 1.92914456460211, 1.9490765326552921, 1.913331056965722, 1.9336787164211267, 1.9450787431663936, 1.954302266571257, 1.9355443292193941, 1.9552247828907439, 1.9249438570605382, 1.9297703286012018, 1.968994519445631, 2.0017544885476433, 1.9657946023676136, 1.9626932660738625, 1.9875319355063958, 1.9917312794261512, 1.972451568312115, 1.9798236072063446, 1.9529154492749121, 1.9414136972692277, 1.9525827242268459, 1.9558649162451431, 1.9462730699115325, 1.9086698856618665, 1.9308763530519275, 1.9355876313315505, 1.9238028546174366, 1.9163802961508436, 1.8739664713541668, 1.8938583585951065, 1.8930122190051606, 1.8507667528258427, 1.860219083229701, 1.8776326139767967, 1.8689736127853396, 1.8462405767705714, 1.822178590297699, 1.84751185046302, 1.856157738632626, 1.8373114360703358, 1.8992513007587863, 1.8915881329112583, 1.844267661041684, 1.8270974682437053, 1.8146945416927338, 1.8030648145410748, 1.7614073726865975, 1.758482899930743, 1.7781527002652489, 1.7666860507594218, 1.7586082319418592, 1.7709088080459174, 1.7731501062711084, 1.8281833695040806, 1.7492047031720486, 1.770457277695338, 1.762670767307282, 1.7778722074296738, 1.7510935505231222, 1.7815476795037588, 1.7914544277720992, 1.789101234409544, 1.687233201000426, 1.688110007842382, 1.7389018853505451, 1.7445901519722407, 1.698161758316888, 1.706158233351177, 1.7058727138572267, 1.7667336225509647, 1.7096981465816496, 1.719274950027466, 1.7497772196928671, 1.7560106575489043, 1.7453823241922592, 1.690143969986174, 1.7221357352203788, 1.7089439776208668, 1.6856805006663003, 1.7209650205241314, 1.745585626363754, 1.7766895347171359, 1.7485440452893568, 1.6830683790975147, 1.67859181496832, 1.6608974940247005, 1.6873977243900298, 1.7417425807979372, 1.7535099705060322, 1.7351810031467012, 1.805860122707155, 1.8533561997943455, 1.763152979479895, 1.712720217969683, 1.7604055510626901, 1.772558084461424, 1.76836423807674, 1.7410612960656493, 1.7250044723351798, 1.753717486063639, 1.7235871679253048, 1.704165245427026, 1.6990111407306456, 1.7514450000392066, 1.7491304559840095, 1.7133264034986488, 1.7561361865864855, 1.7820509811242422, 1.7968193961514354, 1.8639515909883713, 1.7947994377877985, 1.7691155268086332, 1.8208897411823273, 1.8491056197219422, 1.8362283739778726, 1.8865852726830379, 1.8335112724039295, 1.8574073798126645, 1.838354797495736, 1.8840070982774098, 1.843309062388209, 1.8248183419307071, 1.8281711343261933, 1.852547272046407, 1.8200748917129304, 1.820305580563015, 1.8143396298090622, 1.8189605361885495, 1.8792478405767017, 1.8795482258001972, 1.8837252385086483, 1.8132481641239586, 1.8400518804788593, 1.8115627182854552, 1.8594195299678384, 1.8113786452346374, 1.7792769634061394, 1.8267329722642895, 1.7924034472968842, 1.7885524855719683, 1.7080232027504174, 1.6858123020993332, 1.7218078325192137, 1.696614385975731, 1.74160213371118, 1.8019830607705647, 1.8223299529817363, 1.7932130522198146, 1.7873095499144658, 1.7921406567096707, 1.7643335123856858, 1.7986352801322927, 1.8353797008593873, 1.8518139885531533, 1.8906564937697512, 1.9216622067822353, 1.8646500534481476, 1.8605108274353874, 1.8521955278184679, 1.866704217592875, 1.882263004779816, 1.9140450672970883, 1.9040771934721201]}