{"latitud": 4.8713, "longitud": -68.5777, "radiacion": [2.902883764108022, 2.962097313006719, 2.9216556880209184, 2.9186382532119755, 2.9714738249778745, 3.0835965441332926, 3.1064300510618423, 3.0807687136862008, 3.125583565235138, 3.1119705008135896, 3.1589449995093872, 3.082763634125392, 3.0576893462075136, 3.025508260726929, 3.0971703469753256, 3.200154472059674, 3.263408725791507, 3.161159125301573, 3.2554960621727838, 3.333319060007731, 3.3270214107301506, 3.394594633579254, 3.3490243560738038, 3.3745009024937946, 3.399074282248815, 3.480022761556837, 3.4110631393061746, 3.371989603175057, 3.391903087165621, 3.4336873054504404, 3.5577262991004517, 3.5551333480411116, 3.5419422613249885, 3.6169637600580846, 3.5832887656158867, 3.5764593905872766, 3.4354480087757104, 3.4691571917798782, 3.5589310579829743, 3.4690642038981125, 3.5227944188647804, 3.560430389642715, 3.49321589536137, 3.424082259337107, 3.45092457930247, 3.478772582610448, 3.456696860657798, 3.4532587687174483, 3.3684968842400447, 3.4489976922671004, 3.481009891960356, 3.4086103929413696, 3.36404909160402, 3.28347231083446, 3.216240665647719, 3.1253844353887774, 3.149863441122903, 3.272929565111797, 3.2388045324219594, 3.2348505245314705, 3.1557124031914614, 3.1323198397954304, 3.1118836548593305, 3.1251275605625586, 3.2007037712468045, 3.2469287719991464, 3.2744641237788734, 3.123991268210941, 3.0559790266884694, 3.05274506939782, 3.003239150842031, 3.1077442255285046, 3.0071723805533517, 2.980302743117015, 2.9665423896577625, 2.893638232681487, 2.8748461153772134, 2.9104702207777238, 2.988200857241948, 2.8500741991731857, 2.825536451737086, 2.741883019606273, 2.739813599321577, 2.7003289110130737, 2.7052282293637595, 2.6610045784049565, 2.6642856690618726, 2.6886266933547134, 2.7410657597912675, 2.71018509136306, 2.6930794397989906, 2.6915431406762864, 2.632053918970956, 2.607830995983548, 2.58144726422098, 2.595951787630717, 2.5750451823075613, 2.534761150677998, 2.5229744387997513, 2.510231762462191, 2.5193150195810525, 2.4869407372342223, 2.442757211128871, 2.4280557380782235, 2.4645604378647272, 2.480707320902082, 2.438020061784321, 2.4607077797253925, 2.4409340500831607, 2.4099809944629667, 2.4168702496422667, 2.3899319324228494, 2.366291413704554, 2.3236648837725316, 2.340461573998134, 2.2934025996261167, 2.213674988349279, 2.2133247196674355, 2.259422413508098, 2.233092088169522, 2.2395670268270713, 2.2155900339285535, 2.1829113092687393, 2.1497783872816303, 2.166764291127523, 2.1601403792699183, 2.1048511240217427, 2.122797277238633, 2.1569050067000926, 2.185759447018306, 2.1718557020028437, 2.1162660121917725, 2.0198238008552125, 1.9580851607852512, 1.964396791987949, 2.0032629986604054, 1.9535187337133613, 2.020565621058146, 2.0568923592567443, 2.1300484127468535, 2.072482207748625, 2.0404515683650972, 1.963356832000944, 1.9066432171397742, 1.848068912161721, 1.8501568112108437, 1.807702204916212, 1.7746602396170292, 1.806642238299052, 1.8344242460197873, 1.8566719710826884, 1.8720199512110816, 1.788507512542936, 1.7755290064546791, 1.7784966369469963, 1.7226683603392703, 1.677234776152505, 1.6326909002330572, 1.6718766364786362, 1.6421940637959376, 1.6751087062888672, 1.6146895448366807, 1.5964574284023707, 1.6291633771525487, 1.6530430144733848, 1.6257546689775255, 1.63800750374794, 1.6032230731513761, 1.6477345863978068, 1.6225984427664015, 1.601262247562408, 1.6077960868676504, 1.5813055561648472, 1.6043108476532837, 1.629836922883987, 1.6320806778139536, 1.6100169254673853, 1.59843514362971, 1.6458624925878318, 1.6600660324096677, 1.6093686083952587, 1.6434576398796512, 1.6055900828705898, 1.6381996883286376, 1.625559472375446, 1.601067898008558, 1.5992593235439723, 1.620445272657606, 1.6217212812768083, 1.6536363350020518, 1.623307515515222, 1.6134022845162288, 1.560365945763058, 1.6082697225941553, 1.6136444528897609, 1.6676967130766966, 1.6470085372527443, 1.5421338690651794, 1.5456382446818884, 1.5036881188551583, 1.6166373193264008, 1.5359243339962434, 1.618088905016581, 1.6100544075171153, 1.6008607162369621, 1.6163022842672132, 1.6324679871400196, 1.586042895581988, 1.5664640691545273, 1.5687232024139828, 1.5948272804419206, 1.6087109790907965, 1.597863276137246, 1.6531011329756848, 1.5945058915350174, 1.5783396681149797, 1.6220476660463545, 1.606614637374878, 1.6471215943495434, 1.6718282838662468, 1.6697593662473889, 1.6433309985531703, 1.6508465429147083, 1.6683428313997055, 1.594875017801921, 1.646437233686447, 1.68153465323978, 1.6598115311728587, 1.670843719111548, 1.6875219934516483, 1.6692265556918253, 1.6889340202013656, 1.6554377648565504, 1.7046589394410454, 1.682508414321475, 1.7477616051832836, 1.7644838260279758, 1.7677524725596105, 1.786090089215173, 1.7445366859436033, 1.7187439368830784, 1.7489840573734707, 1.7966939323478277, 1.7799697107738917, 1.7575298693445, 1.713223401705424, 1.7471335007084738, 1.765884135166803, 1.8347495059172314, 1.8591838637987774, 1.8503044592009648, 1.7853058026896582, 1.8576997247007159, 1.8533358388476906, 1.8954763472080234, 1.8910589966509068, 1.8883364842997656, 1.9013183150026531, 1.900110501713223, 1.8373904652065702, 1.8870022773742676, 1.9022851321432324, 1.9013871570428214, 1.9250162343184154, 1.9381742331716751, 1.8888074470890885, 1.8859277188777925, 1.9092121998469036, 1.926480045583513, 1.9442464113235471, 1.9211810337172615, 1.873180667559305, 1.9660500221782262, 1.9972761260138612, 1.978770019610722, 2.043036775456535, 2.0672310001320313, 2.0517186158233223, 2.04243438243866, 1.998364640606774, 2.0499419583214653, 2.0461620456642575, 2.0406071947680573, 2.070276557074653, 2.0722504271401294, 2.01301191382938, 2.000802348057429, 1.9889476014508143, 2.004671265681585, 2.008433177736071, 2.0170959386560647, 2.056725141074921, 2.0653322954972593, 2.0799669378333623, 2.066831229130427, 2.031119997633828, 1.9570777098337804, 1.9828705423408088, 1.9953320033020443, 2.021093484428194, 1.9617937193976507, 2.0325269195768567, 2.054463497135374, 2.0366791956954535, 1.9750862061977383, 2.0053016775184216, 2.0111841519673663, 2.0148147920767463, 2.0636123670472037, 2.0182792034414083, 1.9545498583051895, 2.019523813327153, 2.0389973872237728, 2.0480826973915103, 1.9749387092060513, 1.9932652533054347, 1.984854857126872, 2.0357122586833114, 1.9948257565498355, 2.011199981636471, 2.008802227841484, 2.094556906488207, 2.113496179713143, 2.1439338525136313, 2.1308281335565784, 2.103698473506504, 2.0788457340664332, 2.0741972698105706, 2.094398895899454, 2.1071890791257224, 2.1524990234110084, 2.1425195952256524, 2.158489700820711, 2.2365426056914863, 2.249791828791301, 2.231556453638607, 2.251620884074106, 2.2369906657271916, 2.267117620176739, 2.2885743114683366, 2.303752395179537, 2.34400076535013, 2.4030007825957407, 2.459894620709949, 2.516479267014398, 2.503403307994207, 2.5372324208418533, 2.4939484794934588, 2.4656530883577132, 2.418230744865205, 2.5381996273994445, 2.6374408384164174, 2.612139117055469, 2.7187814745638104, 2.711660238107046, 2.705464425351885, 2.620789615975486, 2.6666149318218224, 2.7631036983595956, 2.794002163410187]}