{"latitud": 4.0026, "longitud": -70.4731, "radiacion": [2.161150410440233, 2.2123532772064216, 2.1704732590251505, 2.1697618590460888, 2.1893291155497248, 2.2318981256749892, 2.2639869650204973, 2.231098439296087, 2.2755262990792593, 2.2936604665385354, 2.321147749821345, 2.2829763809839876, 2.249043735530641, 2.2294127497408125, 2.2883765889538656, 2.334278757704629, 2.34984688560168, 2.3207156942950364, 2.356695695055856, 2.335869283146329, 2.3517989370558, 2.339999879731072, 2.3551095379723446, 2.349985296196408, 2.3897392703427216, 2.4036643717024067, 2.4077322926786207, 2.4015029589335124, 2.424966567754746, 2.4478479358885017, 2.5111719565259087, 2.5386712306075627, 2.5189882589711083, 2.49296621547805, 2.562473117642932, 2.511476095517476, 2.453683690892326, 2.445475473006566, 2.4748140924506727, 2.456632080343035, 2.4443827655580304, 2.50457992222574, 2.4943224569161737, 2.4277117735809752, 2.4125367323557536, 2.411877198351754, 2.419119341505898, 2.3902450925774046, 2.3540648016664716, 2.4008253865771816, 2.4389108876387278, 2.4298158076074396, 2.3295357439253066, 2.2967210047774844, 2.2477156036429933, 2.2712669971916415, 2.259136480093003, 2.3149357544051274, 2.2427695439921487, 2.280868487225639, 2.2208489636580144, 2.2343177596728006, 2.2341294361485367, 2.228622523943583, 2.2652033024364053, 2.2683393259843188, 2.280623670419058, 2.2400691913233857, 2.20352688299285, 2.2062229891618093, 2.1656145830949147, 2.2036866095330985, 2.130427014165454, 2.1016364488336774, 2.1067311253812573, 2.1011397679646806, 2.082193334566223, 2.076270948515998, 2.0864311257998147, 2.020593062374327, 2.041851913266711, 2.042423548301061, 1.99384582373831, 1.9884381605519188, 1.9786040186882012, 1.9433659599887003, 1.9445987363656363, 1.9242386817932131, 1.965595917900403, 1.9309850507312347, 1.8536264737447106, 1.899896587265862, 1.8605597138404846, 1.8445645113786062, 1.8475736267036862, 1.8528529226779937, 1.80871635278066, 1.7640718917051956, 1.8004728615283971, 1.7895208597183228, 1.7801064776049718, 1.7636988706058923, 1.7283841931157635, 1.6929592271645866, 1.7253708793057336, 1.690474192301432, 1.667482803265253, 1.6710750622881776, 1.6380900081661014, 1.640301256378492, 1.6335996303293434, 1.6350027137332492, 1.6214973211288453, 1.5956085026264188, 1.5654969722032543, 1.5523372769355774, 1.5038319683737222, 1.508307147026062, 1.5134688191943697, 1.5364822857909737, 1.5300488405757473, 1.514447471168306, 1.4913748317294653, 1.465368824534946, 1.4726234714190163, 1.4560600214534327, 1.4299358818266124, 1.4669340425067476, 1.457845343152682, 1.5251897712548577, 1.4945920990573036, 1.4867655356725056, 1.4376094626055824, 1.3696556336349914, 1.3673435780737135, 1.3952662944793708, 1.3465679006444085, 1.3696475062105395, 1.4430612027645109, 1.4208844926622175, 1.4237688660621648, 1.3968932340542473, 1.3793827364842095, 1.3388443503114908, 1.3469364858335915, 1.3056414988305836, 1.2940488000710804, 1.2658321539560953, 1.2587700866990617, 1.281572008132935, 1.3054757118225093, 1.3151431179708903, 1.265360960033204, 1.2384888996680574, 1.2526407715347077, 1.2109835055139326, 1.1811336712704763, 1.126757906211747, 1.1491597476932733, 1.1686554428603915, 1.1843928602006704, 1.1171774973471955, 1.1640702668163512, 1.1963356690274345, 1.1947630726628835, 1.1285423484113484, 1.153453565306134, 1.1165794127517277, 1.1530106723308562, 1.1404974030123813, 1.0918619536691248, 1.1195969065030418, 1.096365294522709, 1.1087912331024807, 1.107595913940006, 1.1716048455900616, 1.1204387055502996, 1.111291616492801, 1.1311192505889467, 1.1453320470121169, 1.1365527222553886, 1.1195606287982731, 1.1233306662903888, 1.1699975424342688, 1.1341360141833625, 1.1086747639709047, 1.125613614254527, 1.1098089290989774, 1.168123268418842, 1.1368637207481602, 1.1321165187491309, 1.1656434684991837, 1.113306917415725, 1.096923971507284, 1.0998178058200416, 1.1427712397442924, 1.1178176184495288, 1.0670716858572435, 1.0868297050396603, 1.0536237405406104, 1.0954168955485029, 1.1165875573952992, 1.128718456625939, 1.1143786019749111, 1.1400855686929496, 1.1002582185798218, 1.1341946035623556, 1.10978420443005, 1.1057896577649646, 1.06083542406559, 1.092939285768403, 1.120409025086297, 1.106691700551245, 1.1008332328663935, 1.0963215712043972, 1.113269241319762, 1.1187115490436554, 1.1010238577922185, 1.11607637239827, 1.1316115945577623, 1.1047599868641964, 1.1296009951167638, 1.1636548065476948, 1.1466446134779191, 1.1240524689356486, 1.1421557933092117, 1.1685689230759935, 1.1591507944795818, 1.163672398196326, 1.1460540360874596, 1.14318999780549, 1.164543697237968, 1.1615450498130588, 1.218894480334388, 1.1896320141024057, 1.19379500316249, 1.240401593844095, 1.2399584038390046, 1.2512657980124153, 1.2200865132941148, 1.2291574021180474, 1.2365901251633964, 1.2634490877389906, 1.2638154447078709, 1.242530910836326, 1.246586282385721, 1.2738922420475218, 1.2591812200016446, 1.2603241874112026, 1.3197095983558231, 1.3584574639797202, 1.3224713404973347, 1.3600883417659337, 1.3158521278036968, 1.3572536210219068, 1.397072614232699, 1.3724252810080844, 1.4279798358678815, 1.365463986992836, 1.3480741199519901, 1.408764977587594, 1.4052108267943062, 1.4055048478974241, 1.444125401311451, 1.4420146577888069, 1.4282641851239741, 1.4257129705614513, 1.4417907148599625, 1.4461229307783972, 1.4756082872549694, 1.4711482160621216, 1.509772002034717, 1.5095375140508018, 1.5301618132326338, 1.51817589269744, 1.5410569896300637, 1.5325415545039707, 1.5261310752895147, 1.591331926981608, 1.5481869883007473, 1.590507780181037, 1.6218929972913532, 1.6256101879808638, 1.5630855431159336, 1.5691051708327397, 1.586036652326584, 1.556106147501204, 1.517679249578052, 1.5763033727804823, 1.5445976191096833, 1.5955457243654465, 1.5830078383286796, 1.584565905067656, 1.571497426430385, 1.5586631053023872, 1.5207603765858544, 1.5212542878256912, 1.5460920105377831, 1.5575259566307063, 1.5961426973342894, 1.5428056736787152, 1.573078970776664, 1.549824203716384, 1.5544436805778072, 1.5150376359621687, 1.5493103981018066, 1.5336084504922232, 1.5296863337357836, 1.5297647356987003, 1.5166080461608036, 1.5059577839242086, 1.542608513434728, 1.5388046191798315, 1.5531852874490955, 1.5415755225552452, 1.5138406703869507, 1.5172967811425526, 1.5091097937689888, 1.5258502483367924, 1.563147503137588, 1.5684056652916798, 1.5379376275671859, 1.5592168672217266, 1.5983011931180957, 1.6225017537673319, 1.601037681102753, 1.5543053802516724, 1.6099682801299622, 1.5890000085035962, 1.5896304077572287, 1.6049778064091995, 1.582180515262816, 1.6311346567339369, 1.6895388725731113, 1.733184190922313, 1.7103952136304645, 1.723285345898735, 1.7602379110124369, 1.7330296562777623, 1.7867990679211083, 1.783502986696031, 1.8165013511975605, 1.8294503589471187, 1.871220848957698, 1.9091094520356922, 1.8742603308624688, 1.890650730000603, 1.8477903412448036, 1.8561883502536354, 1.9050983488559725, 1.9330692913797165, 1.9973507569895848, 1.9595393869611957, 2.0037063274118636, 2.009013061390983, 2.00311302807596, 1.9812555087937251, 1.9960243735048515, 2.0891828609837426, 2.1428387807475193]}