{"latitud": 7.7428, "longitud": -77.1521, "radiacion": [254.28749593098965, 250.1092438591851, 252.3392832438151, 258.0023546006945, 258.4738625420465, 256.37187364366315, 250.71318520440005, 254.76885867648664, 254.64724044799812, 255.4322900560168, 253.4407553778755, 250.56308881971577, 255.4544603983562, 258.10075251261395, 262.0723354763456, 260.7630091349285, 255.27281443278005, 255.9461229960125, 260.19755554199224, 260.04200795491545, 261.32521642049164, 257.71972096761084, 263.40591100056974, 261.9801315307618, 262.8060756259495, 267.1635520087348, 267.89132012261285, 270.26657155354815, 267.81321962144654, 269.736528438992, 273.09143566555457, 270.28697196112734, 271.4739218817817, 268.6194271935357, 272.31609954833993, 279.6216228908964, 279.06350674099394, 280.31997697618283, 287.3237240261503, 280.1544114854601, 280.84664738972987, 279.47088173760324, 276.12745649549714, 276.3199406094022, 277.1829950968426, 277.79657177395296, 279.7133273654515, 283.29738930596255, 282.0740339491104, 282.0703669230145, 280.17384991116, 280.5689681159127, 285.8105461120606, 286.3664530436199, 287.5872219509549, 280.3221015930176, 283.76708077324776, 283.41344392564577, 285.26766179402676, 289.6491685655383, 288.40230119493276, 287.7266961839465, 286.49631322224946, 281.96464597913956, 287.5356424967449, 288.6603847927518, 289.1287517971463, 288.71517630683064, 293.4043135748969, 286.6480834960939, 282.12898305257175, 279.75964872572166, 285.6825987921821, 278.1491989135743, 280.51320665147574, 287.0438630845813, 286.39807239108615, 285.04806425306543, 291.35061662462033, 290.50423524644646, 286.843891143799, 290.4293575710721, 291.34631101820213, 284.3085064358183, 282.97088122897685, 282.5704514397516, 287.5205561319988, 287.87424062093106, 283.77824478149415, 277.027119615343, 270.63026572333456, 269.70920876397037, 278.738511827257, 280.26587176852763, 276.83224809434677, 279.8005078633627, 276.7195562150744, 279.37803539699985, 276.2756684197321, 275.2880628797744, 270.2943814595542, 270.88159213595924, 265.82209769354944, 265.1846480475532, 270.33728781806104, 268.7015543619793, 273.66266352335623, 267.5682087368436, 270.3783428615995, 267.7686849806045, 266.72137849595816, 271.9261267768013, 269.44963709513354, 274.5218364291722, 264.7439927419028, 258.67021361456983, 261.3015259636774, 263.9581553988987, 256.26913918389226, 266.1042538960775, 268.1960835774741, 265.96253187391494, 260.05954649183496, 250.81301583184145, 261.05037290785054, 259.69914525349947, 261.3605322943794, 258.73160451253267, 249.80985599093978, 247.4099605136449, 254.40978664822055, 247.0115103827583, 244.23841264512816, 234.4665898640951, 240.5470519595677, 247.08829362657335, 248.4385758294001, 243.86840930514873, 236.71396730211055, 243.9619333055285, 245.7394105699328, 236.93536987304694, 232.19460021124948, 230.38990656534835, 231.84728270636674, 236.69150916205513, 231.64879141913528, 231.1990722656251, 237.6416857401531, 237.85789769490557, 233.76127955118818, 233.95429840087888, 233.66085060967347, 231.30992677476684, 227.37693375481504, 227.1147431267633, 230.0314370049371, 229.71829859415698, 221.66774113972986, 229.7837849934897, 224.95735507541244, 224.37284062703452, 220.74759707980692, 214.76053661770302, 218.36913070678716, 215.90800467597123, 211.25933727688263, 217.55730743408208, 228.1901995340983, 233.82492006089956, 233.25167397393133, 226.5817455715604, 227.2752275254992, 233.2943121168349, 238.44753850301103, 233.42746047973637, 229.89633831448032, 236.62994927300352, 237.7098307291667, 232.30755776299384, 239.5324559529623, 240.4507746378581, 241.40706676907016, 237.04029863145624, 242.08841968112537, 241.36556345621753, 240.10342839558925, 236.43782348632826, 243.70046793619807, 248.59919365776923, 236.93711437649213, 238.19271452162005, 240.91975979275185, 239.95339372422964, 247.90634621514224, 244.3825286865235, 240.31567264133045, 241.28169072469083, 243.55038096110033, 247.4021126641168, 238.36776809692387, 242.8948103162978, 241.12504187689896, 242.70443886650943, 246.09091779920797, 243.9985482109918, 243.54853151109486, 240.7938073052301, 238.0554167853462, 238.3707739088271, 235.39377509223095, 231.00981742011183, 229.10663536919492, 234.61179521348745, 243.6222808414036, 242.48522177802195, 239.8140063815647, 237.4960823059083, 237.54965057373056, 234.27478129069016, 239.5315245734321, 241.13961147732206, 237.57354685465506, 238.51190355088977, 239.5348753187392, 236.21580022176113, 226.3142870585124, 232.03555408053933, 238.86511272854287, 231.72071444193526, 225.34188529120559, 226.52129749721962, 225.65563566419814, 223.47138476901588, 227.9455337524415, 223.0963453504775, 217.7686156378853, 221.27007268269867, 223.0266779581706, 223.8440065171984, 213.87965426974824, 200.39466650221092, 210.281054602729, 212.4125261094836, 209.75110575358076, 202.77217907375766, 202.85834977891716, 203.32245407104497, 206.21647711859814, 203.04097154405395, 205.6363427056207, 202.6700709448921, 205.63313929239914, 205.58487887912335, 202.1037746853299, 198.3909056769477, 201.73739128112797, 191.8825064765082, 184.83816765679254, 180.7548099941678, 188.9471214294434, 186.06610789828835, 175.79436022440595, 169.95576210021974, 182.2227509816488, 188.35347807142475, 188.48457658555785, 180.85582224528, 183.36965429517963, 184.1401189168295, 175.79352908664282, 174.80735397338867, 177.37281706068254, 180.8413842519125, 177.1214410993788, 176.2803796132405, 175.77260814242902, 175.0724515279135, 179.78406325446235, 179.4368522220188, 174.4769145541721, 175.13249176873106, 177.88202646043567, 173.51112179226354, 176.10407507154676, 171.02007336086703, 176.02253731621636, 173.55618311564135, 171.34326078626847, 170.42188275655113, 181.67455842759878, 179.93310733371314, 170.08598340352378, 171.61786121792272, 184.2377321455214, 175.87373708089197, 178.11743431091313, 175.0381025950115, 175.30648591783316, 180.13160629272463, 174.03981162177203, 167.66272116767036, 167.5227877722847, 171.3690874735515, 174.64765332539878, 175.7436570909288, 180.55641038682734, 176.46980306837295, 180.8743791792128, 183.7231639438206, 184.18058920966257, 181.99134758843323, 175.2351701948378, 182.83680555555557, 186.7726472642686, 189.1302283816868, 185.78520495096848, 185.00544289482968, 191.00013885498046, 188.98488485548242, 194.21205677456328, 195.84286939832907, 192.64170574612095, 195.04663772583012, 204.54880761040587, 204.05679541693794, 203.83975096808544, 199.6656024509007, 200.02388229370126, 209.53759392632386, 214.67979282803003, 216.1707411024306, 207.54072206285264, 207.88505884806318, 210.99539680480962, 210.91537390814892, 217.23109541998974, 219.2706250508627, 228.63907335069453, 225.69973093668628, 219.52789654201936, 219.5293472713895, 223.8119096544054, 225.66249762641056, 232.12607858445907, 236.23122579786522, 239.03099992540152, 238.17949244181327, 237.0300656636557, 239.7903761969673, 240.2060942755805, 240.18153847588442, 239.828611416287, 242.5259497748481, 237.26755862765847, 239.2508217705621, 240.607802242703, 248.26969621446406, 246.24384040832533, 242.48126449584973]}