{"latitud": 7.2516, "longitud": -74.8026, "radiacion": [265.2873123168946, 263.51691640218104, 262.1697378370497, 266.90232967800563, 268.33285234239366, 265.5383665296767, 263.36648627387166, 263.6812106662327, 264.2533908420139, 264.93459947374134, 266.11406911214203, 260.73884124755864, 265.0236005995009, 270.68783315022796, 271.542662217882, 271.7493016560873, 269.11684315999355, 266.36633097330736, 269.0513954162598, 270.434604051378, 272.93700120713976, 269.842449951172, 272.593403116862, 274.83657294379356, 275.7107545640735, 276.4042787339953, 277.97751498752183, 279.9264490763347, 277.44128774007163, 282.80901794433606, 286.243726264106, 281.2602734035916, 281.4522872924806, 278.85198109944673, 285.1003246731228, 289.77824588351797, 290.4982772827149, 290.056443447537, 296.0559258355036, 290.32112375895196, 287.44493747287333, 285.9244812859431, 285.6649975246854, 285.8802132500544, 287.6555726793078, 287.1562528822158, 289.0342590332032, 290.7047317504884, 287.5522814432781, 291.41579640706385, 290.4724314371746, 289.7942294650609, 294.90592227511934, 296.07204267713774, 298.30583377414285, 295.2467549641928, 295.7927878485786, 295.05990634494367, 293.697363111708, 296.25767923990884, 298.1515238444012, 296.58590359157995, 293.84524688720717, 293.6432003445096, 294.7631827460396, 296.3021709865995, 295.7943806966146, 294.22717386881516, 296.1556635538738, 295.3507909138998, 289.2348215738933, 292.3341757880318, 293.84746602376305, 287.38542522854294, 291.31920335557726, 292.63402811686205, 294.0166127522787, 295.25667436387806, 293.7034359402128, 295.35726114908863, 294.51214006212035, 295.00082804361983, 294.72900322808164, 290.5609858194988, 286.9628068712023, 286.374041748047, 287.91877882215715, 288.8442272610136, 288.895500861274, 288.1229254828559, 281.48084928724506, 283.20247328016507, 287.4430070665148, 285.61234631008574, 287.0540517171225, 287.0075670030382, 284.5867270575631, 282.3731742011177, 281.755340745714, 278.9216800265843, 282.72048170301656, 278.75739593505864, 279.472553507487, 276.63220689561643, 283.6476053873698, 279.9600806342232, 278.2717002020943, 278.15001034206824, 279.6815885755752, 280.05837114122187, 277.4711671617297, 274.9245413886177, 278.13079715304906, 278.8492886013455, 272.69819691975914, 270.9951366848416, 272.3944185045031, 270.83590689765083, 272.32216627332906, 273.5532956441245, 273.41924336751305, 270.24085303412556, 267.8709010654027, 268.5418601142036, 270.8370369805231, 269.31791966756197, 268.0481964111329, 267.01620161268454, 265.44359995524104, 268.6660671657987, 270.11810624864376, 272.94043273925786, 272.83112521701395, 261.75235256618936, 263.6430243598091, 264.10637969970713, 269.5846306694879, 267.5962156507705, 264.19997389051656, 272.03355204264335, 275.9492455376521, 268.60824330647785, 265.8190667046442, 266.82467447916673, 272.3253053453234, 276.3829664442276, 272.78286166720926, 271.1153789944121, 276.3442186143664, 275.34960530598966, 282.2674428304037, 283.00526140001097, 279.0690758599176, 277.3857428656685, 274.1743838840061, 276.4312540690104, 277.9702373928496, 280.9307754516603, 274.053490193685, 276.26698015001097, 281.65970475938593, 279.90974341498486, 281.6867073906794, 274.3006705390083, 276.0370891994901, 269.25677863227, 269.9763927883573, 273.3096817016603, 277.6437923855253, 283.99257829454217, 282.84464382595496, 278.8754414028592, 276.8402309841581, 278.0348305596246, 286.25410122341583, 282.75424465603305, 280.70351799858946, 283.75895470513245, 282.0538397894967, 282.34525180392797, 281.35593465169285, 288.78702765570756, 289.50899844699444, 287.99608561197925, 289.10512966579876, 287.15819430881095, 284.6548397488065, 287.61188473171666, 290.52824893527566, 289.1432417127822, 284.55525648329, 285.5385796440973, 288.6040288289389, 287.44612714979394, 290.95466020372186, 291.58609941270623, 288.71171824137383, 289.971314154731, 291.1629119873048, 287.05661807590064, 287.90709381103534, 291.732662624783, 287.1105789184571, 289.15498640272364, 293.0860107421876, 291.4315282185873, 291.23156517876527, 289.0730604383681, 290.17954678005646, 289.7784062703451, 286.7820860120986, 283.90391218397366, 285.4905585394966, 289.7180875990127, 288.52813449435774, 290.57137502034516, 289.53389231363946, 288.87377726236986, 292.43275129530167, 290.22241753472224, 285.8928337944879, 294.62728237575965, 289.3849529690214, 289.6206151326498, 289.89291042751745, 286.8020384046768, 283.19566116333016, 285.33986994425453, 286.28549507988834, 281.6816731770834, 285.0943456013999, 280.42013838026264, 287.8837824503582, 287.14511956108953, 288.8215976291234, 284.97464565700966, 282.52440049913207, 286.2701800876194, 283.32112952338326, 281.87563646104604, 282.32827521430136, 274.8651502821181, 275.09847971598316, 278.77329728868284, 272.3669641282824, 267.72466074625663, 265.2720901489259, 270.7572530110678, 266.4974133809408, 269.78421885172526, 269.11917639838333, 267.89982588026265, 270.0305535210504, 270.5899937947592, 270.87364061143666, 264.9481602986654, 263.06156073676226, 260.2962724473741, 252.52641008165153, 254.91025661892374, 251.33522601657447, 248.29612630208337, 246.33783552381735, 243.23974719577367, 250.01135338677307, 246.38686082628044, 251.09349890814897, 250.1575122409397, 248.5005321926542, 245.90772162543408, 240.0711002773709, 236.60864249335404, 231.8232088724773, 234.85066011216918, 233.51506746080193, 238.03442103068036, 234.04741550021708, 232.99402508205836, 232.70085483127176, 233.0177722507054, 233.21160481770835, 233.98803295559358, 226.26149461534294, 220.2434163411459, 221.79787089029955, 223.3607687208388, 228.21598247951934, 225.3504353841147, 223.12506061130105, 219.02609481811524, 221.06879645453571, 223.2261403401693, 216.34197302924272, 218.4735321044922, 211.86392381456176, 216.63333045111767, 213.20517281426328, 210.97868364122178, 214.5678699917264, 211.20109210544163, 216.39082082112634, 215.4128735860189, 210.20111236572276, 210.2332626342774, 211.4588506062826, 212.93542751736118, 217.5503485785591, 213.60491943359375, 216.32920455932617, 218.98894746568476, 214.7258289761014, 204.31818983289938, 210.95947367350266, 213.49594404432514, 214.1913312276205, 218.25846574571403, 212.78313632541236, 211.51419881184896, 219.4065890842014, 226.7403730604384, 224.57914318508583, 223.17468872070322, 219.30834528605146, 218.42382515801327, 230.21610395643452, 228.0817540486655, 225.76179402669277, 225.08494186401367, 225.99195471869584, 229.52652808295366, 234.08930163913305, 235.6202329847549, 229.57822740342888, 233.14737667507598, 233.50042470296228, 235.54753307766393, 235.6362027486166, 235.4876420762805, 239.05922631157773, 245.77996554904516, 243.9971698337132, 244.55261942545584, 238.61553378634986, 240.20747019449877, 251.3112379286025, 249.9201349894207, 248.69559343126093, 248.17505620320642, 249.57303602430565, 250.13569454616967, 251.73158518473318, 253.69501766628693, 256.1098085191516, 257.91849772135424, 256.5871326022679, 253.70528259277344, 252.90260026719838, 258.3648398505317, 257.5972681681316, 257.05154300265843]}