{"latitud": 2.1235, "longitud": -77.9045, "radiacion": [251.0340557522245, 253.2875734117296, 252.029367574056, 253.0031661987305, 252.57917005750878, 251.8083216349285, 248.89185095893018, 254.62872772216804, 255.86938408745672, 250.87687920464418, 249.21887122260205, 248.0698040432401, 253.15625271267368, 253.04590606689464, 252.56565839979396, 256.3622216118707, 250.39524468315975, 257.18422563340937, 257.44151390923395, 256.5291866726345, 252.14132707383905, 249.56041870117193, 256.921445549859, 256.6430870903864, 255.1267749362523, 253.77406853569883, 252.63634338378918, 257.61249660915803, 260.9452538384333, 259.8993075900608, 257.3690616183811, 252.44740346272795, 260.3075459798178, 259.8344007703993, 258.5725418090821, 261.48745371500667, 259.8180211385091, 260.54923994276265, 266.35498250325526, 261.1046934339736, 264.8513490464953, 256.76606394449874, 259.27351837158216, 256.6629857381185, 254.49515346950957, 258.5721722073026, 257.4389005872939, 255.73991724650068, 254.3567250569662, 254.72506781684035, 258.0799272325305, 258.3235799153647, 252.5630705939399, 255.96464877658426, 256.70304056803394, 257.01788872612855, 257.5030058119033, 260.97133331298824, 259.2040754530165, 254.06716223822707, 250.9829142252605, 249.46626858181426, 249.64562928941518, 246.86147850884336, 254.12060139973963, 247.81569264729828, 253.23988698323572, 246.62819112141935, 253.5757297092015, 248.87768775092238, 245.0245985243057, 242.71505906846792, 240.87520794338658, 243.8166090223525, 248.0101007249621, 249.57991773817287, 244.75102878146706, 247.53934309217675, 253.0425147162545, 254.47435506184902, 256.53260887993713, 249.9398518880209, 252.25165354410817, 252.98300476074223, 252.6886896769206, 250.6536831325955, 244.66388770209423, 244.50081617567278, 250.97904239230695, 243.91943240695537, 251.36417117648662, 250.88496093750007, 250.54765641954214, 250.80373484293628, 249.76694573296447, 251.3638955010309, 248.59441070556645, 249.9648362901476, 252.24544389512812, 251.83230726453996, 252.48229353162984, 250.0959120008681, 253.8071339925131, 253.47275814480258, 254.31912892659508, 254.95564253065325, 258.196001010471, 257.4740420871312, 256.5022691514758, 259.66311459011513, 256.3203659057618, 257.8704701741538, 259.59560156928165, 262.2961425781251, 254.33435821533212, 258.84381730821406, 258.0768312242297, 260.3695093790691, 260.34977213541674, 265.65034518771716, 264.28336283365894, 265.2866878933377, 266.2118426852757, 263.4234510633681, 260.9495178222657, 259.3127773708768, 263.82223069932735, 268.6728958129883, 268.55985192192935, 262.2192472669814, 264.72839762369796, 263.4810089111329, 264.8393729315865, 262.52879672580303, 262.45471106635205, 263.5518230862088, 266.0665134006077, 262.22498423258475, 260.16511806911893, 260.50873430040156, 262.49219987657347, 261.6737462361654, 261.82751905653225, 261.9846659342449, 262.5197394476997, 262.37258334689676, 260.0590771145292, 262.7273437500001, 264.593815612793, 264.00293680826826, 260.73863067626957, 255.89088779025613, 255.4487970987956, 261.1790540907118, 256.7532940334744, 262.29067857530396, 260.4147557576498, 257.2790934244792, 260.0014268663195, 261.4351252237957, 262.18613026936856, 257.583425225152, 256.68418952094186, 258.90234663221577, 260.7325086805556, 257.8491470336915, 255.7861807929146, 257.67421925862635, 256.85832655164944, 254.24274325900618, 255.72375590006519, 254.13048536512602, 259.5420849270291, 253.5970170762805, 254.962789577908, 257.0271665785048, 260.93759596082907, 262.9853461371528, 263.85734100341807, 262.8678460015191, 260.6183798895942, 259.3857886420356, 261.3208535088434, 255.94408603244366, 260.7353302001954, 262.63217976888035, 265.86906212700745, 263.11547241210945, 263.9231236775717, 265.40278167724614, 265.4968946668838, 266.6287636650934, 264.31938663058816, 266.18740997314467, 265.4968585544163, 266.05611114501966, 268.17098575168194, 268.1960049099394, 265.92710944281697, 265.3747914632163, 265.0072080824112, 261.5542134602865, 266.1210971408421, 266.76033732096363, 268.0013520982531, 268.41199595133475, 276.2554272121854, 276.26347351074224, 274.04395362006306, 271.56901363796663, 275.7780409071181, 275.3918694390192, 276.52173411051433, 272.5298024495443, 272.96498362223315, 274.8542238023547, 273.03595123291024, 275.2959903293186, 276.9038542005752, 272.558282131619, 272.19330393473314, 270.5781619601781, 272.34715559217676, 274.1076883951824, 271.39341583251957, 269.86965976291236, 270.17399851481133, 273.17775912814676, 274.43048655192064, 265.9371317545574, 262.5274654812284, 266.23101281060116, 268.4397026909723, 270.62381049262166, 267.29568430582685, 266.9017837524414, 272.3137000189888, 274.5714884440105, 273.1954021877713, 265.55951249864376, 268.81542188856344, 268.65771331787124, 264.9369570414226, 268.3786410861546, 263.7268042670357, 261.455941772461, 261.53509724934906, 261.1808488633898, 262.0518559773763, 259.77873755560984, 255.16124386257601, 254.25458933512377, 257.0564354790582, 255.75462027655715, 252.86860944959858, 250.459814453125, 253.21508755154085, 251.81926896837027, 249.28414781358515, 248.82393764919712, 243.46144341362853, 242.84545321994366, 246.94304097493497, 247.58820326063378, 246.2579393174915, 241.7063401963976, 238.9795717027453, 240.39846360948357, 244.18349372016064, 241.80916595458987, 244.71028391520187, 242.05829433865028, 240.63724314371748, 237.078434668647, 238.39104207356777, 239.40726140340178, 239.29449259440108, 241.47422112358944, 243.25713992648653, 235.98983239067942, 235.51754811604815, 237.68580322265635, 236.90759090847448, 237.23742896185988, 239.77611168755433, 233.44061058892157, 236.1419225056967, 231.31125047471792, 234.87997962103955, 235.13063693576393, 240.30423414442285, 230.323907131619, 229.42886522081167, 236.2947562323677, 232.17031122843426, 231.55076590643992, 227.05384267171226, 233.1872358534072, 231.0600250244141, 233.3069095187717, 229.22260030110684, 228.8131206936307, 228.78867882622617, 228.39201219346796, 229.20282406277133, 229.95818023681645, 228.01161414252394, 232.63273298475488, 229.94689407348633, 232.44085693359378, 232.78291795518672, 231.33901791042754, 230.30159454345707, 229.11868743896488, 226.21126073201503, 225.59459991455083, 225.87538842095276, 228.59741007486983, 228.77112901475698, 228.27337934705943, 232.40330980088984, 234.57453308105474, 230.74068417019316, 233.43134562174487, 236.6717219034831, 234.1982779608833, 239.32447696261943, 237.41645982530386, 236.22264972262914, 234.74037645128044, 232.29356019761835, 237.97956746419268, 238.5273583306207, 241.23892584906685, 238.06550632052958, 237.84173177083338, 236.98036583794496, 240.3138931274415, 239.0348500569662, 238.9663879394532, 234.989481608073, 239.53593105740023, 243.5477210150825, 243.67496744791666, 245.93388061523444, 246.9017652723525, 243.68359934488936, 245.60168151855476, 247.30869666205513, 244.7924745347766, 242.99997728135858, 246.28019816080734, 243.8859041002062, 246.59187961154512, 248.36287790934261, 251.32829895019532, 251.88981645372186, 254.56583438449442, 253.13284318712033, 254.540091111925]}