{"latitud": 2.4829, "longitud": -69.3623, "radiacion": [220.9381857977974, 215.6019229465061, 223.89323052300355, 225.35111160278325, 224.97429224650068, 221.31444303724507, 224.03835423787442, 228.9098640441895, 233.08334621853305, 227.03990173339852, 226.0165120442709, 223.34358384874136, 231.96506737603082, 235.78776872422972, 232.82489759657122, 234.87925847371426, 236.19548873901374, 240.67071609497074, 244.15259509616433, 245.45512262980142, 240.66205902099622, 235.14060092502174, 241.03198530409077, 245.58213738335516, 247.32788425021712, 244.207024553087, 243.69141269259993, 246.82996080186638, 245.66974945068364, 242.94134207831493, 241.68570819430886, 236.74152620103624, 242.78435058593755, 245.37720896403005, 250.61092614067934, 251.8854977077909, 245.5305514865452, 245.72624053955087, 246.53969302707256, 244.57041074964744, 241.99636298285603, 237.95328335232207, 245.92512012057844, 245.68602481418193, 245.0702270507813, 237.43782348632817, 231.55274471706818, 231.0461894565159, 236.50107345581065, 237.28523322211382, 237.05679948594846, 232.99344889322924, 230.81207088894323, 233.88868340386296, 232.65485297309033, 231.65523325602217, 232.89837070041244, 235.67996690538203, 241.67809533013244, 242.1030686272516, 231.39590716891826, 223.9578199598524, 224.07448628743487, 225.27712792290586, 223.8387703789605, 218.41405097113716, 213.75577511257606, 215.06780327690979, 222.96317155626093, 219.35957141452374, 213.54843054877392, 208.11816380818686, 203.14404746161566, 205.95103361341685, 217.66136576334634, 209.98993123372398, 205.7372183905708, 196.71152403089744, 208.1685365464953, 213.87620417277026, 209.34717864990247, 201.82081714206274, 202.01625349256733, 207.67574361165376, 202.5137804667155, 195.19379984537764, 188.50238672892257, 181.43306410047748, 187.62519531250004, 184.78642569647891, 175.1459494696724, 176.10310160319014, 183.5066833496094, 183.87642254299593, 184.3842708163792, 175.54415872361923, 172.5099486456977, 172.72069329155815, 177.78901511298287, 175.49458338419603, 177.07395689222554, 171.25618752373597, 165.15902964274093, 173.52826020982533, 177.15033501519096, 171.69243257310654, 169.69015579223637, 174.1910417344835, 173.83556467692065, 171.96151512993717, 167.3106472439236, 165.90547476874463, 159.91104498969182, 167.98278316921662, 166.3129121568468, 162.16877644856768, 156.4584378560384, 152.06720797220865, 156.06778971354174, 167.18300323486326, 156.62909876505537, 151.77090386284726, 147.7631147596571, 151.5728142632379, 153.4421447753906, 152.25251142713762, 149.29506005181216, 146.406130303277, 145.2564683702257, 150.43292083740232, 147.7863711039225, 144.1186521742079, 141.8672108968099, 146.7631645202637, 143.85493587917753, 149.64086905585404, 148.24491399129238, 145.4323147243923, 144.51968129475915, 143.1543863084581, 137.74178127712673, 136.1510297139486, 135.79425574408637, 144.94158503214524, 138.60275963677304, 139.34191716512044, 139.38019604153106, 138.42479392157668, 143.69904963175463, 144.55092815823028, 142.08576668633364, 137.34599439832903, 132.24161826239694, 130.02587962680397, 135.79282167222766, 130.40393028259282, 132.9062574598525, 124.24936235215932, 125.26979518466528, 133.6598757425945, 136.0459184434679, 129.44816928439673, 126.54795807732474, 131.67199817233617, 131.5049317253961, 133.8512699551052, 126.96347007751467, 127.0655179341634, 129.08654022216797, 125.95907957288954, 130.72851350572375, 131.08170127868652, 124.82275755140513, 122.42645005120171, 127.85082202487528, 121.91260782877606, 126.82648289998373, 127.44650650024418, 126.62504560682508, 128.18763982984748, 130.11511111789284, 132.04118245442706, 129.91575859917535, 130.52423672146267, 133.65722876654732, 134.19020707872178, 137.3922526889377, 132.96843388875325, 129.73480521308053, 137.89548780653217, 140.50024456448025, 137.6576252407498, 140.65762371487097, 134.95194452073838, 134.468830871582, 139.31293869018558, 147.59923214382596, 147.4917358398437, 142.59277055528437, 146.58003980848525, 144.55747027926978, 146.85162285698786, 145.21934534708666, 153.89749696519644, 157.0989068773058, 153.47370995415585, 151.14362597995338, 152.0394170973036, 151.54104885525177, 152.3585277133518, 159.3997707790799, 158.10840521918408, 152.2726973639595, 154.88387349446626, 154.30355038113066, 158.4965962727865, 158.256462097168, 160.85245488484708, 161.33858973185227, 168.27328058878587, 166.94402830335832, 167.84301817152235, 168.61484281751845, 172.27600165473095, 173.1925559149848, 171.363159942627, 172.51590745713978, 170.33371624416782, 171.39707412719727, 170.5927998860677, 169.50228457980688, 168.99451836480043, 174.06384989420576, 170.52769817776155, 173.1183664109972, 178.69274843004018, 183.7431343078613, 184.33072772555886, 186.26345689561637, 186.16739162868927, 182.84259007771814, 187.6528179592557, 180.99704928927954, 188.679116651747, 190.54648708767363, 185.1924616495769, 188.5276085747613, 187.70780614217134, 185.3217756483291, 190.8472034030491, 192.51718292236328, 190.52162619696728, 186.59885118272572, 191.00990973578564, 189.74351264105908, 191.72465159098317, 184.14122585720486, 182.74790632459857, 183.67856496175128, 187.1184844970703, 189.16261130438917, 187.58823877970386, 192.33997251722553, 189.86167009141715, 191.87766291300463, 189.9322011311849, 191.6309572007921, 192.45693308512372, 192.25633850097654, 194.35683390299482, 185.10456797281913, 189.56776207817927, 187.24332038031685, 189.57653562757704, 191.41838624742306, 193.08509063720712, 195.72784813774956, 187.55308083428278, 189.36833996242956, 191.465033976237, 186.22481613159184, 185.72901882595488, 189.44233737521708, 190.73869493272574, 189.13579644097226, 184.66371248033315, 179.26265555487745, 183.37400190565327, 188.02514784071187, 188.24194251166455, 181.665271335178, 187.3083813137479, 180.42919709947375, 177.03243230183924, 185.3294326782227, 177.8177115546333, 182.17380998399526, 177.20416217380102, 182.11269243028434, 178.8825553894043, 173.885897064209, 172.97986026340058, 175.15511135525173, 179.7479615105523, 179.61961229112413, 179.73659583197707, 180.60841734144432, 175.15615285237632, 175.43141454060878, 172.52851333618165, 173.59055218166773, 172.79662865532768, 170.40839843750007, 174.07296871609162, 170.40347349378806, 168.36657901340064, 170.3740063985189, 168.9587426079645, 169.9556773715549, 177.66558846367732, 175.79154442681207, 175.582162475586, 174.1083530002171, 185.68585425482863, 181.3125756581625, 178.6775733947754, 179.14838010999893, 181.96676601833778, 185.67816102769643, 186.42800759209535, 184.47307832505976, 190.16790983412002, 193.80664096408427, 191.1870792812772, 191.35300657484274, 185.35286916097007, 189.9874147203234, 196.18410898844408, 194.39679192437066, 199.28485268486872, 200.34849141438806, 202.49503241644962, 208.18748991224507, 211.05545950995554, 214.9091451009115, 208.37441245185008, 206.70720901489267, 205.93807974921341, 209.18484480116112, 211.84120542738182, 204.38717193603517, 195.7551865471734, 193.82533399793843, 202.58036236233184, 209.89933030870233, 205.26752717759882, 199.4958009507922, 204.5942697313097, 214.9091641743978, 220.12815611097554]}