{"latitud": 6.6179999999999986, "longitud": -70.4553, "radiacion": [221.9425838894314, 221.89133131239154, 228.12125973171666, 229.6348654005263, 227.59088194105365, 229.0419609917535, 233.49314456515845, 234.2871571858725, 233.98308283487964, 230.33554382324223, 228.89086981879348, 233.06769926283096, 238.17507680257168, 239.90485534667982, 239.3344803704157, 240.36115993923616, 239.44538735283754, 238.15951843261723, 242.4852064344619, 242.2652672661676, 240.14350908067502, 238.19236840142148, 236.87424248589414, 240.86371731228306, 240.5768525865344, 238.92828572591154, 243.75740542941628, 245.01550920274533, 243.5349923027887, 242.64287499321836, 244.79903123643672, 247.3162600199382, 252.79112413194449, 254.69943084716797, 255.06456960042328, 255.7011883205838, 257.29667307535817, 257.3299487643772, 252.57282274034296, 247.47376454671226, 247.1358369615343, 250.6040249294706, 251.1533703274198, 249.61379343668622, 252.74480099148226, 253.14615478515634, 252.01926845974404, 248.7128468831381, 250.34957512749568, 247.67833574083124, 246.26021779378266, 250.0056009928386, 251.72854258219408, 256.0114439222548, 256.7497711181641, 256.38172353108735, 259.37520056830516, 264.5062803480361, 264.22268608940976, 263.6497241550023, 261.7694476657444, 259.3659824795194, 258.63836161295586, 260.6293384975857, 258.0713129679363, 257.33358086480035, 260.6469145033095, 255.9290226406522, 260.23179482354067, 255.2202789306641, 261.44432983398445, 253.9571385701498, 254.02350446912988, 252.5892723931207, 256.49163411458335, 254.0115965101455, 253.59668545193145, 252.37633022732203, 255.5140980190702, 258.0077824910482, 257.26040293375655, 256.64249555799705, 256.19645818074554, 256.6356587727865, 255.64409366183818, 246.70924915737578, 243.05503540039072, 240.91751208835186, 238.01114408704984, 235.84435619778114, 237.5448306613499, 237.49278377956827, 246.95865461561417, 239.5007679409451, 235.45746807522255, 236.62561255560982, 235.2913670010037, 237.1178841061063, 236.37142825656474, 225.457536315918, 223.61547194586865, 219.57070778740777, 222.113200208876, 233.2910657246908, 235.91762500339087, 230.8649792989096, 227.68626692030168, 233.7855019463434, 227.32400750054254, 222.07437125311966, 217.4230756971571, 219.7250385708279, 209.48937903510202, 211.71743435329867, 208.0286994086372, 205.15568288167321, 205.67661514282227, 207.9297856648764, 212.00119764539932, 205.17217805650503, 197.22788391113286, 193.1444383833144, 186.70750045776376, 188.53785035875111, 197.48676520453566, 188.81050491333016, 184.74612952338327, 180.33312038845494, 182.98163511488175, 182.1052634345161, 183.91760796440977, 173.85380003187393, 175.06555786132813, 177.5597494337294, 175.7502903832329, 172.69477030436204, 180.2933987087674, 183.31207589043518, 177.267370944553, 165.70023117065432, 156.566707526313, 161.09899105495882, 161.36923717922636, 172.7946733262804, 171.33727658589683, 166.64242562188045, 160.43683819240997, 162.38465610080303, 173.62134755452476, 169.07450629340275, 169.9346212599013, 166.12757119072808, 156.28478825887046, 153.0691430833605, 152.44455312093095, 150.1976894802518, 141.568598514133, 150.8881863911947, 152.05827051798508, 152.3174204932319, 152.7071834988065, 143.2619660271539, 151.1642863379585, 146.37455363803443, 145.62434747484, 145.96754574245878, 140.03896234300404, 141.1959389156765, 138.41434690687396, 134.52181549072267, 146.65178731282558, 138.060713619656, 131.64446644253204, 139.86773613823786, 128.80156830681696, 124.05161577860515, 127.08644239637586, 137.71618508232964, 133.34531046549475, 144.27682995266383, 137.43039957682296, 141.33153322007922, 136.68420020209422, 140.621548377143, 132.89313231574164, 130.77734387715654, 132.76215273539228, 138.1485222710504, 142.25978283352322, 140.31020601060655, 143.59985020955415, 147.8250822279189, 141.10952809651687, 137.5982766893175, 136.5815636952718, 149.41591466267903, 151.88310046725806, 155.61213285658098, 148.21431855095756, 147.0143724229601, 152.46989076402454, 151.521411090427, 158.37776362101235, 154.38927900526255, 149.06694700453025, 144.88815956115732, 142.26159100002715, 135.13449071248374, 143.28481195237904, 144.42642881605366, 140.53487112257227, 144.8511472066244, 149.49259766472713, 146.34218597412115, 143.13565351698136, 149.28191468980575, 149.36234088473847, 153.1728053622776, 159.87318606906476, 161.0340160369873, 159.70854428609215, 169.08329086303704, 158.6761777242025, 163.60190349155005, 162.28433990478518, 162.5022864871555, 159.3440947638618, 163.5319485134548, 162.2656835767958, 163.23637381659617, 167.2111979590522, 172.22169358995225, 174.19682820638027, 163.9901262071398, 163.5748482598199, 172.51290978325744, 176.31884350246855, 174.19466951158316, 176.8897564358182, 175.52420052422417, 177.0239273919, 181.32136374579537, 186.27634370591917, 184.57399614122184, 187.97005445692272, 196.04361521403007, 194.75438427395295, 199.64867986043296, 198.65096706814236, 197.49520102606883, 201.1035515679254, 201.0444809807672, 204.11555379231777, 213.45397940741648, 209.51539069281685, 210.78702418009448, 199.27611643473313, 202.55751402113174, 205.52943861219626, 210.7869331359863, 215.14364624023446, 215.8578500535754, 211.18007422553174, 217.20153240627715, 217.16618041992194, 224.6159182230632, 224.35338897705083, 221.90672827826606, 220.69480582343206, 220.14682939317495, 213.26509967380107, 214.956686062283, 224.02324150933168, 221.49300833808056, 220.70805350409617, 226.25305726793079, 225.15453406439894, 220.17014083862307, 225.66271370781797, 224.9046361287435, 222.4592445373535, 222.20505625406906, 220.39279725816513, 228.70394354926225, 223.9616737365723, 224.1624298943414, 228.65482966105142, 217.80523088243277, 226.3093983968099, 227.48614527384447, 220.27019153171122, 226.07555703057187, 217.7343351576064, 215.97366714477542, 218.5706184387208, 218.31185701158316, 214.30497063530825, 213.7390254550511, 215.75048421223957, 212.93615442911792, 213.0448312547472, 214.34491594102653, 205.99858279758033, 207.88340445624456, 208.92537595960835, 211.76525743272578, 210.45968763563374, 209.13368725246858, 203.41432537502715, 198.97367163764105, 203.91020660400395, 204.38632295396596, 204.05073538886177, 203.7117831759983, 202.90075836181651, 204.45143390231667, 207.70869149102109, 204.96989101833768, 205.06715299818254, 210.35342670016823, 210.38428870307075, 211.57647171020508, 213.88206125895184, 211.70464113023547, 203.8421215481229, 205.23554331461585, 214.22482664320208, 216.77155448065864, 215.6077452765571, 217.01746504041887, 221.36454213460286, 218.29649649726022, 216.42265336778436, 216.57183354695644, 213.5277815924751, 213.07607540554477, 215.94922409057622, 217.26454450819233, 215.27743648952904, 216.9781911214194, 221.57909138997397, 221.8755108303494, 225.35960481431758, 221.41672058105473, 220.10875532362198, 221.89471537272138, 217.26262885199662, 214.47888539632163, 216.78097729153106, 221.26679958767366, 216.98885718451606, 212.2309136284722, 210.64289974636506, 209.2011237250434, 212.46134872436528, 216.53316896226679, 212.96987169053827, 219.38335164388022, 221.2066912333171, 222.87173411051438]}