{"latitud": -1.7645, "longitud": -73.5033, "radiacion": [191.00226058959967, 187.43902579413523, 184.70745374891496, 187.50292985704212, 197.46654044257275, 193.6726744757759, 196.04091127183713, 194.63754662407771, 191.8730622185602, 188.6829652574328, 192.5034556070964, 188.03811832004124, 190.0950052049425, 194.8740112304688, 205.22174521552196, 203.3796062893338, 198.63337504069023, 206.08273552788637, 204.8720575968425, 210.70235485500757, 211.30354461669924, 206.05356004503042, 201.01005910237632, 201.39584282769104, 212.91087239583337, 208.65770178900826, 205.4637073940701, 205.2961721208361, 200.6778728908963, 203.16827468872074, 208.73938225640197, 202.90806393093544, 200.10760472615573, 208.21061977810336, 213.38105409410275, 210.2620979309082, 204.64632648891873, 202.21928855048296, 202.6162690904406, 199.9800445556641, 198.29024022420245, 197.63481818305127, 198.76652721828896, 193.57161017523876, 200.33141394721142, 194.1199877421061, 191.0130250718859, 185.43182356092666, 186.2357482910157, 188.19649285210508, 183.7739638434517, 183.95993211534298, 180.70401780870233, 179.06533508300777, 186.7578156365289, 190.81111611260314, 185.03436804877393, 193.992441643609, 193.22870305379237, 190.69121483696838, 183.34929572211377, 180.1911896599664, 177.8237709045411, 169.69426303439676, 176.26901117960617, 171.64197387695313, 164.44877861870663, 169.74767091539175, 165.9059813605414, 175.01043234931095, 179.39864010281033, 165.73625386555992, 149.98221304151753, 160.6625884162055, 164.8996516757541, 165.36546749538846, 155.02330627441404, 148.9667184617784, 155.41291478474946, 165.20777884589305, 162.53788503011074, 157.38586162990998, 160.36143722534183, 159.8885361565485, 155.2149061414931, 150.7478220621745, 146.785876803928, 144.93093058268235, 141.86541866726358, 144.8147423638238, 142.0891995324029, 142.97196740044498, 144.27267379760744, 139.46378737555617, 132.57620964050295, 131.74657889472113, 131.6760121663411, 132.69232033623587, 135.60781521267364, 142.62270041571722, 138.05474616156684, 129.3507696363661, 132.73412708706329, 136.01390541924374, 143.39267493353952, 139.57605535719134, 136.44568379720053, 133.47604471842453, 133.13288175794813, 135.7946130540636, 135.74716356065534, 137.1785766177708, 134.19047465854229, 133.16815973917645, 134.43272026909727, 134.29118576049805, 135.36473570929635, 133.24384799533422, 133.93628904554586, 133.1023262023926, 136.8166191101074, 132.95240796407066, 136.58029759724934, 133.3992095099555, 130.54569210476348, 129.06384811401367, 134.00382724338107, 134.6928966098362, 133.44878845214842, 134.75099021063917, 132.2007613711887, 133.59004194471575, 132.6645203908285, 133.8263673994276, 129.83562418619792, 131.981387286716, 141.3647616068522, 139.47232818603518, 138.14776068793404, 137.6005265977648, 137.133707385593, 133.3997021993002, 138.35887866550027, 134.8053343878852, 133.0255941179064, 132.50527640448684, 135.46424484252927, 139.7252066718208, 146.43615375094944, 134.7922365400526, 138.02954728868278, 139.5381008995904, 144.360891977946, 138.65496987236872, 139.44901212056484, 137.2758508470324, 137.14341405232756, 142.84323336283364, 143.99546695285375, 144.77957831488723, 146.04393386840823, 143.7583759307861, 139.83308037651912, 148.086040157742, 145.38603829277892, 146.3763082716201, 147.44003219604488, 147.54915449354385, 149.20188479953345, 144.9179670969646, 145.80740509033205, 144.72297024197053, 150.18186259799532, 144.07609744601788, 143.24955622355142, 152.19103249443913, 155.5925252278646, 153.24209153917107, 154.14138836330835, 153.2889278835721, 153.5930555555556, 155.64831788804796, 148.24390894571943, 154.73885091145837, 162.9381233215332, 164.31501914130322, 160.51104367574064, 162.05690201653377, 160.45083058675138, 159.49186299641931, 167.93960978190105, 166.2696199205187, 166.21285493638783, 165.7553006490072, 165.7432176378039, 171.79560614691852, 169.97208870781796, 174.5466818491618, 171.3223128424751, 171.08666898939342, 171.9206147935655, 168.6532110426161, 169.3971692403158, 178.52415152655712, 169.77645293341743, 171.50854983859585, 170.2448828803169, 172.21423483954536, 172.14106428358295, 174.4237651401096, 179.3743965148926, 181.29389538235137, 176.7207921346029, 173.30782809787328, 172.04098188612195, 179.18470213148328, 178.5770350138347, 171.58352478875062, 172.23921466403544, 170.94158808390304, 178.45766432020392, 172.32616958618163, 171.60415657891176, 173.78880089653865, 173.44042443169488, 175.8369230482314, 184.2020630730523, 181.6121464199491, 176.97475585937502, 173.6140306260851, 172.9768502977159, 177.27469067043728, 168.98390689426003, 174.37328881157774, 170.39004245334206, 181.12714631822382, 180.57339859008792, 179.8165844387479, 176.90484118991426, 168.40267105102546, 178.7525672064888, 177.80699920654294, 178.0855361938477, 170.45079735649963, 174.92801344129774, 178.33598268296987, 175.30062849256728, 172.77709537082248, 169.75728251139324, 173.2646181742351, 171.41412489149312, 169.82468948364263, 165.66349228752983, 165.3149945576986, 168.07568189832898, 169.22979456583667, 171.4431613498264, 171.46768671671552, 173.46076490614146, 172.77266269259994, 174.44704445732964, 174.51603130764434, 173.99342812432187, 173.36549530029302, 172.93241356743712, 161.92691675821948, 174.4834492153592, 170.17903128729927, 165.9078556908502, 168.9252649943035, 171.8612457275391, 174.8423479715984, 172.51489741007484, 174.88082699245885, 170.07909096611874, 175.67419916788742, 173.00857738918737, 166.77507748074004, 167.16784193250876, 163.40058407253693, 164.43288913302956, 176.54035398695203, 169.8050114101834, 172.46244396633574, 172.3574701097277, 161.5089444478354, 165.41584904988613, 161.92177285088434, 169.30726860894097, 173.59752502441407, 169.39446928236225, 166.43925094604495, 167.49629508124463, 166.44790301852763, 159.94707090589742, 166.975813123915, 165.50436176723898, 160.07894287109374, 159.96750166151256, 160.1207600911459, 163.71463614569768, 164.58129730224616, 167.71704504224996, 159.0916238572862, 159.14791590372732, 165.69510370890305, 163.5740521748862, 155.94591539171012, 159.76563000149199, 162.32878256903757, 161.01655078464086, 162.70377570258248, 160.31296759711378, 159.58169937133786, 152.4809739430746, 155.21199010213226, 159.50778944227434, 158.43041424221465, 155.89397371080187, 160.13343276977545, 160.17784542507601, 154.04848454793296, 154.7348669264052, 156.44584672715936, 157.7756891038683, 157.6389351738824, 158.7939565870498, 151.69132427639434, 160.74546602037216, 161.30911136203346, 158.77716912163635, 163.55254347059474, 164.62929645114468, 159.29171625773117, 159.41383963690868, 156.7853680080838, 161.98439466688376, 166.23483412000868, 166.9155382792155, 164.11436030069987, 170.47373055352105, 176.13847579956055, 179.0557925754123, 181.54490331014006, 179.68069101969408, 176.16208470662434, 174.25574476453997, 172.31687978108724, 169.3797157287598, 174.96226170857756, 172.20865520901148, 171.2529254489476, 167.61320995754662, 168.64682023790144, 166.8223676893447, 167.3600563897027, 163.48349931504995, 164.71889699300138, 171.9199039883084, 183.79105072021494]}