{"latitud": 3.9697, "longitud": -70.0677, "radiacion": [234.8761047363282, 236.62117657131628, 242.17058792114258, 245.96921395195855, 243.11532431708451, 243.8621634589302, 240.5959609137642, 242.14930097791895, 243.84337870279947, 237.22100465562616, 237.19613215128592, 242.15054982503253, 245.94728461371528, 248.80096817016604, 248.146437072754, 248.58062150743277, 250.9565100775825, 251.76787736680777, 256.66301795111775, 257.19027455647785, 253.9934992472332, 250.53905724419496, 253.56722479926222, 256.76349199083126, 254.09418758816196, 252.05757132636185, 256.0904613918729, 256.82014812893345, 256.1611272176108, 254.91141772800032, 255.2755813598634, 254.66547698974614, 256.8292168511285, 262.1785961574979, 264.03866305881087, 263.1716011895074, 266.41903618706607, 262.21315358479825, 257.8018184238011, 256.42142469618057, 256.01475931803395, 255.9569117228191, 255.9235234578451, 257.58877461751314, 257.4780114067926, 254.96501820882168, 252.07024586995442, 250.07992418077265, 255.4177605523004, 252.3185911390518, 246.84664374457466, 249.29240256415486, 246.28059166802305, 251.91010589599614, 251.23791859944666, 254.44279937744147, 256.3821780734593, 259.7260898166233, 258.80801866319445, 256.64746068318686, 250.14003855387372, 246.9121230231392, 246.32659395005973, 251.75234010484496, 245.6137250264486, 243.5165395100912, 242.95971340603307, 246.80424957275395, 245.66616270277237, 239.90141211615682, 236.14279573228632, 235.2016621907553, 234.65345577663848, 230.6816368950738, 238.25411495632594, 227.5497246636285, 230.27188686794713, 226.59001922607422, 235.62585313585078, 234.7861147562663, 231.54258931477872, 231.3214575025771, 228.12514919704867, 232.41689292060005, 225.59367658827045, 214.8059146457249, 211.97198579576283, 207.76330346001524, 208.83588053385418, 207.32168299357093, 203.99340337117516, 200.34571812947593, 201.43347947862415, 205.54738735622837, 199.13919364081494, 188.59709116617844, 189.5328947279189, 195.41852900187178, 201.81084035237635, 195.4260041130914, 191.2402768452962, 186.81587032741973, 190.69156282213, 197.79436832004134, 196.95472301907014, 192.1345186869303, 192.6512231614855, 192.16439836290155, 190.2731121487088, 189.0007852342394, 184.55532633463545, 181.39313625759553, 180.47033827039937, 185.2758278740777, 184.4308422512479, 179.509794192844, 172.73951288859053, 173.79868469238284, 176.5184100680881, 180.97130618625224, 173.51022101508246, 163.62381888495557, 161.30856357150614, 161.5287214491103, 165.1039479573568, 166.97136561075845, 164.13396826850047, 161.23475104437944, 160.4783992343479, 164.3316092597114, 159.33032413058814, 157.49134809705947, 159.22296040852868, 155.4300621880426, 163.37596020168732, 162.75057860480422, 159.898789469401, 159.33964292738173, 160.67429801093212, 158.74999482896592, 154.04527452256949, 149.55932379828562, 149.07894168429905, 154.3830906338162, 152.99572499593106, 145.85857730441626, 148.05093604193797, 150.1018622504341, 153.05049540201833, 155.4408988952637, 152.2010697258843, 149.33345794677737, 141.99633331298833, 143.0480727301704, 143.77729212443037, 142.61255323621967, 137.7679227193196, 131.89085104200575, 134.55180231730142, 144.4089656405979, 140.26098793877495, 135.86276380750868, 134.9374418470595, 141.3786225212945, 145.606595187717, 136.86688105265296, 130.91479538811583, 133.67150844997832, 132.08474082946776, 134.6911160786947, 134.28408059014214, 133.85773281521267, 133.56794450547963, 130.53210864596895, 131.55060289171, 129.12988518608944, 127.94640002780494, 130.53785018920902, 131.3937711503771, 124.07122264438215, 130.18604193793405, 134.1180729336209, 132.18196648491755, 130.8452913920085, 134.3235383775499, 134.31934204101563, 134.74584096272787, 133.9389046563042, 133.92947141859267, 139.844250149197, 139.9417877197266, 140.59770219590936, 139.84744110107425, 131.91837073432077, 134.78426628112797, 137.9835489485, 142.00296088324657, 141.68152694702152, 145.48398395114472, 139.4325092739529, 142.4745146857368, 142.27910537719734, 146.51852993435338, 146.1987882826064, 151.7103975084094, 150.54992701212572, 147.27022929721412, 145.19905700683594, 144.55789913601348, 150.65863605075418, 158.7065902709961, 153.6795740763346, 145.9913478427463, 149.00962236192495, 145.52773310343426, 156.78299433390305, 149.12664464314787, 153.26333058675138, 148.88032463921448, 156.77801674736872, 156.99928165011934, 154.84806628757053, 153.38076765272356, 158.17444068060988, 155.70446260240342, 152.55515204535595, 152.92293836805553, 151.98933427598743, 158.49241748385964, 153.25942331949867, 155.50379884507925, 155.58109308878582, 154.82040608723958, 151.2754602220323, 148.94859449598525, 160.22467727661126, 159.9383077833388, 158.68801964653866, 160.45103963216147, 161.2237790425618, 165.52265048556856, 168.90994584825307, 163.83518736097554, 165.3249287923178, 165.06815049913195, 164.77980406019427, 166.68006320529517, 162.07170596652563, 166.8843666924371, 169.47348225911458, 174.25605502658428, 173.82869550916894, 172.58635474310987, 173.1266338772244, 175.9795705159505, 173.24499257405606, 168.46001358032228, 163.3251216040717, 170.40483000013572, 176.35482983059353, 175.90034442477756, 169.26145392523873, 177.7567036946615, 179.06357116699223, 179.93465008205837, 183.12643703884558, 186.90435189141172, 183.44012654622398, 182.8611717224122, 185.0521539476183, 182.75852042304143, 183.48088370429159, 183.13731113009985, 185.64417970445422, 183.76646135118276, 189.13825963338218, 187.21837505764435, 183.7489889356826, 182.7994181315105, 185.50428085327152, 182.16616778903543, 187.4129939609104, 186.1532684326172, 191.88460015190972, 191.76925565931535, 187.40006713867186, 184.73478893703887, 184.4309026082357, 194.72357186211482, 198.17801946004238, 183.48098034328885, 190.40704125298396, 186.93828133477106, 182.16887385050453, 186.29533428616, 183.26237394544816, 179.44861560397683, 183.6223253038195, 192.4098360697429, 185.00656619601781, 179.45658391316735, 177.05020150078667, 177.98394241333008, 185.65502438015415, 182.36289715237092, 184.95542712741428, 185.15863240559898, 179.7590710110135, 185.35572136773, 180.5166827731663, 183.93361409505212, 181.32918709648985, 178.738755883111, 179.11203214857315, 174.28658159044053, 179.80500462849932, 182.63285590277772, 181.8971622890897, 180.6416885375977, 189.39848420884877, 189.46840159098312, 188.70286220974398, 188.32678926255974, 197.77903951009117, 193.0276185777453, 195.29088143242734, 198.78647825453027, 197.5660529242622, 198.016199154324, 200.2883454216851, 205.13820987277563, 214.33509784274634, 210.49189300537114, 208.86714799669053, 216.55884865654843, 211.99598575168193, 216.1524015638564, 214.0716436598037, 212.61425671047638, 219.38978881835942, 222.74258592393667, 228.18973575168192, 230.9923461066353, 235.03090328640414, 231.85213885837132, 228.5614183213977, 229.5386388990615, 231.20957107543953, 230.18974185519755, 232.78332324557834, 230.00650583902998, 222.93783942328562, 220.24240620930996, 220.8303044637045, 224.85930972629126, 229.79800720214848, 225.77465633816192, 229.33919618394646, 236.53025512695316, 238.8063759697809]}