{"latitud": 1.3253, "longitud": -72.7771, "radiacion": [221.47013558281802, 219.35246836344405, 224.20582826402457, 225.67136366102432, 225.65209147135428, 226.67897254096147, 228.08149481879352, 226.62276128133144, 225.57660437689893, 225.00825356377496, 219.68297610812724, 221.9161160786947, 219.42944878472227, 229.36771613226995, 229.62324184841586, 232.6393769158258, 232.68739369710298, 231.79528096516933, 235.48586493598097, 239.66826748318144, 236.09773534139003, 231.53201539781367, 233.18384780883798, 240.94971635606566, 243.28785773383257, 238.57768495347773, 240.15520689222555, 243.75829654269754, 238.01498430040147, 237.65397627088768, 236.5372384813097, 237.1135708279081, 234.4762342664931, 242.3582817077637, 244.99581052992093, 244.09967337714306, 242.51265012953021, 238.46724963718, 238.4374525282119, 230.75439402262373, 229.6917037963868, 229.07556423611115, 229.077607896593, 229.76595179239916, 228.79414232042106, 224.10956073337138, 220.44754638671876, 220.81717291937943, 223.9944548712837, 222.73596327039937, 213.735827975803, 217.58525822957367, 212.1996448092991, 215.52885165744365, 219.40422075059686, 220.09264348347992, 225.65940136379677, 224.70059136284735, 229.24144151475696, 224.8248772515191, 213.68640357123482, 214.06683731079104, 211.44904819064675, 210.35934321085622, 207.88259997897674, 200.60114118787988, 201.19649200439463, 199.4379223293729, 199.57710478040914, 201.91406326293952, 198.6178646511502, 195.05361692640528, 183.17715564303933, 188.52448382907448, 197.84437374538848, 186.90209986368822, 184.70297682020404, 178.91812379625102, 187.00100640190976, 192.3662214491103, 190.09618021647137, 188.05025533040376, 187.91699998643662, 189.53311801486552, 189.15402993096245, 170.67630962795684, 167.6925398084853, 163.32664828830295, 172.76229476928714, 166.6005324469673, 165.28268788655603, 159.65077446831597, 159.37491565280496, 165.19958733452702, 164.33258310953775, 157.90172305636938, 157.03351932101785, 152.08578982883034, 160.67461395263675, 164.1970006306967, 159.38392766316733, 153.34514211018882, 151.82579260932076, 161.60042580498597, 158.47172224256738, 160.6298682318794, 152.90656382242838, 154.23004692925352, 156.55995593600804, 155.33081309000647, 148.52311409844296, 148.581100124783, 146.46184556749134, 147.29836010403108, 146.2799762301975, 144.83437461853032, 142.71965874565976, 142.3839246114095, 140.2151565551758, 143.53236482408317, 144.06117875840937, 137.70510542127826, 136.52140227423772, 129.36241802639438, 133.16351496378581, 134.02131652832034, 131.52429555257166, 128.07635281880698, 129.47554117838538, 135.35601984659831, 132.55654220581053, 128.54053361680772, 127.93393037584092, 125.23956120808924, 128.21284679836697, 133.8086407131619, 133.66629146999782, 134.0521997239855, 130.0635766347249, 129.52936854892312, 127.63991122775612, 129.01023169623477, 118.81712540520562, 129.00858586629232, 129.78316285875115, 124.15106463962134, 129.21367280748163, 127.87989612155498, 131.8512331644694, 130.4398960961236, 132.78862809075244, 127.3013470967611, 124.5162214914958, 125.91071624755863, 126.84206042819558, 124.68222016228572, 128.5692548116048, 123.64058265686036, 130.59455494350857, 127.8861605326335, 130.29924570719402, 126.47401674058703, 125.33764614529086, 127.6349871317546, 133.97034861246746, 129.75948681301546, 125.53128789265956, 124.23836284213591, 130.14464954800073, 125.18995123969184, 129.811570570204, 129.3629297044543, 126.25990062289766, 128.3804850684272, 126.22757136027019, 129.33975592719185, 127.18243815104172, 130.6734019385444, 136.62489954630536, 136.91876686943897, 135.1310322231717, 139.33991394042965, 138.81950497097446, 138.09983249240457, 133.82167765299477, 140.41428112453886, 145.03166063096793, 139.9302978515625, 136.4185270521376, 139.52261555989588, 147.51602923075362, 147.0281223720975, 142.84488906860358, 139.76065334743922, 140.53320350646973, 144.28710250854496, 144.68224216037325, 155.7429309421116, 150.54063398573135, 145.38385230170357, 148.31132685343417, 146.05796144273543, 149.317975446913, 151.79838756985137, 151.52920248243547, 152.58538008795844, 150.68315717909073, 148.27110299004448, 150.40859654744472, 152.44480383131244, 156.56400324503582, 152.52477747599286, 155.96900219387484, 152.0062073601617, 153.3427647060818, 150.62980533176, 154.63465228610573, 151.57769538031684, 155.53296466403546, 158.08616451687283, 154.79446775648333, 157.15977003309462, 161.77607167561857, 154.35302408006459, 155.5461814880372, 158.65599492390956, 164.04394505818684, 159.7700248718262, 156.00667974683975, 154.67296151055234, 159.9323939005534, 158.04896731906464, 161.31044404771595, 149.82548705206978, 157.009233432346, 165.85493011474605, 176.19466281467012, 162.47543928358292, 163.83673612806535, 157.6771508110894, 168.1258364359538, 168.53743862575962, 167.22246670193147, 169.08297678629557, 167.0413844638401, 171.57119513617621, 166.99384180704754, 162.70026279025606, 167.0122778150771, 169.63738199869795, 172.00819375779892, 173.0265335083008, 170.70903337266714, 165.14714525010854, 167.72728059556755, 169.47840508355043, 160.0785215589736, 165.38084810045032, 170.859061601427, 175.14626413981122, 173.34187579684797, 171.05088924831819, 172.2766310797798, 178.52157719930017, 180.70195600721578, 179.62762815687395, 176.58200056287978, 174.97095896403002, 178.51997002495668, 179.1525010850695, 170.00304294162333, 178.7612559848362, 185.62441414727115, 181.61120351155603, 183.7514313591851, 188.77216144137913, 180.88445493910055, 175.75131632486986, 177.3906344943576, 176.74679539998385, 173.24769236246752, 179.08829328748917, 185.34358986748592, 187.6541326734755, 181.52913657294383, 174.75983946058486, 177.57199817233618, 183.1994171142578, 186.55830900404194, 190.24858398437505, 178.768620215522, 185.87206743028435, 172.4953818427192, 180.6026242574056, 182.32115181816957, 180.18123711480044, 174.60430603027348, 171.89484558105474, 184.66269259982644, 177.69767125447595, 175.00942365858293, 170.84199379814996, 175.48718066745337, 181.20550062391496, 180.8413314819336, 189.48810000949436, 181.7176053365072, 175.80277845594617, 171.69366065131305, 180.34319398668083, 175.70204272800018, 172.8081158108182, 175.88978000217026, 179.98104561699768, 182.9636649237739, 179.08492880927193, 181.48041161431206, 176.6576531304254, 180.73965165879994, 189.863336775038, 187.0053808424208, 188.35008519490563, 189.85810004340286, 190.81356489393443, 194.0129704793294, 185.43900061713336, 187.83545116848418, 189.2646401299371, 192.40554334852436, 190.37053926255967, 194.42300652398004, 196.1370596143935, 197.79877683851456, 202.0835019429525, 202.64588589138452, 195.54333818223745, 196.9724858601888, 198.22692972819013, 199.67901518079975, 212.16576538085937, 209.96252746582033, 209.37646306355796, 213.23971735636403, 218.98120083279085, 222.31071650187187, 215.85388844807952, 216.32312918768994, 217.28019629584423, 218.30810648600263, 215.2737618340387, 209.77698465983073, 206.45808614095054, 207.57269244723852, 215.73154830932617, 214.0233233133952, 207.37229478624135, 207.91969935099291, 209.86889139811203, 219.47462242974188, 220.08748109605585]}