{"latitud": 0.9524, "longitud": -73.2316, "radiacion": [216.90383834838875, 215.5228629218208, 218.97014745076498, 221.61152453952374, 223.64002134535056, 220.74457507663305, 223.69061813354494, 221.62963748508034, 219.3115982055665, 219.64187511867954, 214.02678773668083, 217.3910758124458, 216.03149770100913, 225.40992448594844, 225.28026309543188, 226.80909008449984, 227.91754040188263, 226.93953306410057, 231.2174929300945, 234.17183566623274, 233.08901248508036, 229.32008048163524, 229.51196509467232, 234.30741204155822, 238.545844523112, 232.73603761461058, 238.0275882297093, 239.79287702772356, 235.1701407538521, 232.25099190606014, 230.80771725972497, 232.64015977647577, 230.68196665445967, 237.67770089043515, 241.84675496419277, 239.9808755662707, 237.9718244764541, 232.63189587063258, 232.9945498148601, 226.55654881795257, 223.1278868781196, 224.14473487006296, 225.5481626722548, 226.1731241014269, 222.81577716403535, 222.5310818990072, 217.78715108235681, 217.58572006225594, 217.23255589803068, 216.11613794962568, 207.29220208062065, 211.75207638210725, 206.49126078287762, 212.2232026841906, 216.63760613335512, 216.608743540446, 216.2139312744141, 221.01314434475378, 226.14103944566514, 218.3880621168349, 211.5032925075955, 210.68082266913527, 205.68563495212138, 205.54801322089307, 202.8867596096463, 196.27161678738062, 196.98924908108188, 195.15242572360572, 196.05527335272905, 200.90152036878806, 196.266853925917, 191.03096728854715, 178.06752056545687, 185.20571017795137, 193.59346338907883, 184.5085897657607, 179.34097510443794, 175.25350672403974, 186.51411064995662, 186.3276818169488, 188.020118713379, 184.95004069010415, 181.34268892076284, 187.48234795464418, 185.98930113050685, 167.650791337755, 164.1875974019369, 166.46175901624895, 169.22885089450418, 163.25442377726236, 162.07050840589739, 157.37716861301007, 154.36940735710996, 163.18446511162657, 160.31676237318257, 153.58883577982593, 153.81981362236874, 151.84765192667646, 158.95184707641604, 159.8709587097168, 159.14466417100695, 152.70148925781254, 151.10096460978187, 160.4061076694065, 156.89500901963982, 155.68568123711484, 152.06128963894318, 150.76303897433812, 155.4688258700901, 152.88063354492192, 146.58317921956385, 146.81848288642036, 144.14682303534616, 143.73128195868594, 143.42170910305452, 146.43636004130045, 140.27534489101836, 139.45731981065543, 137.60982759263788, 143.12174665662977, 142.69211179945208, 135.48072170681425, 134.10099470350482, 128.84014498392736, 134.37951054043242, 131.0270028856066, 130.19540523952915, 130.29329935709637, 130.57381333245175, 134.27370249430348, 130.75691829257542, 125.19089338514543, 130.45969619750977, 125.41412116156688, 130.20009841918952, 132.95211486816405, 135.10843077765574, 133.88001675075955, 132.18358595106338, 127.50807325575092, 127.61397306654196, 127.10156542460125, 120.48998396131726, 127.04920874701607, 129.5421537611219, 122.90773095024961, 128.7087758806017, 129.2740025838216, 132.6139538235135, 130.0727173699273, 128.499735599094, 127.13490253024638, 125.23574629889588, 128.26325683593754, 128.19983944363068, 126.49791920979821, 127.14285871717668, 125.48557128906253, 130.92376615736225, 128.85967347886833, 131.866094801161, 128.3635078006321, 123.61996926201711, 130.3251724243164, 133.62856445312505, 131.0330172644721, 128.69136928982203, 127.87677743699821, 128.61797803243007, 126.95789015028213, 127.44111514621311, 130.07646509806315, 126.95558810763892, 129.24631737603085, 127.80093426174584, 130.66033744812015, 130.50350104437936, 136.1398685879178, 142.20668572319877, 139.03347973293728, 137.33010609944668, 137.7922705332438, 139.93399759928386, 138.7833842807346, 135.21271599663632, 142.60510364108612, 147.46677441067166, 141.5440810309516, 139.4957190619575, 142.49173736572266, 146.44561191134983, 147.64057540893558, 147.16408632066515, 139.8489188300239, 145.69369218614372, 149.0475814819336, 147.2156877305773, 156.659512117174, 152.8234578450521, 147.40130411783858, 150.01220020718048, 148.0165731641982, 148.62447458903, 154.52748107910165, 155.01052652994792, 152.95993779500336, 152.64476716783318, 150.40770670572923, 153.5669361538357, 158.69571617974182, 159.44510709974503, 156.75614848666723, 158.1287357754177, 155.08768081665042, 152.60106870863177, 155.58497280544705, 156.81253263685448, 153.62753753662108, 157.55873430040154, 158.2354991488987, 156.27999606662328, 157.90131624009874, 161.56074481540267, 155.93924683464903, 155.37063810560437, 163.0777865091961, 164.32188932630757, 165.32436837090393, 157.20780156453455, 157.46764424641927, 160.63453462388784, 157.85562371148004, 159.89469307793516, 150.22293480767144, 159.86735534667977, 165.10045742458772, 177.8724391513401, 162.91984507242844, 159.16481136745878, 157.09384714762373, 166.40059653388133, 166.96500727335615, 167.73008838229714, 164.42083909776485, 164.26086196899413, 168.78413289388024, 166.3361549377441, 159.8063067118327, 163.53146951463486, 168.59048334757486, 167.3198080274794, 171.85695953369145, 166.7816063774957, 161.9515425788032, 167.0602407667372, 165.7059732225207, 162.756792110867, 167.4205442640517, 168.54021453857428, 171.24142252604167, 169.8158069186741, 167.67259987725163, 172.36332346598314, 176.89071112738716, 177.29045850965716, 177.00219294230146, 174.15008655124237, 173.56524929470493, 178.56689198811853, 176.1867616441515, 171.8128270467123, 174.25014046563047, 186.42263582017688, 179.16159379747185, 178.88049647013347, 184.3418555365669, 178.62168231540258, 175.20586980183916, 176.18851377699113, 173.88215052286785, 171.08326263427736, 179.15574476453992, 181.3551559448243, 186.39545321994362, 179.4692885504829, 172.380325486925, 174.97045423719624, 177.97737664116758, 182.07295892503524, 188.11571858723968, 176.02423697577592, 180.7060170491537, 172.3059193929037, 178.55867902967665, 178.4927677578396, 180.24990234375, 172.27850341796875, 171.36370739407013, 181.98584238688156, 172.69711668226464, 172.9823683844672, 169.07722303602432, 170.88151643541127, 179.46447982788087, 180.66217430962456, 189.01210700141064, 177.6283121744792, 172.63693652682846, 171.89332589043514, 178.8413643731011, 174.47874459160707, 171.97896190219458, 175.76327251858183, 179.17092827690976, 179.59431347317175, 175.59255532158753, 178.92477501763233, 175.10247548421225, 180.2080535888672, 188.63970574273011, 183.43616349962028, 185.6356255425347, 185.43092295328782, 187.97484215630433, 191.84347915649417, 182.44486092461486, 182.57640389336484, 182.1860365125868, 186.03289998372398, 186.00654262966586, 191.59365420871316, 190.9005435519749, 192.82132288614903, 196.87900043063698, 199.14363869561097, 190.02470008002388, 194.31916868421771, 190.68465313381634, 196.91690580579976, 207.38053597344296, 206.81711663140197, 204.57945599026152, 208.09408730400938, 215.2587521023221, 215.7782803853353, 210.90225533379456, 210.0413079155816, 212.6568806118436, 211.29423387315538, 209.92123006184897, 208.45491799248592, 205.77228088378908, 203.20675099690763, 211.21526260375978, 208.63308444552956, 201.11053466796875, 199.50864045884882, 203.09363759358726, 214.02926279703783, 213.55177485148116]}