{"latitud": -1.3978, "longitud": -70.4963, "radiacion": [210.5753172132705, 206.92112070719406, 206.13496314154727, 213.54855007595492, 215.53083055284299, 213.3869396633573, 212.59170362684463, 217.3570999145508, 220.52641643948036, 220.26843329535598, 213.67371342976887, 207.45555852254242, 216.85458560519757, 220.29442477756083, 226.64430753919817, 227.69377068413635, 216.67236582438147, 219.65353978474937, 226.86517630683053, 234.11742604573578, 228.24641994900182, 220.97855936686207, 226.10156843397363, 225.7644576178657, 228.99002549913197, 228.1953397962783, 225.0952019585504, 228.29775331285273, 227.50109142727322, 226.92226477728957, 223.69981350368926, 224.70617777506516, 227.75997127956816, 234.32593629625114, 235.3977580600315, 236.69521730211054, 230.30290934244798, 229.55414640638568, 229.45926793416345, 228.5790059407553, 222.43750618828673, 223.1498380872939, 226.23086768256303, 222.06064266628695, 224.77981541951507, 222.0367065429688, 219.99992082383903, 212.8055591159397, 215.15436579386395, 213.43971650865342, 212.48359926011832, 211.29281980726458, 210.88178821139869, 206.88651640150292, 216.88101204766176, 212.69950934516058, 211.2005950927735, 212.67567672729493, 217.76187354193792, 219.97276763916025, 207.59102003309468, 203.25874803331166, 204.6526903788249, 203.56838073730475, 205.7118653191461, 200.60085644192168, 192.76140950520835, 195.95207629733622, 190.2458228217231, 195.63434956868488, 186.71925167507592, 189.26832707722983, 181.36710188123922, 177.57958552042646, 189.73035354614262, 194.11962576972124, 185.13639594184028, 176.2583912319608, 179.0944595336914, 185.06283976236986, 181.78347083197707, 177.10071021185982, 180.91700295342343, 174.7225254482693, 175.85031992594395, 175.0624385409885, 167.33986553616, 169.83071606953942, 163.07668143378362, 160.8879287719727, 157.4582314385309, 165.24448233710405, 155.7330231560601, 159.34008335537388, 158.21699693467875, 153.8473607381186, 158.7347624037001, 156.61802249484603, 151.81357311672636, 156.62979439629453, 152.14248894585506, 153.12002461751305, 155.93543819851342, 160.60660985310872, 159.77703984578457, 150.9999935574002, 156.73490939670137, 151.75472615559906, 151.52915403578015, 154.3717358059354, 145.57278086344402, 152.6954571194119, 146.44789962768562, 143.5718183729384, 148.29276614718972, 150.41438437567828, 149.58343573676214, 145.18809577094189, 146.93232964409722, 151.18397437201608, 145.71074583265522, 138.44336920844182, 136.99102689954967, 143.58022901746963, 139.71851743062342, 143.20465198092992, 142.6757448832194, 135.72314296298558, 139.34706370035804, 146.85936575995555, 149.62672263251415, 140.40093756781687, 140.67252137925894, 139.37120496961802, 135.1460487789578, 144.30643683539498, 147.31902279323998, 144.85707227918843, 136.59840757581927, 140.382172648112, 134.71205995347768, 136.14408586290148, 141.3328118218316, 133.57809702555338, 132.32056333753795, 132.9091906229655, 136.9281780666775, 145.74209145439997, 147.59279293484158, 143.79178962707522, 144.26722352769642, 143.45041101243763, 144.12520044114856, 142.9367265489367, 146.73080550299747, 145.17480367024743, 143.8374375237359, 148.92440685696076, 150.9923298305936, 151.19478022257488, 151.2423360188802, 151.18913336859814, 147.88156674702964, 146.38227242363826, 148.85954149034288, 151.0599679734972, 147.82445822821725, 152.67152387830947, 151.92618662516279, 152.36855172051324, 152.31808946397567, 154.5545515272352, 151.59535937839087, 143.38392656114368, 144.57924584282773, 156.1349572923449, 157.26638819376635, 158.050742424859, 151.72248899671766, 156.80929879082578, 159.35414394802524, 159.18736144171825, 151.9502427842882, 152.87907244364422, 164.63829727172856, 167.59435865614157, 169.7263305664063, 163.89136767917213, 157.94705140855584, 159.81050499810112, 170.24901224772145, 169.00369330512157, 165.14562339782722, 169.01597934299048, 170.25076573689788, 169.4478020562066, 170.6456984625922, 170.44329367743606, 169.41425891452366, 167.22989222208662, 174.24798821343316, 173.97448433770083, 165.29774788750544, 177.5297857496474, 172.5119632297092, 178.97665964762373, 180.5870326571995, 170.2800180223253, 170.93954171074765, 177.9808953179254, 185.87092420789932, 180.26407419840504, 177.24425777859156, 176.66834242079003, 173.31828918457032, 181.3315583123102, 178.37635667588975, 174.56573299831825, 171.70371237860795, 173.34248148600264, 187.36283908420145, 177.75555055406366, 181.80905346340603, 170.4934234619141, 179.51052661471905, 186.35958209567607, 184.3095024956598, 185.49507149590386, 178.36998316446943, 180.00351282755545, 181.6706459893121, 187.10558056301548, 178.86034800211587, 185.33044950697163, 181.55176145765518, 194.9041169908312, 197.00137490166563, 184.24370668199333, 185.17778438991976, 184.0431129455566, 193.07559136284726, 189.49607526991107, 190.23916185167104, 177.05002318488232, 189.57386491563588, 192.84780892266167, 195.57831488715283, 179.73764970567493, 184.2966507805718, 189.69144753350153, 193.0967544555664, 192.7264494154189, 181.8693803575304, 183.98432447645405, 192.4066841125489, 191.3289377000597, 192.7201034545899, 179.59167972140838, 186.4031672159832, 189.253773244222, 192.55414699978303, 186.49724155002173, 187.27229944864914, 188.250464630127, 186.78892932467997, 186.46213217841262, 186.36745554606122, 183.52315377129446, 185.94681905110681, 189.2737662421333, 189.10391523573142, 187.3014444139269, 183.68440297444667, 192.5064846462674, 192.10601306491426, 193.05378867255322, 188.40226737128373, 180.04426871405713, 182.1632202148437, 185.98071568806972, 179.61648406982428, 187.2569090949165, 182.64447691175678, 185.03979975382495, 183.55204476250546, 178.70372305976022, 177.18820088704433, 174.84260109795468, 181.5558893839518, 183.89534589979385, 188.52787272135424, 175.1722872416179, 173.79677412245016, 181.75053838094075, 173.37249493069126, 183.1506786770291, 170.80117272271048, 172.48241407606346, 167.57449340820312, 173.1436191134983, 171.41196857028547, 167.85222040812184, 166.91522920396594, 170.51046049329975, 169.72065353393563, 175.51089121500658, 171.11240692138685, 165.33222376505537, 164.6644652472603, 166.64930080837678, 169.4852372063531, 165.02957636515305, 168.5758861965604, 173.5331403096517, 167.52277230156793, 171.96235088772252, 171.80803824530713, 164.56616287231444, 166.32266896565758, 164.26871439615886, 172.46644880506733, 173.7443776872423, 167.3609687805176, 171.30191497802738, 173.91351682874895, 175.70258449978306, 173.9867713928223, 168.50894037882492, 172.14317652384443, 174.88940294053825, 178.0836303710938, 180.9651310390897, 180.53643434312607, 178.62018483479824, 180.41567348904084, 176.4699860466852, 175.72744912041557, 180.29863713582358, 184.72757280137807, 184.22137891981336, 190.02130347357857, 190.11570010715062, 190.41539501614045, 188.28765818278006, 197.08770243326828, 194.829985385471, 195.47042533026806, 192.1936464097765, 189.74054768880214, 191.0090122646756, 192.88441229926218, 190.45474446614585, 191.69046283298076, 195.3398793538412, 200.9921845330133, 194.83656107584645, 195.8697102016873, 197.5486423916287, 201.02779227362745, 204.88424546983512]}