{"latitud": 1.3726, "longitud": -76.9543, "radiacion": [269.76149690416133, 270.20207400851785, 274.98495135837135, 268.8088678995769, 273.9999655829536, 269.1229441748726, 262.57915988498274, 267.7564691331651, 272.5721767001682, 274.6008850945368, 274.24067535400394, 265.556391398112, 270.8203859117296, 267.48948737250447, 270.2473456064861, 267.30581309000667, 271.7925651550293, 273.3308670891657, 267.63040245903875, 267.3692891438803, 262.6587723626031, 258.798186408149, 261.3129842970107, 270.6643517388238, 270.8117723253038, 273.61381954616974, 268.77833582560226, 268.6644734700522, 270.72199380662715, 272.8679236518014, 277.1787431504992, 278.4784303453235, 286.00504862467454, 280.31492826673724, 275.71474321153437, 277.1902947319878, 283.1806611802844, 282.33423385620125, 281.2187166849772, 281.27001584370936, 274.35678219265407, 270.19073588053385, 272.87011193169496, 269.0070137023927, 265.7895003000895, 268.67615237765847, 266.880268266466, 262.7363361782499, 266.1282955593534, 265.4150232103137, 271.86739484998924, 272.1954956054689, 275.7975679185655, 269.6508176167806, 274.09819649590395, 277.09483167860253, 274.3903072781033, 273.1883515252009, 264.9853358798557, 267.64149958292654, 265.2605464935304, 256.0503077189128, 253.78630939059795, 259.4861489189996, 256.3775856865778, 251.53924916585288, 248.96126903957796, 256.8329724205866, 261.20208841959635, 259.51309305826834, 254.1476921081544, 247.4156976487903, 235.12278883192278, 238.1843198988173, 241.64290330674922, 247.11646177503812, 255.88422046237528, 259.3568589104547, 260.12287970648873, 252.17633717854832, 259.5774158901639, 257.3807609558106, 251.85409342447926, 246.56084077623163, 243.19571244981557, 244.3183519999186, 234.10803883870452, 231.59516381157775, 233.2321319580079, 232.8872336493598, 243.36172815958665, 238.77078272501635, 241.28562003241646, 243.05735278659404, 240.26570570204, 243.56718182033967, 237.64184112548833, 231.2534373389351, 238.27278196546766, 237.47939529418954, 247.92887997097446, 244.00075556437187, 235.23996743096248, 235.15737720065658, 241.60435104370117, 243.84181815253373, 247.7270156860352, 235.8415306091309, 237.72284766303179, 243.82778455946183, 244.3432210286459, 240.4510568406847, 238.63411704169388, 238.3475212944879, 235.87258961995443, 234.6574851142036, 243.16789915296772, 240.67182066175678, 241.5164687262641, 240.6060889350044, 247.15223058064785, 239.47631200154626, 237.0375009324816, 228.39897393120668, 231.31885537041566, 235.64902284410266, 242.44202863905176, 239.22143317328562, 241.05323265923406, 236.1433072408041, 239.21123131646064, 236.64909557766396, 239.06699490017363, 240.9010626051162, 239.35512339274092, 247.76148630778005, 251.238924407959, 242.8757183498807, 239.10523427327476, 242.59666777716754, 244.03639831542975, 242.18611331515854, 244.6231240166559, 240.74780298868816, 244.6835875617135, 244.76235673692497, 242.66075303819457, 242.379367319743, 244.44613003200968, 248.59331012301982, 237.34145355224618, 244.45856026543515, 239.6309231228299, 244.74256956312396, 247.82098388671884, 244.07654944525834, 241.76691708034946, 241.4353385077583, 242.1619000752768, 242.63533859252934, 250.23660413954, 247.5350314670139, 239.27639973958333, 241.53432184855149, 250.24600363837354, 249.00802985297318, 250.75709601508254, 244.5204742431641, 250.60029313829207, 242.98320719401048, 239.73882539537223, 239.965980190701, 244.23455149332685, 244.67709045410166, 237.63704740736225, 238.40972052680127, 243.43825174967458, 253.57770063612202, 249.36904440985793, 246.95872701009125, 238.76006045871318, 243.55055864122187, 246.0040006001791, 243.697085316976, 245.81271124945752, 260.5446595933702, 257.69262068006736, 249.94083489312075, 248.29563700358077, 254.69015808105473, 260.3840372721356, 261.55935626559796, 254.85556877983944, 253.82326117621537, 252.40134446885858, 254.17948744032128, 261.35007214016395, 262.4606180826824, 256.15980928209103, 266.77431979709206, 261.7910195244683, 256.6173616197375, 261.12811228434254, 266.111063639323, 268.9562425401476, 264.6562916225858, 271.9150714450413, 275.02363349066854, 268.82773810492625, 269.89687669542104, 273.3667533874512, 273.9262583414714, 275.2140528361003, 270.63503553602436, 270.40098283555784, 276.69645419650624, 275.8698374430339, 273.7474321153429, 271.62372046576616, 274.57161560058603, 276.95887891981346, 275.48075408935557, 275.20168168809687, 272.9020769755046, 274.56736314561635, 279.4873019748264, 275.35870208740243, 279.90507371690546, 274.2515140109594, 268.89658660888676, 268.29870308770086, 263.7851770189074, 265.72154184977217, 262.35809478759774, 271.68122507731124, 271.4364990234376, 278.89043375651045, 278.9009791056315, 276.20159861246754, 268.49177254570867, 280.72720269097226, 278.69257447984495, 279.7351559109159, 274.38476477728955, 272.6854600694445, 270.7594404432509, 270.6590614318848, 269.78277537028, 266.3530361599392, 271.004655541314, 271.636446041531, 274.5107486300999, 270.2479451497397, 265.37010438707154, 266.9069726732043, 275.90651736789283, 274.08356730143237, 266.3190128750272, 261.83715650770404, 261.98500459459103, 259.3411927964953, 254.18254470825198, 256.71556735568583, 253.5661809285482, 256.0589374966092, 261.42893854777026, 247.67852800157345, 262.5018413967557, 265.3304622226292, 260.39610112508143, 262.66893259684247, 259.83051062689884, 258.4980866326227, 236.26367458767368, 236.5058331807455, 245.38742468092187, 238.37507197062178, 238.38630142211923, 242.841227637397, 243.20935304429796, 242.74646987915045, 242.20884255303284, 237.8197925991483, 231.3103787740072, 220.45861273871546, 231.5699532402887, 224.03789579603415, 222.92417725457096, 219.59404279920795, 224.39253955417212, 223.99561267428933, 215.50260480244955, 214.18859024047856, 222.99586851331932, 223.54112455579977, 227.80735905965182, 209.68650605943472, 203.25865605672206, 211.43245519002286, 209.62473483615454, 208.3785767449273, 213.02652375963007, 216.82499444749624, 214.08159667121046, 218.00250006781695, 215.56867930094407, 213.06074490017366, 219.93541340298125, 214.84464848836274, 205.64639324612085, 205.5842796325684, 213.17757059733074, 200.98955493503146, 203.21958075629345, 206.2975362565783, 201.02394286261668, 207.33074497646763, 214.21000349256738, 210.02759738498276, 212.79899970160594, 219.84007814195425, 223.5658131917318, 232.7617619832357, 235.1240691714817, 224.78214645385742, 235.17178794013137, 236.34863035413957, 230.55070419311528, 230.77537239922415, 241.89820488823793, 244.4806907229954, 241.99191992017964, 238.74544516669388, 237.1684211730958, 247.6915321350098, 246.03664533827043, 241.55735863579648, 241.26986482408324, 240.29901496039506, 247.8283788892959, 242.6975904676649, 237.66601359049477, 240.3399274190267, 248.45589548746753, 252.7173977322049, 255.32207565307633, 258.0443024529352, 265.83981458875877, 259.2785608079699, 256.9753506130644, 269.8811296251086, 263.4481593661839, 261.68260006374794, 263.38444714016396, 266.0208675808378, 273.55047005547425, 272.56293606228303, 271.6613001505534, 270.8474057939318, 266.93290083143455]}