{"latitud": -2.682, "longitud": -70.3852, "radiacion": [200.77494549221467, 190.79700902303065, 196.25941899617519, 196.07396367390956, 201.885013071696, 196.24672919379347, 204.0246770222982, 200.54404754638676, 204.95171508789073, 203.0294754028321, 199.1879351298015, 199.73708072238506, 207.60854051378047, 210.2581201341418, 215.07934561835404, 213.85410605536572, 206.99451488918734, 207.79899758232975, 215.33811102973098, 220.95821846856015, 216.92715148925788, 212.81701651679154, 214.3363402472602, 208.73490549723306, 214.437607574463, 213.91233401828347, 216.2858862135146, 220.00353876749674, 217.2611667209202, 214.56497751871746, 211.90446641710068, 211.24470197889548, 216.84616063435874, 219.5875456915962, 221.54117796156152, 228.41792738172748, 219.8881596035428, 215.7570621914334, 218.27673195732976, 215.60965745713983, 214.36820348103842, 214.05125986735035, 213.9032474093967, 214.21072964138463, 210.42017915513782, 211.08257488674596, 208.54654312133798, 202.95967025756838, 205.3786168416341, 203.71361660427522, 201.70309821234818, 201.42647747463653, 204.79423327975806, 199.44051861233186, 205.30914425320103, 205.13947347005214, 203.16322038438588, 204.0615386115181, 209.54359741210942, 210.16838387383356, 200.60621066623276, 197.0907270643447, 195.03325742085784, 193.07592468261723, 193.57487886216907, 190.1804536607531, 186.08424428304033, 186.1088423834907, 186.68619410196948, 187.73415883382162, 182.337712097168, 178.49750985039603, 176.65408986409503, 173.85270165337465, 179.80673378838438, 183.6031892564562, 178.08838517930778, 169.02308883666993, 178.40547349717883, 174.39520848592124, 172.46152801513676, 172.51545630560986, 170.77605514526365, 168.8279774983724, 164.50933532714848, 169.28255776299372, 164.7701234605577, 164.36137568155928, 157.52314156426326, 150.16500074598525, 150.5441644456652, 157.51339255438913, 158.53829693264444, 152.36844609578452, 156.2315181308322, 153.75526368882927, 151.7569264729818, 153.08038872612846, 149.9831008911133, 155.53855688307024, 152.95302658081053, 149.7366694132487, 151.3767747667101, 150.95839682685008, 156.28341615464953, 152.66893742879242, 147.22706841362842, 149.83345031738284, 147.15028703477654, 149.1953169080946, 147.0487369537354, 147.33704668680832, 147.84249996609165, 142.55412885877828, 145.10021464029947, 146.6239700317383, 143.76700621710884, 148.01364729139547, 144.37252290513786, 142.87606667412658, 140.51639251708983, 139.04915678236227, 143.07038684421124, 142.03592503865568, 142.56905483669712, 140.57560568915477, 142.68001285129125, 141.49671986897792, 143.24697452121313, 148.37654800415044, 150.20780537923184, 145.3914221869575, 146.69554562038851, 141.14577077229822, 141.3883539835612, 142.298154619005, 151.3836663140191, 144.25791922675242, 138.87189212375225, 142.857819281684, 145.9436729431153, 145.60038367377396, 149.21195331149633, 140.264116329617, 139.3420574612088, 137.0101287417942, 146.62741639879013, 155.18963563707143, 153.35504057142472, 148.96088316175675, 147.12276806301546, 149.15398508707685, 153.67989934285478, 155.636489783393, 156.80055656433112, 156.40250888400615, 153.0675662570529, 156.7904601203071, 159.2175860087077, 159.2817276848687, 154.24052937825516, 162.72636142306854, 156.03855701022675, 158.20431306627074, 160.3322324117025, 162.25228135850702, 159.83777999877927, 158.61095759073893, 158.05171305338547, 158.83182924058707, 163.1720413208008, 163.92581244574657, 157.188079155816, 152.11539560953779, 151.13177786933053, 167.0988669501411, 166.92106975979277, 166.3448076036241, 164.0736998240153, 163.9388337029352, 169.73913048638244, 168.8711090935602, 160.7967102050782, 160.71036639743386, 174.5435052659777, 181.54709413316513, 175.43293312920468, 175.10133378770618, 168.9252414279514, 169.35225897894966, 179.87478425767685, 178.80605367024745, 176.5022109137641, 177.38011762830956, 177.9653503417969, 181.14098002115892, 183.8884027269152, 179.01960305107968, 176.04584969414609, 180.9004905700684, 187.96701160007055, 185.87686258951828, 177.93685785929367, 183.23511674669058, 183.30780292087138, 187.72199639214412, 192.9044993930393, 188.00783903333885, 177.7283727857803, 193.62670576307508, 198.83966776529954, 194.74025946723103, 192.06601918538414, 185.55190616183813, 185.84619806077748, 194.74873190985792, 192.64123696221247, 181.2676399230957, 183.6058876037598, 185.59216630723742, 191.68648842705625, 187.36501108805342, 182.92668821546772, 184.78601701524522, 191.13768064710834, 193.52261301676432, 194.40792812771278, 195.1577446831598, 184.9531992594401, 194.9764507717557, 192.37755016750762, 195.47470787896054, 182.32667507595497, 195.3658013237848, 194.02955127292216, 206.1337403191461, 199.25674828423396, 194.04702970716696, 190.67117830912275, 193.30511762830943, 200.73922517564566, 200.09843639797643, 194.44019427829326, 188.54391487969295, 194.19920993381075, 197.2223925272624, 193.83655005560982, 187.21781539916992, 188.12183049519857, 188.62864718967015, 195.8105874803331, 193.0691839430068, 186.71876110500764, 185.19992294311533, 195.22680045233835, 192.71779013739697, 189.13113852606884, 181.17434098985464, 192.20735524495453, 185.33913760715063, 193.7337667677139, 190.97660005357534, 185.99673131306972, 186.47847027248807, 183.60261688232433, 190.85700420803502, 186.5240765889486, 184.87361526489266, 180.5697429233128, 187.95678261650934, 187.34419589572488, 193.32110307481562, 178.84126247829866, 189.92725007798944, 190.50666410658098, 189.47495820787216, 182.64292093912772, 181.19290228949652, 176.8264433966743, 181.65528818766282, 187.35629399617514, 185.1805324130588, 177.17601496378583, 182.0504972669814, 179.1817525227864, 174.99341600206162, 174.08610483805342, 170.6600502861871, 176.0713434855144, 182.77178972032334, 184.66034266153974, 174.69411544799803, 173.0898176405165, 176.72306764390734, 170.94777552286783, 178.21365364922417, 171.03117497762045, 170.28481597900395, 170.55834003024637, 174.19881803724502, 170.32007937961163, 170.30627983940983, 166.54262572394475, 167.4443046569824, 168.09708014594193, 170.95240876939567, 163.6299908955892, 166.03901451958555, 159.95056321885855, 165.29506115383575, 164.13616850111234, 160.9602645874024, 161.1240387810602, 170.31671769883903, 160.40150341457795, 162.01186709933805, 162.30822745429148, 160.28599141438804, 159.99706700642912, 165.6111477322049, 165.2053382873536, 171.20130725436744, 161.04967202080618, 161.67824486626523, 163.32251222398546, 169.15596194797098, 162.76012285020622, 163.80450464884447, 160.23939734564894, 164.88519558376746, 169.64821302625876, 172.40881262885205, 169.2830917358399, 167.50846710205084, 162.9592455546061, 164.41477661132816, 171.556808980306, 171.34329477945968, 170.71228722466364, 168.5829226175944, 177.889320034451, 178.11962483723963, 181.38253419664179, 180.86554896036793, 180.08053724500868, 180.5464382595487, 177.75432332356777, 176.88637322319883, 174.53332451714422, 172.81166534423832, 176.26778318617076, 175.2356154547797, 173.11558337741437, 179.81269700792106, 180.86950581868498, 175.32505238850914, 181.08091668023008, 180.86004138522685, 181.5478051927355, 190.75790947808164]}