{"latitud": 5.5148, "longitud": -69.137, "radiacion": [232.02588602701823, 233.34994947645404, 238.88673188951282, 241.09578620062942, 237.40590396457253, 237.69919340345598, 240.20195397271053, 240.3753885057238, 241.25744043986006, 235.25520595974407, 236.90787709554039, 239.66075100368934, 243.87180277506522, 250.61346384684248, 247.71913545396603, 246.04603576660168, 244.70049641927085, 243.82607498168954, 248.62830454508477, 247.6279981825088, 245.04717220730257, 243.45070580376523, 244.48698416815873, 250.0615005493165, 247.4212000528972, 247.35563574896932, 250.05617039998378, 248.6467124091255, 249.41489952935117, 249.24963701036245, 248.68090345594624, 251.0191559685602, 257.2601498074002, 258.28708886040585, 257.4525222778321, 258.66353115505655, 260.5080451117622, 260.16183217366546, 256.53452792697493, 253.9201924641928, 252.79387308756512, 253.1583104451498, 254.99267679850277, 258.11815982394756, 257.8167594061958, 259.30713840060764, 256.3787546793621, 253.37863379584428, 252.48768429226348, 249.5268220689562, 248.45652864244246, 252.07715504964196, 251.07720777723526, 259.1230430603028, 260.80082160102, 258.58539784749354, 262.0187277052138, 263.26081237792965, 261.61780395507816, 262.2350238376194, 259.2002134535049, 258.72671593560113, 258.6988289727106, 260.82725965711813, 258.11795739067935, 254.66299726698136, 257.99699401855474, 254.71049363878038, 256.71477339002826, 252.7609008789063, 250.6819675021702, 250.3857967800565, 245.4853003607857, 244.8492462158204, 249.39674657185878, 250.88239915635862, 252.06049609714088, 251.7228073120118, 256.47202080620673, 252.61137661404086, 249.73516387939458, 253.29890687730585, 244.51886664496533, 250.72295260959208, 246.55622567070859, 237.29643851386183, 233.50588934156636, 233.75458704630546, 228.66223093668626, 229.8548521253798, 228.14467052883575, 225.5790952046713, 227.70646752251525, 228.6597811381023, 224.01842829386405, 217.61993857489696, 219.29138743082692, 220.9469970703125, 217.749907430013, 208.5415443420411, 208.1076469421387, 203.3906723870172, 209.2946083068848, 212.4564492967394, 218.46083416408973, 211.89046376546227, 206.04046741061748, 211.57726152208122, 204.03000912136505, 202.60640788608123, 202.40277565850155, 199.01210183037654, 192.5130159166125, 193.4933233049181, 190.26275210910384, 188.96541120741097, 189.8537261962891, 181.6082243177626, 190.69544245402017, 188.96917817857536, 181.62723829481342, 171.44677234225801, 175.09966447618277, 174.26363355848522, 173.01547063191734, 179.60625042385527, 175.1999064975315, 165.54341032240137, 164.90832095676, 165.24621268378374, 173.22145928276913, 162.77507061428494, 161.33107325236003, 163.40086127387158, 164.89991022745775, 159.35137413872613, 158.15367741054965, 162.6693978627523, 162.4049137539334, 153.38441225687666, 150.60967085096567, 147.12296184963654, 146.65792643229167, 148.13784645928277, 154.29985173543292, 147.2685120476617, 147.616844007704, 144.10826259189187, 150.46660614013675, 155.75785276624893, 152.04083938598635, 152.055424923367, 144.9105387369792, 135.06274337768554, 137.71296081542974, 139.57163971794978, 129.49773156907818, 130.16742672390404, 136.93635728624133, 138.12946832444933, 139.16861826578779, 131.48209834628634, 127.95900158352318, 133.23294147915314, 130.73876961602107, 129.05003729926216, 124.72847633361822, 125.1013195461697, 128.00154058668355, 127.99146177503803, 129.25967042711048, 125.86813502841527, 122.886611726549, 127.56741625467937, 123.00854682922365, 112.6531390296088, 114.39607794019912, 131.53648927476675, 127.50856619940866, 124.19892773098412, 129.51135152180993, 127.16835492451986, 124.68387646145288, 124.88330930074055, 122.28569357130262, 124.97433026631673, 125.7219477335612, 129.44448780483668, 128.63611395094136, 128.9089488559299, 126.11932941012911, 135.64347491794163, 128.2163889567058, 130.75537062750922, 129.59484354654947, 135.9171080271403, 134.8918220943875, 136.60455042521156, 137.24743601481126, 139.79242646959094, 136.26656231350375, 133.58411708407934, 140.87628818088106, 138.00797233581545, 141.81912824842667, 137.81307495964901, 134.60837355719676, 136.14259355333118, 134.946482510037, 133.81490249633785, 136.72114173041447, 137.9985964457194, 137.26213302612302, 139.81645482381188, 144.66822526719838, 147.57107823689782, 142.53992852105037, 149.2007439507379, 146.25096401638456, 152.11878323025178, 153.9065383911133, 154.10899310641818, 154.09548204210077, 147.8308252970378, 154.38154619005, 153.34029549492732, 152.97311019897464, 147.23604456583664, 153.27348827785917, 157.027608066135, 155.33910666571725, 165.25507515801328, 163.4948227776421, 153.0707390679254, 160.1224071926541, 160.3234662373861, 167.22502483791774, 170.1302202012804, 168.4118224249946, 174.6135467529297, 172.98490363226998, 181.8167829725478, 179.3133175320096, 175.04801127115886, 180.64063288370775, 192.36143849690765, 188.27642067803285, 188.76521233452695, 190.7367318895128, 194.54344219631625, 194.91734983656147, 196.58017896016437, 199.53119540744362, 202.70388565063482, 200.247809346517, 205.15018386840825, 200.22466422186963, 190.2166726006402, 195.31829113430445, 204.1103046841092, 203.966005367703, 196.03612001207145, 201.78092193603516, 209.2451293097603, 207.79281014336485, 212.31952955457896, 215.1002725389269, 217.11640489366326, 215.87678129408104, 212.35285110473637, 210.49620539347336, 206.99758648342558, 209.61418846978094, 210.6080756293403, 216.04890187581387, 217.7702945285374, 214.25104971991652, 206.94409010145407, 208.95013139512807, 217.60120552910703, 212.41017922295472, 214.8976790534126, 216.50019387139218, 222.95437342325852, 223.31621907552088, 217.44982672797312, 217.40171864827482, 205.91837844848638, 214.97939648098415, 223.65306955973313, 214.22945344713, 221.08723653157563, 212.7109442816841, 209.83823547363292, 211.70924597846138, 207.04284235636396, 207.49000752766935, 209.2785113864475, 214.80477964613178, 211.60133378770624, 206.56199154324005, 204.7457194858127, 203.9981020609538, 206.7276374816895, 209.1532156202529, 211.4452355278864, 210.00234400431316, 210.73200624254014, 207.87177208794492, 201.64937523735895, 206.9638086107042, 209.04793599446623, 205.94306089613178, 204.34009984334315, 208.33523390028222, 212.260526614719, 207.67694295247398, 203.98756459554036, 211.32968944973422, 218.2626199510363, 215.63595648871532, 216.5491457621257, 217.10070309109162, 218.0065225389269, 213.62947743733721, 211.30922766791457, 217.88241577148438, 220.09064542982318, 218.47388780381945, 221.4393196105958, 222.39187274509013, 226.8985448201498, 219.6728897942438, 223.19233576456713, 228.01129311455625, 224.8650114271376, 227.28163969251852, 226.3004046122234, 224.29504063924162, 228.74955461290162, 232.30935626559793, 234.22837524414072, 239.39369625515414, 234.71504525078672, 232.23867357042104, 235.69808298746761, 229.70944705539287, 233.58983756171344, 232.34021792941624, 234.81486485799164, 232.58457743326832, 228.7951580471463, 227.18008219401045, 228.82941301133908, 228.20689375135635, 232.11172849867083, 230.56853510538744, 236.87685936821833, 235.44636077880867, 233.64027557373052]}