{"latitud": 7.2342, "longitud": -77.8268, "radiacion": [246.9440594991048, 244.7999376508926, 249.53794318305123, 256.5388729519316, 253.18039398193366, 249.48949737548833, 246.87031504313154, 250.25587696499304, 253.0499810536703, 244.86361914740678, 248.23276223076718, 251.0078823513455, 250.5397523668078, 249.21095390319837, 250.47696295844187, 250.92668711344413, 248.20256169637045, 253.26220478481727, 254.37148047553174, 260.965830230713, 260.5694501241049, 253.72263514200856, 264.81988644070105, 264.3912591722277, 260.3844343397353, 266.5648244222006, 266.4852496676975, 268.29625388251424, 270.638331604004, 269.57482096354175, 270.3821818881566, 271.4049650828045, 274.92454566955576, 274.076730770535, 271.6758834838868, 275.1781049092612, 276.1488613552518, 278.2037002563477, 285.0114375644261, 280.8980447133383, 277.0173677656387, 279.522646077474, 279.94331614176446, 277.80346717834476, 276.70275912814674, 281.2388512505426, 278.44804984198686, 285.3927621629504, 287.8634755452476, 285.2036593967014, 287.9919711642796, 285.0179329766169, 289.0984870062934, 287.2291607326933, 286.7490293714736, 282.58804355197486, 283.9494169447159, 289.232226477729, 291.56426018608954, 292.2520012749567, 291.98156212700746, 293.98113521999795, 289.49789267645946, 291.6834185282391, 294.71973741319454, 291.9921323140463, 294.99446309407557, 291.73126483493394, 293.5248787773981, 292.78216764662005, 290.8365447998048, 288.82985644870337, 291.39695731268995, 290.09991438123916, 288.5515263027616, 289.151575724284, 291.9932367960613, 286.88061150444884, 296.3588562859431, 295.3491338941786, 295.65346340603304, 293.6730095757379, 297.55067765977657, 291.022703213162, 298.10726305643726, 294.047666252984, 296.32061903211815, 295.98953060574013, 293.9390175713434, 288.5537002563478, 288.84021335177954, 284.1636038038467, 291.26942274305566, 287.0668359544543, 283.3102063496908, 291.4669331868491, 287.04913262261294, 284.629266442193, 282.60648447672526, 278.2688064575196, 283.63571836683496, 282.4778004964193, 289.4087013244629, 278.9448805067275, 278.71111954583074, 278.18851216634124, 278.28271857367633, 280.39100867377397, 281.8468279520671, 277.1587330288358, 282.2541047838001, 285.49065373738614, 285.2803833855525, 287.67794723510747, 282.70297325982, 270.8120205349393, 263.75996059841583, 274.581891377767, 274.5946143256294, 274.4093356238472, 278.59271952311207, 282.03902350531695, 279.32423070271824, 268.08574697706445, 277.8071189032662, 271.7015034993491, 269.6424841986763, 272.93016060723204, 271.0907541063097, 260.462200164795, 266.88595915900345, 263.03413408067496, 260.2404691908095, 252.27400648329004, 254.82180989583344, 261.53187518649634, 264.88421232435445, 255.21798299153656, 245.3399884965685, 262.4310490078397, 259.7224272833931, 252.42558008829758, 245.26333914862744, 244.14373902214902, 246.9149060991076, 241.5349761539036, 238.60674629211437, 232.44631682501904, 238.25455262925902, 247.79597210354282, 240.10632239447713, 229.76507576836488, 231.51873257954927, 221.6768911149767, 219.45860311720116, 229.47683410644535, 231.61653696695967, 224.01351288689514, 211.9435839335124, 223.92087622748477, 217.9016561720106, 218.19718000623917, 209.4280575646295, 198.51270989312073, 200.86206546359594, 203.10673828125007, 196.84347457885744, 206.67225384182402, 216.04052594502772, 218.6075644175212, 221.61979471842452, 206.93377528720438, 213.82013753255208, 222.60243504842137, 218.97753401862255, 219.65271593729656, 209.59773139953617, 214.7686832004124, 213.58902922736277, 208.90687438117138, 207.58270077175567, 221.99299477471254, 218.99390648735894, 216.72672280205623, 217.98778131273062, 216.72571512858073, 215.2702148861356, 203.44097251892094, 218.1439016130236, 222.043076409234, 210.65483894348145, 215.3357517666287, 211.98552750481508, 212.41884002685558, 222.32293735080302, 214.48281851874458, 212.93530548943423, 213.93300768534354, 211.637357711792, 219.28448723687063, 211.83566012912328, 216.47165798611113, 216.18899375067818, 213.25091438293467, 216.14698172675244, 221.24421886867955, 223.6350234137642, 215.91564178466805, 213.95359319051116, 211.7353350745307, 216.75307871500652, 215.23700319925956, 207.16106054517968, 208.21785214742033, 209.65673094855416, 216.68037253485795, 217.28924747043197, 209.3309691958958, 206.83596026102705, 209.07628271314846, 211.35537473890523, 213.44024119906962, 213.23023613823798, 212.2554438273112, 209.125964694553, 215.30418493482807, 196.98958151075576, 200.1481280432807, 208.62529839409726, 202.55045229593918, 193.79514689975318, 192.95439516703289, 189.92254579332143, 191.81265267266167, 195.27069469028052, 188.8213215721979, 183.53235376146108, 187.81001909044053, 190.2255783928766, 194.3923302544488, 176.68655755784778, 168.54985877143017, 173.1835320790609, 170.8667497846816, 165.39567209879564, 166.30402548048235, 171.92977155049644, 175.2622166527643, 175.38501430087626, 166.49920891655816, 169.57180900573738, 175.92005988227, 169.36000069512264, 175.49169226752392, 158.8693702273899, 170.03014666239426, 169.8263164944119, 161.62049340142153, 147.2132462395563, 147.0500701904297, 155.03266508314346, 153.20269118414987, 137.37710842556424, 133.88602286444777, 141.29844101799867, 150.06802986992736, 142.01309755113388, 139.24645957946782, 145.08417900933162, 138.15036722819013, 126.0241476694743, 135.76582777235248, 140.81533376905654, 140.09504928588868, 144.45248904758031, 141.3646692911784, 133.606246609158, 139.8993804931641, 134.73737441168896, 147.25048522949226, 141.916913901435, 134.3224509769016, 140.34980193244093, 140.0358631557889, 139.12293841044115, 141.56402808295357, 138.71991212632926, 135.24714118109816, 134.00419146219892, 135.20886967976895, 153.21558507283535, 144.9147088792589, 144.24458957248268, 134.87437138027622, 157.27532700432673, 148.2256978352865, 139.57353278266058, 140.32554406060115, 148.64378895229763, 144.9991208818224, 142.57270749409994, 133.12898585001625, 137.53130031161842, 145.36009754604765, 146.4052124447293, 146.08381661309144, 147.61188617282448, 143.07276865641276, 149.94873369004998, 157.55008794996473, 156.19719530741375, 153.80626013014057, 149.63536902533642, 153.67256041632757, 159.5034256829156, 160.21568624708394, 154.65318773057732, 162.26022605896, 161.08098127577045, 152.7386264801026, 161.51360736423075, 162.42262471516932, 167.66112543741863, 169.72641987270777, 173.84113032023114, 167.85664897494854, 169.41525671217178, 167.6660785675049, 168.61980853610575, 184.44872445000547, 187.3307882944744, 183.9702482859294, 173.08873320685504, 174.34149462382, 184.0327489640978, 189.28604032728416, 194.4287867652046, 197.46758732265903, 205.45318599277076, 200.7209243774414, 189.3954808976916, 191.72212486267094, 194.52983445061582, 197.94663878546825, 215.02701581319184, 222.62040070427793, 222.19311955769868, 228.497114774916, 222.927481672499, 227.16552302042655, 231.6650126563179, 227.93799031575523, 227.66254518296986, 224.46099022759344, 217.67398117913146, 222.46818979051378, 230.73727569580083, 230.2237124125164, 230.31241349114316, 225.99875780741377]}