{"latitud": 6.7069, "longitud": -75.27, "radiacion": [261.3000345018176, 259.8522180345325, 261.6162997775609, 263.4286123487686, 265.0599200778538, 260.3051684909397, 250.15110482109927, 252.79395870632607, 261.0357527838814, 262.4824932522245, 259.24214189317496, 252.71733779907234, 254.8310050116646, 260.74776153564466, 262.9483784145779, 264.6003913031684, 259.0920552571616, 256.54903708563916, 256.3966140747071, 259.0764558580188, 259.1642773946127, 253.18783052232538, 257.95999213324666, 264.1886856079102, 260.18836669921876, 261.3382438659669, 261.41457934909397, 263.2022449069554, 262.86348495483406, 272.3404021369088, 273.04948408338765, 268.6639979044598, 273.3288728502063, 269.2599500020346, 271.588176642524, 279.54943550957574, 282.2681877983942, 277.1272469414605, 282.84153984917543, 276.7842714097766, 266.4196922302247, 265.5131622314454, 266.8861824883356, 269.0953575134278, 270.8234974331327, 270.19476826985687, 265.6225546095107, 269.5654517279732, 265.9829265170627, 270.90236053466805, 269.0912186516657, 269.658098687066, 274.245814980401, 279.1092509799534, 283.78682861328133, 277.3959126790366, 275.10648362901486, 272.6038869222006, 270.87718666924377, 271.0911809285482, 269.66016176011834, 269.2395264519586, 265.12248221503376, 262.64468799167224, 265.4245056152344, 264.65989498562294, 273.2507414076065, 270.07696338229715, 270.24993968539775, 265.76821857028546, 264.2390174865723, 262.43195707533096, 265.19971915351033, 258.7091541714139, 259.8865139431424, 266.51232816908094, 267.1056553310819, 269.87896033393025, 265.4163848029243, 268.8347855461969, 270.14215876261403, 272.8128266228571, 271.09548721313485, 260.9556454976401, 257.5150210062663, 252.7117701212566, 255.5569424947104, 257.83213187323685, 258.9323725382487, 260.2142571343316, 249.64499037000874, 260.1816905551487, 265.40186547173386, 265.98926756117083, 264.37578692966036, 266.6361456976997, 260.4043175591363, 258.0803315904406, 254.0581948174371, 258.54184926350916, 262.34828915066197, 256.0690096537273, 255.61890250311959, 254.0930203755698, 262.6094234890409, 261.73125322129994, 259.49645563761396, 259.79274893866653, 258.2150348239475, 261.91093461778433, 258.9355083041722, 257.19839341905384, 262.38502773708774, 262.57498236762166, 259.99432186550575, 261.22463518778494, 262.7470912509495, 261.13803914388023, 257.4382509867351, 267.28317150539834, 266.41410556369357, 256.78755493164067, 258.12657140096036, 258.3669738769532, 258.76626637776695, 263.49800109863287, 257.04661619398337, 258.39704327053505, 261.1602552625869, 263.7030046251086, 267.0827172173395, 270.7704022725424, 270.23283979627826, 263.0281043158637, 261.24617419772693, 258.09630271063907, 265.3396096971301, 259.0343299018012, 259.35278218587246, 275.28299068874793, 271.1620549519858, 267.1342820061579, 266.1251044379341, 270.3969487508139, 275.7436961703831, 282.4224324544271, 277.53166410658105, 269.80213801066094, 276.90193345811645, 277.7959063212077, 285.617094760471, 287.688095855713, 286.30683568318693, 278.65855848524313, 279.0591707865398, 280.106938595242, 281.4683129204645, 280.64128926595066, 280.3677928500706, 278.83522304958774, 284.1462712605795, 289.38040415445965, 286.8455018785266, 281.1649966769749, 281.63282453748917, 276.40634435017915, 281.45502531263577, 285.7409812079536, 289.7696651882596, 294.21013081868495, 293.96396874321846, 288.30680669148774, 287.07520599365245, 285.9184877183704, 290.69684922960084, 287.6783771938749, 287.9190309312609, 292.25392286512596, 291.6089733547636, 288.8057775709365, 285.8336812337241, 290.90233705308714, 296.3958980984159, 294.18958808051224, 296.11754913330094, 290.09664340549057, 289.91207707722987, 291.59234356350373, 296.46701711018886, 295.4614617241755, 293.0070136176217, 292.5912653605144, 297.4163911607531, 298.54389546712247, 299.53268280029306, 297.51164211697056, 298.68323160807296, 297.83584357367624, 299.79148152669273, 296.9292831420899, 299.4383555094401, 299.74366115993934, 295.36795959472664, 301.4136459350586, 301.9410229153104, 300.662681749132, 303.19084489610464, 298.63551330566406, 299.00753267076294, 299.50249277750663, 292.87021840413416, 295.4469840155708, 295.14259863959427, 301.32218424479174, 298.7600524902345, 301.8382700602215, 297.85485780504024, 298.11573816935226, 300.04911532931857, 297.5743390401205, 296.105052778456, 303.47589619954437, 298.8758861965603, 300.52619730631517, 302.29309658474403, 297.9390716552735, 293.743941752116, 298.74728800455733, 296.7846842447918, 298.79092746310766, 295.50448633829757, 295.47205768161365, 298.52692362467457, 303.0042690700955, 301.6913675944011, 299.2400529649522, 296.9943445841472, 300.4992146809897, 300.93413467407237, 300.979392835829, 296.2705288357206, 293.4919358995226, 289.54106733534076, 295.55894707573793, 290.0864164564345, 288.95914137098526, 287.1552651299371, 288.63717430962464, 280.9778022766114, 279.8544972737631, 285.4892007615833, 284.19180789523665, 288.3375417073568, 285.4802541097006, 286.36381386650936, 280.4845979478625, 281.7895013597278, 271.451961432563, 266.98046680026596, 268.48732791476783, 268.5160409715442, 265.7969478183324, 257.8556703355578, 261.22278052435985, 267.4724218580459, 260.8563501146105, 258.99003143310546, 262.4446094512941, 264.1353977627225, 266.2674927605524, 252.5949075486925, 247.8755275302464, 239.81700430976025, 237.9046712663439, 236.69475606282558, 241.369149822659, 241.39503792656805, 236.8956615024143, 236.9479254404705, 237.10091802808984, 243.13130421108676, 241.0406873067221, 231.71167085435664, 223.01787499321836, 217.90209876166446, 223.59031982421877, 222.84237891303175, 222.9457117716472, 219.01515858968102, 215.36351496378583, 218.2481407165528, 219.33376193576393, 208.77358686659076, 216.1068621317546, 210.61936535305452, 213.87310248480904, 209.11196441650395, 206.147865761651, 205.16782099405927, 204.12717577616385, 197.6069586012098, 199.23586824205188, 189.01750912136504, 200.1839853922527, 206.3437222798665, 198.95855712890628, 201.69684660169813, 202.55815607706714, 197.90286093817818, 199.8702303992378, 192.20931260850696, 194.94125425550683, 191.86009856330028, 195.06873991224504, 201.92980211046006, 204.65086135864263, 203.60824152628587, 200.69181382921008, 208.62095006306973, 211.50287704467777, 210.7633726331923, 213.98004879421669, 218.80491845872666, 217.25184860229498, 234.66149359809037, 226.94679412841808, 219.43690071105962, 220.71530990600596, 224.76614320543078, 229.6456564161513, 233.43086174858948, 232.7000613742405, 229.06314726935497, 231.4943017747668, 240.3202935112848, 237.18102018568257, 233.556025950114, 234.5798468695747, 242.69593497382274, 243.0522663540311, 240.99225243462467, 238.4940112643773, 233.58988664415156, 239.6880988226998, 245.06135915120444, 251.35116568671341, 248.52441669040263, 249.38905537923176, 252.36125522189673, 244.19394183688698, 249.26278720431864, 252.33871472676603, 254.86120546129018, 259.24642876519107, 262.3238325330947, 258.8248295254179, 259.10098932054314, 260.7456857469347, 257.8628243340387, 257.6160870869956]}