{"latitud": 3.1128, "longitud": -71.9858, "radiacion": [236.9670562744141, 238.45636003282348, 241.82538850572374, 247.01885426839195, 244.98964631822375, 246.04530487060552, 246.94839113023554, 249.49042460123704, 249.9240638732911, 243.30895640055346, 244.35322689480256, 243.17301601833765, 248.50779868231885, 252.22506501939566, 253.74249581231018, 254.71128904554584, 256.5955613878039, 255.79216088189025, 259.2928380330404, 261.7253921508789, 257.9845145331489, 254.8511798434788, 254.14882948133686, 258.70207400851785, 259.25133870442716, 255.91412921481674, 258.2001700507271, 259.843399556478, 260.83720821804474, 258.75810021294495, 256.5675625271269, 259.24947153727226, 259.9852856106229, 264.5018307156034, 265.1894690619575, 267.4464246961806, 268.5477249145509, 263.8065068562826, 262.3599012586805, 258.73797666761624, 258.2932352701823, 257.8344879150391, 258.1813096788195, 259.53752356635215, 260.09352366129565, 257.0091599358454, 254.3426343282065, 252.45497402615024, 253.93035040961377, 258.3792146470812, 246.9774895562066, 251.89126400417763, 245.75402950710722, 250.91477661132816, 254.41573689778656, 256.7404096815322, 259.54430219862206, 258.59351543850374, 262.867554558648, 258.86595950656465, 250.7672111511231, 250.94789818657773, 244.54312447441956, 249.79939956665044, 245.28768988715282, 242.07832005818693, 243.54816453721799, 242.12523718939892, 243.21076371934677, 240.82945192125112, 237.8449006822375, 237.7857087877062, 231.4446117824979, 233.27511155870226, 235.14028354220923, 226.29789538913312, 229.52349997626416, 228.35784479777024, 232.5709684583877, 233.11583370632601, 228.38335867987743, 231.76731694539396, 229.92920438978413, 234.36404037475594, 227.97938190036356, 216.92991333007816, 213.4028377956815, 204.40952784220383, 210.13102917141396, 207.56563924153656, 199.0432857937284, 197.8607121785482, 199.05562939114046, 207.66311179267043, 202.20978580051008, 192.4765744527181, 192.81883222791893, 197.07950770060225, 203.77759636773007, 200.79995566474068, 190.66095292833117, 184.4414191351997, 191.92182778252496, 198.50353800455733, 202.9895420498319, 197.0373847113715, 190.8506357828776, 190.93319083319773, 193.3033070882162, 195.78574371337893, 186.63485446506084, 183.88763614230683, 185.04508107503258, 188.48857337103956, 186.49143583509658, 177.62100796169702, 169.19826371934678, 176.11106041802304, 181.55058763292107, 183.7658324347602, 178.4812447441949, 169.7965113321941, 166.88211008707685, 161.2729532029894, 163.0960435655382, 171.71531338161898, 165.41676525539825, 160.34981960720484, 163.77276373969184, 167.927618238661, 160.02151769002288, 159.16087239583337, 156.95241182115353, 155.77677637736, 161.5519375271268, 166.46715961032453, 164.9144883049859, 159.6518026563857, 155.9086715698243, 156.37673331366648, 153.64946543375655, 146.74616792466898, 147.1515819125705, 158.1674331665039, 155.15752444797096, 150.1681171841092, 144.68801523844408, 147.78287514580617, 154.99454405042866, 157.82464294433592, 157.96500345865886, 151.19512176513675, 139.6971499972873, 145.67235573662654, 143.93561299641922, 139.38275655110684, 139.55442665947817, 137.93281665378143, 143.2038848029243, 146.47931569417315, 142.3970707363553, 144.05796932644316, 142.30154919094514, 147.9557245042589, 150.44799507988827, 143.42729949951175, 136.96479513380262, 139.5403158399794, 141.1014422946506, 143.1346880594889, 143.0898731655545, 136.7800167507596, 138.66472702026374, 137.39068866305888, 142.65074229770244, 140.96467352973093, 141.93858006795247, 144.7720034281413, 142.0088523864746, 141.1790944417318, 141.4162777370877, 143.06296013726129, 146.95198711819128, 144.7242892795139, 147.06295030381946, 144.49830551147463, 150.3651201883952, 145.60058008829753, 141.7254433525933, 152.87831658257377, 155.3374067518446, 148.0542494879829, 149.47108603583447, 145.1597771538629, 147.43873180813264, 149.83555789523658, 158.683607228597, 161.81449932522247, 159.93289108276366, 155.1041163974339, 152.59263916015627, 154.09061304728192, 158.46356989542645, 161.91324886745878, 157.19628533257378, 159.36878119574655, 159.8971811082628, 160.07517183091906, 155.27332034640844, 165.2118231879341, 166.65753707885747, 163.83783857557515, 161.7717008802626, 160.54535005357536, 158.26862284342454, 160.69302368164068, 163.6740426805285, 161.78036041259767, 164.60788014729818, 164.70637817382814, 161.77733332316092, 165.92507112291128, 166.69601211547857, 165.86709560818144, 166.82281053331167, 168.20533896552192, 165.22264162699386, 163.90039333767356, 167.17698381212023, 163.49613367716472, 163.09832534790044, 167.70735973782007, 166.1014409383139, 158.24108844333225, 159.84102088080522, 167.39286304050026, 169.23712234497077, 168.95153969658747, 172.04505318535703, 171.7629371643067, 171.1719680786133, 173.10779130723742, 168.7875952826606, 175.44497985839848, 175.1379961649577, 175.7198658413358, 170.77580040825748, 170.93817621866864, 174.42939987182618, 175.68304951985678, 177.06849890814888, 179.01908484564896, 177.4613115946452, 174.15876600477426, 176.97886649237742, 181.97613550821947, 174.8997446695964, 174.83137800428605, 180.37420747545033, 179.50124554104283, 182.96527803209096, 177.23727001614043, 184.02807642618816, 189.05784954494902, 189.92646594577369, 190.24429736667216, 188.34537319607216, 189.1144206576878, 190.86260019938152, 196.42921184963652, 188.48641111585837, 193.41116570366762, 194.5388242085775, 198.3940350002713, 192.21378300984705, 197.08739768134228, 195.44418411254878, 191.24672707451722, 193.07928119235575, 187.88453182644312, 193.79219928317607, 196.83221613566093, 198.89934421115458, 202.0327465481228, 198.80991592407233, 194.6500506083171, 195.3156105041505, 196.49656049940322, 208.7208162943523, 208.71013132731127, 197.61374579535598, 199.77224129570865, 195.03409050835512, 197.3280025906033, 197.88432761298293, 196.02118555704752, 191.79552807278105, 189.2756852044, 197.6905314127605, 193.87555304633247, 190.5770376417372, 188.02424121432833, 192.7593039618598, 194.02165434095596, 193.20047980414495, 199.46540934244797, 193.43100221421992, 196.0184678819446, 192.59239832560226, 196.23950203789613, 190.67546479966916, 188.64844953748914, 193.63342293633363, 193.03961308797204, 192.7632290310331, 193.4821023729112, 197.0965770297581, 193.9264094882541, 196.31714884440103, 199.95074963039838, 198.46966552734378, 199.93424555460615, 199.6922757466635, 203.19140540228955, 201.12203886244038, 201.19197277492958, 203.16542188856343, 208.43193935818144, 206.5161296420628, 209.98921000162764, 214.57457139756946, 216.32911919487853, 218.01607420179582, 219.07675196329762, 217.50067214965827, 214.37623909844297, 224.07156982421884, 221.52715267605257, 223.83524271647138, 227.27665854560007, 229.32280222574877, 231.82239049275722, 234.42836168077258, 236.8084919399686, 236.1501546223959, 231.93157357109922, 228.46366933186854, 232.76845499674482, 232.5217863294814, 234.5211366441515, 231.64410892062722, 230.91000027126742, 225.79187961154517, 226.50623677571616, 228.88520618014869, 228.70572747124572, 229.05413394504126, 233.57430063883467, 239.50908898247621, 238.32427537706167]}