{"latitud": 7.9766, "longitud": -72.3251, "radiacion": [261.0503402709962, 262.7308880276151, 263.2239373101129, 265.14677480061863, 262.6864484998916, 260.3241582234702, 262.59592064751536, 267.782596842448, 268.6060048421225, 268.68709394666894, 266.9361953735352, 264.33864932590063, 266.69303097195103, 269.56643710666236, 269.52632598876954, 271.77001342773445, 274.11195288764117, 269.48770022922105, 271.1744047376845, 273.1288184271919, 272.19620971679694, 270.2658937242298, 265.6523946126303, 270.21227518717455, 272.7127612643772, 276.166542561849, 276.7128555297853, 277.3247889200847, 278.0986323038738, 276.9322740342883, 280.76470201280387, 278.8171959771051, 284.2364011976454, 282.6644054836698, 280.66568552653, 284.9590516832141, 288.4819118923612, 285.64739244249137, 285.84158189561646, 284.2635087754993, 282.7636925591364, 280.6917690700955, 285.91461334228524, 283.62656487358953, 287.0826897515192, 285.68459693060987, 284.93436109754776, 284.0003738403321, 288.5860258314346, 288.76872270372183, 287.5073215060764, 290.33081054687517, 295.9665927463108, 295.65906643337684, 297.7529766506619, 293.3252995808921, 296.76787668863943, 297.71637268066405, 296.78459286159944, 297.66525438096795, 297.2374867757162, 293.00359395345066, 289.6176342434353, 291.822625732422, 295.41863267686637, 294.88329976399746, 294.4348195393881, 295.34766506618934, 297.517483859592, 293.7088178846572, 297.05865563286676, 295.23104400634776, 293.5996171739368, 291.9047517564563, 293.28874223497183, 295.9813640170628, 297.80548350016284, 302.35640021430135, 298.80974578857433, 294.933563401964, 296.61731686062296, 297.4797358194987, 302.30527377658433, 300.9903104994033, 299.1654651217991, 291.5400178697375, 285.7923594156902, 286.1018880208334, 292.9888849894207, 290.6765903049046, 286.36303778754353, 290.82508104112424, 295.62985382080086, 294.4655345492893, 297.6090426127117, 300.3287314520942, 297.8238181220162, 299.5200200398763, 296.32753245035815, 291.7155707465278, 287.3071987575956, 291.9693272908529, 290.1339575873482, 294.2383026123047, 296.1905807495118, 297.6167892456056, 293.74421657986113, 292.65597042507596, 295.8081091986763, 292.60996602376304, 287.75812700059686, 289.87096015082477, 291.7969450208876, 296.0644046359592, 292.45801917182075, 285.3586791992189, 291.5823293050131, 291.4393040974935, 286.0635327657065, 286.49104639689136, 291.56735178629566, 289.97853283352333, 281.1486870659723, 285.99590530395517, 289.68852657741985, 284.1253731621637, 282.10902235243066, 282.7220172458226, 282.0432778252496, 282.30343594021275, 283.39626481797967, 285.3835754394533, 285.022681342231, 282.6671651204428, 282.1115197075738, 280.5194195217557, 281.47419687906904, 282.3033499823677, 280.9604504055448, 284.8682423909506, 281.1157648722331, 282.20821312798404, 279.9159257676867, 282.3173480563694, 284.6216723971898, 281.34627134535054, 282.56019931369366, 280.46231638590507, 284.7771272447375, 286.92511935763895, 287.87033827039926, 289.5715857611763, 287.0876773410375, 282.4373974270291, 277.77034844292547, 280.4313090006511, 277.7752031114367, 276.94800516764326, 275.0583977593317, 273.3903952704536, 279.6210915459528, 273.6205420600044, 276.59000752766934, 273.2382078382705, 274.29849344889334, 268.44772271050357, 272.25434909396705, 273.48910505506734, 272.8611014472115, 273.6776928371854, 275.8018059624567, 269.30794974433064, 262.89412214491114, 269.02742970784516, 264.64086752997514, 267.46638522677955, 268.27366061740463, 268.94467112223316, 266.7166846381294, 273.1361540052627, 265.396672736274, 270.6459438747831, 276.23640797932944, 274.2959949069554, 268.30843658447276, 263.9246475219727, 268.36845262315546, 273.4171188354493, 280.45948350694465, 272.89155375162767, 274.20654110378695, 274.02115207248266, 278.3009930080838, 272.1871490478516, 268.97690963745134, 274.42939792209205, 277.8127034505209, 280.7411758422852, 275.4857998318143, 276.8031482272679, 276.13850996229394, 280.94976713392475, 286.51369128757057, 279.56370646158865, 283.60734168158643, 279.2134214613174, 279.84214443630657, 273.7085389879015, 280.28035549587685, 278.91464131673183, 280.3521136813694, 281.8864861382379, 282.2026745266385, 280.15853237575965, 281.4033889770508, 281.871773952908, 281.9398278130426, 283.68003217909086, 289.5117424858942, 285.46929965549054, 283.5114216274687, 289.1257622612848, 283.3858164469402, 283.8090291341147, 285.2996761745878, 281.75741848415805, 281.09942338731565, 278.06550784640854, 280.6546444363065, 279.12851748996326, 281.1805101182727, 285.3521536933052, 292.1453214857315, 285.6737479315864, 281.5436070760092, 276.45086788601355, 279.77055884467234, 281.4589875963, 287.0814943101672, 284.20674421522364, 275.32152709960945, 274.2701577080621, 276.73246154785164, 280.2222868177627, 283.21923353407124, 282.8132349650066, 279.2213972303603, 283.9519178602431, 277.9013512505426, 282.76798366970496, 281.5693901909723, 279.6980390760635, 280.65449320475267, 277.20158403184695, 277.48538953993074, 274.60201975504555, 271.07976175944015, 272.546499294705, 273.95308498806423, 272.2518861558703, 274.354098171658, 279.3296969943577, 273.6053992377388, 273.72559958563915, 273.770910135905, 268.544792005751, 271.52596588134764, 274.6116914537218, 273.82566002739804, 270.7928025987414, 265.50926038954003, 266.6938913981121, 271.0791926066083, 267.3269175211589, 267.53732757568366, 265.13619740804046, 267.0134724087186, 269.0276724073622, 266.3698596530491, 267.3248848809137, 263.7048231336806, 260.0284425523547, 261.7122685750327, 260.7999303181967, 257.6842551337349, 255.7489805433486, 266.3048909505209, 259.9510387844511, 259.43758900960296, 255.06455773247617, 253.01369171142582, 258.94794387817393, 253.95816735161682, 250.16345147026914, 245.08989749484599, 248.43313301934145, 249.39640825059686, 247.04356842041014, 254.3310368855795, 246.4402598063152, 242.54348186916783, 246.50841979980473, 240.97294989691844, 241.93334062364374, 242.89359436035159, 244.1880377875435, 240.87156897650823, 247.08142564561635, 242.74397854275182, 238.36751810709643, 237.39630601671013, 241.0359353807238, 244.18528289794924, 242.09882948133682, 236.24896189371756, 240.07639211018886, 239.51421271430124, 243.81424187554262, 240.32517759535054, 243.91785083346903, 250.58227183024096, 257.71690962049706, 254.6656160990398, 250.6710021972657, 251.04302469889322, 251.12173648410376, 255.25303870307087, 256.3097539265951, 253.43624818589964, 252.49467909071186, 251.50438147650837, 260.8385831197104, 257.0087467617459, 257.7235773722332, 261.0878389146593, 259.34609798855263, 256.04075809054916, 252.13189798990894, 252.0481079101563, 252.31030883789063, 255.7687502543132, 255.08521508110903, 256.7127222696941, 259.6913667466906, 258.1189263237848, 257.8879036797419, 256.9391060723199, 258.469839307997, 257.88596615261514, 252.54310896131733, 256.69048360188805, 257.7353091769749, 255.98424750434037, 255.55862325032558, 258.3056169297961, 262.1653813680013, 260.43908521864154, 263.4435085720487, 259.9281995985244, 262.6119845920139]}