{"latitud": -1.6554, "longitud": -72.4285, "radiacion": [193.56263088650178, 190.45062628852006, 186.18469831678613, 189.07259055243594, 194.3057510375977, 194.54338726467563, 197.59388597276475, 195.55809292263453, 195.1086091783312, 198.65846532185876, 193.94194946289068, 191.64596939086923, 196.6609835306804, 199.35800382826065, 207.2504809061687, 209.18158764309365, 201.6545043945313, 207.14137386745884, 205.63418536716048, 214.13304163614916, 215.09452277289498, 212.91287689208994, 203.0349529690213, 204.32311503092453, 217.4127932230632, 213.42678324381515, 206.7827916463217, 213.47604760064033, 208.13493635389545, 210.1599442376031, 208.331549580892, 209.9803058200413, 201.50017861260312, 209.84348008897572, 218.85652542114266, 214.89436870151098, 212.51457901000978, 207.08910285102002, 209.2564089457195, 204.06258443196614, 202.09192632039392, 203.24799202813043, 202.5050932990181, 198.627005259196, 201.37907909817173, 201.01587626139323, 197.5675584581164, 189.97489946153436, 187.14151577419713, 193.6379412757026, 189.85435002644863, 189.31269243028433, 187.78763173421223, 185.42081510755744, 192.4680500454373, 195.80876100328237, 188.13789664374463, 192.94111828274197, 198.87929712931327, 196.0828638712566, 189.64437756008576, 184.5849683125814, 180.4068226284451, 173.69563742743597, 184.16781539916997, 179.07040337456604, 166.70774561564136, 173.0734537760417, 171.43822530110683, 175.30853771633574, 174.830338880751, 168.98907852172854, 158.64707556830516, 161.58843290540912, 170.3179387410482, 169.09889695909294, 161.6645701090495, 151.3946215311687, 161.6062502543131, 169.33863381279835, 163.15243072509767, 166.7642740037706, 163.299280971951, 161.78071560329863, 160.2463973151313, 155.14421725802956, 148.34597799513077, 151.83581483629018, 146.19278488159185, 146.66520614624022, 148.56408572726784, 148.9774073282878, 147.5175220065647, 145.3686722649468, 138.2202704535591, 138.06413548787435, 140.84259668986007, 143.24409654405383, 143.42610965304905, 144.31959236992728, 141.659268866645, 139.80263731214743, 137.96468281216093, 137.71969494289826, 144.05986328125002, 142.07132534450957, 142.93850801255974, 138.44431940714517, 137.6994620429145, 145.24253896077482, 139.48303536309137, 142.13312284681533, 133.643775177002, 137.06157608032228, 140.58277418348527, 139.02373301188155, 142.54915487501353, 136.65638512505433, 135.8585417005751, 135.95321837531205, 141.24459067450633, 136.04404546949604, 138.6063237508138, 134.67771589491102, 133.42140850490992, 133.46158561706542, 139.02779642740884, 136.0107318878174, 136.02150955200202, 139.90666402180986, 139.5461706373427, 135.71677881876633, 135.33069941202803, 135.08566733466253, 134.53268216451008, 136.44489504496264, 140.7608813815647, 139.13331697252065, 137.31060426500113, 140.03637500339084, 142.4942306518555, 139.87033691406253, 138.32375378078882, 132.65183300442172, 133.6773520575629, 134.53639127943256, 136.6054745144315, 142.26003867255318, 151.47272656758628, 142.934963438246, 143.94000511169432, 142.81700168185765, 147.9352008395725, 141.9704037136501, 145.87782601250544, 141.67754508124457, 141.54039713541673, 149.3735184563531, 147.98830829196504, 149.27204920450848, 148.7481608072917, 152.12173639933272, 141.73443162706164, 150.82036421034076, 149.99886169433594, 150.42461039225262, 149.79759826660163, 153.05511652628584, 146.55117458767367, 144.68205973307286, 148.65111694335937, 148.53428488837355, 152.95726047092015, 147.2774980756972, 144.58219265407993, 155.67487479315864, 158.46924692789716, 155.85438308715825, 156.50645565456816, 157.76992577446833, 157.00247709486226, 158.46699278089736, 152.73377015855579, 155.92476577758794, 164.8258879767524, 168.9353560553657, 163.09481658935553, 160.75149133470327, 161.5970604366727, 158.79716762966584, 172.02593604193794, 165.77382079230418, 168.24549501207144, 169.9755474514432, 168.39812571207688, 174.19998889499243, 173.08681606716584, 175.05515187581386, 171.68087446424704, 174.38092481825086, 175.49910329182944, 173.08892508612743, 171.26398400200742, 179.27914818657777, 172.06992746988934, 174.6144829644098, 174.2499634636774, 172.72472017076282, 174.46297005547422, 173.77703810797803, 180.8559595743816, 184.0934900071886, 179.72297837999133, 169.95698903401694, 171.15850423177088, 179.69896002875439, 176.09902453952373, 168.6787461174859, 171.66930660671656, 173.3240804036459, 181.1739143371583, 174.43045942518452, 171.88638161553277, 169.86718788146973, 172.59862111409507, 177.2003125084772, 182.03114200168193, 181.25051651000982, 173.80303912692602, 171.4149681939019, 174.28482742309572, 181.90379613240566, 169.02420459323457, 174.78045264350047, 172.13936877780495, 185.09860772026911, 184.9727661980523, 180.08313378228084, 176.7757333543566, 172.89788352118603, 182.44663509792755, 179.7514013502333, 183.54083192613393, 167.38447282579213, 179.44466289944117, 179.2622539096409, 177.81898350185816, 168.72050230238173, 168.30341398451068, 174.21585888332802, 174.79401423136392, 172.26726633707696, 168.12715903388127, 170.9281395806207, 170.3641104804145, 172.9064090304905, 175.72567825317387, 171.0184778001574, 170.85659476386184, 171.1713437398275, 178.18396394517688, 176.34435687594944, 175.66937069363067, 172.8293057759603, 172.65512830946184, 171.38815087212467, 178.14812223646382, 170.00205400254993, 167.8687140570747, 171.67451188829213, 175.1820120069716, 178.67447484334306, 173.7436882866754, 180.99912872314462, 176.93735029432517, 180.64436119927302, 176.0828620910645, 169.46324395073793, 169.21885460747617, 168.40151570638025, 169.37709765964087, 178.68216645982525, 171.15557217068144, 172.61020762125654, 173.8300860934788, 166.52927487691247, 168.35627602471249, 162.69799558851454, 171.57647374471034, 174.76387702094192, 175.0502211676704, 165.5414588928223, 164.55653508504236, 167.08899714152025, 158.5160220252143, 167.41439649793833, 167.31032197740345, 164.45563574896917, 161.7268624199762, 162.55501446194123, 165.16305330064563, 170.27475026448568, 165.18308469984265, 160.59125705295136, 161.19417436387803, 165.59930826822918, 165.90068766276042, 154.891530778673, 160.13490761650937, 162.50569110446517, 161.4361521402995, 158.78647494845924, 159.4437188890246, 162.76995171440976, 155.94883338080518, 159.06684409247512, 157.91257633633086, 161.5722123040094, 154.86816872490775, 162.374350060357, 161.47423494127068, 156.65307566324876, 153.3438612196181, 158.87712326049805, 163.7727491590712, 156.44795260959202, 161.21609013875323, 153.4130495707194, 158.33109927707247, 165.75420981513128, 162.42524159749348, 163.2765604654948, 164.50719392564562, 156.5905107286242, 160.95647905137807, 159.10173356797966, 161.27397274441194, 171.25843777126735, 167.18908954196507, 165.78188942803277, 176.62898220486113, 179.92208328247077, 178.93494983249238, 177.55798246595592, 183.658329264323, 180.2051203409831, 176.90686976114912, 175.2107941521539, 172.6537615458171, 175.3728875054254, 175.78815926445859, 172.7599763658312, 171.47789094713005, 172.64030999077693, 176.82684029473208, 173.24162750244147, 174.65547858344186, 170.09781299167207, 176.28021231757273, 189.55763829549153]}