{"latitud": 0.113, "longitud": -75.2114, "radiacion": [210.03975084092895, 213.3384956359864, 214.61203104654956, 216.12146199544281, 219.61301752726243, 222.12166620890306, 223.66195042928064, 223.63073018391927, 219.52901568942607, 214.79339006212027, 213.5825286865235, 212.84585927327478, 211.30707736545148, 225.15816277398008, 222.977474890815, 225.2371254814996, 224.10421583387597, 228.38516277737097, 230.96274566650393, 233.76589406331382, 229.02145495944566, 228.6658725314671, 228.93687451680512, 230.95370220608186, 228.99682337443036, 229.53400488959423, 232.86255645751962, 231.70631069607205, 230.15018039279516, 222.1507603963216, 224.12360042995888, 226.0027771843805, 225.7302996317546, 231.83818300035273, 235.43033099704323, 230.39761784871428, 232.03598175048833, 228.2119727240669, 225.15353910658095, 220.0595427195232, 215.68578440348315, 221.2795104980469, 219.18458786010743, 220.1912484063043, 217.18395546807187, 213.05217895507818, 211.99178246392157, 214.52526045905222, 207.05917070176872, 201.4670574188233, 199.5622484842936, 199.95680194430884, 201.0200032552084, 200.8618013170031, 209.02716903686533, 207.7464163886177, 212.09259652031798, 214.8412322998047, 213.7939129299588, 209.08266983032232, 206.51231409708657, 203.08270755343975, 195.6222828335232, 200.94195166693797, 196.3360340542264, 191.73781975640193, 188.58510894775395, 186.53368386162654, 192.73375396728514, 193.85346374511724, 188.6728686014812, 182.18807970682784, 173.15319540235734, 180.97894473605683, 191.85383317735457, 179.55241444905604, 168.03125194973416, 170.85437944200302, 177.06859732733838, 182.84513108995233, 181.00318349202485, 179.9876789516873, 179.51614651150177, 184.18218510945644, 177.8986302693686, 161.47464031643338, 156.31978658040364, 159.75875506930888, 158.65157352023655, 155.52578676011834, 152.5404560936822, 150.73535647922097, 147.4454312642415, 151.9210155063205, 146.79304267035593, 138.82029800415043, 140.58103595309788, 138.68860015869137, 149.4681215074328, 151.64322916666663, 141.08508347405328, 139.72344156901048, 143.5733036465115, 142.3954255845812, 148.48807635837136, 139.5000125461155, 144.20213055080848, 140.6501838260227, 144.90673548380533, 137.37162301805287, 134.0625460306804, 131.50802396138513, 131.9749360826281, 128.11302931043838, 128.83502243889706, 134.41441726684573, 130.55012563069664, 128.23000954522027, 127.12230156792538, 128.45632849799264, 127.27223485310874, 125.06176172892249, 120.77122993469236, 117.41824014451777, 121.89670634799536, 116.78425161573621, 117.91025941636825, 122.58521703084307, 123.73134053548175, 120.63303298950196, 120.2678215874566, 118.50100428263346, 120.67354202270512, 118.651697201199, 118.57666058010527, 122.83359209696455, 128.611331431071, 126.41795192294656, 122.53951225280763, 120.53424135843913, 117.37127558390303, 122.78179842631027, 120.80587399800623, 118.69502470228407, 119.13068279690215, 116.64353739420572, 115.70784564548069, 120.84169921874995, 127.62888200547964, 124.61215820312502, 121.4212357415093, 115.26916999816893, 120.40993851555722, 121.24283532036675, 120.51234953138561, 114.47615386115183, 118.08983531528054, 121.62358093261723, 125.21703847249346, 124.92163789537216, 123.10694054497615, 122.27313177320697, 121.81093957689076, 124.45694253709587, 123.28519710964629, 126.26885960896811, 124.45228165520564, 125.16070925394702, 125.08711581759984, 120.85351443820525, 119.00491087171766, 123.99851362440317, 125.05445671081547, 120.97179951137967, 119.5843485514323, 119.34429770575629, 122.60518163045253, 127.55571780734591, 130.7363628811307, 132.1392422993978, 128.9619687398275, 128.36606928507487, 127.66057989332411, 127.06759838528103, 131.86782951354985, 136.979573059082, 138.31598358154298, 135.1743126763238, 129.1016714307997, 137.17216389973964, 142.64867231580945, 142.11557829115128, 142.30362286037868, 135.8419616275364, 139.26707271999786, 140.866951751709, 144.80831498040098, 151.09699774848093, 151.3731185065376, 145.5561273362902, 145.4744913736979, 138.64148542616104, 143.32474416097003, 149.88440365261508, 146.81529930962452, 146.64697231716582, 146.63568962944876, 147.86511188083233, 149.06360007392036, 152.6361236996121, 154.62208099365236, 155.05396588643396, 157.29245351155606, 151.74486058553066, 149.2922401428223, 147.9570696936713, 152.32587458292653, 151.23097466362847, 151.96972520616325, 153.74867808024086, 155.09130418565545, 152.70129131740995, 151.88071810404463, 153.91645007663308, 155.72480078803167, 155.93487913343645, 155.08460812038845, 160.1939791785347, 155.55521113077802, 153.13736258612747, 152.33467169867623, 156.78364198472764, 152.0725137498644, 145.7751702202691, 149.9018124898275, 154.26741231282554, 164.22255833943683, 158.48151355319564, 150.60111567179368, 153.91016582912872, 157.2465020921495, 166.84790441724994, 160.2064496782091, 151.30505599975587, 150.05459331936314, 157.78325822618277, 154.59354036119245, 150.57545191446943, 153.630375289917, 156.003374142117, 154.87905027601448, 155.3781965891521, 146.4965100606283, 146.51829876369897, 152.05337507459853, 158.02498474121094, 157.6009384155274, 157.50784581502276, 155.7563025580512, 159.5650110880534, 155.53915863037113, 156.8434795803494, 165.6771431816949, 165.50809453328452, 164.1404934353299, 162.73398420545794, 161.78086157904733, 162.779916381836, 165.52481638590498, 159.41815753512915, 165.04235399034295, 168.29892230563692, 169.86576682196724, 164.73539488050676, 162.67251027425135, 172.9144632975261, 166.17527203030065, 163.13309241400827, 165.5639618343778, 155.72661064995665, 160.9309705946181, 166.3015279134115, 166.52438930935332, 175.54882507324223, 170.72185906304256, 162.35931286282013, 161.0819986131456, 162.24194217258037, 173.5501226637099, 177.6835422092014, 170.94486397637266, 173.22714903089738, 170.86670540703673, 168.49648878309455, 172.2726860894098, 175.26647864447705, 164.10341381496855, 169.80048726399744, 164.97872399224178, 166.4557654486763, 164.56147291395402, 163.92426287333174, 166.5661471048991, 174.53903672960072, 171.3047707451715, 180.105589887831, 171.2317604912653, 167.3737402174208, 166.666207631429, 174.65808020697696, 171.53612442016606, 173.20354953342016, 167.94932496812612, 172.29807887607157, 174.18230701022682, 170.1199694315593, 170.2090337965224, 170.77337608337402, 179.85221930609814, 186.38586434258357, 184.64049123128257, 179.00137880113388, 178.83888380262587, 179.17776624891493, 177.13766691419815, 178.3676637437609, 178.07086240980365, 182.56839904785159, 178.96922387017148, 184.70396465725375, 186.73141674465606, 187.5295471191407, 191.18912285698795, 193.08547643025722, 190.49043757120774, 187.66347707112632, 189.79361021253803, 190.4906915452746, 190.97158406575522, 200.5801614549425, 201.78600311279297, 201.66117095947274, 210.2451814439562, 216.2989164564345, 213.11333897908537, 205.17797978719076, 208.4025816175673, 208.04210374620223, 206.76020762125654, 205.53034193250878, 209.1681660970053, 206.02489251030818, 197.328385925293, 199.89883728027348, 197.46991297403983, 199.22848281860357, 198.3466907077366, 196.58865805731884, 205.25905880398224, 207.63398759629993]}