{"latitud": -0.8717, "longitud": -71.7215, "radiacion": [201.32525541517478, 201.85368262396923, 194.94084871080193, 204.08429633246533, 208.2551761203343, 202.91982667711054, 205.29140667385528, 203.94896341959642, 207.95872158474398, 209.3728502061633, 205.48735944959859, 198.83057445949984, 207.9735033671061, 209.33457226223425, 215.87075432671452, 218.85071818033862, 210.62810100979277, 212.16287968953452, 217.0757751464844, 222.7496002197266, 222.19907811482753, 217.00862494574662, 211.5521596272787, 215.77966842651378, 223.44008399115674, 219.50382275051547, 215.0476693047418, 218.7893279181587, 219.58633058336054, 221.57712894015847, 216.1448476155599, 219.52219289143886, 213.73119150797527, 220.84502860175243, 226.25018547905816, 230.5072292751737, 220.4038074917264, 215.36322445339633, 218.8993180169, 215.85415005154076, 211.10607715182837, 207.93630599975594, 212.6435288323296, 212.4790006001791, 211.1508105807835, 211.03106647067602, 203.94350085788312, 198.1139349195693, 198.24270375569668, 202.63234668307837, 198.43659235636395, 198.92546081542977, 197.1841154310439, 194.83145607842346, 201.0210570441353, 203.05370034111874, 197.84935904608838, 199.78054317898224, 209.74536141289613, 209.30923546685122, 194.73346786499027, 189.16057798597555, 189.59103800455736, 184.67035497029624, 191.63736021253803, 187.1510862562392, 179.27664693196618, 183.99150178697377, 179.01455264621322, 185.3381811353896, 177.5651603698731, 175.52016143798832, 166.5333502875434, 168.31846627129448, 178.62095557318807, 179.0214542812771, 170.93660905626086, 159.6444505479601, 164.8597057766385, 175.65747222900393, 171.3061021592882, 173.46616812811962, 168.78358010186096, 165.7724509345161, 172.00398483276373, 162.53132264879017, 154.22906214396156, 157.7018208821615, 151.3662985907661, 152.79107547336162, 150.85988087124295, 158.26345257229275, 149.78916685316298, 153.45183597140849, 145.8076148139106, 146.1770374721951, 145.38338156806097, 146.45766423543296, 145.83517888387038, 150.7489625295004, 148.08393512301976, 146.59631390041784, 145.96741303337956, 145.07914403279622, 152.02136688232417, 145.79847479926218, 146.95948384602875, 140.74645589192707, 141.65794211493593, 145.5096632215712, 144.0644142150879, 145.5501586914062, 135.96108724806047, 138.96759830050993, 140.47476798163527, 142.94440273708764, 145.5624336242676, 138.9499212476943, 139.94678276909718, 139.30363956027563, 140.1259370591905, 139.7292091369629, 136.6021910349528, 131.62657144334585, 138.7362325032552, 139.3705385843913, 141.81225941975922, 133.98601150512695, 138.7132120768229, 139.818061319987, 137.71269234551326, 133.36877229478625, 129.307628970676, 131.62391382853195, 133.10141406589082, 139.70511084662542, 142.20647794935442, 138.47675331963444, 132.35441572401263, 139.13033252292215, 134.53597924974238, 134.19247004191087, 137.4136122809516, 131.99954901801217, 132.05781809488934, 134.8101509941949, 132.7873739454482, 141.43688388400614, 144.6369595845541, 139.93877758449977, 141.34726172553172, 137.22670669555666, 141.37406421237526, 140.6023812188043, 141.14600490993925, 140.25708296034074, 137.6042960272895, 145.72811419169113, 150.2504448784722, 144.96346058315706, 147.60253117879236, 146.68655268351242, 141.5982916514079, 146.00735168457038, 143.40077438354493, 147.595165930854, 146.9024224175348, 151.14528834025066, 144.4402560340034, 142.95643378363718, 143.04210993448893, 147.28948601616761, 148.40152842203779, 144.90023201836485, 138.71319838629827, 148.47269736395944, 156.59724333021376, 148.53245040045843, 149.06515248616543, 150.31003506978357, 152.2512670728896, 151.43716138203942, 148.41496726142037, 153.95778918796114, 161.42658750745986, 164.10524851481128, 159.16126522488068, 159.44951604207355, 154.29258914523658, 155.32695524427626, 163.55526724921341, 160.5865341186524, 160.66617397732207, 164.21509941948787, 162.4006535847982, 163.14050411648225, 167.94496985541448, 166.25347612169057, 170.02907469007712, 159.64384570651586, 170.00977698432075, 167.7332979838054, 161.1399585723877, 170.63138961792, 170.266101413303, 167.7246667650012, 172.06491283840606, 165.47229046291775, 168.78877097235787, 172.00841886732312, 174.30889316134986, 173.78613527086046, 173.51317053900834, 164.61671244303383, 161.20014360215936, 173.0936395433214, 171.9257983737522, 168.22115843031148, 163.65567270914713, 168.9309431287978, 175.98468577067055, 170.1627805921767, 170.4853067186144, 164.3203694237603, 167.519950442844, 173.04533420138898, 174.5454188876682, 178.02015296088325, 171.50173085530602, 167.83336707221136, 167.973122575548, 172.88897425333664, 168.21677898830842, 167.67578167385525, 167.94687211778435, 180.34754562377933, 185.52571521335184, 173.1689818488228, 169.7005027770996, 173.80026779174807, 180.66356641981338, 173.70771340264216, 175.03725535074872, 163.28003294203018, 176.30515586005322, 181.01483035617412, 177.39005109998925, 169.79984503851995, 167.03296881781682, 174.88799014621316, 176.69535836113832, 178.7354008992513, 171.28627556694883, 168.1506845262316, 170.54873979356555, 174.30094095865888, 177.33360900878907, 172.74126408894858, 167.89208314683705, 174.30112474229608, 177.24736870659726, 176.67309739854605, 176.39255532158754, 175.22291369967994, 175.18184390597878, 175.89259779188365, 179.24271299574113, 171.80955132378472, 173.9973163180882, 175.31503143310553, 175.9802466498481, 175.8112981160482, 175.3884460449219, 180.44284642537437, 180.53544659084753, 182.41500481499574, 181.34840842352978, 171.35208485921228, 171.80312288072378, 175.8137882656522, 171.31179139879012, 178.48287963867188, 172.22121955023874, 176.0460260179308, 172.90087763468424, 169.08474070231117, 169.2055285135905, 168.01704915364587, 171.36319749620225, 179.32122811211477, 177.39341922336158, 167.26764170328784, 164.8967238532172, 166.40432298448357, 163.37827945285372, 169.10921707153324, 164.4833885192871, 162.827889251709, 161.4437771267362, 163.12862854003913, 160.04172193739154, 166.69034440782337, 161.44442299736872, 164.46834759182408, 163.74450785319007, 165.44262602064347, 163.552352142334, 154.20868377685554, 161.41236902872728, 163.16048694186736, 164.3162654452854, 158.72298617892798, 161.10667826334642, 167.9326087951661, 158.9292313469781, 157.65044335259336, 156.9358667161729, 163.21391940646703, 160.7437577989367, 166.11180843777132, 164.89695807562939, 159.56044252183707, 156.56539433797207, 166.4353486802843, 171.01193839179146, 164.89959411621098, 165.62938351101346, 159.58435982598203, 164.58214238484706, 168.03742641872824, 171.15775833129882, 167.82838948567712, 170.382229868571, 169.3537114461263, 172.69199049207896, 172.02039176093209, 168.21108042399092, 174.66883417765305, 176.35619252522793, 179.98249045477974, 188.9868823581272, 184.59620573255754, 184.3071041531033, 187.32927390204543, 194.6215805901422, 191.6198223114014, 191.35211444430885, 186.1907665676541, 181.88224071926547, 188.54249971177842, 189.2157874213325, 186.64154976738826, 180.5074528164334, 190.56187438964847, 193.8469024658203, 185.80753148396812, 188.17369020250104, 187.03038677639435, 188.33237270779088, 198.5662919786242]}