{"latitud": 11.3974, "longitud": -73.5312, "radiacion": [252.66129760742186, 254.0434816148547, 254.14829406738292, 253.40189022488076, 252.43276282416457, 253.46626993815116, 252.34829610188808, 252.49323950873486, 253.54029981825093, 252.88242340087893, 254.26893022325316, 254.78698764377182, 253.62138129340283, 252.78200649685337, 254.86120639377177, 255.8803354899089, 255.57172529432515, 257.3322207980686, 254.51602469550244, 255.39781188964852, 259.3042195638022, 259.40324181450734, 261.96783616807727, 262.3149507310657, 262.3229185316298, 263.4425118340387, 263.929738023546, 265.05678592258045, 264.8856252034507, 265.24444919162335, 267.23610670301656, 269.13544023301876, 270.17760637071405, 268.80104370117186, 271.08869374593104, 270.0351618448894, 270.45028822157127, 271.35785861545156, 273.20703989664725, 273.229089694553, 273.95354614257826, 276.0439692179363, 275.9869264390734, 277.88678368462473, 279.0515009562175, 278.2674986097548, 278.8851759168838, 279.4186297946507, 279.71371324327265, 278.39071909586596, 278.52429962158214, 279.9059310913087, 282.486647881402, 282.8317537095813, 284.57376539442276, 287.35696495903875, 286.8194669935439, 288.71692589653867, 287.7540473090278, 286.07758941650394, 286.718502468533, 289.12511257595503, 287.3828735351563, 292.41236809624576, 291.6548595852322, 290.2580869886611, 291.4441041734484, 293.40541314019106, 289.8850639343262, 294.0646504720053, 293.19292297363285, 295.4689002143013, 296.7183688693577, 297.44659881591804, 297.8172397189671, 298.548316107856, 297.1751683553061, 298.45324113633905, 301.7086269802518, 300.58093312581394, 300.0631369696725, 302.17138841417113, 304.61132795545797, 306.27542402479395, 306.78699035644536, 306.4036393907336, 304.3912485758464, 305.1078826904298, 303.93787536621096, 305.91790245903877, 308.7982620239258, 310.13091498480907, 308.92794562445755, 307.73102925618497, 308.661082119412, 309.7562327067058, 312.54255710177955, 311.32124159071185, 311.60110270182304, 309.91089986165383, 310.48462219238286, 313.5545959472657, 314.42110934787337, 312.9469150119358, 312.0339969211155, 314.0945226033529, 313.31246405707475, 312.71332295735687, 311.28407643636075, 310.29262135823575, 309.8521645439996, 311.5254001193577, 313.00306464301224, 313.91282891167543, 313.62934332953563, 315.31520826551656, 315.3293765597874, 314.0901763916016, 312.62460852728964, 312.0188300238716, 314.39400193956163, 314.1630494859484, 314.6394771999784, 314.9305535210504, 315.14734157986123, 312.1098461574979, 311.3635233561199, 313.44715983072916, 313.28946787516287, 312.90465816921665, 312.8679039849176, 309.92403903537337, 307.0417911953397, 307.7159901089139, 306.3717951456707, 306.4886284722223, 311.63450266520186, 308.0933619181316, 306.40549214681005, 308.5539101494683, 307.5283877054851, 306.20777655707474, 307.4426089816624, 305.63065244886616, 305.9077156914605, 302.35283313327375, 308.3917861938478, 306.2955167982314, 305.42259351942283, 306.004021411472, 305.9116402096219, 310.5513125101726, 310.18650016784676, 312.04849700927736, 304.56450907389336, 303.42635684543205, 304.7145012749567, 305.5947633531359, 305.81513701544867, 303.1627273559571, 305.35336981879345, 309.52743089463985, 314.2885591295031, 312.22370808919277, 308.9789559258355, 310.49308454725485, 311.0850593566895, 314.0456653171116, 314.9287721421985, 314.94726376003695, 317.06925082736547, 315.2048990885418, 314.7345628526476, 314.2144007364909, 313.28849283854174, 317.0252593994141, 315.92571224636504, 317.6064568413629, 314.4697665744359, 315.76794467502185, 317.12843221028646, 318.0359700520834, 317.1532850477431, 317.5703867594402, 318.6219736735027, 318.891385904948, 316.56526760525185, 316.6598271687826, 317.8935921563043, 318.74060228135863, 318.2426361083985, 318.3928209092883, 318.6766530354818, 320.05555894639764, 319.90457322862426, 320.32487453884556, 319.4157202826607, 320.19317152235254, 320.0382544623482, 319.40376281738287, 320.5389516194662, 320.9246860080296, 321.32206963433174, 319.81408318413645, 320.76332058376744, 320.9073164198134, 319.9361694335939, 320.2257568359376, 321.0435638427735, 319.55270012749577, 318.1484298706055, 320.90814107259126, 322.1059726291234, 319.237237209744, 320.46176011827265, 321.27215915256073, 321.2327999538846, 320.27974955240893, 320.3341196695964, 320.6847225613065, 321.0504652235244, 321.23662618001305, 320.6320217556424, 320.35958624945755, 320.4644771999784, 321.31928778754354, 320.69328511556, 320.66536763509134, 321.5643978542752, 320.6625569661459, 319.72606981065553, 318.52919379340284, 316.99752341376416, 321.10170355902784, 320.82021620008686, 320.2658226860894, 320.2838548448351, 320.1239759657118, 318.4977998521594, 318.49021436903223, 318.3029713948569, 317.6867645263673, 316.7502410888672, 317.0887325710721, 316.6561616685656, 315.5281741672092, 314.3501280042861, 316.0971574571399, 315.7416578504775, 314.7294192843967, 315.01818864610465, 314.7473219129775, 314.7127346462675, 312.48789706759993, 312.49125840928826, 310.515500217014, 310.81034596761083, 311.3564792209202, 311.18182356092683, 309.13445790608733, 307.6260637071398, 310.1730428059896, 306.01733059353296, 305.23710123697924, 301.0286697811551, 303.87310384114596, 304.72179879082586, 302.93140682644326, 303.0628529866537, 302.44263322618286, 302.52192196316196, 297.61165296766495, 295.50113889906146, 295.16260274251306, 296.1550008138022, 293.2611288282607, 293.5032669067384, 294.7395797729493, 291.648373328315, 292.4160897148981, 291.06504465738936, 293.00819515652137, 294.9703316582575, 293.87848425971146, 289.29821997748496, 287.41855943467885, 286.9082985772027, 286.5630647447375, 289.40169321695976, 287.12538163926877, 286.89469807942714, 285.29867011176225, 280.1521240234376, 277.6147958543566, 278.4508996751574, 279.64475826687294, 279.57818145751963, 280.2426937527128, 277.74302588568804, 276.06940612792977, 276.7309402465822, 273.96785778469524, 271.59827100965725, 273.4856413523357, 270.7892424265544, 270.9456531100804, 270.83205176459427, 272.443253072103, 271.3481214735244, 270.24411621093765, 269.40065748426656, 270.65428873697925, 268.4513465033638, 265.3078269110786, 265.5741088867189, 264.34812655978743, 262.29245864020464, 260.44026972452804, 260.63660252889, 264.2813134087457, 264.3807259453668, 261.82967631022143, 261.14963701036254, 260.04518246120887, 259.99398142496756, 258.5547485351563, 260.52418755425356, 256.5167055765789, 255.23704850938597, 257.6434161716038, 260.1555399576823, 257.76589626736114, 257.6040439181858, 256.466074371338, 255.9278791639541, 255.17865176730697, 251.9753128051758, 253.65200008816194, 255.22286749945758, 254.90790829128696, 253.74948883056643, 254.54112904866543, 254.16675025092232, 254.16712714301227, 253.73142784966376, 253.30111558702265, 254.24657711452915, 253.8669080946181, 252.22220085991762, 253.00046708848745, 252.71760270860466, 252.2982754177518, 254.07685716417106, 254.3075015597874, 253.81466471354176, 250.28290591769755, 250.89170142279735, 251.7867999606663, 252.23929290771488, 253.44556969536674]}