{"latitud": 5.8701, "longitud": -68.5076, "radiacion": [237.73419257269973, 236.7332514444988, 241.41588795979828, 242.46654273139112, 240.8073593139649, 241.06659817165806, 245.8050091213651, 244.6111736721463, 245.04003711276593, 240.34985775417752, 241.51448262532563, 242.74287974039717, 247.01743672688812, 251.94988945855042, 248.99184502495666, 248.88356475830082, 247.55879677666562, 246.9051736619738, 252.9591049194336, 251.22460344102657, 246.8165746053061, 246.02322557237423, 247.4478098551433, 251.05834706624356, 248.1727045694987, 250.1251829359267, 252.5565000745986, 250.76832767062726, 251.5562042236329, 250.98030056423622, 251.78019358317064, 254.54555816650395, 259.60764211018886, 260.44917263454863, 260.35029246012374, 261.449639723036, 261.9438902113173, 260.615771314833, 260.29340972900405, 255.92754872639986, 256.7475553724502, 256.21204969618066, 257.8362886216906, 261.66712137858076, 260.0921147664389, 262.97612186008035, 257.84981486002613, 258.4212561713325, 255.60857425265854, 253.42300364176444, 252.57662777370885, 255.88420613606777, 256.24935785929364, 261.0733299255371, 263.85202543470604, 262.5780410766602, 265.2450381808812, 268.16548597547745, 266.51561804877394, 268.1203352186416, 265.146167670356, 263.9704678005643, 263.958112080892, 262.8280384487576, 264.1698599921333, 263.03371242947054, 263.28151177300356, 261.9170537312827, 263.1355731540257, 259.973949262831, 259.375402323405, 258.68163748847115, 256.2546278211806, 254.58710564507382, 259.8308598836264, 262.34527053833017, 260.78259582519536, 259.27128550211603, 261.68252148098424, 261.8774175008139, 258.55704803466807, 263.5722896999784, 255.03459345499675, 258.43999515109596, 256.64968905978736, 249.22609185112853, 244.3417455461291, 243.93174853854717, 236.74564717610687, 243.01688537597667, 239.85401026407877, 238.85359336005322, 242.72230928209092, 241.18013831244585, 237.33851623535156, 233.61337254842132, 235.64027642144106, 236.3160350375706, 230.28679224650068, 220.33464711507165, 220.3681271023221, 217.3304670545791, 222.86765628390853, 226.4878981696235, 231.61319834391279, 224.98115022447382, 219.33307579888233, 223.90743721856015, 222.68298263549818, 215.24155019124348, 218.02418848673506, 213.87104398939348, 205.62570732964414, 203.25847498575843, 199.7753779093425, 200.66217507256405, 206.9138448927138, 193.63526806301547, 204.05149586995446, 199.6539197285971, 193.15757090250656, 184.7223826090495, 185.1797420077854, 184.82234454684792, 183.39248504638678, 190.31497124565976, 183.15168567233616, 174.68351584540474, 173.79120110405816, 176.21429545084644, 179.3961704254151, 174.0777432759603, 174.21015650431318, 168.47643788655594, 171.54961047702366, 166.93421478271492, 167.29380319383415, 167.62796262105314, 166.34642105102546, 161.08555314805776, 153.58700205485022, 153.48605232238768, 156.64256091647678, 156.20612360636395, 162.78361519707582, 156.00904151068792, 155.42957403394917, 156.59337319268124, 159.77172275119358, 164.74178670247397, 157.58434439765082, 156.10042978922525, 150.7436045328776, 141.5411703321669, 143.2661483340793, 143.900911755032, 134.33905669318304, 136.84948675367568, 143.20789905124244, 144.616999689738, 142.9846753014459, 135.85731281704378, 136.54584409925673, 138.87633349100756, 140.9892271253798, 137.00412334866, 136.1058953603109, 131.8104295942519, 140.58955518934468, 139.60370335049103, 141.77068066067162, 139.03949322170683, 135.80545730590822, 137.96684816148556, 134.63886956108942, 124.62514644198949, 123.32913199530712, 142.24795731438533, 140.78160921732587, 140.39445135328506, 144.63088658650722, 142.4355259365506, 141.1950658162435, 134.33778258429638, 134.21203698052298, 135.26680539449058, 133.46951870388463, 144.06538340250654, 137.40899285210503, 139.67476721869573, 141.49053649902342, 148.15919524298775, 141.19946267869736, 145.85282380845817, 145.13430158827043, 149.79920531378852, 145.46036067538793, 149.59245469835074, 147.33585230509445, 154.37389687432184, 145.95612797207306, 144.78847948710128, 155.2058195749919, 150.29631517198354, 156.52270439995667, 146.68878445095484, 143.53449143303763, 146.38392223782003, 146.88557434082034, 147.34785156250004, 143.39238204956055, 149.70799738566083, 145.1996168348525, 154.08440000745983, 158.73038804796013, 154.1411913553874, 160.29466281467015, 162.89969575670037, 160.90158471001527, 164.0902121225993, 170.43552847968212, 170.70250133938262, 172.43898959689668, 166.64927304585783, 168.7144359164768, 166.85521960788307, 169.45063438415525, 170.11590296427417, 172.23493135240344, 177.3362211439345, 177.76279534233944, 179.8785864935982, 185.88753674825037, 173.36517283121748, 175.17728034125432, 182.11989390055342, 188.00672022501635, 190.93471518622513, 188.37506484985352, 196.0477372063531, 190.8810000949436, 197.44715237087675, 203.92569385104716, 199.1879020690919, 202.41490368313262, 215.39655303955078, 210.65024176703562, 211.13165181477873, 212.07574861314563, 220.97257605658646, 216.48619028727217, 217.25202814737955, 220.4518877241347, 221.03462778727214, 221.48658752441415, 227.37864405314136, 219.10687476264107, 217.43805889553502, 215.32477747599287, 225.06940366956928, 228.76262681749134, 221.12798919677743, 220.64453286065, 228.8022963629829, 232.78356679280606, 236.17815873887812, 235.74345135158964, 239.19885194566515, 234.74647310045043, 231.77289505004896, 227.5718998379178, 224.93670484754776, 228.77334899902345, 231.40256568060985, 233.30145382351353, 235.84834272596575, 233.6666492038304, 225.23430591159408, 225.94200447930234, 234.2156979031033, 225.70621032714848, 229.3215720282661, 232.8154449462891, 239.34874386257601, 237.1471918741863, 230.88574074639223, 231.23552500406905, 225.90262434217672, 231.61574918958888, 237.94956902398008, 228.09227108425569, 235.50046607123485, 228.95132395426432, 225.16934297349715, 226.47838092380104, 224.71746105617947, 224.32196214463988, 225.21166017320425, 227.22482469346792, 223.41742977566193, 222.30073793199335, 218.52186855740015, 217.07647315131297, 220.2811946445041, 222.1531060960558, 224.42941390143503, 225.50596203274208, 223.8132193671333, 216.7932764689128, 214.7163693745931, 216.65707236395951, 220.7551310221355, 216.1693812052409, 217.19470113118496, 220.90847371419272, 225.81599629720054, 220.25816285875112, 215.4786568535699, 219.9183055453831, 229.27348395453564, 227.89743355645075, 229.75307108561208, 227.71966027153871, 225.13820546468105, 224.03241297403977, 222.85976299709748, 230.1049001057944, 226.35727038913308, 224.31146375868062, 230.23036202324764, 228.29317389594192, 232.58198547363284, 226.24595608181434, 229.034977722168, 233.05795440673828, 233.4537131415474, 231.5407293531631, 230.97499949137375, 229.74154357910163, 233.53219231499568, 235.8167174445259, 239.4673856099447, 241.5889601813423, 239.48609373304586, 239.46023627387157, 239.4541454739042, 233.24291424221474, 235.98611178927953, 234.96756117079005, 240.68271535237633, 236.43591732449008, 235.09012315538192, 230.75470140245235, 234.11785888671875, 234.62679451836485, 235.40325351291233, 234.46951260036903, 240.04928131103517, 239.58355560302743, 239.06763390435117]}