{"latitud": 8.2309, "longitud": -72.8955, "radiacion": [265.20813378228087, 268.55714738633895, 268.49540167914506, 272.16561635335285, 267.77624393039287, 265.3544759114584, 264.49798465304906, 267.8192074245878, 268.25314263237857, 268.6184775458443, 268.079744635688, 268.1428887261285, 271.1577935112848, 275.90679050021714, 276.21359473334434, 273.14778205023885, 273.85645005967893, 271.57800852457694, 272.86650119357654, 274.09225599500877, 272.00345713297537, 270.9454359266494, 271.50092934502504, 276.3494010925294, 277.1751359727648, 278.87274678548175, 279.5146192762588, 279.05493028428833, 277.86082187228743, 284.49383544921875, 284.7973237779406, 284.36958753797745, 287.48218824598536, 287.46941019694015, 289.19814164903437, 290.144507514106, 291.03122762044285, 291.4353730943469, 295.0041178385418, 290.46592203776044, 286.4674503750272, 289.63200920952704, 288.57021569146065, 289.17663591172965, 290.52818790011935, 289.21549903021923, 289.38946482340504, 289.22478281656896, 292.5182718912761, 291.83743074205194, 288.95613555908216, 292.8317677815756, 297.73268466525616, 300.8746385362415, 300.4323744032119, 299.50521596272796, 299.3119096544055, 302.7610171847875, 300.90235527886284, 299.75965889824766, 298.5604358249241, 298.0399553087023, 296.08228107028543, 297.98479563395193, 298.32745700412335, 300.1545132107206, 300.46442616780604, 299.25266537136514, 299.95154978434255, 298.60388607449005, 298.99092508951827, 299.6200190226238, 296.1224226209853, 294.81524793836815, 296.66993645562076, 300.7573759290908, 302.9124403211806, 303.7570254007976, 303.59514702690984, 305.29321729871964, 303.2239451090497, 305.56357625325523, 305.96860283745673, 302.1279051038955, 302.5024959988065, 296.028099738227, 292.99437357584634, 293.9284115261503, 295.65005967881956, 295.1326085408529, 296.2290067884658, 298.4118459065756, 301.58791868421775, 299.2712891472711, 304.06139390733523, 308.1744973076715, 308.8925660875109, 307.0934622870552, 302.03334435356993, 298.2278984917535, 296.38246799045146, 295.6213134765626, 295.84266849093973, 298.6065680609809, 303.39239968193914, 304.7605280558269, 301.49396743774423, 301.40438707139765, 300.83466508653447, 297.96460791693795, 296.64779001871744, 295.1503064473471, 295.6156917995877, 299.13703121609166, 296.01864081488725, 300.5674852159289, 300.94711083306214, 295.63972634209523, 294.13369263543035, 294.58720864189996, 294.2288413153755, 292.7354973687067, 285.5768577575685, 288.460297732883, 289.7091342502171, 286.4235794067384, 284.3371033562555, 284.6497570461698, 287.9494979010688, 284.76538255479613, 286.09871571858736, 286.3318294949003, 286.8193032158747, 284.61594594319666, 283.9855375501845, 282.95800170898445, 279.62047687106667, 282.77459131876634, 282.9462556627063, 284.75937143961596, 288.28428565131304, 285.85065833197706, 281.6759981791179, 281.15951237148715, 284.2401569790311, 282.4520168304444, 282.9753269619412, 282.29484795464424, 291.31565882364913, 288.3778765360516, 290.8316375732423, 292.29971516927094, 292.028559366862, 286.40042453342016, 287.74770245022245, 283.6781890445286, 279.9558586968316, 284.3534519619413, 282.5558208889433, 277.92313842773444, 285.7224352518718, 283.52816653781474, 285.25060645209425, 281.92084130181223, 283.3260548909507, 283.21572011311855, 282.5499944051108, 284.0412272135418, 282.190441216363, 287.27199130588116, 288.28891754150396, 279.56985999213333, 276.55580190022795, 284.9606497870552, 280.18039601643886, 284.55126868353955, 285.1857699924046, 283.0058012220596, 280.76736687554256, 284.67029232449016, 277.6596071031359, 282.5196623060439, 290.5968304104276, 288.1779996236166, 285.7667851765951, 278.97842339409726, 282.51982523600265, 285.97498762342684, 289.2883314344618, 286.9903774685331, 284.20391557481565, 286.05226050482867, 292.31268107096366, 288.16639794243713, 284.08036007351353, 285.7217837863499, 291.0706420898438, 291.79379577636723, 287.89050292968756, 290.7960337320963, 292.110130818685, 291.8213742574057, 296.8247699313695, 292.7647818671334, 299.12473025851784, 294.97188652886285, 294.45079227023666, 289.3635145399306, 296.26940934922976, 292.0428141276043, 291.9444559733074, 289.4241568671334, 294.4792043050131, 291.76316392686635, 294.7239596896702, 296.72150811089426, 297.89711964925135, 295.0229025946724, 297.64277106391063, 298.2253038194446, 294.8438956366646, 298.37038302951396, 298.7839972601998, 299.728596157498, 299.0379928588868, 297.39816029866546, 293.825217183431, 295.90204993353956, 294.3010881212023, 297.24877149793855, 297.89761945936425, 297.73553483751095, 305.12051001654737, 298.37860446506085, 295.22022925482867, 296.4045311821833, 295.91734941270624, 296.92280595567496, 297.5698588053386, 297.6018395317926, 292.8916992187501, 289.29404466417105, 287.80974002414285, 294.0238444010417, 295.61117960611983, 293.81576470269107, 288.76601087782126, 296.15289052327483, 291.72586330837674, 296.42796851264114, 295.12678476969415, 293.5480740017361, 294.08714718288854, 296.25929650200743, 292.4160234239368, 286.39023284912116, 283.6287178887262, 289.1954067654081, 285.71777801513684, 285.5007142808702, 287.0962263319229, 290.0731168958876, 285.4391019185385, 286.859455532498, 286.3787860446507, 287.97348107232, 287.42696906195755, 287.74050869411894, 284.58113674587685, 283.35739729139544, 281.7928453233508, 276.3167385525175, 274.62138451470287, 272.55482940673835, 272.39984232584635, 275.1479731241863, 273.5896299574111, 278.04851362440337, 276.2505299038358, 276.34638010660814, 277.31505025227875, 276.1171960618761, 274.7974901835124, 274.8216268751357, 269.012946065267, 263.70096308390305, 269.96672583685995, 269.140045589871, 267.34250674777576, 260.0440611521404, 257.6631063673232, 260.1787408616808, 259.2638018290202, 258.400661638048, 255.99793302747943, 258.1203481038412, 252.0676424238417, 258.30132013956705, 260.8354632907444, 254.47906112670898, 248.3624338785808, 243.15015945434575, 243.47024027506518, 246.19769460890038, 244.92761268615723, 244.27259072197816, 243.53630777994795, 250.22427902221685, 250.10728191799592, 245.4250990125869, 241.83940887451183, 241.93341691758906, 247.00761896769214, 246.13463745117187, 244.92916810777464, 250.72216466267915, 252.6369121127659, 251.74420505099837, 246.66867980957042, 254.93703316582585, 257.445736609565, 261.27256122165267, 256.94296027289505, 252.3882811228435, 254.74515211317274, 257.59654184977217, 257.1900197770862, 256.97859191894537, 256.65913636949335, 258.9526742723254, 258.12167875501854, 260.46955710517045, 261.04627134535053, 262.97510596381295, 265.68605914645735, 260.50926623874244, 259.1770549350315, 261.82013151380755, 263.28813035753046, 264.19236891004783, 260.22196663750543, 262.43050927056214, 261.99115210639104, 263.7166820949979, 262.9157340155708, 260.8985583835178, 259.41351470947274, 260.08336656358523, 264.3842020670573, 259.803551059299, 260.9747021145292, 262.36089545355907, 263.35164608425566, 263.00295121934687, 262.00354207356787, 265.42319912380657, 264.9821231418187, 267.3131937662761, 266.5047592163087, 265.08550652398014]}