{"latitud": 6.6621, "longitud": -73.0596, "radiacion": [277.6172610812718, 276.1384407891169, 273.4438495212133, 276.4917215983073, 277.30690985785594, 275.4011574639216, 278.521831088596, 279.55341949462894, 278.82239345974403, 281.3044228447809, 274.80110626220704, 270.25880415174703, 275.74551662868936, 279.5417507595487, 277.9730938381619, 283.6984786987305, 283.24119398329003, 279.5788942125109, 278.88495500352656, 283.32953609890416, 282.8918326483833, 280.7068092346192, 282.4236300998264, 284.25059187147355, 287.2223119099936, 285.41630927191846, 286.0096418592666, 290.8091664632162, 286.9409915500218, 289.89957275390634, 293.7202596028646, 293.5877712673611, 294.109046427409, 293.7903818766277, 295.354872470432, 298.71203918457036, 299.8685809665257, 296.56687740749794, 297.88141343858507, 297.5626088460288, 294.868689303928, 289.42534281412765, 294.0701833089193, 292.08928502400727, 294.6477913750543, 295.62456461588545, 296.13160892062723, 290.697290717231, 291.4329406738282, 295.3779005262588, 294.62595011393233, 293.3917305840387, 294.0478812323676, 293.30296054416243, 303.73062557644323, 300.5534844292535, 298.4174689398872, 303.24243452284077, 302.3262229071724, 298.6302315606012, 299.9886518690323, 298.2820141262479, 292.52091352674705, 297.5102483113608, 297.61855282253697, 292.26068471272794, 295.23807830810557, 297.0118882921008, 291.8408311631945, 294.42219916449653, 290.71656731499576, 291.07781032986117, 288.52054824829105, 282.79185570610895, 281.54018147786473, 288.41900583903004, 288.1447430080839, 291.64465213351787, 295.17002563476575, 290.4201183742948, 284.87759891086165, 292.05902252197274, 292.0673109266493, 292.8050326877171, 288.8381437513564, 282.6205963134766, 279.66707712809244, 278.52068464491117, 279.36537272135433, 278.49995769924595, 274.96246253119585, 278.57464294433595, 283.1288934495714, 279.3836470709908, 280.42686360677095, 278.4940411037869, 273.2914218478733, 277.9403546651206, 280.8617114596898, 275.6113745795357, 269.3897401597766, 267.2064092848036, 269.4093571980795, 269.4303709242079, 275.02829081217453, 272.5621331108942, 269.7707320319283, 273.51966400146483, 276.30720842149526, 273.0918616400826, 271.9374347262914, 266.9338221232097, 262.46974114312076, 265.60006493462464, 262.9544630262588, 260.2415106031631, 267.8958708869088, 265.46253602769656, 265.62492268880214, 268.1244537353516, 262.80470106336816, 256.9793325636122, 255.83386162651914, 255.64199990166563, 257.1889704386394, 255.2537751091852, 258.15743993123374, 254.52884758843325, 251.73908835517045, 253.8736161973742, 258.33882751464853, 262.62802700466585, 257.4895874871149, 252.28361918131517, 253.2096976386177, 253.64851633707693, 253.7794740464952, 255.26670820448143, 255.2400751749676, 261.8754586961535, 260.66387413872616, 257.1000700208877, 256.423843299018, 257.89084726969406, 262.4790898640951, 256.05738864474836, 253.95325563218867, 255.3363003200956, 259.6879328409832, 261.2049006144207, 262.861851586236, 262.86759982638904, 260.43350847032343, 254.42229631212032, 248.82261250813812, 256.8426997714573, 251.98300272623706, 251.96171663072383, 250.80044199625652, 249.84930894639766, 255.5362613254124, 252.0844733344185, 248.07054748535165, 250.89589640299485, 247.31682027180992, 243.40836978488497, 245.53271213107644, 247.9018202039931, 250.49120398627397, 250.96916859944668, 248.840601433648, 243.98994411892372, 244.14763031005862, 244.18871917724618, 245.81640540228955, 245.27649909125444, 243.8367112901476, 247.35489112006306, 246.23352381388358, 246.43052978515632, 245.35157063802083, 246.7378268771702, 250.6336418151856, 253.6417068481446, 251.43844740125874, 243.67770250108515, 248.54144575330952, 247.8194495307076, 256.2789237128364, 247.7095742119684, 248.39552341037324, 251.095782131619, 252.39392598470064, 255.40353393554696, 252.9197818332249, 250.9869776407878, 257.0628343370226, 253.10877159966367, 253.89418572319892, 259.6763721042209, 255.67429063585078, 259.672086927626, 257.7739115397136, 256.7318767971463, 259.3301289876303, 256.0233444213868, 259.7802278306749, 250.94418792724613, 256.81849416097015, 257.93784349229617, 258.95916052924264, 256.16081034342454, 256.98594004313156, 258.87757788764117, 256.51568111843545, 258.8371359931098, 257.7200798882379, 255.18740709092887, 261.9047727796767, 260.8890097724068, 263.05732828776047, 266.47516225179044, 262.23602006700315, 263.91791314019105, 264.64277242024747, 260.70797119140633, 261.19000549316416, 264.71690182156044, 263.0916525946723, 261.9307813856337, 260.65130013359925, 264.613006761339, 266.39490288628485, 264.16862589518234, 255.90116661919498, 261.66013997395845, 261.7170717027454, 266.20266604953355, 267.25205993652355, 269.62058156331386, 262.6351771036785, 263.8600557115344, 261.0918087429471, 265.3539883083768, 266.36663208007826, 266.05993381076394, 262.2575152926975, 265.464680141873, 263.3687199910482, 264.46062893337677, 266.7030661688912, 261.3227557712132, 264.17135035196947, 263.36073659261075, 261.68680301242415, 255.88482343885644, 257.7296067979601, 258.4273559570313, 259.22619645860476, 263.04690433078343, 259.7240770128039, 264.54055803087033, 261.1637163798015, 257.6475564744738, 260.9832239786785, 260.82856207953563, 263.07642771403005, 264.53299730088986, 262.5488928900825, 261.19753892686646, 252.06785286797427, 252.5820164150662, 251.99489101833774, 249.81111907958993, 250.35262086656363, 251.75958896213112, 258.19010331895623, 251.4649948120118, 257.01137373182513, 255.58433151245126, 251.86883714463985, 249.69486126369907, 250.29650675455733, 254.13722618950737, 254.8546539306641, 249.25151180691196, 245.79293272230362, 245.36183361477325, 245.58877580430774, 247.59995761447487, 242.04178407457144, 245.00448328653977, 245.31941274007167, 242.32476933797204, 240.36897218492302, 242.51302625868053, 235.01738221910264, 240.8966470506456, 236.9861441718208, 239.51486070421015, 233.22285156250004, 237.27776192559142, 233.10538092719185, 233.96815524631083, 236.9013188680013, 231.96421144273555, 238.75764083862313, 238.81529752943257, 235.0389152526856, 235.6060338338217, 229.41147978040908, 237.92385771009663, 238.1344276428223, 238.57480248345277, 241.2237037658692, 239.82543233235683, 239.72544030083554, 237.20128741794167, 237.8914776272245, 245.16492038302957, 249.53352169460723, 246.47948837280273, 246.53220909966376, 247.80834426879892, 254.99345431857645, 249.69270714653877, 255.40894317626962, 255.23741505940765, 253.39019198947494, 251.95411198933934, 258.9667536417644, 263.92076551649313, 260.2480706108942, 255.89128680759018, 260.8850084092883, 260.25808291965063, 258.26449008517807, 260.4071199205187, 264.3828113979764, 262.100555335151, 263.8537943522136, 265.7410098605687, 265.5480404324001, 269.5203233506945, 266.93310343424486, 267.99001719156905, 264.5977525499133, 265.43885854085306, 268.7540127224393, 262.45800272623705, 266.15874176025403, 266.6472446017796, 263.4067962646485, 265.7495047675239, 267.66390635172536, 265.3137006971572, 267.0940616183811, 268.12691497802734, 269.14583536783863, 270.6818235609267]}