{"latitud": 1.7178, "longitud": -72.5311, "radiacion": [226.95214835272898, 227.74846589830193, 228.854439968533, 233.58897959391288, 235.46729787190762, 235.25710008409297, 233.4188970777724, 234.93345218234603, 234.77245364718974, 234.13522915310338, 228.86193364461266, 232.62003131442597, 227.77031309339745, 236.19536616007494, 238.6491778903538, 239.82509918212892, 240.19859814114048, 238.7431059943306, 243.9986391703288, 247.0362820095487, 243.27991790771497, 237.80503082275393, 240.1893345303006, 247.95653008355035, 249.20537329779737, 245.37498016357435, 246.53565919664183, 249.27272482977978, 247.83917176988396, 244.8004288567438, 241.57019076877177, 246.34079844156904, 244.28558646308056, 251.35205663045255, 252.30881042480473, 253.23497144911036, 250.35192023383252, 246.2387118869358, 245.38166707356774, 241.9949190775554, 241.36609446207686, 239.02111892700202, 236.75960964626742, 239.24408628675678, 237.60300487942175, 234.21191338433167, 231.2459621853299, 231.62559933132607, 236.70921605428066, 233.14279463026264, 224.71523708767361, 227.1000676472983, 222.01360609266507, 228.27387110392252, 231.5767381456163, 231.79940914577915, 235.98319278293195, 237.5422005547418, 240.83799506293408, 235.53166970147035, 222.76266038682732, 220.22257147894967, 221.9109540303549, 222.08123414781357, 220.61970358954537, 211.55010265774197, 212.81710789998382, 211.9334727817112, 212.40510923597557, 215.05303149753158, 210.77387508816193, 209.04460211859814, 197.4367890252008, 203.28443383110903, 209.7191738552518, 198.68661888970271, 195.78871807522242, 191.4268261379666, 201.33181160820868, 203.03966250949432, 202.7839778476292, 199.6974298265246, 199.8976571824816, 202.99616936577695, 201.7439356486003, 184.90658204820429, 179.90503005981455, 173.29040985107426, 183.21959804958772, 178.75048904418955, 176.7256214565701, 172.00931379530172, 176.23075519137913, 179.59284286499033, 175.3078452216254, 169.0230271233453, 166.87196960449222, 164.2933914184571, 172.03571836683497, 176.2487147861057, 170.5960685729981, 164.5351339552138, 163.6014996422662, 171.12884894477, 172.73012432522253, 172.48786146375872, 165.783309088813, 163.36870210435663, 167.49257117377388, 170.00979639689132, 161.84664705064571, 156.4074090745714, 158.2263423495822, 159.75851508246532, 160.7414688958062, 153.86265530056426, 150.37453969319668, 152.26582946777353, 151.4265302022298, 153.88851716783313, 155.91703372531472, 147.78849266899957, 147.19793692694773, 141.23312445746532, 141.3018986596002, 144.38937445746532, 141.89998431735572, 136.6222755008274, 137.7421691046821, 145.1455289204915, 143.37178285386827, 141.57393798828124, 136.11482315063475, 133.48993869357642, 134.8825561523438, 141.64633017645951, 141.0098776075575, 141.29679794311528, 137.75443784925673, 138.50157691107862, 134.22552888658313, 134.5443605211046, 125.89953384399412, 138.3100976732042, 135.99595345391174, 131.89684338039822, 133.04977128770616, 133.90268948872884, 139.66212895711257, 138.93494258456758, 140.74192780388728, 134.72089606391057, 129.7599277496338, 132.25581279330785, 133.51056933932833, 128.13528544108075, 133.54104453192824, 128.43309389750164, 136.23704367743596, 132.34633687337242, 135.20852330525713, 130.56677644517694, 130.86113637288415, 133.26702499389648, 138.86310831705734, 135.78453343709313, 131.28249066670742, 129.55112643771704, 136.9403591579862, 131.46124729580347, 135.28196377224398, 133.509779908922, 131.05599246554905, 131.93522499932186, 130.57906366984054, 131.4956901550293, 132.7548688252767, 133.77906909518774, 137.09168234931096, 138.9098879496257, 138.8244294908312, 140.04903581407333, 144.09050326877173, 142.24611095852325, 138.4428043789334, 145.4419448004829, 146.4566385904948, 143.68397640652128, 139.26069488525386, 146.06294267442496, 153.86071082221136, 152.4577204386394, 147.1411626180013, 144.39989827473963, 142.88449435763889, 150.379813724094, 152.96395831637912, 158.83709072536888, 158.88800218370224, 152.27432759602868, 150.39369176228843, 151.38909767998592, 154.89461347791882, 154.7132028367785, 154.04011887444392, 157.87127049764004, 155.8113271077474, 153.41709493001304, 155.68425157335068, 157.0933174981012, 161.4363335503473, 156.87936528523764, 162.6947987874349, 155.35572052001956, 157.29044545491539, 155.86547787984216, 162.92429182264547, 156.340810139974, 162.8281096564399, 166.8097085740831, 162.68143607245557, 164.72260055542003, 167.4714610629612, 161.89982698228627, 161.23509741889112, 164.1979682074653, 169.56441591050893, 166.66390491061745, 164.99029812282993, 161.8987742953831, 166.77891616821296, 164.27214215596518, 167.9131821526422, 156.34859059651697, 163.4867604573568, 173.58828260633678, 179.89725002712677, 173.32146174112958, 174.40326046413858, 166.46240819295255, 172.7871938069662, 173.70632570054804, 174.5474500868056, 178.87914191351993, 174.0986392550999, 176.4409054226346, 172.24114201863608, 170.6637987772624, 173.6474927266439, 178.7506764729818, 178.21373189290367, 179.88744532267256, 177.2518173217774, 174.38810501098638, 175.47775505913634, 179.60682881673185, 168.72700881958016, 174.76854917738174, 178.41277381049267, 184.4804201761882, 183.10084406534838, 178.01655663384335, 180.73623725043407, 184.88254199557844, 187.68843146430126, 187.2395802815755, 185.6087125142416, 182.51413099500874, 187.61263470119908, 188.44976501464848, 180.02478688557946, 186.0004432678223, 191.33659964667433, 190.46623696221255, 191.53978576660157, 195.2132025824653, 191.13732359144433, 185.48415086534297, 184.76146926879883, 184.48892466227213, 180.21411064995667, 187.49761403401695, 195.45705125596794, 194.055970425076, 191.05927878485792, 184.87839372422965, 186.74937180413144, 191.64016562567818, 198.3132974412706, 200.3284017774794, 186.54786851671008, 191.2887805514866, 182.51578708224835, 190.5259592692057, 192.03413942125113, 191.5376415676541, 183.11269098917649, 183.0822358873156, 192.28329221937392, 186.51643617418082, 183.45913391113285, 178.01970342000322, 182.1052872551813, 190.49897664388024, 190.84763217502174, 197.60188852945964, 186.92845280965173, 187.3473175896539, 181.9992631700304, 187.01896480984166, 182.99564598931212, 180.22530916002066, 182.91106270684142, 187.69435543484164, 188.58767022026913, 186.99898274739584, 189.25367957221138, 184.03587994045685, 189.72205191718214, 195.44021699693474, 191.5054460313585, 195.46582149929475, 197.2653329637316, 197.8410788642036, 198.51277626885314, 193.83939344618048, 194.8053622775608, 196.4277688768175, 200.87038294474291, 197.74592836168082, 204.30660171508794, 207.21391432020405, 207.41879747178822, 210.71081017388238, 208.3098687065972, 206.40617836846252, 208.83160001966687, 208.7257160610624, 208.71079856024855, 219.62680358886726, 219.23364910549594, 218.23218858506948, 220.35888366699226, 227.99342829386396, 227.72872009277344, 224.5224432203505, 221.87578879462345, 225.40700081719297, 225.24566480848532, 220.8400817871094, 218.1755761040582, 217.82142308553065, 216.20932837592238, 221.775368669298, 220.81537484063048, 214.31167865329323, 217.9904705471463, 216.5323101467557, 227.18720482720278, 229.31285086737748]}