{"latitud": 0.9733, "longitud": -73.4386, "radiacion": [217.31765738593216, 218.6915639241537, 221.88107664320214, 222.465971713596, 225.22711181640628, 222.39707497490778, 223.56631512112094, 225.45107048882383, 220.3033784654406, 220.77913360595707, 214.79139480590825, 218.40546434190546, 217.15494028727213, 226.46987228393562, 226.78732070922854, 228.6548239813911, 227.97336451212564, 228.58463219536682, 231.91272269354928, 236.05001059638133, 233.66684875488284, 229.30440750122077, 229.23354237874355, 235.45508227878148, 238.07924516465928, 237.99653388129352, 238.7236069573297, 240.03272950914177, 239.0713083902996, 233.95428153143996, 230.8013101789687, 232.99244978162983, 232.3814496358237, 237.38197750515405, 241.88367987738727, 242.50996034410272, 239.27325456407337, 234.46174553765195, 234.3876299540202, 229.86891064114047, 225.82656148274745, 226.04110048082143, 226.2718549940321, 225.04845377604173, 224.33032302856452, 224.57631479899092, 218.56163101196296, 219.77545259263778, 218.08700154622406, 217.1857642279731, 207.74821896023218, 211.2593119303386, 207.02584991455083, 214.42919726901587, 214.98637585110137, 218.02825851440437, 218.47849044799807, 221.89166556464303, 226.0957622104222, 218.3557239956327, 212.89680684407554, 212.13227386474614, 206.32813661363397, 207.5452363755969, 203.40015352037224, 199.3199490017362, 198.21356294420033, 197.01966900295682, 197.18139728970002, 201.70439054701066, 195.56126522488066, 192.0867260403104, 179.8042501661512, 187.80976359049484, 195.95282016330302, 185.11738959418406, 180.29114540947808, 176.7971277872722, 188.55809292263464, 188.3314487033421, 188.4914454142253, 187.84096739027237, 183.00349731445317, 188.42686386108406, 184.9830119662815, 166.58863542344838, 165.4559096442329, 165.69561377631297, 169.4718926323785, 164.16668056911894, 161.67492201063368, 158.96058442857534, 156.8594390445286, 163.36825612386073, 160.00021107991537, 153.13903283013244, 153.0817682054308, 149.97732204861111, 160.39571575588653, 160.63615027533646, 158.45220235188808, 153.65617438422314, 151.7923340691461, 161.26975284152562, 158.4772364298503, 156.1166664971246, 154.19548856947165, 150.37010904947923, 156.24894163343643, 153.98663448757588, 147.38083419799807, 146.1090544806586, 144.37726355658643, 144.07362255520295, 143.69143973456485, 148.7323777516683, 140.94245919121641, 139.7202145046658, 138.08394114176437, 142.62662726508245, 142.79923061794705, 135.21997519599066, 135.04943813747832, 129.4298258039687, 134.38800548977318, 131.82889989217128, 129.48930231730142, 131.0180204603408, 131.01806454128692, 133.87435052659774, 131.39143125745986, 125.99806743197975, 129.63634974161786, 125.21459681193032, 130.36818915473097, 133.16124632093644, 134.0345919291178, 134.3831498887804, 132.99413024054635, 127.4085017734104, 128.43785298665367, 126.74099532233346, 122.15648485819501, 126.49283379448782, 128.24147923787442, 123.13058191935227, 128.81420601738827, 128.705607647366, 134.03187688191727, 130.89168896145293, 128.78628332349996, 125.79639943440763, 125.48386895921494, 127.99095751444496, 127.17009048461914, 126.15944425794821, 125.5129433525933, 125.7064969804552, 130.3581638760037, 128.77008857727049, 131.72215627034512, 128.27897542317706, 122.66606750488285, 129.40656386481382, 132.09530656602655, 130.57921011182995, 129.0594907548693, 126.48293923272035, 131.46228879292812, 125.55978393554692, 126.32899169921872, 129.0205012003581, 127.04767608642585, 128.35935338338214, 128.54605695936417, 129.2154940287272, 129.79271638658315, 136.2827658759223, 141.8163542005751, 139.57972547743057, 136.02752236260307, 136.5874051411946, 139.63872350056965, 138.3698761834039, 135.54367989434138, 143.1425649854872, 147.91358023749456, 139.075341712104, 139.5298734029134, 142.20269749959314, 147.22512724134663, 147.46511014302578, 147.5344814724393, 139.45478074815546, 146.0292945437961, 149.11316502889, 146.48022418551977, 156.46301197475861, 152.31840642293298, 150.78507037692603, 148.26650238037112, 149.32183447943797, 148.71170972188318, 155.1021321614584, 154.38868234422475, 152.84817377726236, 151.98873307969836, 149.63601913452155, 152.17891862657336, 158.73190324571388, 160.35590337117515, 157.58345489501957, 159.2216211954753, 155.05185364617253, 153.344014316135, 156.261959415012, 155.3977229648167, 154.4434438069662, 159.28629277547202, 160.1392942640517, 154.37998741997617, 158.2404395209419, 161.93960842556424, 157.14852676391612, 156.9362526787652, 163.97185033162438, 165.1842515733507, 163.4037379794651, 157.29047520955405, 155.56347588433167, 159.89688059488932, 156.77725084092882, 159.66911892361117, 150.19230584038635, 157.67511147393122, 163.9507314046224, 174.90233400132922, 162.64011213514542, 157.7944618225098, 156.1978301154243, 165.65679020351834, 165.11785897148982, 166.15410953097873, 163.04539879692922, 162.4146800571018, 167.0844712151422, 164.79848268296982, 158.32315080430774, 164.0020661671957, 167.4449094984267, 165.15165456136071, 169.84827906290695, 164.5277189466689, 161.78148829142253, 165.55455644395616, 164.6447401258681, 162.07326304117842, 164.60335366990833, 168.22935104370114, 171.82516937255863, 168.1511647542318, 167.56958440144862, 172.33108155992304, 175.8247526380751, 176.86666124131943, 177.35245641072598, 173.60514170328779, 175.06808878580736, 176.33830388387048, 174.2354226854113, 171.04825083414713, 174.40088543362094, 188.80068138970273, 178.85962643093535, 178.28886040581605, 185.96139119466156, 178.74982647365994, 176.65342068142365, 176.86324708726673, 172.6016631232368, 171.20432620578347, 179.20297902425133, 182.2840474446615, 186.34461101955844, 179.65084241231284, 173.95713907877612, 175.27585042317705, 177.05408723619257, 181.003583738539, 189.95494350857211, 176.75214174058706, 180.53865559895837, 174.09309726291235, 178.38442323472768, 179.5671633402507, 182.3012691073948, 174.25023201836484, 171.7522271898058, 184.26974639892583, 176.7639135572646, 174.17747412787548, 170.79322162204315, 172.73198750813808, 182.64621819390194, 181.23558586968318, 189.73295771280925, 177.72409752739804, 173.92061555650503, 171.5864991082086, 181.0571721394857, 176.44447004530164, 172.03120040893555, 177.50391854180234, 179.70601433648017, 179.05151791042752, 175.5208590189616, 178.837382083469, 178.9443383958605, 182.65099521213108, 189.42296524047853, 186.01138229370122, 187.53492974175353, 187.99813028971357, 188.50688680013027, 191.0534105088976, 183.39545262654624, 183.44140277438694, 184.73526077270515, 188.96575936211488, 189.15047556559253, 193.35092264811206, 193.50683178371864, 194.59074774848094, 198.76048677232527, 197.94536226060654, 192.56743181016714, 196.445553165012, 195.99259092542866, 198.55968221028652, 208.1590255737306, 204.9626691182455, 205.50810936821844, 211.11343943277998, 219.08005362616646, 218.2170671251085, 213.22553829616973, 212.80093222724068, 214.08150041368285, 212.7514953613282, 211.35486255221903, 211.61846847534184, 206.1413137647841, 205.37599614461269, 212.24944432576498, 209.2980322096083, 203.2684544033475, 200.71889919704867, 203.06763805813262, 212.87229114108615, 214.4101808336047]}