{"latitud": 9.0274, "longitud": -76.3804, "radiacion": [261.51038479275184, 259.52021687825527, 260.7323152330187, 263.03548787434903, 261.5599748399523, 262.5103108723959, 258.5999680413141, 260.4882553100586, 261.6728541056316, 263.1983608669705, 263.3091218736438, 261.99051250881627, 261.45194566514766, 264.99952206081815, 265.5141460842558, 263.1293902079265, 265.7000172932944, 263.9828297932943, 268.52426842583554, 265.58284030490466, 266.0377748701308, 267.9600511338976, 269.71008114284956, 271.73898111979173, 268.3982262505427, 269.3169141981337, 272.20121612548843, 271.05436117384176, 270.16587710910386, 271.84674919976135, 271.85577384101026, 273.32752151489257, 272.762976243761, 275.19061181810173, 279.0501534356012, 279.9810184054906, 281.1125237358943, 282.11541697184254, 282.5813647800023, 283.79468739827485, 283.0779624091256, 284.3289630466038, 281.0290483262805, 282.33205744425476, 284.9681389702692, 284.64416648017044, 284.6240329318576, 283.9288110521106, 283.16856914096417, 287.2126249525283, 285.96773817274317, 285.700117662218, 287.635836368137, 289.5342802259658, 291.79279886881517, 290.78691880967887, 290.540352121989, 290.92451019287114, 292.61576919555665, 292.4852303398981, 293.55270385742193, 293.4857983059355, 295.11544850667326, 294.4035786098905, 296.63002098931213, 292.24705835978193, 295.95721266004784, 295.77296286688926, 295.56513629489484, 300.1019131130643, 298.03256208631734, 298.3447410583496, 299.4482415093317, 300.59829856024857, 298.3708379109701, 298.5519028981527, 300.3817133585612, 300.1644902547201, 302.51005825466586, 302.4188115437826, 301.99208221435555, 301.5381103515626, 304.984036509196, 306.3146338568794, 303.8328187730578, 305.15484042697494, 307.1726311577691, 303.2272249857586, 299.935853152805, 300.48033633761935, 296.5986612531875, 294.98453292846693, 306.1585197024876, 309.26226942274315, 307.03430209689674, 308.25943366156685, 303.72709036933065, 300.7794066535104, 302.5484600490995, 303.37524024115675, 301.6504932403566, 305.03213585747625, 306.8503960503473, 301.2501431783042, 302.82720972696944, 306.6027448866103, 303.1497040642633, 302.0397023518881, 300.30346938239217, 297.12094039916997, 295.6334769354926, 298.4139000786676, 298.21382446289067, 302.71638704935714, 299.3385134802925, 303.3449047088623, 300.0141480339898, 304.8216583251953, 306.3183336046008, 303.4773230658638, 302.2257183498807, 302.36025004916723, 303.76306898329, 299.772694820828, 301.93299984402137, 299.78869238959425, 297.51912502712685, 297.0818361070422, 297.86192389594186, 292.36205779181597, 296.3557378133139, 299.1773120456273, 298.3521670871312, 298.0364791022407, 295.44968689812566, 293.3894694858128, 296.7256401062013, 295.04041188557966, 295.37562213473853, 297.4849461873373, 299.62677730984166, 298.34049021403, 291.46464928521056, 293.3307874891494, 293.0755684746638, 293.6830661349827, 291.31555082533094, 296.47265692816853, 293.24424167209213, 289.3522765265572, 297.14067043728306, 294.1569490220813, 296.8750644259984, 297.30196584065766, 291.91545723809145, 297.02116597493495, 297.53079918755435, 293.0175774468317, 291.7810260348851, 300.4058529324002, 295.00921444363075, 293.06735110812724, 294.5741889105904, 292.8699978298613, 292.1639143202041, 288.2525668674045, 290.1671251932781, 289.0333273993599, 288.4511238945856, 294.0504952324763, 295.1856224483915, 296.29392920600066, 291.91934492323134, 295.70542805989595, 297.7443617078994, 297.88066101074224, 295.4934924655491, 291.82100007798937, 296.3592831081815, 296.0311379326716, 298.28519100613073, 296.7349761962891, 295.48240746392156, 295.56552395290805, 297.47272898356135, 298.40845387776693, 297.97369537353524, 298.65210537380653, 297.18133053249784, 299.26575995551224, 299.32544487847235, 298.57965901692717, 299.83853725857216, 301.9995037502713, 303.99250623914935, 302.69951256646056, 301.4508426242406, 301.46975775824654, 302.43633117675785, 303.4405548095704, 301.050235493978, 302.3625395033095, 302.62465532090937, 304.0477384779189, 301.61643286810994, 304.4788789537219, 303.6405015733507, 300.6454366048178, 301.42676917182075, 302.71945546468106, 303.5881791856555, 300.95335964626753, 303.5958491007488, 302.84104003906253, 302.8636578030058, 306.10211893717457, 305.3244517008465, 303.80361090766064, 306.8456944783529, 302.9361523098416, 303.73760553995777, 305.8765864054363, 305.8779739379884, 305.68844536675357, 305.4042714436849, 305.3014358520508, 300.6408385382759, 302.7895811292861, 301.6489827473959, 303.4899865044489, 302.09958962334537, 301.83213526407894, 305.7684512668186, 303.5023184882271, 302.35711398654524, 299.6790622287328, 298.7149953206381, 302.30607452392593, 299.94783664279527, 303.3943547566732, 299.8072998046877, 296.1756412082248, 301.977478366428, 299.21332829793306, 299.14141582912873, 296.32815195719405, 296.33698933919277, 293.23178405761723, 293.8177010430231, 295.3482899983724, 296.1807895236546, 293.8355038113065, 295.12475399441195, 294.47989773220496, 296.9093149820964, 295.26208546956394, 297.2226674397787, 286.1968987358942, 283.89716593424487, 295.3518164740669, 297.32356313069664, 288.34129384358727, 281.38700926038956, 279.7631931728788, 286.8003256903755, 288.87426045735674, 281.060002009074, 280.31303897433816, 285.4407294803196, 284.45285771687827, 285.2189524332684, 288.1317619747586, 281.7938764360217, 285.9928417629667, 281.666975953844, 280.2941363016764, 273.72307650248223, 285.33804092407235, 282.0106723361546, 279.93581890530055, 276.2263203938803, 280.1464861551921, 283.0257609049481, 276.09471054077164, 275.135621770223, 280.873849826389, 278.47617611355264, 273.5470999823677, 273.31244379679373, 282.08137071397573, 272.3227339002821, 271.52925656636563, 273.65923131306977, 273.9604292975533, 269.32797020806214, 274.9400195227729, 271.86094114515527, 273.9967054578994, 268.32327512105314, 278.2233049180773, 274.57305280897367, 271.18993979560014, 265.9791347503663, 271.05123206244576, 269.3556379530166, 266.0600334167481, 270.17735087076835, 266.31157218085406, 265.86391652425135, 264.053670416938, 269.84838256835945, 266.1977912055122, 262.3729410807293, 260.0154883914524, 265.9958338419598, 262.0798622979059, 262.7569652981229, 252.05813937717016, 255.6995054880778, 264.0520509507922, 266.6633751763239, 268.6727589925131, 262.7585814581978, 262.6216005113392, 267.2886136372884, 261.6684567769369, 265.3298685709636, 257.3205225202773, 260.66397586398665, 262.72890955607113, 259.14739990234386, 259.880345662435, 262.12001393636075, 261.24775365193693, 259.92339134216314, 260.34812910291885, 261.51882697211386, 259.45797610812724, 259.56174892849396, 259.9373294406468, 259.5897638956706, 255.20749401516392, 259.25842319064674, 261.3111631605361, 259.95221150716156, 259.2824364556207, 261.64169599745014, 261.1016425238717, 261.0178424411351, 258.86567314995665, 260.4663657294381, 261.9548780653213, 260.0078920152453, 261.1801927354601, 261.7776489257813, 256.1961085001628, 259.16337615119096, 259.87839558919285, 259.97077094184027, 258.41512675815164]}