{"latitud": 8.2719, "longitud": -73.2887, "radiacion": [252.93646664089633, 248.36938391791458, 252.04126900566953, 253.94824642605258, 255.2175771077475, 247.94077589246967, 243.1410805596246, 243.5170743306479, 246.2966852823894, 245.51745800442168, 243.20991355048295, 244.19290517171225, 251.46165652804916, 256.2866838243273, 259.00433790418845, 248.86362940470386, 247.82589280870226, 250.50206231011293, 251.51619016859274, 250.9632615831164, 247.01423119439028, 248.1942121717665, 255.29454727172856, 258.0425901624892, 255.93882124159077, 257.7195841471355, 259.6457774692112, 261.9529604593913, 263.13960647583013, 265.43252936469185, 265.1491775512696, 263.03127305772574, 264.38523017035595, 266.0725957234701, 268.9536000569662, 274.2049563090007, 271.1840950859917, 272.0846125284832, 276.5427807278104, 271.8869077046713, 267.8069753011069, 267.88772464328355, 267.9741021050348, 266.71516367594404, 266.27134882609056, 268.27353074815545, 268.3237258911134, 268.68477105034725, 272.93331120808926, 269.3125247955324, 266.8599902682834, 270.3512803819445, 275.9414174397788, 281.0195826212567, 281.90922309027786, 279.36941596137154, 276.3767011854384, 277.0302512274848, 273.5168631659614, 274.58624030219187, 272.5012318929037, 271.2103001064725, 274.628604804145, 271.9382230122885, 274.70612805684414, 270.84854431152354, 268.714200422499, 268.5565218607585, 273.63536512586813, 271.01317460801874, 269.5592237684462, 268.4752210828994, 272.25613928900833, 268.60741373697925, 272.74988547431116, 276.8002724541559, 276.7283020443387, 280.2472236633302, 278.13786714341916, 275.7249691433378, 280.81548656887486, 281.1415861341689, 280.4322324117026, 274.32179582383907, 271.83670705159517, 267.6644923739963, 266.9307759602866, 270.3778577168784, 265.9656659444174, 261.3578050825331, 261.8959874471029, 267.94081175062394, 277.1022444831001, 274.55477464463985, 271.43450308905705, 269.2597237481013, 272.9023143344457, 274.3391531202529, 268.73892864651157, 263.0624410841201, 257.4004137674968, 253.50789532131634, 255.29793497721369, 257.3898426479764, 265.5524815877279, 266.6143340216743, 260.4314754062229, 261.5552579243979, 261.1554537455241, 256.27115622626417, 256.3155317518446, 254.11192584567607, 253.0273370530871, 251.27085401746965, 246.59115948147254, 247.62274208068857, 254.23943625556112, 257.7290800306533, 255.4630675845677, 257.3289967007108, 256.2837347242568, 251.7972490098742, 249.10133132934575, 245.24554638332802, 243.91141476101348, 242.73090769449877, 241.25949317084425, 238.98879682752826, 239.74862976074223, 242.93075167338057, 233.67403878106015, 233.05518561469182, 232.23909022013348, 233.89988411797427, 233.69423421223965, 229.40958603752992, 240.45084982977983, 233.43936386108408, 230.7377494388157, 233.15030890570756, 229.4058836195205, 220.83853632609058, 223.60233942667648, 230.92586500379784, 234.47139434814457, 240.16235733032235, 236.38648295932353, 232.92635896470816, 236.89759665595167, 235.50525326199, 238.9620111253527, 243.03030259874132, 241.7888376024035, 228.49301783243823, 229.7850040859647, 231.59549501207144, 224.50248582628038, 221.21356031629782, 221.3232255723742, 223.76654366387268, 223.54901932610406, 227.54993896484382, 230.24640892876525, 224.54253726535376, 218.49592268202045, 218.3374732123481, 224.85579274495453, 230.59106343587246, 229.1556507534452, 233.99739930894646, 241.17107526991117, 235.80666453043628, 228.61634741889102, 233.78959689670145, 238.20436774359814, 234.11988237169058, 234.9584415859647, 240.2732529534234, 243.67690505981452, 248.82668414645738, 246.77667249043796, 247.19905624389662, 245.53801040649418, 242.69573186238617, 242.9576432122125, 235.24592013888892, 239.86972537570531, 239.87617823282883, 249.99767091539175, 246.69082234700534, 251.0984809875489, 250.24296264648441, 250.73314090304913, 249.88729485405824, 245.90195346408427, 250.33468254937074, 256.26869998508033, 247.89128646850597, 248.6476715087891, 252.7645737542047, 259.60453202989373, 252.51620568169494, 256.16208275689024, 258.0032218085395, 257.8841007656522, 254.53850724962035, 255.14325171576616, 248.18728586832694, 255.2669168260363, 248.49912779066304, 243.39885830349394, 236.69816504584423, 248.89508650037985, 246.11096047295464, 246.01296886867956, 243.86661622789177, 249.49496892293305, 249.13294126722553, 255.92333518134228, 254.2590126885309, 244.4942990620932, 251.85130801730688, 258.8080323113336, 253.65190166897256, 247.21504542032883, 249.96066750420474, 244.5910235934788, 246.79577772352437, 251.75494851006405, 245.9047854953342, 249.6809080335829, 250.20577807956283, 254.45235900878913, 238.52560331556535, 241.31538399590397, 242.74001973470058, 242.78469712999132, 238.99911532931858, 249.1505928887262, 239.50900480482323, 237.34095484415698, 233.59304394192168, 248.3354442172581, 245.13767047458236, 238.9057537502713, 238.276165178087, 237.50808792114262, 238.84890636867954, 236.33034651014546, 241.38690592447924, 232.99850675794815, 238.93623072306323, 238.04456371731234, 244.84780383639873, 245.04045325385206, 231.72387852138945, 226.73167597452803, 226.59577102661137, 223.51055942111557, 229.13141292995888, 228.90837275187178, 224.69701266818583, 216.57341740926117, 223.9147886488173, 227.59392700195318, 230.82933256361227, 231.00059170193148, 226.87546776665582, 225.27707934909404, 219.0302226596409, 218.29619945949983, 212.785078684489, 214.06309746636285, 215.01622967190215, 211.6450387742785, 212.36353658040375, 209.1532859802247, 211.49974060058602, 209.14356948004834, 217.38949067857536, 216.71785956488725, 213.6003005981446, 209.94103677537714, 211.35024558173282, 205.16641447279196, 209.20181537204317, 208.1444107903375, 209.5763342115615, 205.9587278578018, 203.02754885355634, 206.59699334038643, 208.54341778225375, 205.75489107767748, 198.3189221276178, 198.01574253506135, 200.06750267876524, 198.32184833950473, 191.42717891269263, 191.7991611056858, 190.54021864997017, 189.36454781426323, 190.8353297763401, 184.40103378295908, 187.96812727186418, 188.4809952206082, 193.62577819824227, 196.77165412902832, 196.78495343526208, 198.16140255398219, 193.69858415391715, 184.9894462161595, 185.9672727796768, 193.54767744276265, 195.49865417480476, 198.52061809963655, 193.21715443929043, 196.2836278703478, 198.50073606703026, 197.8016368442112, 205.90655644734704, 210.46517495049375, 210.48554556104872, 208.67492150200738, 211.85158360799156, 212.87542228698734, 208.18230328030072, 213.81573079427093, 221.89506081475164, 220.15689485338007, 218.88019926283096, 231.63305553860138, 228.5890880584717, 226.4680449591743, 226.78387938605422, 228.3658826192221, 229.8502593994141, 227.00306493971084, 228.22245068020297, 235.15031382242844, 238.5083399454753, 239.96211302015521, 238.57172707451718, 235.5552124871148, 239.49934878879128, 241.13391333685982, 246.20980038113066, 246.0832582261828, 242.86146943834095, 244.89012290106885, 240.02569664849185, 244.3863713582357, 240.6683576795791, 246.8653611924914, 243.28531561957473, 246.77518870035817, 243.21607623630106, 246.59181391398116, 250.19061143663194, 253.84780951605902, 251.72314927842885]}