{"latitud": 3.0515, "longitud": -68.7049, "radiacion": [230.94913457234702, 222.2544741312663, 231.01450898912222, 232.10625729031037, 234.48208643595385, 230.0722632514107, 232.66767383151594, 234.1065214369033, 239.44357401529956, 234.25489620632607, 229.65087458292643, 230.88976169162333, 237.83914930555565, 240.6194151984321, 240.98679563734268, 240.18461668226453, 240.3494246588813, 245.24932666354712, 251.20855484008794, 252.06332355075415, 246.3617407904732, 241.60884094238284, 247.83968811035163, 251.22476179334856, 252.65140957302523, 246.7577098422581, 248.13759613037112, 254.3967530992297, 250.2558844672309, 249.55278489854615, 248.89031795925573, 244.50743526882596, 250.88285505506738, 256.8883177015518, 258.41897972954655, 258.6781344943577, 252.69770948621974, 250.78052427503812, 253.81499337090398, 250.74801389906156, 247.33824539184573, 248.04254523383256, 252.85789277818478, 251.2072872585721, 249.650796424018, 246.6205193413629, 241.07901509602866, 244.95969653659412, 247.29362301296666, 245.45106608072922, 245.90683119032118, 240.73884412977438, 243.5489956325955, 245.6586480034723, 245.64414757622615, 242.79064280192063, 243.97609659830732, 244.36724260118277, 249.24430677625878, 248.7821946038141, 242.228938208686, 234.19003312852647, 234.492417992486, 236.00622550116645, 229.56492097642695, 227.51050245496967, 224.8354508294, 228.55237562391494, 231.25023023817275, 225.09459033542217, 220.72894829644102, 217.9992095947266, 215.760198126899, 216.43131501939573, 226.89582994249136, 216.74307174682622, 216.638057284885, 209.00177222357866, 216.91180046929256, 218.40369661119254, 217.88296720716687, 212.3642369588217, 209.22282901340066, 214.50260450575092, 207.50669386121967, 202.12074305216478, 193.73180520799428, 190.56621119181318, 195.25970950656472, 189.22614466349287, 182.2864946153429, 182.50475565592453, 190.29556257459853, 189.83202599419488, 186.7676934983996, 178.12030665079757, 177.84136852688258, 179.53303714328345, 181.20698182847772, 179.50761464436854, 181.2678338792589, 177.9916374206543, 170.81273549397793, 179.42608659532334, 182.91300515068903, 177.59222488403324, 174.88441289265964, 179.90580368042, 182.307465616862, 174.5125636630589, 171.4042889065214, 169.55650448269319, 169.67234853108724, 173.0612957424588, 169.34973297119143, 166.95193574693477, 162.10885993109807, 157.6340842352973, 161.56367636786578, 169.20102556016712, 162.2057210286459, 155.18890889485675, 150.24598227606876, 156.06021135118272, 158.74006127251528, 154.59250225490996, 151.04856465657562, 148.50798077053494, 151.89140116373704, 152.21641413370773, 151.62489717271592, 145.97729203965932, 146.75744781494146, 148.0495424906413, 146.90344382392038, 151.0996233622234, 150.90593338012698, 148.4023957146539, 146.71101387871644, 147.01795950995555, 141.55464638604056, 140.26063563028973, 139.76313493516713, 145.73759206136074, 142.29439574347603, 137.97079611884226, 138.879701699151, 141.81227544148766, 146.63886142306856, 143.75416225857205, 141.78118565877278, 138.66538458930123, 134.56753650241436, 133.22131305270725, 138.27433353000222, 134.87272355821406, 132.3785398695204, 124.52466574774849, 127.21023771497939, 135.78878648546004, 135.0077206081814, 129.32813254462346, 129.28232701619467, 132.52283265855579, 134.8312532212999, 131.96000400119362, 128.2603379567465, 128.63163087632918, 127.407809109158, 127.00840937296555, 129.92487419976132, 130.03689986334905, 126.62972242567271, 126.17685877482097, 131.21228035820857, 126.60966758728028, 127.69632992214628, 128.99301901923292, 129.5421364678277, 127.58880555894638, 132.52131932576506, 132.52535247802737, 132.22916327582462, 131.96130777994793, 136.37448391384552, 133.89046673244897, 135.4794524298774, 133.68241068522138, 130.32359330919056, 141.23049045138893, 141.10090899997292, 139.65346196492519, 142.50662816365565, 137.09560139973962, 135.78858913845488, 143.7690559387207, 147.87376768324108, 147.22137273152669, 146.78556518554686, 147.68855853610566, 146.77845306396486, 147.21298599243173, 148.87590781317815, 151.32483749389647, 156.0941908094618, 156.3677271525066, 154.80094706217452, 153.9035079956055, 153.67574717203777, 155.9575172424317, 161.8297693040636, 157.4989286634657, 154.84209942287873, 158.0652655707465, 156.5729662577311, 162.25891672770183, 158.41619042290586, 162.85619727240677, 160.94846360948358, 174.0156490749783, 173.04422336154516, 167.8912901136611, 170.27554092407232, 172.72352066040048, 176.81075371636288, 176.10601611667218, 171.9097865634495, 172.48169547186956, 174.87894193861226, 174.35556708441845, 174.72871051364476, 174.27788119845923, 176.2560830010309, 171.6022544860841, 174.75388056437177, 185.40377180311415, 181.16101565890847, 181.26613210042328, 184.6383291456435, 190.51003757052953, 187.47869415283208, 188.0351811726889, 181.2256738450793, 184.3733767191569, 190.22081832885746, 184.74608120388464, 188.82844026353624, 183.41969078911677, 184.09204966227216, 192.11498040093318, 195.1152093675402, 193.13197750515414, 188.6688115437826, 190.1251200358073, 191.65270894368496, 191.8830652872722, 184.13084081014003, 180.60000067816839, 184.39240849812828, 188.68083936903213, 189.92297083536786, 185.22449612087678, 189.07470592922638, 191.75654424031578, 195.0554968939887, 193.45812284681543, 192.3950427585178, 191.988260904948, 189.28899256388354, 192.77241160074868, 186.74052352905275, 191.58376770019527, 187.57156516181104, 186.24747187296558, 190.98682462904193, 192.16599646674266, 194.01869998508036, 189.11577072143564, 187.52825707329643, 192.56930677625874, 190.4184017605252, 188.32498448689785, 184.54980044894742, 190.48807118733723, 187.40395524766708, 185.14915101793076, 181.57380260891387, 183.32738978068028, 185.05679762098524, 189.2009194268121, 179.83463643391931, 186.8413043551975, 177.50581224229612, 175.9018176608616, 185.182447136773, 179.05876575046122, 179.59039620293507, 180.10822753906257, 181.7553104824491, 175.91176537407782, 174.83579330444343, 171.69835069444449, 172.78532850477436, 180.11525438096794, 177.21368408203134, 178.27504187689888, 177.32101626926, 175.74717805650496, 176.64157816569016, 173.63688769870342, 174.37629648844396, 175.80621880425352, 169.2278756035699, 174.38589113023545, 168.85284364488402, 169.65139558580194, 167.31338958740238, 170.96603071424704, 172.13825564914282, 179.87135476006404, 178.4619084676107, 175.71096318562832, 179.74408459133574, 191.46940282185872, 182.42569283379453, 183.4705268859864, 180.56079627143018, 187.83848724365234, 190.08256488376196, 188.39500952826612, 192.36996765136726, 192.71608649359817, 196.44414240519214, 195.07341249254011, 194.8752085367839, 191.36652187771267, 194.07682452731663, 199.11119359334313, 197.238060590956, 205.65833036634663, 206.91987787882496, 205.11046490139438, 214.22717005411786, 215.3004382663303, 222.90784132215717, 214.77162373860685, 213.97127287122944, 214.26633750067822, 219.16877560085723, 217.68382975260423, 211.7695022583008, 204.36044803195534, 204.5249318440755, 210.0750038146973, 216.37049475775828, 217.16096895005967, 210.48367046780064, 212.70152070787222, 224.0936475118002, 225.13712955051005]}