{"latitud": 6.424, "longitud": -72.6818, "radiacion": [250.96613659328895, 246.7314492119684, 246.2792047288684, 247.92712012396927, 246.11308746337895, 246.55526767306858, 245.14005262586815, 250.44339820014116, 257.31060485839856, 256.9051879882813, 249.23628184000657, 243.01670693291564, 247.92989179823144, 256.33317362467454, 254.47758627997518, 260.90169304741767, 255.88784493340395, 255.03054292466913, 252.53405804104284, 263.39398591783316, 256.5236477322049, 252.09664213392477, 257.7446131388347, 257.08991224500875, 262.6899976942275, 252.70352511935766, 262.50691019694017, 268.7021943834094, 261.8437927246094, 262.726459757487, 267.12865965101463, 266.30951707628043, 263.3331534491645, 260.6306164211698, 259.42172037760423, 271.23873697916673, 275.73167521158854, 264.39430084228525, 265.5647153218588, 263.333921983507, 263.11441769070103, 260.2907424079049, 262.15756191677525, 259.99632754855696, 260.3351155598959, 261.46769493950745, 261.2699801127116, 252.8299693637425, 255.18252003987627, 260.9075759887696, 257.49220767551003, 254.44426812065979, 258.21446736653655, 263.8351364983453, 271.60327436659077, 273.0722766452366, 273.56862250434034, 273.86535305447046, 271.0619011773004, 265.9457755194771, 267.49455685085735, 262.0911042955188, 260.0862786187067, 264.97888683742957, 265.1874860975477, 251.40325766669386, 257.5153377109104, 257.0292056613498, 255.0834698994955, 255.52255850897905, 249.0904625786676, 252.15563668145072, 253.755643802219, 241.03584153917106, 240.15255499945746, 249.75995797051334, 255.01272710164395, 256.3314510769315, 255.6483450995552, 246.9761357625326, 245.51191143459747, 255.00494520399312, 255.66075100368926, 248.9075844658747, 246.06984252929695, 238.4937614440919, 230.40309066772463, 235.19423887464745, 240.00389895968974, 237.53107215033643, 231.91771757337787, 227.61287256876633, 238.22359152899853, 241.59701826307523, 241.37723676893458, 235.38057089911572, 236.8877239651151, 239.0623401217991, 236.38235651652022, 232.64879769219297, 228.22624011569565, 223.53191613091363, 226.72386347452803, 228.26816880967888, 239.59383807712138, 237.98976338704438, 226.2915025499132, 227.96995697021498, 239.89241985744903, 235.62511698404958, 229.93831744723855, 227.09799575805664, 224.40777087741438, 225.937961324056, 228.32029249403217, 229.6623693678114, 237.40692943996854, 230.84334030151368, 235.82753067016606, 232.52901153564463, 232.7582632276748, 224.64919450547964, 217.45631332397474, 216.91588422987206, 223.5807370503744, 224.16104151407885, 221.06654997931597, 218.08411687215175, 221.493204498291, 222.3405892266168, 226.88705927530933, 219.84466086493603, 220.21813973320863, 221.16136118570967, 221.463880666097, 224.76661504109703, 220.9357291327582, 222.54116812811966, 221.2079230414497, 227.78783976236983, 227.40367948744037, 227.60618201361766, 225.7390886942546, 226.57152523464632, 241.64724451700852, 233.1733307732477, 230.54316313001848, 231.54138429429804, 232.6123004489476, 235.48252944946293, 239.68001865810825, 242.5134340074328, 237.7724513583714, 229.66978064643013, 227.5768843756783, 236.08588010999895, 236.51168382432726, 241.5654863993327, 231.29135386149096, 226.36417914496533, 242.44922163221577, 237.2429891798231, 234.12698932223853, 229.97165323893236, 225.6210344102648, 231.67380896674266, 232.85460027058926, 239.98279766506622, 244.39721412658687, 246.5346295674642, 247.9172557406956, 242.0326719495986, 244.04830669826939, 242.98221876356342, 249.03458964029952, 234.30483839246963, 235.68116828070754, 245.1321575588651, 241.9982400682238, 249.65465096367734, 246.2922810024685, 250.47820697360575, 250.78670654296877, 248.96907636854394, 246.9580436706543, 242.07179387410494, 248.14865985446522, 249.65268546210396, 256.5321701897515, 247.29970118204756, 245.44234263102217, 251.6900839063857, 248.26685384114592, 247.95723834567602, 255.06555048624685, 258.44731894599073, 259.03599243164075, 256.68587612575953, 258.11167093912763, 262.93800065782347, 253.83729375203453, 266.6992712232802, 264.990069156223, 257.7433136834039, 266.3226749844021, 262.1515871683757, 264.54314549764007, 250.246977572971, 262.11292309231237, 257.3975852118599, 251.38399929470492, 249.2623068915474, 259.3516748216418, 260.6885891384549, 261.1061136881511, 258.2834257337783, 259.6359821743436, 262.3343158298069, 269.24963056776267, 262.23834025065105, 259.4498747083876, 268.1866278754341, 266.9613146464031, 263.9726386176216, 265.66804868910054, 266.8403256734212, 258.53120863172757, 259.4424085828994, 261.1760097927518, 257.38951085408536, 259.61932525634774, 267.4111355251737, 266.6743009779189, 257.69771711561424, 252.7858334859213, 257.2238424513075, 257.41898778279625, 258.10310499403215, 260.9461869981555, 264.92485944959856, 258.82087860107424, 253.7014588250055, 253.24649751451292, 248.72275466918953, 250.95627415974946, 248.53920762803827, 247.8789905124241, 257.25796627468543, 249.49846428765196, 260.1693444146051, 261.43141428629565, 258.1252432929145, 262.2429507785374, 257.2480795118544, 255.8976088629829, 244.19151730007593, 235.38988342285157, 229.2696283128527, 234.58965945773662, 228.00065663655604, 229.65652398003476, 228.6585015190973, 222.64352103339306, 228.5126775105795, 227.94928148057727, 232.399981350369, 231.06199086507164, 227.8049933539497, 226.43335096571187, 220.3649311489529, 221.49245885213224, 220.81107593112526, 215.58916371663418, 217.07382863362636, 201.9099041408962, 214.18685302734386, 211.61837683783642, 213.23412102593326, 211.6996015760633, 215.8765458848742, 216.20722787645136, 206.02507358127176, 194.44964099460182, 191.11337034437395, 198.916064368354, 201.42633158365888, 197.04190275404187, 195.79811740451393, 187.7330920325386, 189.60702879163955, 186.8133466084798, 188.9248095194499, 187.31304406060121, 186.32627978854714, 182.9008840772841, 190.29446987575966, 180.71163355509444, 178.32946311102978, 183.16123072306323, 184.01927998860674, 178.8929573906793, 185.47737358940978, 178.09943169487858, 185.35544687906906, 193.44869647555888, 183.44246232774537, 192.79829923841692, 186.81332278781466, 180.09974594116224, 179.41470150417754, 180.99583782619902, 179.23730248345268, 180.52025133768723, 182.84586139255097, 187.17862370808925, 185.51584226820214, 193.49903818766276, 191.49392081366656, 193.3437962002224, 200.86306050618495, 197.65649600558814, 202.43084945678712, 207.90955751207142, 209.1228130764432, 202.83318091498484, 203.62235726250546, 204.95667970445425, 210.78917533026808, 212.50150892469625, 205.90747248331704, 210.7041128370497, 221.898747253418, 218.1885978698731, 211.81595518324113, 218.77910096910273, 225.56385218302418, 226.78099975585943, 219.96184336344413, 220.1792003207737, 226.67473432752823, 226.0218656751845, 230.2121336195205, 229.44764938354493, 234.99636306762704, 234.45706456502282, 237.18348108927412, 232.5822196112739, 230.71053136189786, 236.1736753675673, 226.5269455803766, 223.55314076741547, 226.6202376471626, 229.03643536037876, 232.68536673651803, 236.05487535264766, 232.56138593885643, 234.8868121676976, 235.62821655273444, 236.37752261691625, 245.76137720743824]}