{"latitud": 1.865, "longitud": -75.8479, "radiacion": [230.02689344618065, 224.6991689046225, 228.16413514879017, 236.63150922987202, 237.3578609890408, 242.2135064866808, 240.48132663302954, 242.58795962863505, 239.6875762091743, 236.89235941569015, 233.90056228637698, 235.0985978868273, 237.88738810221366, 240.9437469482422, 239.47634472317176, 243.88577660454652, 243.82598147922093, 244.47751498752174, 246.15432128906255, 251.34844674004458, 251.39035890367305, 242.08611636691626, 242.78056606716584, 245.94367701212573, 254.49445343017587, 249.37185050116645, 246.02565756903766, 245.81131540934248, 250.92785373263897, 245.45190048217782, 245.18758316040046, 245.96198230319558, 245.2052842034234, 254.04898571438267, 253.94043307834212, 253.24087515936966, 253.2281224568686, 253.63506495157887, 250.32992087470174, 245.63047036065004, 244.04124145507816, 240.01236004299597, 243.4313127305774, 246.48599836561425, 248.18483301798514, 248.31693005032014, 248.57037183973532, 240.2217356363933, 240.2891378614639, 240.4229966905382, 239.67786831325964, 235.3675087822809, 231.38570429484056, 232.26563330756298, 233.45243665907125, 237.66754286024312, 243.1032255384658, 247.37085113525404, 245.55825958251955, 243.6722493489584, 247.78608245849614, 241.8145075480143, 233.134736972385, 238.8841258578831, 241.39655422634556, 235.8868629455567, 232.44599863688154, 231.5830083211264, 234.66747945149748, 232.83367521497942, 228.4694096035428, 226.2329250759549, 217.2302506340875, 216.70262535942925, 224.26795772976357, 222.4341145833334, 218.12756228976784, 219.56545672946513, 219.45811869303387, 220.75697021484385, 221.74325349595816, 218.72744089762372, 220.74101325141058, 217.11350385877827, 214.42236446804475, 210.06287426418734, 201.64390860663528, 194.29527197943798, 191.51308390299482, 188.824442630344, 189.26299090915256, 192.54932530721035, 186.44745457967124, 186.58800286187068, 189.1445452372234, 180.2086120605469, 172.25052235921225, 172.72275848388676, 184.7560402764215, 183.32291344536682, 182.8449713812934, 171.2288965861003, 182.58281216091584, 181.3555248684354, 178.03778889973964, 178.7736341688368, 175.51952599419488, 176.43233439127607, 176.4280492994521, 176.59399566650396, 174.5195751614041, 170.30321273803713, 164.61726794772684, 170.57578582763668, 168.00416047838004, 171.36833496093755, 163.84996795654297, 159.57205403645835, 166.86383700900606, 160.03065321180557, 167.58751356336805, 167.05685755411787, 168.3897461785211, 154.75091442532016, 154.80586293538417, 153.5131595187717, 158.6046655442981, 160.3590052286784, 163.92462641398114, 155.25534049140083, 158.4898949517144, 157.7643141852485, 159.0191062927247, 159.7048648834229, 159.77682952880863, 164.8304072909885, 166.72927568223747, 158.89104860093857, 152.56318834092886, 154.51698184543196, 156.47981033325206, 155.2653392367893, 154.94785402086043, 159.33323915269645, 155.61353700425892, 154.48690639072, 155.68081936306427, 156.0807913038466, 160.51153250800246, 162.8347775353326, 155.43780093722873, 152.6040796491835, 151.0316642761231, 157.1905041164823, 158.46784956190325, 144.84302800496422, 147.1897538079156, 147.53280902438698, 158.05101309882275, 158.7775376213921, 160.44149000379778, 163.0732466803657, 151.02292412651914, 152.42541859944663, 160.7271742078993, 152.72345233493388, 158.6742735968696, 152.37834159003364, 158.4678028530545, 153.95733498467345, 149.20402382744692, 149.10471492343484, 157.04266272650827, 151.9418702867296, 151.88977995978465, 146.70227457682293, 155.87393900553388, 160.30613505045577, 158.92335018581812, 155.69337107340496, 153.20836575826013, 153.55284088982486, 154.3746944851346, 157.44182705349394, 152.90152363247344, 165.8982339647082, 166.1415184868706, 157.10746671888566, 158.82564871046281, 164.6892571343316, 166.1520310295953, 168.68693737453893, 157.54379899766712, 152.80319018893775, 159.5345901489258, 163.9281695895725, 169.7763793945313, 170.67696033053926, 168.7529174804688, 166.31670430501308, 164.55629806518562, 165.70283898247615, 165.7213379753961, 162.8886820899116, 173.6911098056369, 172.7193684895834, 174.90740585327157, 178.04513744778103, 178.18976135253914, 177.72812610202368, 182.06745715671113, 176.7584574381511, 180.1308889600966, 178.19365726047093, 178.0209661695693, 176.52654859754776, 177.3480384826661, 180.79656041463218, 173.3739292568631, 175.19970414903432, 181.28405600653755, 174.23746465047205, 169.7248201158311, 174.76694920857753, 180.31736950344512, 178.64353264702694, 182.1320997450088, 179.80022735595708, 173.16019566853836, 169.68462727864593, 171.64119449191625, 169.1962624443902, 172.91592102050788, 163.04995354546443, 171.25310846964524, 169.8742558797201, 180.48242119683164, 176.0730820549859, 174.8123565673828, 170.18985858493383, 178.54486100938593, 181.2582141452366, 182.18211907280818, 178.36154903835725, 171.26267852783204, 172.19887161254886, 173.6994476318359, 174.25175967746313, 172.75520384046771, 168.91767773098425, 172.89844351874464, 171.53487955729176, 168.05700395372185, 162.68292736477335, 163.1831543816461, 170.83125932481562, 172.17463777330184, 176.7126082526313, 175.7906934102376, 177.50237079196506, 174.5090459187826, 169.23260430230036, 177.28589477539072, 186.65687874688058, 179.76256739298512, 186.1269235399035, 182.12263781229657, 186.93150185479058, 184.1434446546767, 184.00891528659398, 180.64642571343325, 183.90745942857538, 196.3334365844726, 183.44143346150724, 186.2379167344836, 194.7400324503581, 191.38149634467234, 181.63519982231992, 187.75185309516067, 174.08625437418627, 182.00569907294388, 181.21827028062611, 185.42108484903974, 192.23459701538084, 189.15853712293838, 193.25029262966586, 185.09657313028978, 183.73314938015415, 195.6560016208225, 196.2119394938151, 196.43905334472666, 189.7227888319228, 185.8454407585992, 193.9746626112197, 198.19538599650068, 193.6805297851562, 189.8290551927355, 184.82648527357318, 191.84371795654297, 192.33719431559248, 197.81215523613832, 189.3590602450901, 191.38463499281147, 186.17270143296983, 193.30973434448245, 198.00907906426332, 201.65197084214958, 197.02402462429473, 193.3676206800673, 201.60660510592993, 200.43961647881403, 194.0668239169651, 194.5416399637858, 195.1705504523384, 193.04798278808596, 194.48688295152456, 195.41816685994468, 197.99219233194992, 202.05288230048282, 203.6491819593642, 203.64287804497621, 202.60071606106234, 200.25178604125986, 205.2926600138347, 200.20083491007492, 199.37371122572156, 202.5513487921821, 205.50019505818682, 209.60902752346473, 207.015330251058, 211.75655576917862, 213.87880596584742, 214.6479892306858, 208.82135187784831, 211.80368635389547, 215.94108522203246, 217.74577619764537, 212.07845865885417, 216.93458268907344, 216.92326685587568, 220.0502025180393, 221.05485619439025, 222.36929804484058, 223.5109830220541, 227.16412285698792, 223.83366173638242, 222.83096593221032, 218.8484419928657, 222.83040559556756, 220.1578496297201, 224.97806320190435, 222.23217485215926, 213.06472345987962, 216.6977158440485, 216.23605651855473, 219.24338387383355, 215.66098005506737, 216.16742528279624, 227.72207361857105, 225.29835968017585]}