{"latitud": 8.5229, "longitud": -77.0464, "radiacion": [256.37613593207476, 256.0822197808161, 255.4327693091499, 260.8787501017253, 257.7014712015789, 259.09163767496756, 255.8783804575603, 256.1743382771811, 258.9892669677735, 256.41511976454007, 262.2014753553603, 256.31185667249895, 255.36446041531042, 257.1167009141711, 259.5410068088108, 260.7081615871853, 260.65207409328895, 258.62113897535534, 262.5619552612306, 262.0812573750815, 262.5278617858887, 262.1495803833009, 267.21105295817057, 266.1246305677626, 266.4525449964736, 266.5696852789986, 268.82813178168414, 267.90330276489266, 265.9604631212023, 265.6011872185602, 269.6097638871936, 268.8190145704482, 267.0443529340957, 268.9141045040556, 273.8796797010634, 274.0394248114693, 277.53753051757826, 279.7340966118707, 278.711797756619, 278.61781446668846, 277.3792870415583, 278.08480292426225, 278.51483001708993, 277.6989406585695, 279.4082945929634, 278.20023464626746, 279.34824523925795, 278.18363308376746, 281.82258419460726, 277.838187705146, 275.68641704983185, 278.0368412441678, 280.8133814917671, 283.83305689493824, 285.0546873304581, 279.5779124789769, 284.94734598795577, 286.0706726921929, 288.3073950873482, 290.45426534016934, 288.8083489312067, 287.3976581997342, 287.6457170274523, 287.08806398179803, 287.9097577412924, 285.5584562513564, 287.26459537082263, 288.65907342698847, 292.4299106174046, 290.973390197754, 292.1087514241537, 291.34223361545145, 287.3327733357748, 286.71273600260423, 288.5837217966716, 293.5855276319716, 288.62052561442067, 287.91816096835674, 296.6739865620931, 297.20401509602874, 299.04876420762815, 294.2886682298449, 297.0423569573297, 298.07391853332535, 297.55095002916124, 294.1771324157716, 293.78858328925236, 292.9277598910863, 293.87026401095926, 291.9459284888374, 289.74967464870883, 286.00729726155606, 292.4518291049535, 297.6170754326715, 298.8567136976455, 297.7094441731771, 293.7921329498292, 297.31830495198574, 295.9782336764866, 291.78645846049, 286.8698060353598, 289.40736495123974, 290.6804191589356, 287.73232947455523, 291.87965287102605, 291.93664525349936, 296.7310345119901, 291.11935780843106, 293.33558896382664, 287.24935031467015, 286.16618830362967, 291.8429470486112, 286.6247979058161, 294.48787706163205, 295.3612059699165, 292.0415664248997, 291.11661563449445, 296.9098020765518, 299.43997158474394, 293.6339603000217, 293.17862913343646, 295.301690334744, 295.03271535237633, 289.7529476589628, 295.6923480563694, 293.8725724962024, 291.3841623942058, 296.17218000623916, 295.6194812350804, 289.17529012891987, 296.7801730685765, 295.01312510172534, 290.7784506903755, 291.13191019694017, 292.94645148383256, 290.74415062798397, 290.9966391245525, 290.4245825873481, 286.6118164910211, 293.67775522867845, 296.0222969902887, 291.08833126491976, 288.9083373175729, 292.0771257188587, 290.374681769477, 290.22124938964845, 286.6639269510906, 289.16853883531365, 293.67951592339426, 288.8434409247505, 294.89652557373046, 290.9229080200196, 293.4936909993491, 292.56592441134995, 283.91145807902035, 285.1331090291342, 291.6013071695964, 280.29527359008796, 286.1511487325033, 290.6041074117026, 290.64735243055566, 288.2309494018555, 290.9638876173232, 285.68527704874685, 289.21046286688915, 286.2322699652779, 285.3522377861872, 288.38531155056427, 289.96493420071084, 294.4575729370118, 293.31426917182085, 292.24762386745886, 293.00210452609605, 297.36572689480255, 297.78186018202047, 296.74569973415817, 295.916993713379, 293.7877423604331, 298.43810187445763, 296.89220258924706, 301.12488911946616, 298.05906321207686, 297.3076531304254, 298.05962456597234, 300.1211085001628, 301.55642818874793, 297.75229814317504, 297.1848015679255, 297.1102969699437, 303.33960622151704, 297.63680267334, 298.48998141818583, 301.36733381483293, 303.3325178358291, 304.2310107760961, 302.55139940049924, 304.1861902872722, 303.09963090684687, 300.33267669677747, 301.06431647406697, 301.7799594455296, 302.3341793484159, 302.8724290635851, 304.9221679687501, 302.4292809380426, 305.2057273017035, 300.45224388970274, 299.22863074408644, 300.9473288642037, 303.3897660997179, 301.30242428249795, 301.59533199734165, 299.9443996853299, 304.58299340142156, 301.7567318386503, 303.63594224717895, 305.2445848253039, 302.8383543226455, 304.6931747436525, 302.97142520480696, 305.46004570855047, 306.8070763481988, 307.24743075900614, 308.3152716742623, 308.90829332139765, 302.5461959838868, 302.0801712883844, 303.3954225328235, 303.19542456732864, 302.9169218699139, 302.0775095621746, 303.6241473727757, 306.7931767781576, 305.28760562472877, 305.45824568006725, 302.8962554931641, 301.72165018717453, 304.3986455281577, 300.76812574598534, 303.33035888671884, 297.964985063341, 297.2155465020075, 299.9729287041559, 298.7738855150012, 299.0937991672093, 295.92223493787986, 296.16793365478526, 290.9429419623482, 291.8136332194011, 295.7206623501249, 295.3458084106446, 296.92297939724403, 292.18609127468545, 295.00177205403656, 291.34278801812076, 289.17432471381306, 292.55606808132603, 290.86892793443474, 287.03249647352436, 285.85430145263683, 291.1338088989258, 285.05693842569997, 283.4291887071399, 279.50233578152137, 279.9199794345432, 285.0080943637425, 284.2068959554038, 281.12896296183277, 277.7572487725152, 283.60379808213975, 277.00472954644107, 279.89751018948033, 269.99671266343876, 277.00312398274747, 271.1231383429634, 269.08862423366986, 273.4502174377443, 271.5941780090333, 274.8982091267905, 271.28494076199013, 269.6711435953777, 274.44492424858953, 274.5408508300782, 274.07890828450536, 282.23300984700535, 274.4572867499458, 266.0871322631836, 266.9422103881837, 264.95392464531795, 264.2309088812935, 268.7778771294488, 272.0861846923829, 269.4581459893122, 263.0851298014324, 267.7373877631294, 260.4586386786567, 266.8304845174154, 262.5170648362902, 264.193054538303, 270.4026974148221, 258.2406179640029, 253.11506169637053, 254.69735260009762, 253.77207700941298, 256.96466144985624, 256.1597415500218, 257.934549797906, 256.86332554287395, 258.1366928948297, 260.64099858601895, 258.6283526950414, 261.2626636081273, 255.012410651313, 255.56140679253477, 253.96399748060443, 263.2761361016169, 253.51375634935184, 256.0430490281847, 252.8137891557482, 256.00314462449825, 257.65437774658216, 259.3305969238282, 258.80976274278436, 253.39581777784574, 261.8860612657336, 260.43160366482203, 259.3569546169706, 255.5836482577854, 251.80558717515746, 257.6694502512615, 257.08849614461275, 259.94448288811583, 262.0167916191949, 257.8928419325088, 257.200201034546, 253.49383900960288, 253.8143354627822, 257.6884253607857, 259.964592827691, 261.04879421657995, 255.52474602593324, 253.63736237419982, 254.0040209452312, 257.7641994900174, 256.9927375793458, 261.09628567165805, 260.16157938639327, 259.53677588568803, 258.54646250406904, 259.99765964084213, 259.4463721381294, 260.9975613064237, 259.51970672607433, 261.0408743964301, 261.0367202758789, 255.33418290880002, 255.19092886183012, 257.28803956773555, 256.4413569132488, 254.70534087287058]}