{"latitud": 2.2748, "longitud": -77.4667, "radiacion": [196.17418136596686, 197.29339226616761, 203.0741439819337, 200.8948738098145, 199.69196082221143, 194.623378499349, 195.01713850233295, 207.28712420993386, 204.10242301093214, 200.85498038397904, 197.69863730536574, 192.64685813056107, 200.7032296922473, 202.89144312540688, 205.15215937296554, 201.65545416937934, 190.85692350599507, 204.97047229342994, 206.50481482611767, 206.58508309258352, 203.08643909030488, 199.4933586968317, 207.03850589328343, 208.2336359659831, 205.11044633653432, 199.16727812025283, 200.55097944471575, 206.679562801785, 212.67834031846792, 205.85575671725806, 203.1592262268067, 199.31638607449008, 207.17357160780168, 205.474717034234, 205.8688724093967, 211.7699607849122, 207.42040913899737, 211.94478166368268, 211.53800955878367, 207.65540949503585, 207.27533476087785, 195.00475853814024, 203.2663962470161, 204.523688252767, 199.35432985093857, 201.8564478556316, 200.63832380506733, 195.25126113891608, 194.7967896355524, 193.6238217671713, 197.22359068128807, 196.28230251736113, 192.20433256361233, 190.21130905151372, 195.02938139173725, 188.99826711018883, 195.3251192728679, 198.75407731797964, 198.53496619330517, 190.41387621561685, 184.45395762125648, 183.26733483208554, 183.50819430881077, 183.34062779744477, 190.25244835747617, 180.20709826151528, 186.9545907762316, 181.44674597846134, 179.1816919114855, 171.61287502712673, 171.18356297810874, 172.79161410861548, 171.96763348049592, 164.95237630208342, 170.38509733412, 179.7976131015354, 170.01482153998492, 172.4339494493273, 173.49890348646383, 173.2760929531522, 174.32907986111115, 172.32817586263022, 171.31343883938266, 173.307039557563, 170.71691441006135, 165.29449242485893, 158.5803448147244, 162.139472495185, 161.66745520697705, 156.11639260186092, 159.313858795166, 163.10481652153868, 160.28300086127385, 161.67883936564135, 162.1385039435493, 158.1483817630345, 155.012264251709, 160.7445593092177, 161.92978252834752, 154.32393773396814, 159.6904588487414, 158.5759711371529, 164.91078855726454, 163.54235136244037, 161.16909696790916, 155.43006964789498, 163.77425155639654, 162.13848410712347, 163.40342534383146, 163.3451628790962, 163.59598532782664, 159.55191794501422, 164.27219518025717, 165.94945331149628, 158.4920127020942, 160.29939452277296, 161.03711030748153, 166.95978868272573, 172.49009577433267, 169.28902011447485, 170.49316194322373, 167.79651735093867, 172.5431273566352, 165.4551109313965, 165.6517406039768, 166.3312797546387, 165.42525380452477, 177.19340506659614, 172.99964972601995, 170.65819354587137, 171.5972381591797, 169.70674429999463, 169.38312411838115, 170.31555913289392, 167.01441506279843, 172.90783988104923, 177.87887073092998, 171.69563980102544, 172.17908596462678, 171.42150463528105, 172.42234005398223, 172.5942661709256, 173.39582112630205, 177.8647209167481, 175.80178773668078, 173.59898342556428, 171.74884991115994, 174.70608020358614, 183.49703216552743, 183.40169872707796, 178.52097524007172, 178.91620890299478, 174.0582849290636, 179.87302161322705, 179.76160108778217, 180.13720440334748, 181.84976662529849, 179.05580995347773, 182.939818403456, 185.4351069132488, 187.7601221720378, 186.74560801188156, 179.94336446126314, 183.1864994472928, 188.50656170315213, 184.05186335245773, 183.8896648830838, 182.04753824869795, 189.08862703111444, 180.56678017510316, 181.44462051391602, 177.99805950588646, 186.12741249932185, 182.09038179185654, 179.67434412638343, 180.69927885267467, 186.2424094306098, 192.40422846476244, 188.62277704874688, 188.4797302246094, 183.4175334506565, 186.7572964986166, 186.274392106798, 184.53990970187726, 189.55269894070102, 194.71635759141714, 197.9960644192166, 192.58099560207793, 190.75227830674916, 197.63404880099836, 201.6677048577203, 203.80637969970704, 194.1394181145563, 195.36467903984922, 196.1056486341689, 196.79449564615888, 202.4180069817437, 203.2434076944988, 198.31123580932626, 198.8824684143067, 195.77675255669487, 192.6543885125055, 195.1982022603353, 199.46567416720927, 205.96582667032888, 200.35658925374352, 205.3723705715604, 207.1137783474392, 205.61170679728204, 202.58687795003257, 206.08690397474507, 209.69089575873488, 204.5951114230687, 204.5752516004775, 197.10988082885743, 207.50574544270842, 205.2470370822483, 205.13577931722008, 203.36869591606992, 201.680791897244, 203.2812340630426, 205.69361885918522, 201.98304129706494, 203.07610388861767, 197.789451344808, 197.62528618706605, 198.09429838392472, 200.83159832424587, 198.5135588751899, 192.81544342041016, 185.38174887763134, 188.42331492106132, 185.71985889010963, 189.0411799960666, 188.68001454671221, 186.33498882717558, 195.34812995062939, 199.05480194091805, 199.34575848049587, 186.81263631184893, 191.06168738471146, 189.74563776652028, 189.56314570109055, 189.55673149956604, 182.22804718017582, 181.23393512301982, 179.67026884290917, 183.14775373670795, 183.11450881958012, 176.73696704440644, 172.85547154744464, 173.5394759284126, 176.56981014675566, 171.81847686767583, 170.8843454996745, 171.06186540391718, 172.03416773478196, 166.68812213473853, 167.64825973510736, 165.20594804551868, 159.26876585218648, 156.57547420925565, 162.53918236626524, 164.3694181654188, 164.27277357313372, 162.46818940904413, 158.9142353481718, 161.33451478746204, 163.9649533589682, 161.8140121459961, 160.74422005547413, 164.37008658515083, 161.6317676968045, 153.85966220431862, 158.57039625379784, 158.36491597493492, 159.63665500217016, 161.59891247219514, 164.74061703152128, 157.57391281127929, 153.47074381510427, 159.2214027404785, 156.8393096923829, 159.17199495103634, 158.42688386705188, 154.48945159912114, 156.75284915500228, 151.57744199964745, 154.74328104654953, 156.8999276902941, 158.89644800821938, 154.28573896620017, 154.55877312554256, 163.75632781982426, 161.3613915337458, 157.80691545274533, 154.17546598646376, 161.0821986728245, 160.83882056342236, 156.87891430324987, 154.84053751627607, 158.59836099412706, 158.77126812405052, 157.023058573405, 160.92277204725482, 165.36642684936524, 161.08342700534402, 165.22946421305338, 169.9592999776205, 170.01514477199987, 165.7720143636068, 169.43823445638026, 164.47624155680342, 160.3184046427409, 163.2189552307129, 162.20378909640849, 161.94833170572917, 167.86682044135202, 168.4604484558105, 171.083448961046, 165.8088720533583, 171.89697274102107, 172.19187130398225, 175.73239703708228, 176.40723622639973, 174.98714625040694, 175.20707380506732, 178.79432644314247, 175.91188973320857, 175.29021191067173, 178.22180133395727, 179.82309044731994, 179.0701909383138, 181.09864959716802, 179.17724431355794, 178.23078943888345, 179.72970258924704, 183.01649212307404, 183.06314629448786, 177.68260336981885, 175.85318128797746, 181.8527877807618, 188.80626458062065, 188.86917800903325, 192.6415236579048, 191.74116897583016, 192.68175396389435, 195.23619884914822, 190.80132937961162, 188.23011389838334, 184.95703370836046, 193.97426478068033, 192.43041780259878, 194.547095489502, 192.35725173950206, 197.18848258124459, 203.56012573242188, 204.094413333469, 206.74740363227, 205.6540040757922]}