{"latitud": 7.4307, "longitud": -77.7994, "radiacion": [236.48041097852925, 233.70477214389385, 235.9721175299751, 245.27284698486338, 243.41218168470598, 237.72352328830303, 231.1846550835504, 233.35677286783857, 240.08000564575207, 232.18615769280328, 233.28413492838544, 232.77871212429477, 237.19864171346035, 237.48466974894214, 241.53363087972014, 241.18120981852212, 235.37863443162715, 239.93944498697928, 242.5660680982802, 248.4036615159777, 244.0885408189562, 240.61573761834043, 247.9497929467096, 247.31650882297095, 245.1254827711317, 249.70671268039288, 247.777303314209, 253.72615280151376, 253.11411658393013, 254.53586264716265, 258.1033280266657, 255.79491034613724, 257.3487425910103, 252.8263840993246, 253.2879743787978, 260.49554265340174, 261.5994288974339, 263.1109128316244, 270.26385387844516, 263.3722800360786, 261.6485705057781, 264.75058932834213, 261.90351032680945, 258.8861641777887, 257.59296688503696, 259.2501803080241, 260.4383089701335, 266.5063162061904, 265.457959069146, 265.1178224351672, 265.3322305467394, 265.1285111321344, 265.9523230658638, 273.00654805501307, 275.41659011840835, 266.52639431423626, 269.642022281223, 269.2591360304091, 270.8440726386177, 273.0385732014975, 268.0650961134169, 268.2652724372017, 269.72114283243826, 265.1813115437826, 268.7783298492433, 268.8143622928196, 268.5278874715171, 270.6140863206652, 271.3254715813532, 265.01926824781634, 262.8728628370498, 259.30811220804856, 265.15645480685777, 258.68423750135645, 260.9094143337674, 266.3681421915691, 269.3841512044271, 267.7009930080838, 274.3410808139378, 269.5330757141114, 271.840518866645, 275.1162721421985, 277.17063505384664, 268.27731730143233, 263.3798689100477, 259.30191667344843, 258.3357633802627, 261.4460107167563, 260.7786508348253, 256.75008858574773, 252.86463758680563, 251.82006089952264, 263.88708648681654, 263.47759348551443, 254.8444905598959, 259.28839424981015, 259.1203555213081, 262.87412944369856, 258.07659640842024, 255.5517457750109, 255.1426367017959, 252.98342013888896, 251.5795782301162, 243.40292027791347, 248.76265665690107, 251.0465761820476, 252.14098887973373, 254.95376506381572, 251.35188797844793, 255.53270712958445, 252.30961888631188, 258.2242486317953, 256.4856189303929, 254.4189779493544, 241.01984363132055, 236.5434764438206, 236.30390133327919, 244.1011109246149, 239.2754968431262, 243.72748463948565, 247.77843017578132, 251.88438949584966, 249.50580588446724, 232.70848083496094, 249.3675527360705, 247.72104170057514, 250.50770229763464, 248.8140463935005, 238.8517900254992, 235.7864685906305, 239.88753924899638, 241.94968104892317, 234.9297225528294, 221.4984407213, 225.67715377807613, 228.27892888387046, 229.95611733330622, 225.14425540500227, 219.96372367011182, 232.5003462897408, 236.8528603871664, 224.7069335513645, 217.43986269632987, 214.9840281592476, 217.8490392473009, 216.6854862636991, 211.63165198432083, 213.2100162929959, 220.1467945522733, 224.4228903876411, 217.5920853932699, 214.36761932373057, 213.22194849650063, 208.7877873738607, 208.38791364034032, 208.28377465142148, 217.1746124267579, 208.7675412495931, 199.65948482089576, 206.6824377271865, 200.61490529378258, 201.41622547573516, 199.45833210415321, 193.6103125678169, 195.816991297404, 191.4099516550701, 186.61514125400117, 193.30504578484434, 199.9493620978462, 206.522340520223, 209.65005357530399, 197.85147137112094, 198.64292305840385, 210.99342583550356, 215.90191764831548, 208.62495977613662, 202.97969411214194, 208.07526698642312, 212.13029857211646, 202.69400380452478, 207.10271169874406, 215.41815380520293, 215.33810818990074, 213.05215759277345, 216.19526799519858, 212.32862141927092, 209.50854759216313, 207.11997002495664, 215.9944068060981, 219.1871307796903, 205.47047877841536, 202.89248364766436, 209.12864629957417, 212.2042635175917, 215.49369227091475, 211.5263608296713, 206.15832044813374, 211.80569072299545, 212.1861140357123, 217.9268702189128, 208.5531032138401, 211.54393391079375, 215.40153503417972, 206.4577406141494, 211.92736159430615, 216.4216112348769, 221.2220132191977, 210.0183519151476, 208.93422893948028, 203.27686517503534, 206.83806347317173, 206.10516365898988, 198.39696095784515, 204.3857769436307, 205.62947421603732, 211.69185731675893, 210.39359720018183, 206.62208811442065, 204.82337743971084, 204.43361256917328, 201.87405683729386, 207.39361584981285, 204.123017332289, 204.04870067172587, 203.80525266859271, 204.2819774627686, 191.50869517856174, 194.67736638387046, 207.76426980760365, 195.24265119764547, 188.02624130249026, 187.66435258653436, 187.6468015034994, 184.20981839497884, 189.08463041517481, 182.58418134053557, 180.3600368499756, 183.81541417439783, 184.5025353749593, 181.19305822584366, 171.4789669460721, 161.8112360212538, 162.9379700554742, 171.54087113274474, 165.48382653130432, 158.10278460184736, 163.14323675367567, 164.67517556084525, 168.17879714965827, 160.6815695868598, 160.543339029948, 163.39755706787108, 159.48178469340007, 167.81724569532608, 155.54147733052574, 155.53402057223846, 157.51815456814242, 153.43663351270888, 138.9183144463433, 136.2919751485189, 146.85480812920466, 142.67315533955895, 130.39000604417592, 123.32316474914553, 137.00430522494847, 136.9988954755995, 138.36909349229597, 133.82708871629507, 136.06316973368328, 132.84753286573627, 123.09536878797742, 129.665605629815, 133.47418488396542, 137.41413608127172, 131.9686777326796, 127.94159308539497, 128.7568553500706, 129.19912834167482, 133.09128553602434, 138.35941543579105, 135.28530184427896, 132.64796163770885, 139.40616531372072, 132.68397386338975, 129.70233807033966, 129.25575616624621, 131.9353112538656, 132.66734174092616, 129.94559389750168, 130.40481253729934, 143.456959660848, 138.1492550320096, 133.06454997592502, 128.31161426968046, 142.03897009955517, 141.07177547878692, 132.89022454155818, 132.19904560512973, 135.49462004767528, 134.4858072916667, 132.82261547512482, 123.948896238539, 133.87809295654301, 137.17291636996802, 134.5399483574761, 138.8125372992622, 141.5539604187012, 138.6352743148804, 141.00392922295467, 145.42580939398874, 146.59961838192416, 143.22688378228085, 137.42475484212244, 145.9117238786486, 152.0486524369982, 151.07738948398165, 144.53274392022033, 149.19385761684842, 152.4731277041965, 149.08020744323736, 149.6342539257474, 156.51571489969893, 157.7363418367175, 162.99960907830135, 165.8248909844293, 166.61908107333716, 167.28558735317662, 167.4324842876859, 164.85907851325146, 176.04302991231285, 178.09095030890572, 178.79588110182024, 169.1006609598796, 167.76315812004944, 174.0080833858914, 176.73343722025558, 190.16243489583337, 190.7264583163791, 193.62883826361767, 190.21738709343813, 181.2418348736234, 187.89144910176603, 184.70357356601298, 192.14017929501006, 202.66706237792968, 213.179592344496, 216.9790445115832, 218.04246877034507, 211.45340300665967, 214.62560687594944, 215.79878891838925, 215.2825335396661, 216.88814044528536, 218.653735309177, 210.2114873250326, 219.3779078801473, 220.44837773640953, 224.0476490868463, 224.21472778320322, 223.56673613654243]}