{"latitud": 4.2919, "longitud": -71.4679, "radiacion": [230.641182284885, 230.01745266384555, 235.44929640028215, 238.5077131483291, 237.48435295952697, 235.60382893880208, 238.48968963623057, 238.53876647949232, 237.2257694668241, 232.42922371758357, 233.04911159939243, 237.28909700181757, 242.19405339558935, 246.760444132487, 245.03079155815973, 245.49053243001308, 246.8931120130751, 244.7032608879938, 248.94732462565108, 250.3189778645834, 245.62323201497398, 243.10084398057734, 246.63820682101786, 249.63889770507816, 248.35684526231557, 244.8796601189508, 250.084898546007, 252.18249986436638, 249.35455712212465, 246.58325229220927, 248.63281029595282, 249.62375979953347, 252.10749562581387, 255.71074625651053, 257.2280826144749, 259.08257497151703, 257.4219619750977, 255.75135718451614, 254.14909905327696, 248.79760937160924, 247.26807835896815, 249.76727735731345, 250.69973398844402, 251.62092471652568, 251.71278771294487, 253.2553407457141, 248.63623996310767, 247.96235953436963, 248.42685462103955, 246.2374103122288, 240.65896869235578, 246.06034868028436, 241.95252939860038, 249.46935424804693, 253.6655683729384, 254.59057846069345, 254.38425606621647, 256.1608539157444, 256.3531331380209, 255.87174563937728, 253.44337039523657, 251.84413553873708, 246.6086951361763, 249.5815935770671, 245.94798702663851, 242.92986238267693, 241.2627870347765, 245.1221583896213, 243.77434488932298, 240.2132051255969, 238.90550927056213, 235.55530005561, 232.58716981675897, 235.5596044752333, 234.93579694959854, 233.83194554646812, 234.79500901963982, 235.32094150119372, 238.12787568834096, 240.08678436279297, 231.8381724039714, 241.03532409667977, 237.33127746582034, 238.5414872911242, 230.4370852152507, 224.52621426052528, 222.62164722018778, 215.9117196824816, 218.6496955023872, 213.58451317681212, 210.19787648518886, 210.99796820746528, 209.90706431070967, 215.48858574761297, 210.6619922214085, 198.93072314792218, 204.40372416178388, 207.30157394409187, 211.80828526814787, 205.9520486619738, 196.06335322062182, 198.35976723565, 204.86046888563374, 205.038323296441, 209.9439726935493, 205.811245557997, 198.62202182345925, 202.70094104342994, 204.48364122178828, 206.4064269171821, 197.66271455552842, 192.34328901502818, 192.5030722724067, 197.5631573994955, 194.55771942138674, 187.64329444037546, 179.94825820922858, 182.52085757785372, 190.84400083753803, 192.54749942355693, 184.11512264675568, 176.34697367350267, 169.57431988186306, 167.35761828952374, 174.0180228339302, 177.20407977634008, 168.4006445990669, 166.85158860948354, 170.53474010891384, 168.77299440171987, 167.20323486328132, 167.2174993726942, 165.11256671481672, 165.32267769707573, 174.1220678541396, 173.89945992363832, 168.8460584852431, 168.61506881713865, 167.5371815999349, 166.47794579399965, 158.9702045864529, 156.72403721279576, 151.81425768534348, 163.5602146572537, 161.36877076890735, 153.48222283257383, 150.57585712008998, 156.3046387566461, 162.5977489895291, 166.72418128119583, 161.51741731431756, 157.38009363810224, 144.2734557681614, 147.27404471503365, 148.38668797810877, 143.40244937472875, 141.75637622409388, 142.87475424872505, 144.0063205718994, 151.98211720784502, 139.9284702724881, 139.78183653089732, 142.97703772650823, 147.6268068101672, 150.26960033840612, 144.25623753865565, 135.51348080105257, 136.1684653811985, 137.6341078440349, 137.42380210028753, 137.48260370890304, 134.71599121093752, 136.19444825914175, 140.08384518093536, 134.1150841183133, 130.21608318752715, 131.8418727027045, 137.3490102979872, 138.97813428243003, 134.5221148173014, 138.077525583903, 139.74070722791888, 139.81184141370989, 135.60299063788526, 137.46319240993924, 132.7646218617758, 142.4415508694119, 139.95710533989805, 139.35006434122724, 144.50130386352546, 145.90659336513946, 147.44876514010966, 137.3250600602892, 139.43853149414068, 143.7373901791043, 146.25716747707793, 151.13203048706058, 152.3132787916396, 151.56777877807622, 148.38331697252065, 150.04324552747943, 149.63344476487896, 154.35912445916074, 152.55194829305012, 150.3072135077583, 152.91864530775285, 153.2574981689453, 148.34115549723313, 150.2000034756131, 154.74442672729504, 156.28054835001626, 156.98614366319455, 148.6165164523655, 154.20654161241325, 149.852091047499, 157.67246771918406, 153.7307156880697, 155.9564971923828, 156.21013268364808, 160.2348547617595, 154.93207168579104, 160.2606713189019, 158.50425372653547, 160.19728902180995, 164.7715708414714, 155.03943778144, 159.1056804233128, 155.95742331610793, 165.1061121622722, 158.65902218288852, 158.86858630710182, 164.35178154839411, 165.3573450724284, 159.896694776747, 155.7272993299697, 168.48733418782555, 167.3670766194662, 167.61054729885524, 172.73147015041778, 173.22774971856018, 169.43358739217123, 176.99318720499673, 176.36154751247832, 176.165448167589, 173.34428109063046, 178.10641971164281, 180.30124342176657, 172.27542995876738, 179.55664070977113, 185.4662923177084, 186.69633551703564, 185.7641426086426, 186.01494750976562, 185.57945361667217, 189.38279986911354, 191.27587280273443, 185.1327106051975, 182.76846974690764, 185.48262600368926, 192.41580191718208, 188.1530985090468, 187.4439794752333, 189.22579082912867, 198.10588328043625, 197.1605914645725, 203.63110139634887, 199.52544648912226, 200.79156375461162, 203.09629448784725, 201.27960171169707, 197.0486540900337, 203.25231153700088, 203.97971055772578, 205.18232506646052, 201.1324249267578, 210.940161895752, 209.29183773464635, 203.90643285115559, 202.53912192450628, 197.00240741305888, 205.2077489217122, 204.39487448798295, 203.99327299329977, 212.50459255642366, 210.19042324490022, 202.5515163845486, 205.59182103474942, 200.30335091484926, 213.57134721544057, 213.48161790635857, 207.57297380235457, 209.6070727030436, 208.78337495591913, 202.8765634324816, 203.13145887586816, 201.9697981940376, 200.89851370917427, 198.4261603461372, 213.05162268744576, 205.6094829135471, 203.10211690266934, 199.49095111423068, 198.35606528388132, 202.09039628770623, 202.47958721584754, 206.44126841227217, 206.45351469251844, 204.82208591037332, 202.32932306925466, 199.13839857313368, 195.8375846015083, 199.00325427585187, 200.11357142130532, 201.57601581149638, 198.63871171739376, 202.60159971449116, 206.0114449395074, 198.92582380506732, 203.62141333685983, 204.0683822631837, 208.6495704650879, 206.84848810831704, 209.45209036933056, 208.17217364841042, 205.95169440375443, 208.02710155910918, 209.90237011379668, 216.48826480441633, 215.0484111362034, 212.6111684163412, 221.37496660020625, 222.76850102742517, 219.91173604329433, 219.13778279622397, 218.87636769612632, 216.92054044935438, 222.6805465698243, 220.52047924465606, 222.7472220526802, 224.39168006049263, 225.9111497667101, 231.57731229994042, 231.94587529500328, 232.98049875895194, 228.4828703986274, 229.2133472018772, 223.39002193874785, 225.66693844265419, 227.66329243977873, 228.1427369011774, 228.61894768608946, 224.32698372734924, 220.12652893066414, 221.15441313849564, 222.53739208645297, 223.0929228040908, 220.96522649129236, 227.4770234849719, 229.62061420016823, 231.9500337388781]}