{"latitud": 7.0771, "longitud": -73.2168, "radiacion": [282.6240659925673, 281.3664891560873, 278.71230977376314, 282.35842963324666, 281.57138688829224, 282.5381052652995, 283.06430460611983, 285.1269729614259, 284.6611631605361, 284.6154910617405, 284.02762858072924, 281.324956088596, 285.3369191487631, 287.3046837700738, 285.21079779730906, 288.62679222954654, 288.6163738674588, 287.41261461046014, 287.9529678344727, 290.5888810899524, 289.8751068115236, 287.3101606580947, 288.9060558742947, 291.2617370605469, 292.87691497802746, 292.6093232896593, 293.9007664998373, 296.02215643988717, 294.61797620985266, 298.88874342176655, 299.64715186225055, 298.42263997395844, 299.50813479953354, 301.43870391845707, 301.17962866889116, 303.7480455186632, 304.56944088406044, 304.62933061387804, 306.7803365071615, 306.5619216918946, 306.87734815809466, 305.6945999145509, 308.18032226562497, 304.1466445922852, 305.9729302300348, 308.12665778266063, 307.6832387288412, 306.5818388197158, 306.5287348429363, 309.0108100043403, 308.45368550618497, 309.82254757351353, 310.58655632866765, 309.729857550727, 315.43088667127836, 314.5976835462784, 311.7817801581489, 313.9975118001303, 314.67074771457254, 314.47797266642266, 313.34358164469404, 314.03665669759124, 311.0609580145943, 314.3247166951498, 315.0295447455513, 315.6107174343534, 316.60144483778214, 316.24485202365463, 315.3905593872072, 314.4413457234701, 315.99075588650186, 316.01752166748054, 316.649131096734, 309.79201507568365, 309.2684466891819, 313.01151631673184, 311.6114652845596, 313.67336154513896, 316.28130696614585, 314.21621771918404, 312.8583530002171, 313.77529551188155, 316.00990617540157, 313.80777316623266, 314.75971747504343, 309.1939378526476, 307.6353895399306, 308.09051327175575, 306.660947418213, 307.3156178792318, 303.0445502387153, 306.6489790174696, 307.35929531521276, 306.9188975863987, 306.59986402723536, 310.9357838948568, 306.2379331800674, 309.0295840793187, 309.72435370551216, 304.4852361043295, 304.9221610175239, 299.6692304823135, 294.4481974283854, 297.75921071370453, 304.5582095676, 308.01486053466806, 300.2339392768013, 306.05411359998925, 307.18233261108406, 302.43475350273997, 302.86966196695977, 298.25666893853094, 298.4470277574328, 301.2703411526151, 298.442502170139, 296.16456468370234, 295.07128821478955, 298.7922424316408, 292.17915886773005, 297.9890962388781, 296.19740846421996, 292.5156570434571, 289.2808954874676, 291.3313295152453, 287.20051049126533, 287.46826307508695, 288.083857896593, 282.37400224473754, 281.1959517584907, 286.98233506944456, 289.0223307291667, 288.6680019802518, 284.3189522637262, 277.9908960978191, 278.7196044074165, 277.83635152181006, 281.7300145467123, 282.5552774217394, 276.7097278171117, 280.5408503214519, 280.9217442830405, 276.9746710883248, 277.85457136366114, 276.49707048204215, 282.3280376010472, 278.1567598130968, 274.89820827907994, 273.0308483547635, 275.2635988023547, 277.5598882039389, 279.65046013726146, 277.6095989651151, 276.9736406114367, 271.1746566772462, 269.54105614556215, 271.7398983425566, 269.80317298041456, 269.0967849731446, 266.6917390611438, 270.5772043863933, 271.0383175320096, 264.67842034233945, 267.9837927924263, 264.3603339301215, 261.91381920708557, 265.7342091878256, 265.45188208685994, 266.412511698405, 268.38223385281043, 268.19969380696625, 270.50233849419493, 263.8479093763564, 261.69406958685994, 262.8994254218208, 265.84091593424483, 263.19510735405817, 258.4275729709201, 263.0524358113608, 263.84937388102213, 266.0802182515463, 263.88588019477004, 266.1908944023981, 264.4848100450304, 262.63380601671014, 265.1650492350261, 260.0793521457249, 265.01207716200094, 265.7521419949003, 270.8239822387696, 264.6890582614476, 265.3390653822158, 267.0139350043403, 268.7826663547093, 270.3623494466147, 270.4884872436524, 268.94094068739156, 270.29900741577154, 270.4850012885201, 267.3398822360569, 271.95064459906695, 270.47153591579865, 275.7550448947483, 274.80533328586165, 271.68306443956175, 273.34241841634116, 273.53345879448796, 270.5550442165799, 264.364434475369, 271.30345035129125, 272.0892922295466, 272.86171485053165, 268.5022035386828, 268.22200469970704, 269.3406016031901, 272.0148902045357, 272.63958892822274, 273.6367389255101, 273.3257059733074, 276.9300279405383, 276.670320638021, 277.00476108127174, 278.3713556925457, 275.34450564914295, 277.2347264607748, 276.61443820529524, 273.5067877875435, 271.6616906060114, 276.8955956353083, 275.18911404079876, 276.0707356770834, 277.48635745578355, 278.24459398057735, 282.3357810126411, 276.0977893405491, 272.4897225273981, 275.14618343777136, 275.41942019992416, 278.96522233751085, 280.67627868652363, 279.6997907850478, 277.9442913479276, 270.9192155626086, 277.9582773844402, 276.73275553385423, 278.6672782050239, 279.3436143663195, 276.28121507432735, 278.12761976454004, 277.10766465928833, 280.8323284573026, 282.64565209282773, 280.16190016004776, 277.9599180433486, 278.23502027723526, 276.12605912950306, 272.4292292277019, 273.61939612494587, 275.44074435763895, 273.948868306478, 273.36804758707694, 276.512651401096, 278.968633524577, 275.1145777384441, 277.71610226101365, 274.1787351820205, 277.35427771674273, 277.51297471788206, 278.1749467637804, 280.93851369222017, 276.4825322469076, 272.62351226806646, 273.1951997545031, 270.98235897488075, 270.1793068779841, 273.38207431369364, 275.14039255778, 275.7799309624566, 276.4398534138998, 275.60959998236774, 277.90371687147353, 275.5727244059246, 273.3225951300728, 272.4469447665745, 273.12541291978636, 273.93651190863716, 270.6804567125109, 271.59650675455737, 270.65402696397587, 269.0458329094782, 267.4680535210504, 265.75923851860904, 266.84461432562944, 267.1548963758682, 268.4388032701281, 263.4650898403592, 266.21333363850914, 260.98026241726353, 264.87735850016287, 266.6696307712132, 263.90041910807304, 260.7885037740072, 259.9482762654623, 259.41231248643675, 259.4216851976184, 255.139139895969, 258.2220558166505, 261.9929455227323, 262.7928921169705, 264.38862152099614, 264.28477189805784, 254.3357973734538, 262.3633368598091, 258.61855214436855, 263.82268981933595, 262.84445749918626, 262.3523078918458, 263.8814094543457, 260.94438764784076, 259.7464441087512, 266.8890058729384, 268.51311323377837, 266.5830622355143, 266.3974372016059, 264.7241082933214, 270.9385270860461, 266.84855126274965, 269.0022040473091, 269.6737348768447, 268.7111102634007, 266.2593206617568, 268.99782341851136, 276.02275305853954, 271.8205205281576, 272.3227255927192, 275.40460764567064, 275.0178343878852, 272.6650814480252, 273.71916978624137, 273.48828362358955, 271.01102820502393, 272.6318937513565, 275.9340696546767, 274.22677798801004, 275.35824635823565, 275.67135009765633, 276.0801754421659, 274.8834236992731, 275.6291219075522, 275.67025943332254, 273.6270723130969, 275.20951707628046, 275.1912811279298, 274.7040573120118, 274.31268768310554, 276.0002648247614, 276.1567231920032, 277.36908586290156, 277.3247897677952, 278.6292783949112, 277.58111148410376]}