{"latitud": 5.2448, "longitud": -74.834, "radiacion": [273.6544180976021, 272.8271848890517, 274.2728754679363, 277.5461602105036, 276.42743631998707, 280.28506724039715, 277.4744467841256, 276.0080678304037, 277.22057325575094, 278.81511959499784, 276.31402011447494, 274.6450141059029, 277.12989095052086, 282.4919174194337, 281.7748470730253, 280.1953696356881, 279.63860914442284, 282.11691928439683, 284.17519989013687, 285.8399690416125, 284.5761252509225, 284.23661210801873, 281.2504514058432, 285.2719816419815, 288.07950422498925, 284.79107089572494, 287.30209333631734, 285.495927090115, 285.8725996229384, 290.3019497341581, 289.5348568386502, 289.5422697279189, 291.0396952311199, 291.8863406711155, 292.25480228000225, 294.56624671088326, 296.23768649631086, 294.7106326633031, 295.2863889906142, 293.80203077528216, 294.06365949842683, 291.9457729763456, 293.73132120768247, 295.48836042616114, 293.763568962945, 298.00896097819026, 297.49882100423196, 300.3433480156794, 296.89101850721585, 296.89192335340715, 290.87498575846354, 292.87304670545797, 295.9453041924371, 296.8198657565647, 302.00812377929697, 299.91309051513684, 301.3296223958334, 305.7883043077258, 305.5237565782336, 304.0981704711914, 298.96189761691636, 299.85430891248916, 296.0883410983617, 296.29254981146926, 297.7157533433703, 294.4409340752496, 298.2239520602757, 297.7629372490777, 296.93308054606126, 296.46205512152784, 292.9800189548069, 295.1054073757596, 295.4125476413303, 293.97542283799925, 296.19195946587473, 295.34093644883905, 292.47145589192723, 296.39306013319236, 296.03513183593765, 296.7207170274524, 295.6984107123481, 298.93176456027567, 298.6522055731881, 294.88965437147357, 295.83784857855903, 292.5501639472114, 288.5060867309572, 287.49107276068804, 291.14658101399743, 287.8935314602323, 283.13050757514117, 286.4462017483183, 292.41809522840714, 289.31079932318806, 288.2913136800132, 283.75161912706176, 281.46361931694884, 281.38160959879565, 288.8207336425782, 282.7672483656142, 280.38132086859815, 278.4172170003256, 279.7132198757596, 284.1186816745335, 286.02766655815975, 282.402683681912, 281.39057668050134, 282.3426613701715, 282.958278571235, 280.2114783393013, 278.3091578165691, 280.6658762613933, 274.7298678927952, 275.22399919297976, 273.3709174262153, 276.59030117458775, 273.6665734185114, 276.4137332492405, 274.6790844387479, 274.04705132378473, 275.96010216606993, 271.78560384114587, 270.22412245008695, 269.3194408840605, 269.526114400228, 271.41194458007817, 267.68121778700106, 268.36597849528, 268.1077436659072, 266.5193439059788, 266.6670025295682, 269.04808180067283, 265.8008906046551, 262.9189556545682, 263.67470804850274, 265.1591640896268, 266.2358327229819, 262.1648279825847, 263.1972640991211, 263.62149386935766, 258.9036326090496, 258.34352722167984, 259.9322772555882, 259.2882972717285, 261.3794523451065, 259.8356591118707, 262.2186696370443, 259.6320317586264, 265.35094401041675, 262.17993825276693, 264.78893534342455, 261.4139402601454, 256.10299038357215, 257.88912862141933, 254.71090037028, 258.46172383626305, 257.5301400078668, 253.52346276177298, 255.46581115722657, 259.23502909342454, 258.2090369330513, 256.15358666314023, 253.34815639919717, 259.54994540744366, 257.6645662095812, 254.03411068386507, 258.7868959214953, 252.9661802503798, 257.71957770453565, 254.76340908474398, 256.78165147569445, 253.23216332329653, 250.37889099121102, 253.35722317165803, 250.98770345052094, 251.93992445203995, 253.6018527560764, 253.7020434909398, 254.93552754720062, 254.23119489881745, 253.29286532931863, 248.84275207519534, 253.97554134792756, 255.7189966837565, 258.51434054904513, 258.1421039157444, 258.9168940226238, 256.51122063530823, 257.22447068956177, 261.03369615342893, 259.40895741780605, 260.64286821153433, 260.4546630859376, 262.60338134765635, 263.6376481797961, 263.08225318060994, 266.98141835530606, 265.70583970811646, 265.7848654852973, 263.18952992757164, 264.779030863444, 266.58447180853955, 266.188533698188, 265.32719794379346, 267.9398017035591, 269.154821946886, 268.8580883449979, 265.0825702243382, 266.6106611463759, 266.53583933512374, 267.4819164699979, 267.677503458659, 267.16640472412115, 267.9119589911567, 266.17272457546665, 272.7854244656034, 269.90224694146053, 270.16505720350483, 268.0184073554146, 268.7332134670682, 271.06739993625223, 276.521172756619, 273.3732957628038, 272.259652709961, 275.1496093750001, 273.5664874606662, 275.83743150499134, 275.1889321221247, 276.71061282687725, 271.83364308675135, 269.97415601942276, 276.9654103597006, 276.490434604221, 274.2981036716039, 276.36165839301225, 274.9720309787327, 277.7562064276802, 280.2679477267796, 280.43277943929047, 281.5479949951173, 278.2696251763239, 277.9554058498807, 279.9164454142254, 276.91875830756294, 277.33113691541894, 278.31466539171015, 282.1296632554797, 280.9224729749892, 283.0062988281251, 283.454628329807, 282.6445626152887, 282.27533094618065, 282.5249740600587, 282.82922956678607, 283.4863062540691, 285.593682522244, 283.9252710978191, 283.1926791720921, 282.8452219645183, 285.29058380126963, 283.06743248833556, 281.45108523898665, 284.08379194471587, 285.5307829115127, 287.0000089857313, 289.2931560940214, 284.29148847791885, 287.462419128418, 285.4232737223308, 285.22008514404314, 284.1194273206923, 284.20715179443374, 279.21821034749365, 279.4371465047202, 279.7044569227432, 282.10832417805995, 276.8928312513565, 280.7250120374893, 280.50546196831607, 276.1871334499784, 275.1704447428386, 275.72719031439897, 276.9332607693143, 276.72817467583553, 276.1025548299154, 270.8610007392036, 276.6680652194553, 274.32701449924053, 275.7245510525174, 276.0485617743598, 272.00168440077056, 273.1763375176324, 270.47396969265424, 268.80984395345064, 271.2561340332033, 270.8094718085396, 267.47846204969625, 268.94675072564024, 271.04297620985244, 265.0884455362957, 266.3751246134441, 266.06472676595064, 262.8781343248156, 260.50848049587677, 264.90525105794273, 264.19893985324444, 264.47471262613936, 265.5579956902398, 264.4520083957248, 263.50586632622617, 260.7436848958333, 260.5801615397136, 257.93806796603735, 260.13949381510423, 257.7728927612306, 258.3924930148655, 260.78060506184903, 261.6837392171224, 263.1322847154406, 262.1744401719836, 261.0124588012696, 263.53864220513253, 260.38459981282557, 262.1561262342666, 262.78156365288646, 265.82251536051444, 265.4676739162869, 267.1258463541667, 264.83732181125225, 262.08178320990675, 260.48891737196186, 267.29969770643453, 262.9500989278159, 263.1532608032228, 266.6927342732749, 265.09168158637164, 264.9268142700196, 263.1855075412327, 267.4247424655491, 265.3144029405383, 264.7494781494142, 265.0059643215604, 268.1896984524198, 268.5822123209636, 270.44131927490247, 270.299812995063, 266.37887471516933, 266.50411953396264, 267.0624874538846, 262.7619642469619, 267.3789357503256, 267.4167236328126, 266.60834774441196, 268.3595002916125, 271.19445699055996, 267.137491522895, 268.8951009114584, 268.5879891289606, 272.7944622463652, 271.53147193060994]}