{"latitud": 10.2188, "longitud": -73.2734, "radiacion": [248.29856160481776, 251.59772983127175, 253.90940806070967, 252.52336900499142, 251.38370395236552, 254.11272701687298, 257.01140764024535, 260.6845399644641, 260.49448004828565, 258.3905166625978, 253.72169155544714, 255.8218588935005, 261.3357860989041, 263.42281985812724, 263.81518181694884, 265.40620591905395, 265.2461724175348, 264.1872741699219, 264.7034458584256, 265.9769383748373, 269.468471950955, 268.38604634602876, 266.57241312662774, 270.5888324313694, 273.1820756700304, 270.9858983357749, 271.61068742540164, 275.3112935384115, 273.4521286010743, 275.83430413140206, 277.70304192437067, 276.7397659301758, 277.4490997314454, 276.55871225992837, 275.47884572347016, 279.6227164374459, 282.1756742689346, 282.0626559787327, 284.53240492079004, 283.0500556098091, 282.7057023790149, 282.2104607476129, 282.70151960584866, 283.0550720214845, 285.59920857747403, 285.2300048828126, 283.78985154893667, 284.1132807413737, 286.3426578097874, 285.75169219970707, 287.7013368394641, 291.7045430501303, 291.55137736002615, 287.67270287407786, 286.9758539835613, 288.32362365722673, 292.4072843763564, 295.0577282375761, 295.952096048991, 302.53257581922753, 301.4514378865561, 297.4810841878256, 297.85834265814896, 296.8128153483074, 297.1532541910808, 298.5740341186524, 294.8566953870986, 293.3277398003473, 294.6762420654298, 297.90510372585726, 297.76169840494794, 297.6908923678929, 297.78798675537115, 295.51942206488724, 299.16123369005, 294.0798940022787, 294.2867467244467, 299.357224697537, 296.49177195231124, 298.5336407131619, 297.844606865777, 299.5978224012587, 302.0167100694445, 302.96827562120234, 302.60109592013896, 299.6143215603299, 298.3437757703994, 296.1487202962241, 295.7622277153864, 288.3806438869901, 290.10994839138465, 291.0114715576173, 295.3749099731446, 296.63954772949234, 296.37619306776264, 298.5214775933161, 298.1112621731229, 298.37486351860895, 302.09312964545364, 293.76930999755876, 292.8305255466038, 288.4849489000109, 287.4736650254993, 292.2990646362305, 294.23209347195103, 293.5035512288412, 294.48974948459204, 295.55594024658217, 293.65815294053823, 288.1388949924046, 286.91358066134984, 289.2881408691407, 290.3103461371529, 290.3307015313044, 286.0104697333443, 287.83427785237643, 292.8664191351997, 290.7285371568468, 289.59292907714854, 288.3405317518447, 285.4272284613716, 280.6067821926542, 277.6887691921658, 277.3826244778105, 276.4064539591472, 274.70780554877393, 269.75341729058164, 272.85433027479394, 267.5922402275934, 267.3811106363934, 265.51386820475267, 268.3712119208442, 264.87448696560335, 268.0832999335396, 272.57176471286357, 269.0913574218751, 271.8393753051759, 272.3330386691625, 271.75493197970934, 267.7625629001194, 267.7747378879124, 262.93379770914726, 259.0615827772353, 259.4889759487576, 260.52070011562773, 266.37153659396705, 267.136321343316, 262.1834815131295, 261.4166849772136, 261.08446892632384, 260.2398579915365, 268.84045834011516, 266.48439297146274, 260.3238323635526, 256.9656528049046, 254.77298363579652, 253.8845989651151, 254.69536810980904, 253.36636895073786, 251.87411142985033, 248.7704700046116, 254.4049928453234, 258.5186287773981, 257.3467154608833, 249.65334048801, 247.45645353529198, 248.31178843180342, 252.08835262722445, 252.97299160427528, 253.99969499376093, 258.4024841308595, 255.86616058349622, 250.31865200466586, 246.82609235975482, 249.1273593478733, 251.15721774631083, 249.44692450629347, 247.73179168701176, 253.70891537136512, 253.34628601074223, 248.75365956624353, 258.52562171088334, 255.68402828640419, 250.5809987386068, 248.2210091484918, 245.66473236083993, 248.64708870781803, 254.7941646999784, 251.80312228732646, 245.02200096978086, 252.1097481621637, 256.4540857950847, 252.31448237101242, 250.46174096001528, 254.08469136555996, 259.0375445895726, 260.9937610202366, 252.19621276855477, 254.34448106553836, 251.77250671386727, 257.81707271999784, 259.68548177083346, 260.30316212972014, 253.52808532714843, 252.723747083876, 257.23211941189237, 251.52477976481126, 247.74782613118498, 251.56851959228524, 248.48668111165367, 247.7655822753907, 245.2305509779189, 252.41595815022788, 249.2106267293295, 252.9294016520182, 250.93782094319667, 255.85228746202267, 254.06706441243497, 259.5542009141711, 259.7774188571506, 257.5543579101563, 257.70536278618715, 259.8640207926433, 254.8444273206923, 252.80737847222227, 252.4600053575305, 254.1471184624567, 256.5297987196181, 257.60731353759763, 255.5919957478842, 255.66526760525178, 262.8315997653538, 256.0089767456056, 251.67265625000007, 251.81579759385855, 251.3056542290582, 250.39655354817714, 255.85442403157558, 252.5771055433486, 251.3777686225044, 255.6875001695421, 254.85026465521935, 256.9065941704646, 254.05604349772136, 248.15925140380867, 251.34017452663844, 252.48811374240464, 255.65102539062505, 257.72134874131956, 261.2890343560113, 256.8138663397895, 258.716333685981, 257.0721718682184, 253.95169169108078, 251.98004404703786, 249.9365152994792, 251.86599129570868, 250.90116102430565, 252.79163801405173, 254.1328319125706, 254.95189615885423, 253.1818284776476, 252.2156948513455, 253.8509645250109, 250.94395141601566, 255.05171135796454, 255.99898630778003, 252.4429999457466, 249.25965983072922, 248.02717980278862, 249.5037051730687, 246.8551695929634, 249.6247867160374, 248.52830005221904, 249.90371365017367, 251.77702145046666, 248.88690405951607, 249.99677378336602, 246.66030815972226, 250.43814137776704, 245.96647508409293, 249.6478327433268, 249.36123733520512, 254.2737651401097, 249.33799150254995, 245.6188117133247, 246.2870220608182, 250.18016832139764, 246.92936816745336, 243.02724778917113, 242.01033867730044, 242.95947659810386, 244.2008780585396, 241.13139733208553, 238.55995898776587, 240.0202288309733, 243.08604668511293, 241.62746497260198, 245.09800516764327, 241.64253133138027, 238.67429105970598, 235.54765735202375, 229.63130747477223, 232.59163699679914, 232.27706205579975, 233.5376842922635, 238.0495029025608, 237.2980531480578, 236.94952629937075, 232.16660978529194, 233.97998682657885, 238.21754735310878, 235.3641809251574, 225.66325056287985, 230.81953235202377, 237.99490195380318, 239.1510459899903, 241.9707344902887, 236.05933770073784, 238.91422407362202, 241.37908782958982, 241.4036327785916, 237.1153890821669, 237.67663489447708, 236.99307140774206, 235.59722082349995, 237.66525505913634, 240.06557905409076, 236.68807746039502, 233.58048850165474, 237.1254269070096, 238.863845062256, 241.3514470418295, 240.36866183810764, 238.27146631876633, 241.02971547444668, 240.66531762017144, 241.37845001220714, 243.69536692301435, 242.47241965399857, 243.640045674642, 247.637040201823, 244.88214035034184, 242.4591878255209, 239.61872185601132, 242.7095779418946, 240.86355251736117, 239.56748301188156, 243.0498541937934, 243.48933376736116, 244.3622197469076, 239.47762688530824, 236.3719672309028, 239.3836027357314, 240.22060529920793, 243.53521931966154, 241.14284854465072, 243.14043053521058, 246.79923977322048, 246.21499362521706]}