{"latitud": 8.191, "longitud": -72.5022, "radiacion": [251.78254513210723, 254.03767361111113, 256.45915629069015, 261.59495595296227, 256.6108067830404, 256.47573284573036, 258.7044111463759, 260.8804526435005, 261.2963314480252, 261.3755567762588, 260.26416575113944, 257.5049565633139, 260.1971767849393, 265.8425372653539, 264.60560760498055, 264.6629794650609, 267.7026346842449, 263.903805202908, 267.73443298339845, 270.3157926771377, 270.08167080349403, 266.8174187554254, 264.11082136366105, 267.82237955729175, 271.38209991455085, 271.5852171156142, 272.6070087009006, 273.46079271104605, 272.269527689616, 273.96310441758914, 276.54965193006734, 275.4273596869576, 280.7273607042102, 280.8109461466472, 279.18405015733515, 282.02546861436645, 283.42097134060344, 283.1588936699762, 280.35296376546233, 277.75399644639765, 278.8404432508681, 280.3659584893121, 282.8290561252171, 282.38006557888457, 283.17736494276267, 283.27107069227435, 283.5963458591038, 283.98296763102223, 285.21040327284067, 283.75379358927415, 281.95559861924926, 283.82879045274535, 287.3820600721572, 287.87852698432084, 287.0433797200522, 287.72109256320533, 292.13536800808384, 295.7079691569012, 295.5912746853299, 296.0487204657662, 294.2697018093533, 293.3807803683812, 292.1483954535591, 293.93645528157566, 296.0921047634549, 296.1204934014215, 293.51060841878257, 294.97427368164074, 297.73159993489594, 294.34750315348316, 294.9915027194554, 296.7197369045682, 294.44923553466805, 290.16300659179694, 291.78009541829437, 291.3314219156902, 294.36050092909073, 297.1541037665474, 296.5372524685331, 295.46080949571405, 294.53730570475267, 294.2502989027236, 297.053229268392, 300.429542371962, 295.7529047648113, 289.54167344835076, 288.2175693088108, 288.05813649495445, 290.6073479546442, 285.20067630343965, 287.1782506306967, 288.8765158759224, 292.5079113430447, 292.4256252712674, 289.2273796081543, 289.5025992499459, 291.8773406982423, 293.78767632378475, 291.7013329399958, 288.3430803087024, 286.7053064982097, 286.1390014648439, 286.73415561252176, 290.9086349487305, 294.619613647461, 295.070270368788, 290.10361650255, 291.3109464857314, 290.24760318332255, 288.3281802707249, 284.74422403971363, 285.21020016140415, 283.41481933593764, 288.78455386691627, 282.46570010715067, 282.70699123806423, 288.5757576836481, 286.819073147244, 284.5152732001411, 283.77788153754346, 283.878853861491, 281.53065405951605, 275.485211690267, 274.17168256971576, 277.7076375325522, 276.1220155504015, 271.5015055338543, 273.14062703450526, 271.7514305962457, 272.2814115736221, 274.3917334662545, 272.88490973578564, 271.9276943630643, 273.81214633517806, 274.0351687961155, 274.3896935356989, 274.22308197021493, 272.72937961154526, 270.67690480550135, 271.042973666721, 268.4760565863716, 263.09070671929265, 264.69653150770404, 267.1990121629504, 267.75143432617193, 265.05580003526484, 265.79859873453785, 265.56124216715494, 270.7925328572591, 267.7397523668078, 267.459147474501, 264.435947333442, 261.92085300021705, 259.70195804172096, 256.95337710910377, 253.62419976128487, 251.851552327474, 250.92966478135858, 249.8113086276584, 248.46113569471572, 254.13200666639545, 245.7884665595161, 252.09366878933386, 248.49787309434691, 249.35648854573571, 243.85575307210306, 242.97063615587027, 242.14128909640849, 240.81511789957685, 245.4940307617188, 240.77186448838984, 235.94589504665802, 235.64713134765634, 235.3653748406305, 233.4709786309137, 236.70061560736767, 236.74811367458776, 234.7757913377551, 232.55078396267368, 236.9790910508898, 228.92121031019428, 237.3242017110189, 239.50570492214635, 238.7080592685276, 239.3018164740669, 235.87857920328779, 232.7380276150174, 236.85198364257823, 244.40326707628046, 238.45319146050352, 237.83848554823143, 245.76487308078347, 246.8787531534831, 244.38151516384553, 238.18706359863288, 242.3550120035808, 245.81913180881074, 245.84023217095276, 247.94347958034942, 245.28493821885857, 244.4147452460395, 250.6359933641222, 254.46866404215504, 249.51687130398224, 251.40599924723315, 247.97210947672534, 249.02614059448254, 240.72248145209426, 249.2999513414171, 252.13255445692278, 254.20831705729177, 250.206825764974, 251.95681915283214, 248.98951551649313, 249.87955627441406, 249.2172292073568, 246.00275175306538, 251.30469156901052, 256.1359731038412, 258.6163113064237, 252.50480990939673, 255.2376520792644, 254.5073642306858, 257.951394144694, 253.60558658176024, 247.28898128933383, 252.2354785495335, 253.35265062120232, 254.78569013807518, 256.77587110731344, 255.37783610026045, 257.6679258558485, 267.39349399142804, 257.9369601779515, 256.23984764946846, 251.95885128445107, 254.71025136311854, 257.1300911797419, 258.6408148871528, 259.069795396593, 254.1484002007379, 253.97522023518897, 257.82931365966806, 263.6428214179145, 262.2447923448351, 258.6208306206598, 259.00496376885314, 260.1040813869901, 258.25474209255646, 267.0687327067058, 262.42953898111995, 257.0475524902344, 262.58231692843975, 262.3953993055557, 261.3049406263565, 256.7719497680665, 255.17032725016284, 260.8868791368274, 260.4913604736328, 262.00817362467455, 262.8970048692492, 265.3074128892688, 262.15227525499137, 267.2481820000543, 265.03736936781144, 266.8793919881186, 264.85049150254997, 266.86641947428393, 267.4650178697375, 265.6154993693035, 261.47571275499143, 262.4255883110894, 267.7989345974393, 265.7479680379233, 266.5180726793078, 263.62792663574226, 266.0901846991646, 266.1440670437283, 265.7250488281251, 263.911348130968, 263.35416361490894, 262.29430762396925, 263.42668592664944, 263.4178310818143, 260.29199795193153, 257.9697362263998, 265.0161473592123, 259.50302564832907, 262.52901255289714, 259.5263458251954, 253.18755001491988, 258.5255362616646, 254.85263180202915, 253.60950961642803, 249.32065132988836, 251.1806277804906, 252.2936097886828, 252.72142706977004, 254.27273983425573, 249.71707746717675, 246.51953294542102, 249.50499233669714, 247.4700281778972, 247.45299852159295, 246.22104509141718, 243.47854376898877, 241.54094594319665, 250.43507130940773, 247.49028828938808, 242.5358974880643, 242.2878482394749, 242.42331882052952, 244.5625057644315, 240.67786916097006, 240.88277706570102, 243.94113633897572, 244.3069659762913, 244.96966773139116, 240.91937883165147, 244.81936001247843, 247.31116095648872, 250.29658593071835, 247.78140004475918, 244.96465708414715, 246.51384701199012, 244.03784315321187, 248.51826850043412, 249.56004740397145, 248.0439050462512, 245.9340910169814, 247.47678697374144, 254.22920210096572, 251.71823967827697, 250.46899905734594, 251.99438764784074, 249.90922020806215, 247.75837063259564, 248.96026780870238, 249.61262605455195, 246.3969629923503, 249.8785872565376, 249.7876819186741, 251.40678999159073, 254.56893751356344, 252.35531650119364, 249.7619222005209, 246.1176030476889, 246.3426349216038, 249.72067955864813, 245.5943130493165, 250.04297841389985, 248.8046398586697, 246.61651967366538, 245.53656853569888, 246.49809756808813, 249.3085062662761, 247.0703189425999, 252.1846037122939, 252.26714511447486, 253.8794221666125]}