{"latitud": 7.174, "longitud": -72.2056, "radiacion": [239.62986840142148, 238.0821050855849, 243.21717546251088, 248.3597575717503, 246.68713658650722, 245.78167665269643, 248.97264031304266, 251.9319181654189, 252.3400017632379, 247.91416651407886, 239.01480840047202, 245.3477949354384, 253.18248155381949, 256.4111845228407, 253.73688507080087, 252.57224053276914, 254.64610290527355, 253.3427742004395, 256.35836910671657, 257.1330579969618, 256.7322820027671, 256.87285241021056, 254.47921456231015, 256.9860825432673, 256.8924424913195, 257.27123107910165, 257.7972329033746, 262.21028747558603, 262.8140668233237, 256.2145629882812, 263.94254218207476, 267.1335384792752, 272.00608723958345, 273.8908684624567, 272.5359834459093, 274.5022404140897, 276.4536874559191, 278.4713573879667, 278.29565811157227, 270.803527323405, 263.40975587632926, 268.45679999457474, 271.0728801303441, 269.0344356960721, 270.52235276963984, 272.723321363661, 271.98744337293846, 270.4513877020942, 274.16138526068806, 270.6552357991538, 266.41719835069455, 272.68285446167, 273.1155525207521, 274.83934478759767, 278.6301778157553, 279.7078669230145, 282.8112720065648, 283.4251383463543, 283.71095445421014, 282.5880383809408, 280.2773014492459, 281.4408014933269, 278.3735841539171, 280.61661902533643, 281.5504182603625, 284.1354905870226, 280.64190775553396, 279.90774230957044, 284.76549275716155, 278.403005303277, 278.53944871690544, 278.83998684353304, 276.186594051785, 272.82500000000005, 277.2031756930882, 273.91535691155326, 277.095822736952, 279.1746942308215, 280.3091789245607, 276.334095425076, 277.5362569173178, 280.5412338256837, 277.6797448052301, 275.2446150037978, 271.73815197414825, 263.24529936048725, 259.732652537028, 262.32308603922536, 264.86183802286797, 256.62565222846143, 261.41066970825204, 265.2862999810113, 267.37401563856344, 263.91631495157884, 262.70909915500226, 260.5975058661568, 260.6784018622505, 268.3319878472223, 268.7313373141819, 260.0024440341526, 251.94557384914825, 254.8955177307129, 259.8889454735651, 264.624294450548, 269.66375791761624, 272.332376352946, 262.85114864773226, 268.5518226623536, 268.29367209540476, 259.6093431260852, 261.13241187201623, 260.2488257514107, 257.8089160495335, 256.1746743096246, 257.4893474155003, 255.4086850484213, 260.1838475545249, 259.26463453504783, 254.18788248697925, 254.83202421400287, 251.3047094557021, 247.77358907063808, 240.6186787075467, 240.40252193874792, 243.56989017062722, 243.29586859809032, 232.94304512871642, 231.67015024820967, 233.29464145236548, 234.2413800557455, 243.43942337036142, 231.35000686645512, 231.10921232435444, 226.04392801920577, 234.99921527438698, 231.22700161404086, 237.21394153171127, 238.46318715413426, 236.1269032796224, 234.22146521674267, 223.586555396186, 217.01554056803388, 213.60368855794277, 230.3474696689182, 224.59003745185, 223.3112539927166, 215.98358247545033, 220.23593783908413, 221.6317895677355, 220.64125086466473, 222.72434277004672, 213.0870411343045, 216.77502102322055, 210.04115507337784, 204.2229406568739, 198.12510028415258, 192.16551365322542, 194.09251141018345, 198.55971315171985, 193.69031109280058, 196.26445554097504, 185.29939812554258, 194.53997065226235, 193.2467395358616, 186.82425265842016, 186.92832781473797, 181.39710218641494, 174.79952689276797, 178.90235112508142, 176.65420498318153, 187.50234078301324, 174.73040864732525, 167.29840223524315, 172.13305007086868, 164.85828569200308, 160.31977539062507, 163.14377598232696, 163.17198041280113, 164.95256610446515, 170.9346373664008, 157.10327504475916, 165.97071482340496, 173.30201738145615, 175.80153477986656, 174.66366475423175, 163.6556331210667, 160.18679254319937, 165.72487441168894, 178.90582605997733, 173.41090049743653, 173.95102199978305, 188.43109058803984, 187.17443105909567, 174.85386776394319, 177.74988225301112, 178.22714428371856, 193.13215806749136, 195.10797619289826, 194.4130494011774, 196.04840927124027, 195.65117314656575, 195.20292015075688, 200.65326046413853, 193.8223542955187, 189.35613521999787, 196.60300581190327, 193.00741755167644, 172.7493846893311, 193.8474257575142, 195.6698821173774, 197.3642640855578, 196.39506835937505, 196.48627946641713, 195.29997321234816, 198.8501177893745, 201.1989489237468, 191.86547342936205, 198.39001151190863, 211.80302768283423, 214.04569324917267, 206.73817350599506, 216.71318037245013, 206.16335008409297, 216.3294240315756, 212.74455125596793, 207.4311314900717, 205.09699088202584, 213.64849505954325, 211.5688847859701, 204.5447510613336, 211.8768903520373, 214.7798229641385, 217.14596735636397, 203.77785737779413, 200.03536843193902, 203.1897055731879, 205.79980383978946, 210.3391995747885, 212.79353934393998, 214.73366436428492, 207.72965672810878, 211.0919815911188, 218.80773052639438, 216.17169036865243, 222.03456242879224, 217.62902374267583, 215.56183920966262, 217.97039591471358, 215.60465257432733, 226.30009375678173, 227.04192038642046, 222.08395860460075, 220.61253746880433, 223.9241171095106, 225.48705944485144, 220.1314743889703, 212.0622946845161, 223.78505545722112, 227.99124094645194, 235.99826465182835, 231.97382244533972, 229.25620532565642, 232.28415857950858, 237.5142386542427, 231.4770264519586, 238.88384365505644, 238.13205303616007, 229.26621263292108, 231.42436014811202, 234.54537497626418, 228.57059682210297, 225.99508395724834, 236.7561934577095, 232.66558024088545, 235.27110917833133, 230.68616010877827, 234.7725942823623, 235.78702765570753, 239.29832950168193, 231.04535268147797, 230.9228181627062, 233.88967658148877, 235.80535261366109, 238.74681184556752, 235.7048727247451, 225.64623684353305, 235.9513899909126, 230.65654813978418, 236.31979938083234, 230.41134736802852, 227.46089981926812, 224.27951049804688, 230.14325875176328, 223.2517837524415, 225.88036499023443, 222.31291766696515, 221.3017991807726, 220.6192641364205, 226.34181293911408, 222.28463058471684, 212.86005800035272, 213.9241026984321, 210.6984712388781, 215.74992472330732, 213.854444970025, 216.68268483479824, 215.10935711330845, 219.83262676662878, 223.24612240261504, 217.354313659668, 214.71133838229719, 218.69717568291557, 215.9805448744033, 217.64633763631184, 217.4459328545465, 217.76673643324116, 219.28807254367408, 216.2954120212131, 214.36751632690434, 217.82853190104163, 226.92599004109707, 225.72145767211921, 220.30390862358945, 221.32275992499467, 226.50700878567173, 213.37173563639328, 222.7349612765842, 231.96356531778983, 229.06742002699116, 225.3879444546171, 228.27705247667106, 237.77214118109808, 233.66308542887373, 231.90742090013305, 230.58282411363396, 225.2096423678929, 228.39073961046014, 237.90541297064897, 241.1538413153755, 240.22133577134886, 230.97336714002833, 235.89862806532128, 239.15729802449547, 238.21672329372836, 241.84071926540807, 237.26476838853634, 227.86301557752827, 226.55419701470274, 233.06749437120234, 232.0158881293403, 235.34569803873705, 225.85879669189464, 219.75760565863723, 221.3020190768772, 229.19031524658206, 223.85742229885525, 221.39268485175248, 227.2195821974013, 237.03095948961047, 235.91041208902996]}