{"latitud": 5.5897, "longitud": -72.3614, "radiacion": [274.2591415405274, 274.2684300740561, 279.8921047634549, 281.41203223334423, 280.3882987128365, 278.4547678629558, 279.0727074517146, 278.9309322781034, 279.231312052409, 281.07003716362857, 277.69310133192283, 276.75394151475706, 282.29423929850276, 285.4759709676108, 283.49190029568155, 283.69902208116326, 285.02955610487203, 280.7875430636937, 283.4378131442601, 284.57322336832686, 280.4418689303928, 278.54647945827907, 281.92827674018014, 283.56310865614154, 288.54930809868716, 285.78326551649303, 285.87587365044493, 285.6165620591906, 286.8033835517036, 288.19516381157786, 287.9426291571724, 290.0547756618925, 293.4544703165691, 293.7577373928495, 294.80235290527355, 295.4838812934029, 297.74267306857644, 297.7526740180123, 295.60586463080523, 293.0000712076823, 293.3764063517254, 291.52291446261955, 295.6076485527886, 293.442143588596, 295.3944554646811, 294.51670718722875, 293.4686165703668, 297.40573187934035, 297.91196662055125, 296.44549509684254, 291.2826299031576, 295.77474534776485, 294.6718694051107, 301.1704126993816, 299.3519978841146, 300.6778954399956, 297.32192128499355, 298.46184234619153, 300.33330993652356, 299.92149658203135, 297.7697389390734, 299.88877156575523, 294.7941636827258, 297.62216864691845, 296.4610766940648, 295.6304612901477, 298.8842664930556, 296.7076122707792, 296.34853396945533, 292.33711513943143, 293.88589341905384, 293.85002814398877, 292.83241814507386, 288.211383565267, 289.75798458523224, 293.26113111707906, 293.6353481716582, 298.25784403483084, 296.4605094061958, 293.3283376057944, 293.1948671129015, 294.4797727796767, 294.7976338704427, 287.7680867513022, 289.18455573187936, 282.87640211317284, 277.7427495320639, 279.7787287394206, 277.142049323188, 278.35654602050795, 273.51879916720924, 278.58429921468104, 279.28697492811426, 280.1928495619033, 273.3334865993925, 274.97405327690984, 272.3849923027887, 274.67133687337247, 276.54109598795577, 265.91471099853527, 262.79434661865247, 263.0467939588759, 265.18029301961263, 267.2665000915528, 277.23828345404746, 273.36607225206177, 269.47252239651147, 270.8606070624458, 269.62084045410165, 264.3619444105361, 265.07507765028214, 264.4340387980144, 254.1394368489584, 251.52362331814243, 253.988161638048, 247.88284742567285, 248.3659289889866, 250.97304585774748, 253.7099116855198, 252.9218237982857, 244.89946509467237, 243.56136305067278, 240.33968531290694, 231.34259084065766, 237.17356143527567, 238.4303039550782, 230.29291263156475, 228.27669550577806, 229.82798580593536, 229.44605331420902, 236.15450634426546, 228.24563937717016, 224.00456475151918, 225.04360758463554, 226.67162306043846, 227.13302569919176, 230.71430731879352, 233.37900178697376, 230.54438374837244, 231.02655877007376, 217.7300550672744, 218.9122768825955, 211.30749935574008, 219.18993047078445, 212.8923394944933, 215.66664098103846, 209.80499098036032, 215.17913284301764, 220.13053673638242, 224.11878933376747, 217.57678095499674, 215.44084845648874, 206.75728513929585, 201.43770794338658, 204.2316639370389, 199.29499740600588, 194.8156968858508, 194.33400107489692, 197.41245091756187, 195.87584754096136, 194.72302619086375, 192.7327465481229, 193.70264714558922, 194.05402348836267, 194.75778342352973, 194.18632422553173, 189.52281180487748, 182.27861345079214, 187.96952675713433, 186.21441302829325, 192.85663960774744, 184.72299889458554, 180.95711000230577, 184.02504145304363, 173.63258463541675, 166.3930738661025, 170.07637142605256, 171.99410637749574, 174.89797286987312, 180.32515657213003, 175.64403449164502, 181.55076683892148, 186.98876656426327, 186.4696530659994, 177.2490972730849, 182.90294070773663, 182.5313188340929, 182.41309814453135, 186.62487614949552, 184.3359766642253, 186.21308271620015, 191.51554972330732, 187.62048483954538, 184.6944814046224, 190.66920411851677, 190.6249248928494, 199.71724700927737, 198.1832256740995, 198.85284635755758, 200.0756496005588, 198.15878312852655, 204.14737091064455, 203.4304648505317, 202.15155300564243, 201.16175155639655, 204.0516119215224, 201.01636276245128, 188.57172292073574, 196.9330730014378, 203.16839150322812, 203.46888834635422, 206.97790120442713, 203.52875535753046, 205.7912337409126, 201.61799053615997, 210.63016704983184, 201.22930230034726, 207.36675279405384, 206.81167636447495, 216.9792083740235, 214.59132944742842, 223.01336593627937, 216.1223995632596, 219.53793012830945, 216.74948187934032, 215.88879504733617, 212.89605043199333, 221.46552471584752, 221.03392206827803, 220.68158323499904, 222.18098509046771, 227.18776855468755, 228.66716664632165, 218.98580195109056, 214.37658199734156, 218.1101626078288, 218.98395207722987, 229.57974302503803, 229.07194163004564, 227.94328265719946, 228.18164588080523, 233.53663118150504, 239.41584379408098, 237.36352725558822, 238.48307952880862, 243.88002234564897, 236.7228391011556, 233.98402879503047, 238.82157728407128, 245.00785132514113, 248.669692823622, 240.1277431064182, 239.68645706176767, 243.55522308349614, 244.47671661376958, 247.8686720106338, 242.64826711018887, 247.62248399522574, 246.84295772976347, 254.80052083333342, 253.53634329901806, 249.4901743570964, 250.15377782185877, 261.09301995171444, 262.6501780192058, 265.18880903455954, 260.06658189561637, 259.81646431816955, 262.6228524949816, 262.99771169026707, 254.485071987576, 257.140129767524, 262.33112436930344, 264.3427570766874, 258.2049726698135, 261.22747531467024, 260.7420651753744, 264.6010325113934, 264.46138865153006, 261.4738596598308, 263.45935245090067, 263.51437394883914, 262.04695493910054, 264.802141655816, 268.3273391723633, 258.4813720703126, 260.6462280273438, 255.56141221788207, 262.72094913058817, 265.49538184271927, 257.8721562703451, 256.77756110297315, 258.9224160088434, 259.8064332750109, 262.6236272176107, 259.57222001817496, 251.9554779052735, 258.5978975084094, 258.0671964857315, 253.84497477213552, 251.30821329752618, 246.07924448649098, 247.30736609564903, 250.39515753852007, 252.8893117268881, 254.62681799994576, 252.04251166449663, 259.55825720893023, 257.16393924289287, 257.96462521023227, 253.38906792534726, 252.92562866210946, 254.9242777506511, 256.53941726684576, 255.3137045966255, 254.74219902886296, 258.40772654215493, 258.2903479682075, 259.25864868164064, 261.8721152411568, 259.43935869004997, 264.5175354003907, 260.1370957268609, 259.6345937093099, 265.99549933539504, 261.5500300937229, 260.00496673584, 265.85227762858085, 264.15527496337893, 262.6019895765517, 265.21363474528, 268.21758490668407, 265.8428327772353, 267.4178598192004, 269.1135074191625, 270.7565082126194, 266.5570549858941, 268.5697628445096, 270.8375072903104, 271.95279201931436, 271.4485936482748, 271.57043897840725, 272.0963701036242, 273.46993069118935, 271.80283508300795, 268.1816791110569, 270.17461463080525, 270.79111955430784, 270.3608662923178, 272.7024383544923, 275.11490800645623, 270.9254950629341, 270.6579878065322, 273.82260894775396, 277.6813396877714, 276.86985982259125, 275.6696207682292, 276.25263621012374, 276.08817579481337, 273.5342802259658]}