{"latitud": 2.783, "longitud": -72.8418, "radiacion": [235.96897167629675, 236.4199439154731, 240.5830579121908, 246.21696624755864, 245.29792514377178, 246.7846074422201, 246.3317798190648, 247.74793133205844, 248.22950651380754, 243.79724790785053, 240.5880423651802, 241.96868726942287, 241.65799543592667, 250.33283555772576, 251.5671125623916, 253.18302018907335, 254.8173255920411, 253.38300501505543, 257.49275080362963, 259.55108896891284, 257.4529663085937, 253.14403974745014, 253.24864900377068, 258.55942535400396, 257.85032975938583, 252.48564563327372, 257.8128128899469, 257.90987243652353, 260.19918908013244, 253.72979939778648, 255.03079401652022, 256.8721904330784, 258.9785853068035, 265.12563900417763, 263.83817596435546, 268.0313212076824, 267.2454893324111, 262.1524795532228, 258.21206325954864, 259.43411415947816, 257.0950975206164, 256.49628507826066, 256.4794955783421, 257.32131042480484, 257.59645012749576, 256.07930823432076, 253.2087404039172, 255.35747273763033, 256.4673934936524, 255.65951385498056, 246.8489320543077, 249.22303882175035, 244.30446963840055, 252.3645078870986, 253.02911953396276, 256.19904395209426, 259.5056372748481, 256.9271756490072, 262.98415561252165, 260.1825319925944, 248.55463019477, 251.09872682359483, 240.5387124803332, 246.14261754353848, 244.5595041063098, 242.39845657348636, 242.76101447211377, 240.31501185099282, 241.91799028184687, 240.6108458624947, 235.45658416748051, 235.83424708048514, 226.5759149339464, 231.56172163221575, 231.82277408176006, 227.13826760186097, 229.46455578274197, 225.9453671773275, 231.66258994208445, 229.10688917371968, 230.40670360989043, 232.27485944959867, 231.47431606716586, 228.84415545993397, 224.8697204589844, 217.07128380669494, 211.8392164442275, 207.0429111056858, 211.83345031738284, 208.2260099622939, 202.79598253038196, 200.47198469373924, 201.65842607286245, 209.96014938354503, 204.38029166327587, 194.75343043009437, 194.9139987521702, 193.86559143066407, 203.31317240397138, 200.86003248426653, 192.14601906670475, 186.39927893744576, 192.89484795464418, 197.34688949584964, 201.82114139133031, 199.3331691318089, 190.03870790269647, 192.21778861151802, 193.4584570990668, 197.40015928480366, 189.66221457587346, 185.40917349921338, 184.90788964165583, 189.37290106879345, 188.37258936564135, 178.98453496297205, 172.26316646999783, 175.61060850355364, 181.54429007636182, 182.00940305921765, 177.79255871242947, 173.45391938951286, 169.6982934739855, 159.07703755696625, 163.56461393568256, 169.505015818278, 164.29732131958008, 160.51471498277456, 163.6829133775499, 163.66610700819228, 163.25588361952038, 160.7470804850261, 161.34013947380916, 159.71361041598854, 161.12814602322052, 165.44128299289284, 165.9023167504205, 158.96683078342014, 157.98663024902348, 153.69727316962346, 151.558642493354, 146.4340091281467, 146.44359834459098, 155.1151062011719, 150.7269066704644, 148.96807437472876, 147.06593322753912, 145.32407205369736, 154.90725182427306, 157.7427604675293, 155.1449724833172, 145.24384613037114, 136.7010496351454, 142.30460756089948, 141.95481050279406, 135.2486760457357, 135.89124315049912, 138.87521430121527, 146.44890772501637, 148.87479417588978, 143.69386088053392, 141.69503707885744, 141.4454166836209, 147.35342110527895, 149.7708485073514, 143.8268727620443, 137.14545203314893, 137.72465167575413, 140.55630221896703, 137.50895847744417, 134.81875678168402, 131.9625695122613, 133.89889653523772, 132.07783957587353, 138.29346321953668, 134.3034101698134, 139.6426818847657, 143.9616725497776, 143.19224336412216, 137.82373267279738, 134.22426622178824, 141.98894089592832, 144.19027430216482, 144.76485968695746, 144.22668126424162, 146.24586274888782, 149.34580883449976, 145.6029925452339, 140.50744222005207, 150.5861729092068, 150.59600847032337, 151.52859060499404, 144.96939824422202, 140.2639828999838, 146.8626994662815, 149.33943714565703, 161.20647633870445, 157.2642000834148, 157.31000264485678, 150.59289237128363, 146.61374070909292, 148.5169834560818, 152.43090142144095, 157.44970058865013, 153.5692231072321, 152.79928987291132, 158.966690741645, 154.30370805528432, 156.20758361816408, 161.82414245605472, 164.18173056708443, 157.66655324300132, 159.87080832587353, 152.2366227044, 157.13197555542, 157.4285914950901, 157.11244583129886, 156.3232054816353, 161.3216540018718, 158.53901095920142, 158.5675058152941, 161.71340933905714, 159.79108259412985, 156.24122094048394, 158.5578317430284, 162.5900468614366, 161.27682995266386, 159.7575822618273, 160.37814271714956, 158.0297366672092, 156.22266354031032, 160.51055162217884, 163.6925490485298, 153.60825042724613, 155.39281684027782, 162.94792938232425, 163.62005335489906, 164.66053407457142, 165.119671037462, 159.0243023342557, 167.39959445529516, 166.90341330634226, 167.04376441107863, 171.07320497300893, 167.44481336805563, 171.67946760389546, 165.25883255004888, 164.2443381415474, 171.77894795735688, 171.59620632595488, 176.01590593126093, 173.28382110595703, 174.1701788160536, 178.15391998291022, 175.90285500420467, 182.6544532775879, 174.16907060411245, 174.5625190734864, 176.62123998006192, 182.49350696139868, 180.64057651095922, 175.85758853488502, 182.54339930216474, 187.1473377651639, 188.68015552096907, 193.98351126776808, 188.49519653320317, 188.26877153184682, 194.7716567145454, 192.84794125027133, 188.99642545912002, 192.9717926873101, 199.88341734144424, 196.5769164191353, 195.24712261623813, 203.02019678751628, 196.73788511488178, 192.3944439358182, 193.6781038920085, 186.391987101237, 195.3244379679363, 198.31561372545033, 199.0800939771865, 202.6285367329916, 198.63735622829861, 197.3214307149251, 196.48866933186855, 197.7780130174425, 207.1753472222223, 210.89039035373267, 199.62590374416777, 199.83761749267578, 196.69597396850588, 197.94091508653435, 197.08297958374033, 196.17276000976562, 191.94518585205083, 187.76169492933488, 198.11057239108618, 197.2106662326389, 193.75081507364916, 186.64872673882383, 189.86968680487743, 192.62358347574875, 197.93577592637803, 195.9448731740317, 193.98068144056538, 194.2192360772027, 188.57660886976456, 192.32116394042973, 185.0756218804254, 190.34082845052095, 190.16033003065323, 190.46590296427408, 190.97692532009555, 193.292886182997, 198.8254473368327, 193.6497232225206, 192.44582689073354, 198.68846995035815, 199.94815792507598, 200.8391240437826, 201.49327536688915, 200.01444668240026, 199.5861212836372, 199.13728018866652, 201.1498864067925, 204.1407569885255, 205.92992748684355, 205.01090621948245, 215.1639117770725, 217.63692381117087, 214.92132068210185, 217.3541197035049, 215.51160736083986, 216.9856751335992, 222.27709935506195, 222.06968375311962, 222.1455311245389, 225.953611585829, 227.07865015665695, 228.96750573052304, 233.2502731323243, 237.1364330715604, 236.80100368923624, 232.6007603115506, 227.51185099283862, 228.84300816853843, 230.52324812147359, 230.5749529520671, 231.5778579711914, 226.0212498135037, 223.99581459893125, 226.73176150851782, 229.21197747124572, 222.48911760118276, 226.72979939778654, 229.91137593587248, 239.31258409288202, 237.27597825792108]}