{"latitud": 7.0779, "longitud": -75.0242, "radiacion": [249.77267947726787, 246.89300732082793, 249.45323045518674, 254.34560411241327, 254.3807140774198, 249.21214608086493, 244.26819161309137, 246.3215942382814, 249.17098439534507, 250.6873756408692, 249.1464257982043, 243.44960089789495, 247.26356116400837, 255.45976638793954, 256.4543575710721, 257.9107300652399, 252.0746060689291, 248.08550618489593, 250.85630077785922, 254.88286454942497, 252.20043284098313, 249.66914376152894, 254.5661285400391, 255.8411830478245, 257.72117691040046, 256.37990620931004, 259.4437534756131, 262.41284595065656, 259.8418300204807, 265.83047926161026, 269.9025149875218, 263.927187093099, 264.5993952433269, 260.98239796956386, 269.7587785508898, 275.6803460862903, 277.7658138699002, 272.31274871826173, 279.4794158935547, 273.571450636122, 268.26035291883693, 266.47990180121536, 265.69116414388014, 267.32105763753265, 269.466790262858, 268.83391079372836, 265.24225472344307, 267.4944838629829, 266.039407518175, 269.1214958190919, 269.876668379042, 268.71790305243604, 273.15858849419493, 276.2600057813857, 278.8816346910266, 275.3761023627388, 275.47651943630655, 272.175767601861, 273.1972547743056, 276.2588092380101, 276.06526675754134, 275.33061498006197, 272.7892835828994, 270.5757269965279, 270.7929824829103, 271.07059851752393, 271.18129085964625, 269.33164435492625, 271.15521494547534, 268.5163506401909, 264.2845290289985, 265.48668297661686, 267.26663182576505, 258.54471316867415, 263.4515646192763, 269.25114440917974, 267.5258268568251, 270.5269798278809, 266.41392923990895, 268.1487030029298, 268.5654588487414, 267.75177552964954, 267.74426922268344, 263.036407131619, 257.8001802656386, 253.906084865994, 256.5871004740398, 256.3534166971844, 256.25128106011294, 256.797918785943, 248.42507705688482, 253.08525068495013, 258.7071293301053, 259.818726264106, 257.6403817070856, 257.0002330356175, 256.8484915839302, 252.70681974622948, 252.42914920383032, 250.7371820237902, 253.80731862386082, 246.41137305365683, 246.60328309800897, 246.00155775282124, 256.60790668063703, 253.84283735487202, 250.20219336615676, 252.71427485148124, 250.1023573133681, 253.72619849310982, 249.58261078728574, 246.2652644687229, 250.77616653442388, 250.63042958577478, 245.4796395195855, 245.5653384738499, 248.61786075168197, 246.02752397325312, 247.0584047953289, 254.57994181315107, 252.6535066392687, 246.19822285970062, 241.09831899007168, 243.2146166483561, 245.09478573269317, 246.2719441731772, 245.0639664544001, 242.3083209567601, 240.5898442586264, 243.52688742743604, 246.59009831746422, 249.1318750169543, 249.5514427185059, 240.21335322062183, 241.00930141872837, 242.59559029473203, 248.28339809841586, 246.74417139689137, 241.57615008884008, 256.9392290751141, 259.23756646050356, 246.37387898763032, 244.62664625379784, 246.84540786743165, 258.4709490458171, 262.4856905619304, 255.11128514607753, 252.17089801364477, 258.6592505560982, 259.9816276550293, 267.994310506185, 271.27740173339845, 265.7696828206381, 260.7678649902345, 259.6490932888455, 262.1287558661567, 262.6107020060222, 266.3483458624946, 262.61195729573586, 261.50939025878915, 266.20701709323464, 267.3560101826987, 268.6379597981772, 260.82717641194665, 264.14824413723426, 255.14667494032128, 259.1145097520618, 261.2566888597277, 266.8249216715496, 273.6813565572104, 273.10082600911466, 268.89333919949013, 264.4725271436904, 268.92073974609383, 275.825905693902, 271.5812681410048, 271.1119771321615, 272.1191762288411, 273.7120659722223, 273.34394904242623, 274.9291649712457, 276.19580501980255, 279.6957977294922, 280.4778613620335, 279.8599846733942, 275.0533691406251, 274.18942294650606, 275.0926728142634, 280.2020477294923, 281.545920138889, 275.99134928385433, 275.6324013604059, 279.89476369222024, 279.8762797037761, 283.27416670057517, 284.00350774129237, 282.5373293558757, 281.1854353162978, 283.55748875935876, 281.06861317952485, 283.10766991509337, 284.36028781467024, 278.2532958136666, 281.68451131184906, 286.5981790330676, 285.7390462239585, 283.2413567437067, 281.8413008795845, 284.3900421142579, 282.2613750033909, 277.83647766113296, 274.39084642198355, 277.05204315185557, 283.22153642442504, 280.39896765814893, 283.8108629014758, 279.1417316860623, 281.2096368577747, 285.514072502984, 279.7945132785374, 277.7786527845596, 285.46978225708017, 280.4667671203614, 280.29653133816197, 281.04903072781036, 278.8308252970378, 271.1379691229927, 274.7846728854709, 277.5188284132216, 272.4311405605741, 272.79281395806214, 271.1044447157119, 276.2995468139649, 273.72956254747186, 275.79441782633467, 271.0366184658476, 268.2421334160699, 270.91028696695975, 269.07537231445326, 269.5196278889975, 265.82422434488933, 257.1710702684191, 257.714816538493, 265.2805724249946, 258.8877610948351, 251.9179178025988, 247.78297119140635, 251.89612341986768, 248.03790037367085, 254.18023546006944, 250.70288247002506, 247.44883863661028, 254.46883061726894, 251.16509492662217, 254.00521689520951, 248.99136149088545, 242.76100836859814, 235.12109603881845, 229.66724107530388, 231.8430853949653, 223.8528799268935, 223.94229482014978, 220.4028349134658, 220.13247943454323, 223.56024898952913, 222.14276919894755, 225.8763298034669, 222.2464349534777, 224.18682573106562, 222.25052964952258, 212.98116734822597, 209.26272744072813, 204.44513159857857, 207.16071760389545, 203.66110068427193, 210.19372626410595, 206.6721963670519, 204.39037941826726, 205.92622494167753, 205.54956834581165, 206.43069746229386, 206.36864691840285, 196.91164906819662, 186.78689041137704, 192.89388885498047, 192.93635618421774, 197.780364312066, 195.8818870544434, 193.10351316663957, 185.5839247809516, 188.0867427402073, 192.30347561306428, 187.3718579610189, 191.35187242296013, 181.84144371880436, 185.68960435655382, 179.0062080383301, 179.28726136949328, 181.37770979139546, 179.8760868496365, 181.88701443142364, 181.29848904079867, 172.3059528774685, 177.9885368347168, 183.4897269354926, 184.33673706054697, 186.89954859415695, 183.1837101406521, 185.20948265923394, 185.4690441555447, 177.18492134941948, 174.1703720940484, 174.90157775878916, 177.68151507907442, 186.1510081821018, 187.45433654785163, 184.74495451185442, 184.64302707248262, 192.0052395290799, 198.55611987643775, 195.16723115709098, 196.78302391899956, 196.1848909166124, 198.95964406331382, 208.18936030069986, 206.1083990308974, 200.49601660834423, 200.52919057210292, 198.50848380194773, 208.8106863233779, 213.30881551106776, 208.89583282470718, 206.6921201917861, 209.70599738227006, 213.6850351121691, 216.0355201721192, 215.79281463623047, 214.28160663180893, 217.7155938890246, 226.11802291870129, 222.0979014926487, 221.5126889546713, 216.78903028700088, 219.57752812703453, 230.919891442193, 230.91315841674813, 231.61190567016607, 230.47267600165478, 229.10061925252285, 228.8988511827257, 230.79401652018228, 233.3042037963867, 238.1622384813097, 241.6588887532553, 240.58725925021704, 237.5687898423937, 239.9947092692058, 243.78587459988066, 243.78466356065542, 241.83254665798617]}