{"latitud": 4.5361, "longitud": -75.735, "radiacion": [242.60205425686317, 249.03279927571626, 243.6623238457574, 245.71274041069884, 245.08961783515088, 243.74723595513242, 242.8575425889757, 245.06092664930566, 251.48504418267154, 253.30872141520192, 247.32257978651262, 242.27581448025185, 245.81747470431864, 248.53146362304696, 253.240168592665, 253.95227279663087, 248.9838166978625, 248.5931054009333, 247.01720589531791, 252.07978049384232, 253.47363162570534, 249.87358228895403, 254.42972937689896, 247.02054189046234, 252.93575168185768, 253.42861921522362, 253.31619194878485, 256.532100253635, 258.57405497233077, 260.89341837565115, 258.2515344407824, 256.5155407375759, 253.24768948025178, 249.72143113878042, 252.96749666002066, 261.681069691976, 262.38698001437723, 263.27025383843323, 260.885654534234, 260.97287716335717, 259.68111233181423, 252.95461714002826, 259.0131601969402, 261.8688022189671, 258.3402340359158, 258.73039881388354, 256.87757958306213, 254.58131154378262, 254.534696367052, 260.2232067532011, 255.2429068671333, 256.8885362413195, 255.43222368028435, 262.5392993503148, 267.11769222683375, 262.05709635416673, 255.57914801703578, 259.37336951361766, 260.6944278293186, 263.37873399522573, 256.0669203016493, 252.5421997070313, 252.95770043267146, 252.33478622436527, 261.61826672024205, 251.94392140706393, 249.6934588962132, 241.246944003635, 247.3465116712783, 235.45619193183063, 232.81281577216262, 241.57507035997182, 244.03955544365783, 239.03833423190653, 241.68876580132385, 247.23851148817275, 245.6447997199165, 249.47144343058278, 249.84311981201176, 251.64510209825303, 245.72085647583012, 244.36493971082908, 244.87758093939888, 235.66483315361882, 234.19239832560234, 234.14877090454107, 230.2446948581272, 227.49620530870232, 225.378865729438, 223.89313040839298, 218.54147737291126, 225.68206753200965, 225.89189732869477, 224.66641921997072, 227.15156402587897, 227.1689970228408, 220.66037411159948, 225.37809651692714, 231.61770078870995, 220.29149720933717, 223.13299967447924, 216.73448757595494, 219.3814092000326, 216.7176984998916, 226.35962660047753, 228.3678759256999, 221.89025743272575, 219.88099144829644, 222.0042381286622, 226.2155342102051, 227.02851104736337, 222.53662982516823, 224.23606355455195, 226.77177369859484, 221.86748521592884, 221.00717993842238, 225.056180911594, 215.7427775065105, 219.84594836764867, 224.80745756361225, 230.21856333414723, 226.6174655490452, 218.5860091315376, 213.75077989366318, 222.12278527153862, 225.11773028903545, 219.00855831570107, 223.76552115546338, 210.85429543389225, 212.8345723470053, 221.0583433363173, 222.6828351338706, 215.57501822577584, 202.94903649224182, 205.38855836656364, 213.99894756741, 221.19601567586267, 212.00554275512698, 212.56319707234707, 213.60595550537118, 214.4508869594998, 207.27192264133032, 203.14449403550893, 207.71615787082257, 218.89248928493922, 220.95837410820863, 218.6746002197266, 209.75538465711816, 216.54753994411897, 218.39344863891608, 224.43644748263895, 218.59527409871419, 219.85453787909617, 216.4688123914932, 216.62792748345274, 224.4575252109104, 225.50546171400288, 220.87801233927416, 222.51724099053283, 226.80814141167536, 232.04648115370006, 225.0558891296387, 218.58843248155395, 217.4400334676108, 219.74439553154843, 222.55006510416663, 215.55805299546992, 215.39924087524423, 229.45062001546225, 226.7177983601889, 224.08665661282018, 221.47905383639872, 219.29308954874682, 231.5620643615724, 233.20000779893667, 226.029493543837, 226.61032070583778, 234.6783093770346, 238.09516635470933, 230.5266497294109, 231.90299309624572, 239.17975031534843, 242.41818177964956, 235.27110087076832, 239.5033679538304, 236.9063294304743, 244.0665653652616, 235.90145484076618, 238.81785685221362, 244.13160476684584, 242.88747024536136, 242.49015087551547, 237.74572101169178, 239.43963529798728, 247.60298402574338, 250.29617140028213, 247.46605902777787, 249.13956714206282, 249.9446026272244, 247.08772744072812, 245.9807239956326, 245.76540900336377, 244.89730529785166, 247.41875567966045, 245.40843336317275, 252.1699865553115, 250.1193191528321, 250.61994857788093, 252.5739535013835, 247.96421059502498, 251.15163803100594, 255.77682139078783, 247.73831897311752, 250.48100289238837, 244.19525400797542, 254.2343474494087, 256.25130250718865, 249.8161709255643, 247.92699669732005, 241.96340459187832, 241.4369297451443, 253.4617964002822, 252.0530529446073, 244.57624104817714, 244.72426189846468, 239.90734295315215, 242.74133589002827, 240.10189217461485, 239.45880737304697, 231.0875974019369, 234.25976808336063, 239.48213263617626, 240.70137549506296, 239.4740019904243, 239.34311574300128, 233.69543473985473, 234.68006634182402, 242.90914764404306, 243.56468522813597, 243.6769994947646, 236.57516386244035, 232.09967380099837, 230.90079142252605, 232.50339389377177, 225.43594919840496, 218.5232129414878, 215.97378726535385, 216.90525080362957, 226.58747770521373, 219.04726282755533, 224.3765663994683, 222.1789964463976, 218.32804531521273, 220.2479522705079, 216.5179556104873, 218.13163596259224, 208.4877732170953, 206.52338307698565, 197.14025031195752, 195.91224450005424, 198.88674562242306, 199.41285841200087, 191.55930930243605, 192.73960630628804, 195.4626604715984, 198.3933338589139, 194.34537328084312, 191.90862011379673, 195.83761647542326, 196.1166585286459, 190.78787689208988, 194.73598853217234, 190.93540140787772, 194.5429091559516, 191.41130337185336, 189.23375049167217, 191.60983259412978, 194.07618467542864, 193.39473775227873, 188.6770564609104, 190.74024844699443, 187.706585015191, 185.14242952134882, 186.2450560675728, 189.32854571872295, 189.7078418307834, 183.474813079834, 181.6631158616808, 183.4977206759983, 179.02054740058054, 183.1693883260091, 184.55270021226673, 180.70929565429688, 183.13622021145295, 181.56613854302304, 187.5894657558866, 185.07980211046015, 188.5340559217665, 187.73725357055665, 186.14487525092235, 184.38464219835078, 184.78325475056968, 187.3786013285319, 178.25305201212564, 185.19698020087355, 184.01063351101342, 191.07334052191845, 190.51627282036682, 192.69505055745446, 190.2102550930447, 189.95448447333442, 182.50164684719513, 185.55469385782882, 192.17751575046123, 188.853138478597, 189.32749599880648, 193.55438452826607, 193.7385560777453, 199.10700598822703, 199.49463229709204, 199.09072926839193, 202.48234015570753, 200.70742314656582, 211.44065823025176, 215.22452053493927, 213.5903593275283, 214.46374588012694, 213.1272013346354, 206.47989586724188, 196.3037770589194, 206.29717229207358, 214.03937801784937, 207.70843141343866, 209.51756481594512, 213.33177693684897, 216.62901306152352, 220.1094700283475, 214.935413869222, 213.84482489691842, 211.54901301066084, 216.2064226786296, 220.00245717366542, 221.89481989542648, 220.87990476820207, 225.78351474338115, 233.10340686374244, 229.23831159803603, 232.5957243177627, 229.34223175048837, 226.67175013224286, 223.53976906670462, 229.77220018174913, 233.09086235894108, 238.01043311225047, 236.43832295735683, 241.62618764241543, 246.75012953016494, 243.20934160020624, 242.98524865044496, 246.6883088853625]}