{"latitud": 4.8599, "longitud": -71.0105, "radiacion": [225.90350358751093, 226.2231348673503, 232.2883058336047, 234.3164182874892, 231.82040405273446, 231.19246690538196, 236.22516072591148, 235.6714062160917, 234.15658942328568, 228.66896464029958, 229.85316390991224, 233.26440378824873, 238.41044057210297, 243.02097812228737, 240.10034722222224, 241.03893593682187, 243.2420759412977, 239.71838946872288, 244.2329616970487, 241.82584516737202, 239.17854258219407, 239.81291351318362, 241.9337883843316, 244.68858930799703, 242.576488410102, 241.13731791178395, 245.223806084527, 247.14858517116974, 243.1626015557184, 241.56840464274092, 245.13990995619034, 246.09867943657775, 248.50323215060766, 251.5673463609484, 253.0623655531142, 255.0173244900174, 254.04174804687509, 250.23107452392583, 249.30574934217677, 245.2743230183919, 244.9519885592991, 245.7525270250109, 247.43527933756513, 246.48489176432295, 249.40150248209648, 251.35503438313808, 247.00162217881947, 244.0586987813315, 246.9037628173829, 241.823388671875, 238.73902164035383, 242.39408815171996, 238.4619934082032, 249.18024393717462, 251.02454986572266, 249.26507263183592, 253.86078965928832, 255.6657908121746, 254.16084052191846, 253.20751469930028, 252.5482447306315, 248.56072786119253, 245.62295998467349, 252.11063190036353, 245.68571862114808, 240.1870869106717, 242.02542012532558, 243.9423370361328, 246.04499147203236, 238.21246710883256, 238.05695699056, 236.39662017822275, 231.91134524875224, 233.3082353379992, 236.5259135776096, 232.96957083808056, 235.22953830295145, 236.6953104654948, 239.74246258205847, 240.8466314527724, 230.86705551147466, 240.934583621555, 236.91388490464956, 238.95001856486, 229.1174683464899, 222.74872343275285, 221.42084977891707, 216.69868087768558, 219.70389811197924, 213.52413177490246, 213.52995003594296, 211.47661616007494, 209.52382439507383, 215.00336786905936, 210.5513513353136, 198.3163874308268, 201.90663469102643, 210.30683441162117, 209.7226213243273, 201.5703522576226, 193.71748750474725, 192.36249838935, 197.57235582139762, 202.90367397732203, 204.68406109280068, 199.07297787136508, 192.76900575425896, 200.76577292548293, 197.33719711303718, 196.03563969930016, 189.4925470140246, 192.51503499348965, 187.6543358696832, 194.45067621866872, 189.78528849283862, 180.13778033786355, 177.24138531155054, 176.6868530273438, 185.74078971015092, 186.1734398735895, 175.24385910034184, 168.52125430636934, 163.0817292955187, 163.00386098225906, 170.0811812506782, 173.61079432169595, 163.19863467746316, 162.16467658148872, 166.23589795430502, 164.04369642469624, 162.82922121683762, 161.86572121514212, 160.62927712334533, 163.33149074978303, 166.772492811415, 164.78618087768567, 159.75854424370664, 164.8471598307292, 163.22305319044327, 159.12735773722338, 154.28837263319227, 152.4236276414659, 144.0481480068631, 157.88271153767909, 156.27398690117738, 149.29104003906255, 145.9872368706597, 151.60151206122507, 157.4156792534723, 160.22680786980524, 155.42147013346366, 151.55560006035705, 143.86684286329486, 142.79808243645564, 142.5284826490615, 138.0157985263401, 138.1819243537055, 140.555776723226, 142.3804748535157, 146.92090318467885, 138.2339388953315, 135.34785834418406, 139.6515022277832, 142.34536344740127, 146.6874490525988, 138.87700347900395, 131.43811637030709, 127.57452481587733, 131.63910018073187, 131.8761051601834, 131.30703845553933, 127.96972563001844, 127.3533469306098, 133.71518732706707, 126.96058841281472, 120.69716241624629, 124.49957695007329, 128.39484163920088, 132.5232449425591, 125.92186003790967, 132.36504368252224, 132.3369267781576, 133.90914738972984, 131.12286050584584, 129.7412937164307, 132.15624326070147, 137.1718224419488, 133.06507822672526, 133.62397571139874, 135.44179619683163, 138.2308923933241, 142.3551922268338, 130.93877271016444, 135.17844297620988, 136.79487219916453, 142.24272511800135, 145.33487866719568, 144.39416889614532, 145.04604487948956, 143.08923373752168, 143.01711213853625, 143.84747602674705, 144.53654916551375, 142.62423710293243, 148.0005156622993, 148.6170676337348, 146.87320878770618, 135.17715606689458, 143.74206771850592, 146.6767489963108, 148.7465013292101, 147.64230931599937, 145.05717637803826, 146.05804163614908, 142.86502770317927, 152.33906266954213, 145.21738145616322, 149.42737443712025, 149.2938579983182, 153.9708364698622, 155.41788287692606, 155.8777720981174, 155.57229728698732, 154.23691694471574, 156.7673685709636, 153.2775241427951, 155.48536063300241, 149.46295920477982, 156.67381532457145, 154.64409069485143, 156.368014272054, 162.6201467725966, 165.39804331461596, 158.50911398993605, 152.2999606662327, 165.44105720520022, 165.77200029161244, 166.17598809136288, 166.96895667182082, 169.08350550333662, 172.18889880710185, 175.37055214775935, 172.89862840440546, 173.62013125949443, 173.90111202663851, 180.09025353325742, 179.1885548061795, 174.62103712293833, 175.80467389424646, 181.27428665161133, 187.91328794691302, 185.3501503414578, 186.85286127726238, 186.12046110365134, 190.45080930921776, 191.9430049472385, 182.4566109551324, 183.29974772135412, 184.44253548516164, 192.6111486646865, 192.5612353430854, 189.56995357937288, 188.69199032253695, 196.6721649169922, 196.66367331610786, 207.71056984795464, 201.03627166748058, 202.41301015218104, 200.92387771606454, 202.23158442179363, 199.4456009758844, 198.38890389336476, 203.3353892008464, 205.8374101426867, 201.06996443006733, 211.92448365953237, 208.71278271145295, 203.15048395792653, 203.37099787394212, 202.14466476440438, 208.20015055338544, 206.22617704603417, 203.31344969007714, 210.96800426907012, 214.84175881279847, 205.41659528944228, 209.64175245496963, 202.29483701917866, 213.10620456271712, 214.7094371371799, 204.43833448621965, 210.88391003078883, 211.05687361823198, 203.80364990234384, 205.09357147216807, 205.05120663113075, 198.51459231906472, 198.40389539930564, 211.08125084771055, 205.62507892184794, 204.2857104831272, 200.3085806104873, 198.88923450046119, 198.27634548611115, 202.25023769802522, 207.6612953186036, 205.6765363905166, 202.8503178914389, 199.66541976928715, 194.15020963880752, 196.97209862603086, 200.5306900872125, 198.6558316548665, 198.74788648817275, 196.4968341403537, 203.43642595079208, 202.75162692599835, 196.98250452677414, 200.38627098931207, 203.7481384277344, 208.29448623657228, 209.86652128431538, 210.31399086846253, 205.32095201280382, 201.80887747870554, 205.83375820583774, 210.872050052219, 215.01808463202588, 213.21274185180664, 209.4204247368707, 216.76735415988503, 220.19922612508142, 217.696420288086, 214.72301101684573, 214.8819611443414, 213.29244571261935, 218.9146608140734, 217.8919158935547, 220.63984383477103, 220.402661980523, 224.46975318060984, 226.78382839626747, 227.96634597778325, 229.0225850423177, 224.36674118041995, 225.54149898952912, 217.86990102132162, 221.60258144802523, 224.09850141737198, 224.149508158366, 222.72955245971687, 218.98554738362625, 216.50520392523876, 215.75478257073306, 218.88144310845283, 218.45226474338116, 215.72501780192064, 224.15170542399093, 225.69301020304363, 227.09903920491547]}