{"latitud": 1.7584, "longitud": -70.6591, "radiacion": [225.41472998725055, 225.94409968058275, 227.072519768609, 230.80996178521056, 232.3448083665637, 228.04026658799924, 227.80821058485253, 233.08986095852325, 236.38972295125328, 232.36828409830727, 226.51898057725703, 225.48991826375334, 231.19596082899304, 238.87902052137588, 240.09561784532335, 238.96455739339203, 237.46973995632595, 240.85035230848533, 241.56744689941414, 250.7472151014541, 242.30850160386828, 234.58440967135957, 238.74880625406908, 242.40603366427956, 248.49853837754995, 243.25765533447273, 242.91316952175575, 247.18448265923402, 244.95958438449443, 243.81457934909403, 241.1293030632867, 239.47719777425138, 240.42202724880653, 243.42143707275397, 250.26630503336597, 248.90658874511732, 244.58641323513461, 240.72291666666663, 242.45846082899303, 242.55794499715182, 234.17013287014444, 235.15454728868272, 237.1840554131403, 238.24405364990244, 243.6020078870986, 233.09140947129995, 228.45324401855464, 229.3811184353299, 232.294207763672, 238.03482403225382, 229.80358276367193, 227.71981608072926, 224.78603566487638, 226.72255198160812, 231.63832753499355, 228.4799324883356, 230.2928819444445, 232.35292477077914, 238.94229109022353, 239.03972507052956, 225.02249196370454, 214.46842710706926, 219.19984893798832, 221.60466673109272, 224.58000166151263, 214.16270150078674, 207.34599931504997, 211.20388039482964, 215.00415581597224, 216.9657503763835, 206.54203330145944, 205.75422524346254, 197.68016696506072, 202.80555572509766, 213.01326471964524, 205.60492808024094, 198.39410459730365, 196.34535573323572, 201.3504914177789, 207.32197892930776, 204.68985383775507, 196.52501000298398, 196.14223564995666, 205.8003138224284, 204.00767517089844, 187.38590630425347, 184.75316450330953, 181.00364727444125, 183.7775217692058, 182.82787399291996, 178.98477215237085, 179.2718761020237, 179.948110877143, 180.19303512573242, 182.70052057902026, 174.76495785183374, 170.993236456977, 170.8687589009603, 174.1596160888672, 176.58887969122998, 174.9339396158854, 165.8668942769369, 160.5705621507433, 172.86781251695422, 181.21976284450963, 171.3763612535265, 165.32200139363613, 168.94761784871426, 172.3407084147136, 172.73842985365135, 166.18209813435877, 161.66230824788408, 161.95666088528105, 166.67469295925562, 163.682504357232, 162.81005087958445, 156.55729353162982, 154.6029645284017, 158.88442314995658, 161.85511873033317, 161.41447058783638, 156.3554389953614, 147.02476967705627, 149.43719295925564, 151.06747606065542, 153.5390318128798, 147.62917692396385, 147.41900024414062, 142.8553429497613, 154.9804949442546, 148.33832194010418, 151.98567233615458, 142.49845233493386, 142.17782389322917, 145.99917144775392, 149.6307284037273, 149.94424345228404, 147.8035040113661, 150.49287372165264, 146.87360271877716, 143.6096660190159, 145.6956046210395, 140.06351598103845, 147.8888214111328, 143.94117465549053, 147.08728137546117, 143.16049109564895, 141.80512161254887, 147.5799712287056, 149.17228698730477, 149.33316548665366, 146.4785604688857, 143.71906144883897, 139.22840813530817, 145.08599090576175, 138.07970034281422, 143.88783874511722, 135.29010476006397, 136.32806472778327, 138.69713643391933, 142.30046463012698, 134.5381922403972, 135.17144978841148, 137.08360536363386, 139.4955075581869, 145.1100440979005, 137.3594690110949, 134.84849624633802, 138.92381939358185, 137.91608174641928, 142.81546639336477, 141.49743923611118, 138.31097318861222, 133.7739852057563, 135.1955433315701, 135.45420286390515, 139.10361294216582, 137.28128789265955, 133.48171132405605, 136.80244157579207, 141.2732347276476, 143.25384436713327, 142.39083040025503, 144.3948727925619, 144.17750778198243, 148.57902620103627, 144.4826416863336, 145.0853637695313, 138.40731090969516, 147.50873718261718, 151.69082344902893, 152.76576902601462, 150.19100943671336, 148.85300962660054, 146.78008177015514, 147.32265141805013, 156.81615507337784, 157.22142520480688, 153.17698754204653, 155.34584181043837, 151.9643495347765, 154.93891703287764, 155.05260467529305, 162.08172251383465, 162.35548646714952, 164.41485858493385, 159.28515328301324, 158.7014405992296, 157.81100497775614, 158.15370822482643, 170.1292555914985, 162.02578934563542, 162.32341401841913, 162.11986923217776, 163.53146523369685, 163.6709091186524, 167.6803213331435, 162.6498781840007, 165.03379436069065, 171.23756391737206, 168.8232048882379, 169.88756663004563, 172.005536058214, 170.1439212375218, 171.0621019999186, 177.3513554890951, 174.81168424818256, 170.86989398532447, 173.60595838758684, 169.82570953369142, 175.523743862576, 173.77492463853628, 175.4684016757542, 167.54394031100807, 171.80083380805124, 185.30985276963975, 187.80082329644108, 187.66450695461697, 185.27433378431533, 186.96141306559252, 185.44443528917103, 185.0837062411838, 186.96089859008796, 192.68385001288524, 189.2080646091038, 188.5539846632216, 191.38476808336046, 187.95562286376955, 186.63492677476674, 195.32706587049702, 193.29693739149306, 192.39741015964083, 190.5596083747016, 191.2782357109918, 192.94248530069993, 193.4434538947212, 186.6998038397895, 185.2731102837457, 187.34154256184902, 194.29179645114473, 196.69408145480688, 190.75739796956387, 191.26692216661243, 195.00118509928384, 199.0270497639975, 194.9229678683811, 197.67912377251528, 194.58975389268667, 197.02042999267584, 200.9344482421875, 190.07636854383682, 195.82629987928604, 193.81999274359808, 198.2935003492568, 199.18270653618717, 201.69340523613832, 201.18745176527236, 195.0103770785861, 196.18634660508903, 196.14157189263247, 189.07153515285924, 194.49645385742193, 197.87634294297968, 198.21551573011607, 197.51124157375762, 194.49877107408315, 188.7482034047445, 193.6205607944065, 199.802579498291, 199.42251273261184, 194.73121880425347, 194.63973193698462, 191.48213509453672, 188.82440177069773, 196.1584659152562, 191.7601098802355, 190.32060479058168, 185.68256386650935, 192.95728471544066, 190.0737516615126, 185.5622562832303, 181.5172236972385, 184.8216125488282, 191.80574137369797, 192.5708396063911, 195.41226179334862, 191.76650992499458, 189.98618053860136, 182.73798116048178, 186.61124377780496, 186.64514405992296, 181.6402626885308, 186.2906154208713, 185.15188742743604, 185.97308408949118, 183.3501558939616, 185.16672693888356, 177.89845369127065, 187.43829794989685, 191.97875061035163, 191.1022982279459, 191.64139836629238, 187.98558417426224, 192.25504777696403, 195.52238549126528, 190.1998302035862, 192.12606735229488, 195.83570980495878, 198.2132842169868, 201.02748523288304, 196.15533421834314, 201.38783484564888, 202.19510904947924, 203.54673351711702, 207.07793892754444, 200.04088439941415, 201.92494303385422, 205.51497989230688, 202.5513704088, 210.55995415581603, 212.8374615987142, 214.6916213989258, 216.7044258965387, 222.26528973049594, 225.16744401719836, 218.74961115519213, 216.85579698350705, 215.90589709811744, 219.47224629720063, 220.94334547254778, 215.14873928493924, 211.848535071479, 205.51164457533102, 215.25734159681542, 216.585226779514, 212.6685589260526, 210.63228725857212, 212.88495797051323, 219.83809475368926, 229.53839433458128]}