{"latitud": 3.0218, "longitud": -70.9655, "radiacion": [233.3535285101997, 233.48173387315538, 235.94518347846142, 242.37294294569236, 240.1212139553495, 241.13022732204868, 239.22577107747404, 242.08373853895407, 244.81765001085077, 238.49719246758357, 233.8804339090984, 237.37413330078132, 243.38377007378475, 247.24687279595278, 246.4056915283204, 245.70236299302846, 248.74575093587248, 249.0297198825413, 253.41599112616646, 257.3563279893663, 252.48652394612634, 246.81794891357436, 248.21319630940764, 254.18068745930995, 255.49857076009118, 252.34991353352868, 252.1411012437609, 253.03233320448135, 253.91352335611987, 252.62456224229607, 250.0470952351889, 253.11540544297966, 250.39657092624248, 256.6636096530491, 260.41615498860676, 259.21692097981776, 260.57193027072486, 256.89398328993065, 252.0317526923286, 252.51181674533436, 248.1314194573297, 250.74392649332694, 250.29762369791672, 252.60204043918193, 251.9621537950305, 247.3955705430773, 243.36194983588334, 242.29644571940113, 248.10533735487198, 250.66465877956816, 240.93083936903213, 242.36571197509772, 238.02415576510967, 242.06418660481776, 244.15968204074446, 245.7765012105307, 250.33761020236557, 249.51422763400606, 252.28568708631732, 250.91810828314897, 240.57637252807626, 238.42427274915917, 235.29672164917005, 240.40569771660702, 239.15940568712028, 231.3313035753039, 229.3381873236763, 231.1365575154623, 234.07842720879455, 230.13885404798725, 224.54909778171123, 225.63652292887377, 220.77217330932623, 220.7956712510851, 228.2099672105578, 216.89000337388788, 217.5621066623264, 213.26817542182076, 221.1675610012479, 225.5591507805719, 215.81976615058056, 219.917700958252, 220.6979337904189, 225.81904576619468, 217.79511769612637, 202.18409364488392, 197.67049857245559, 191.10627475314678, 199.43389417860246, 193.9248609754775, 190.92956636216908, 187.03533045450854, 192.99305377536356, 197.47223798963765, 195.14022683037652, 182.93008990817603, 179.386255730523, 186.59699088202592, 191.37799275716156, 189.12227825588653, 184.15296215481237, 179.80771509806323, 182.0628800286187, 189.44748526679146, 190.90951385498053, 187.0180135091147, 183.20721655951607, 183.74869732326934, 184.998104095459, 188.38352652655715, 176.34783876207146, 173.88564910888678, 175.24091686672645, 178.72264692518448, 179.22531017727326, 169.82796368069123, 165.2714925130208, 168.15332446628153, 174.3315156724718, 173.53847359551332, 170.00177035861552, 160.69571109347876, 156.95029305352102, 161.33778796725807, 158.39254362318252, 162.7425968594022, 157.92012532552087, 153.5325235154894, 157.0374200608995, 159.0339913262262, 154.15936898125548, 151.22525143093532, 151.50441377427842, 150.2085343254937, 155.83201421101896, 160.03922301398387, 157.68914684719508, 153.54494230482317, 151.24958775838215, 152.07775217692054, 148.86197891235358, 143.0785282558865, 141.53295987447106, 151.1285249498156, 149.4125389946832, 147.332433658176, 141.012750922309, 145.95436926947704, 149.65782750447593, 152.78777711656366, 150.7178341335721, 146.7339923434788, 140.70693062676324, 142.50584860907665, 146.13344777425132, 138.28754560682512, 138.31383327907992, 133.05462765163847, 136.9711834377712, 141.03446036444768, 141.1963969760472, 140.77324311998157, 139.11656104193793, 143.9296939425998, 144.24694493611653, 142.0214480082194, 134.24870151943637, 135.41207190619573, 136.48127983940978, 137.90883238050665, 139.41620678371854, 138.30541360643178, 132.3259415520562, 130.0879544576009, 137.8455823262533, 133.55759942796502, 137.09316982693144, 137.877241007487, 138.02768741183817, 135.2332739935981, 136.30669403076175, 141.62392586602107, 139.36472320556638, 139.82982813517256, 142.71871015760635, 139.0989070468479, 141.4964006212023, 141.94956936306426, 137.21010487874352, 149.25832536485458, 149.92708892822262, 143.14681871202265, 151.27809626261396, 141.43079571194127, 140.06988347371427, 143.23204608493378, 154.33842247856987, 156.22610829671223, 153.17167273627388, 150.35700285169818, 148.5746921963162, 152.42170096503366, 154.45212775336373, 159.75996966891822, 158.42474229600697, 156.43669077555342, 159.11056662665473, 158.27008794148762, 153.54252895779084, 160.6112814161513, 163.65813581678609, 161.23068822224937, 159.06610005696618, 158.7628607855903, 158.42823621961807, 162.53797471788192, 160.97455876668297, 161.49600262112085, 161.81907229953345, 166.54185604519319, 163.27580837673614, 167.15805842081704, 169.36860775417765, 169.51941875881624, 169.12820239596905, 169.56667777167425, 166.12856305440272, 165.7903554280599, 170.23975084092885, 167.2259410434299, 163.72745327419713, 167.56023737589527, 167.9351341247559, 164.52349929809577, 164.57765697903105, 173.63661905924474, 172.5869419521756, 176.09607899983726, 174.75536829630542, 175.16973376803935, 176.97517411973743, 178.85689434475367, 170.38308232625332, 178.0109452989366, 176.1130239698622, 179.47366536458335, 176.43411771986223, 175.04349221123593, 173.02035920884876, 180.65166592068147, 180.0300416734484, 179.4075936211481, 178.4950916714139, 178.27648629082577, 177.53299128214522, 176.38809314303936, 174.5123597886828, 174.96395017835826, 177.83642645941848, 181.01095708211267, 182.7712034437392, 177.97767545912006, 182.09045325385205, 186.04360393948033, 186.32503433227544, 185.22833463880752, 189.34416995578349, 187.33740853203668, 187.07226121690542, 191.8104080200196, 184.7881468878852, 188.12757797241215, 190.6816632588705, 191.994354417589, 191.18075849745006, 194.1884388393826, 194.1177313910591, 189.72359924316413, 189.46037953694665, 187.74470926920574, 189.3348169114855, 190.61893030802412, 194.8510088602702, 194.97816840277778, 194.11581192016595, 193.11317198011616, 189.116609954834, 192.1345523410374, 203.29117863972988, 200.1423437330459, 187.3194744533963, 195.60491027832032, 189.60712721082908, 189.1470130920411, 191.9345274183485, 192.16888809204102, 186.7770946078831, 187.7380476209852, 193.44706632826072, 187.38446875678173, 185.49736565483946, 183.876065741645, 187.94013519287114, 189.53667814466698, 188.90521070692276, 195.81434741550027, 189.57702534993496, 192.23768844604498, 185.8044732835558, 188.1795923868815, 185.2797120836046, 184.77993545532232, 190.2211635165745, 187.91213556925462, 184.30863876342778, 185.9303180270725, 188.94889780680342, 186.96622297498914, 190.69000922309033, 191.52920549180772, 195.2323614332412, 194.51545147365997, 194.66686180962463, 198.1297865973579, 200.09784359402133, 198.71105338202585, 201.57401911417648, 202.98457633124463, 205.89740965101464, 203.67286266750762, 208.15912551879896, 212.82820604112416, 213.46553582085514, 211.3787948608398, 213.8859578450521, 208.55800815158435, 216.62203996446397, 217.95855636596684, 217.55019658406582, 218.7478747897679, 221.49087999131947, 229.6037251790365, 230.55293731689457, 234.2861810472277, 233.8192036946616, 227.49577509562178, 227.5588818020292, 226.6041648864747, 229.10205756293408, 231.79569786919498, 228.2160814073351, 224.32068659464525, 217.63237202962242, 222.13570785522464, 223.077234310574, 223.46150665283213, 223.32480222913955, 225.53756518893775, 231.39738108317056, 235.262045288086]}