{"latitud": 5.6628, "longitud": -76.6165, "radiacion": [238.72638515896278, 237.28679572211374, 240.6576212565105, 242.13593410915806, 238.37973158094618, 237.57073025173622, 233.9382899814183, 238.19580103556322, 244.06054534912127, 244.09330647786464, 238.02799462212468, 239.12897050645628, 238.99752163357212, 245.14648649427645, 248.73256310356996, 246.5948469373916, 239.67145555284296, 243.27137875027134, 247.0498639424642, 251.48887736002612, 251.41486968994147, 246.71333262125663, 253.85953843858513, 248.9628946940105, 248.63709877861876, 249.87039354112423, 246.24418148464633, 252.71515655517587, 253.85304904513896, 257.028779771593, 254.63143819173183, 253.28105824788418, 254.17004275851787, 249.88066482543948, 252.11963509453668, 258.60402323404946, 257.0766660902236, 258.7110727945965, 262.3933927747939, 256.4525991651747, 261.5238781399198, 256.44641426934146, 255.00447769165046, 252.13819529215505, 256.0935599856908, 255.5545344034831, 257.85110439724394, 256.2244272020129, 257.0729334513347, 256.9471635606555, 258.7380395677355, 260.1137699551053, 265.14955351087787, 264.1275188022191, 268.36548589070645, 261.58730256822383, 260.21341103447816, 262.2108476426867, 263.4477727254232, 266.8901798672146, 263.6810970730252, 259.2301258511014, 259.03864974975596, 259.21067047119146, 265.13450936211484, 261.7634019639758, 262.62116576300735, 263.5117462158203, 257.38542209201404, 257.35266647338864, 257.93207939995665, 253.7078487820096, 261.040262942844, 250.57553058200418, 255.60177061292868, 261.8784352620443, 255.8791243659126, 250.8684475368924, 254.23238093058276, 260.657393137614, 255.86809370252823, 253.6017739189997, 252.0816055297853, 248.23719194200316, 251.09591776529956, 249.50263485378696, 255.29709489610477, 256.07158940633144, 254.14744483100048, 252.14505310058607, 252.43680733574766, 250.5015179104275, 253.88075561523445, 256.4702051798503, 255.9572308010526, 254.5916312323677, 248.12870449490015, 248.22928076850042, 256.35205179850266, 249.14413621690542, 255.38308130900074, 249.85059746636284, 246.84024471706823, 250.158403438992, 253.81402952406145, 247.81769417656798, 253.57134399414065, 253.28459303114155, 256.03651852077917, 252.75761600070533, 257.14228574964744, 252.12346004909946, 257.1384435017905, 253.6057091606988, 249.71754065619584, 255.8361323038737, 253.39514278835725, 255.98885057237422, 254.23799235026038, 260.55490281846795, 259.87231945461707, 256.43783857557514, 259.80679439968543, 252.5817867702909, 259.2206882052952, 260.18680284288206, 254.59301571316198, 259.5363840738932, 253.73224589029965, 257.5406022813586, 260.394898139106, 259.8738954332141, 253.63734690348315, 246.764205508762, 249.71807454427096, 252.8786743164063, 253.9241258409289, 248.2023592631023, 247.21924057006845, 250.17747395833337, 253.89933963351783, 245.97931069268125, 248.07792256673187, 252.39647072686094, 250.89578238593216, 252.3852628919814, 251.73108452690977, 248.55697055392807, 253.7573267618816, 254.75315093994143, 258.56684994167756, 250.7865385267471, 250.82056749131948, 251.7237864176434, 249.63105672200535, 255.75778706868496, 257.9193216959636, 255.76365441216365, 253.602288140191, 256.58736080593536, 253.66923624674482, 252.5536214192709, 246.85903388129347, 248.3061357286242, 253.12884131537552, 246.04649437798398, 243.34118838840064, 247.23447723388685, 254.4526138305665, 257.85029551188154, 253.79632364908866, 245.46949445936423, 252.73253733317065, 258.00069546169715, 259.55599280463326, 255.85254414876306, 257.56664004855696, 257.51595272488066, 257.8405180189345, 255.16902550591377, 255.447442287869, 259.99697367350274, 261.0221118503148, 260.2625676472983, 260.88006252712677, 259.48234931098096, 258.7191136678061, 261.0574425591364, 262.85656602647583, 265.1235975477432, 263.7764421251086, 259.3152318318686, 258.39200575086807, 258.70072063869907, 264.8158121744793, 264.05207434760206, 261.6772733900283, 259.87329949273004, 263.3109151204428, 262.6724022759333, 258.69154425727, 259.0354169209799, 261.3999142964681, 263.1297095404732, 262.4842676798503, 261.77649197048623, 265.0190010918512, 265.9305714925131, 267.088346862793, 265.0208670722114, 265.2781755235461, 266.1714981079102, 264.7004028320314, 265.18946516248917, 262.6910686916776, 268.57975345187725, 261.16636505126957, 263.0713375515409, 263.2909523857965, 258.87136484781917, 255.9188752916125, 260.9202444288467, 258.6413301255969, 260.49581425984707, 259.29633755154094, 252.77980914645732, 251.98151762220604, 253.2515463935005, 253.5972941928441, 251.3357850816515, 248.77583024766716, 248.22818128797755, 247.08846910264765, 251.45946756998705, 254.45605010986333, 248.7918582492405, 244.39235543145082, 249.6760351392958, 250.26935899522573, 248.28231141832148, 241.95525122748487, 239.1402136908638, 237.92694964938696, 239.1246840582954, 234.233213043213, 227.2933776007759, 229.1267033894857, 227.93663414849183, 229.07649459838876, 226.342251417372, 228.1859776814779, 221.38223961724188, 225.33595453898116, 226.4555698818631, 223.81420186360683, 218.63179058498812, 215.69174999660922, 209.94943661159948, 203.32350760565865, 204.63893186781146, 203.12337832980688, 197.57977066040044, 193.66515180799706, 196.59262737698032, 191.2687942504883, 197.73887151082363, 198.40068639119465, 197.9185513814291, 199.8053504943848, 198.4669060601129, 191.66875924004455, 193.61936789618605, 184.34933230082197, 191.50441962348086, 186.28661494784888, 190.9106818305122, 187.50615700615785, 194.12770962185334, 200.56393271552193, 196.47663514879017, 191.38641798231342, 183.7445971171061, 187.21813112894696, 186.30124520195855, 184.3101887173123, 185.10898530748156, 186.67098278469518, 187.56978318956172, 182.75580622355142, 184.93756565517853, 188.23421592712407, 186.77817230224613, 177.03274684482156, 182.13121498955624, 185.53164333767367, 187.05939907497836, 188.28850453694668, 186.83431930542008, 185.25307426452642, 184.06731041802303, 190.24146639506034, 179.34394827948677, 176.47136904398602, 178.74601609971782, 188.22068795098195, 185.47086817423505, 181.88618693881563, 181.82909588283965, 184.81243069966635, 182.22232496473524, 187.16191101074222, 188.35606952243384, 183.3541929456923, 183.45314568413627, 184.23821563720705, 192.0867632548014, 186.56158574422196, 187.28781475490996, 186.0867472754585, 197.5730486551921, 199.32308536105688, 200.47492684258359, 197.444709693061, 205.81168501112197, 206.293983968099, 204.04820785522466, 201.17986250983347, 199.99269544813376, 197.66543706258142, 202.35476269192168, 200.14568998548722, 201.57308781941734, 202.38845049540214, 205.9505737304688, 209.82601275973863, 210.7195426093208, 208.0047991434734, 213.27187305026587, 211.37246653238935, 207.21688190036352, 209.87332314385318, 210.25837232801655, 212.67344953748918, 217.38312166002072, 220.98345319959864, 223.29239044189458, 223.1884997897679, 225.45205468071833, 225.9021311442058, 221.35475692749029, 221.83171886867953, 220.14751646253805, 225.50464579264326, 229.8850991143121, 226.44971669514982, 227.7876602172852, 231.28204735649956, 230.0456587897407, 228.74516703287773, 231.93071255154084]}