{"latitud": 2.1924, "longitud": -68.1462, "radiacion": [213.72864702012802, 211.45347790188262, 217.0029991149903, 219.49475250244143, 220.9101184421116, 214.03055360582144, 218.19535785251196, 226.28046544392916, 227.64449386596684, 227.42292726304808, 221.2090639750163, 219.66444481743716, 229.412680053711, 226.76441904703782, 226.88864618937183, 231.61640319824224, 228.036171468099, 233.05437622070318, 241.16311247083877, 240.36920725504558, 233.2689754062229, 230.93534130520297, 235.8399012247722, 233.96244294908317, 236.52444678412553, 236.76331999037006, 236.39586800469297, 243.67705858018664, 239.94602983262806, 236.76669455634226, 237.48051147460947, 229.3553664313423, 238.06892937554258, 242.30613691541893, 245.92673865424266, 248.19374372694236, 238.7842423333063, 236.44892230563698, 239.35760981241864, 234.84325103759772, 234.52506247626414, 233.64972364637592, 242.62832828097885, 239.8585366143121, 235.24035763210728, 231.43505927191848, 228.927459886339, 231.27474322848863, 232.8624899122451, 229.92166273328996, 235.5890743679471, 227.4080298529732, 233.33746753268778, 234.65966754489486, 232.10684000651042, 224.97998869154196, 230.1359620836046, 228.6828589545356, 239.68172904120559, 235.72230512830956, 229.5151339213054, 216.1393935309516, 223.03214111328134, 223.68385781182192, 216.1139449225532, 216.01624535454644, 210.9937379625109, 212.2623371548123, 215.8722787645128, 212.96225136650938, 207.8063800387913, 203.06860326131186, 200.96762983534072, 204.9428343031142, 209.21774664984812, 211.0344278971355, 204.0111872355143, 197.46540900336376, 203.67617594401042, 205.97205980088975, 204.7681300693088, 194.00342754787872, 195.93763342963328, 200.89521755642363, 193.42211829291455, 189.49951315985786, 182.80589040120446, 179.42472500271265, 183.92861845228404, 180.10648252699107, 172.55227355957035, 170.79136954413522, 183.2639113532173, 177.77638897366, 175.97119742499464, 172.26904525756845, 171.00986065334746, 169.91660147772907, 175.73523635864254, 172.21411700778535, 165.82081146240236, 166.1056076049805, 163.1443154229058, 169.4798629760742, 167.9047321743436, 163.48478071424702, 163.02043270534946, 166.50700759887698, 170.07226850721574, 161.324962955051, 160.88226742214627, 158.01867251925998, 158.72715064154735, 162.82337171766486, 159.018202718099, 156.32526185777454, 150.6554597642687, 150.74940414428713, 151.59157731797964, 158.69421666463222, 150.8483155144586, 145.25978300306534, 144.60128911336267, 148.6789994133844, 145.31163330078127, 146.13211483425562, 142.92003784179687, 142.0571178012424, 141.72055960761176, 144.00128957960342, 143.95806393093534, 142.2583062913683, 138.2443697611491, 139.00213224622942, 139.88156899346248, 144.714176940918, 139.93510343763558, 140.86541086832685, 138.05310957166884, 140.3640896267361, 136.47046805487744, 131.21850458780926, 129.5919211493598, 136.78653479682077, 134.3214214324952, 131.31402147081164, 132.04535200330943, 132.17556186252173, 135.86875661214196, 133.9029256184896, 135.85245827568903, 133.01838336520726, 125.05216912163633, 126.10568923950193, 131.13722042507595, 124.26919063991976, 127.41209369235564, 129.89633060031468, 127.05750961303714, 131.04130007425945, 130.6567794799805, 127.62670127020944, 123.50653372870545, 123.28944952223038, 122.33076299031575, 123.45636596679691, 125.77766248914935, 122.81045176188154, 124.8373072306315, 123.38722279866538, 122.81079351637099, 128.47199016147192, 124.59999330308706, 122.19343427022301, 128.11814617580836, 124.0886561923557, 122.74151492648652, 124.37015635172524, 127.0673278808594, 129.43100501166455, 127.51710645887592, 130.49512151082354, 129.64688618977868, 129.80360827975807, 134.5799496120877, 134.22260182698574, 131.42357101440436, 128.05928734673395, 129.2931646558973, 133.7566566467286, 138.12757237752277, 135.95816497802733, 134.3980735778808, 136.54663980272082, 136.67277374267573, 140.90654051038953, 144.4406863742405, 146.5320793999566, 142.44910269843209, 143.4412178887262, 142.74914754231773, 145.4542032877604, 141.95551901923284, 148.73692203097872, 155.1034991794163, 153.20763939751524, 150.67716445922855, 150.21236987643775, 154.27191763983834, 153.8031478881836, 159.12845136854384, 156.86380996704108, 152.65184851752394, 154.4363606770833, 156.11456146240235, 157.89521128336588, 157.75397406684033, 163.9725867377387, 160.62922125922321, 170.3810234069825, 174.78089684380424, 167.67374682956276, 171.62694795396592, 174.01458926730686, 176.83589443630646, 177.9682657877605, 175.15270936754015, 171.3252826266818, 175.49511023627392, 174.78093719482425, 177.8239546881782, 174.6098990546333, 178.5845367431641, 172.7465836419, 178.93427641126848, 180.87663031684028, 183.8233893500434, 186.58306164211703, 191.9451346503364, 189.71027475992844, 188.52590594821504, 190.50690443250872, 183.5143076578776, 188.43623818291562, 193.7423732333713, 188.16460130479598, 193.19694841172966, 189.39169964260523, 187.65102140638567, 195.3657071431478, 195.68822987874356, 195.9916628519694, 189.17867389255107, 191.24936650594086, 190.7778271993001, 193.69396760728628, 186.63166503906248, 185.87717285156256, 188.8322072347006, 190.41660614013676, 192.86530058119033, 189.8205017937555, 194.12448170979823, 194.55526640150288, 194.38394232855907, 192.73956239488393, 189.54777467515737, 194.06729532877605, 189.2829728020562, 193.96316223144535, 191.6131087409126, 189.50789515177414, 187.86411624484595, 190.7378339979384, 195.2715942382813, 192.26637208726677, 194.11088511149103, 188.68200488620337, 186.60330963134763, 189.15839877658422, 187.93947669135198, 184.50979063245993, 187.67270940144863, 188.74339277479393, 184.3469317966038, 181.63247299194333, 176.8946246676975, 179.36619991726346, 182.63201844957143, 182.1225468105741, 179.5074407789442, 181.00229856703012, 176.91012844509552, 173.8262588500977, 181.49441884358725, 175.3479712592231, 175.0922151353625, 173.86702160305455, 178.1738712734647, 174.69663204616975, 169.32314868503147, 167.80028355916343, 165.34690882364913, 167.78904207017686, 169.54839163886177, 170.504721069336, 169.20448447333447, 166.24753875732424, 171.4424631754558, 166.55302386813693, 166.1295855204265, 168.71972003512914, 163.82214185926657, 165.07247170342347, 160.74663475884336, 164.17316962348096, 161.5841018676758, 162.87815704345704, 158.66688936021595, 166.43011822170683, 172.61830130683052, 169.77940071953665, 170.0382282680936, 172.87919879489482, 169.49610955980094, 174.22158025105796, 173.65309829711927, 177.29248792860244, 180.08481004503042, 176.17772038777673, 178.96568230523008, 180.76183556450738, 185.47686640421549, 187.07416644626198, 182.89949061075853, 180.73787833319773, 185.12434412638353, 185.68757671780062, 187.3764679802789, 190.70182020399307, 192.92785780164937, 192.06364678276915, 200.60070487128363, 202.07512571546772, 207.95896055433482, 197.4160734388564, 198.0356981065539, 197.06850195990674, 202.10172721015087, 199.74238671196827, 196.7564609951444, 194.24005491468643, 190.6975136650934, 196.85726776123047, 201.34352467854822, 200.78640662299264, 196.052781422933, 203.35079040527344, 210.49547110663525, 211.07255350748707]}