{"latitud": -1.1746, "longitud": -73.0199, "radiacion": [190.975222184923, 189.10867538452155, 183.6284829881457, 189.07779006958017, 195.52387025621204, 192.3881682501899, 196.4876483493382, 195.1420166863336, 193.88467237684463, 195.8508381313749, 190.75180697970924, 191.07820409139006, 192.14197760687935, 195.7394049750434, 206.1994512769912, 205.576222313775, 200.24438357883037, 203.52018822564023, 205.48920143975155, 211.7704186333551, 209.94521653917104, 207.96872270372182, 202.24612087673617, 203.97004284328887, 214.87917171054423, 212.33147464328349, 206.20585021972667, 208.64269002278652, 205.94177534315327, 206.6334512498644, 208.68891601562504, 205.65943374633795, 200.25504430135095, 209.52005123562287, 213.85252210828992, 214.00022150675463, 209.64455532497837, 204.30570526123051, 206.13986087375227, 201.58020163642036, 198.34751006232375, 203.03110860188812, 200.7081874423557, 196.31263732910165, 198.38149464925138, 198.9677375793458, 194.47556474473745, 185.42465811835396, 187.92871042887373, 190.35957794189457, 186.18033125135642, 186.11051110161688, 184.92977015177416, 184.89388071695967, 188.12500491672094, 193.41200976901587, 185.719832611084, 193.2497504340278, 198.5365102132162, 193.41113315158427, 185.35076633029516, 182.0983722262913, 179.65113033718535, 171.88273722330732, 180.27459521823468, 174.10211147732207, 165.00796067979604, 171.27441516452362, 167.3372717963325, 176.459479353163, 176.18844485812724, 165.4616962856717, 154.89469112820095, 160.87148835923938, 170.28678877088763, 166.67794867621535, 158.5834940592449, 150.25146043565545, 160.1602582295736, 169.41622458563916, 161.40183673434788, 162.7301558600532, 159.96230489942766, 162.36173443264428, 159.9485481262207, 148.22783821953666, 150.360474395752, 145.3652437845865, 142.32104356553816, 144.03742675781254, 145.24216698540582, 146.6994674682617, 142.0491332160102, 142.35447887844512, 137.41448313395185, 133.84237005445692, 132.64081463283964, 137.75768034193254, 137.4725639343262, 142.24828393724235, 140.31862275865342, 134.22456868489581, 134.47594087388782, 138.4454822116428, 146.50632934570316, 140.5820404900445, 138.63608661227755, 135.61577907138403, 136.3248665703668, 139.1594206915962, 138.0604260762533, 136.41185624864372, 130.9795344034831, 133.45784060160324, 134.606951989068, 135.16648915608724, 136.613456302219, 133.26524039374462, 133.76387117173934, 132.60731179979118, 137.42991409301757, 134.23504744635693, 134.5381983439128, 131.9154889424642, 131.69415181477868, 134.1160143110487, 136.22073593139646, 133.68307740953233, 135.8342748853896, 133.29872851901584, 131.1412070380317, 133.63836263020835, 128.9852135976155, 131.73959333631737, 125.31059510972766, 135.92107446458607, 141.52137230767144, 137.0665241665311, 133.7313385857476, 134.41554294162327, 139.46466428968643, 134.8234146118164, 136.98938666449658, 131.46885545518666, 133.73976584540472, 132.92965011596684, 133.8060895284017, 137.3749495612251, 146.59032431708445, 136.50281389024522, 138.51046744452583, 137.85088797675243, 141.55622202555344, 133.39590301513675, 140.61090032789443, 137.7671130710178, 135.87493815951873, 141.44390682644314, 144.4631835513645, 144.92626520792643, 142.32025146484372, 141.47967647976347, 138.9040531158447, 148.00415284898546, 140.24638519287112, 146.94516805013026, 143.97567079332143, 148.6315285152859, 145.11199883355042, 141.77268346150717, 141.3454120635986, 144.76039598253035, 150.69128676520452, 142.12990078396268, 142.0090278625489, 148.1351737976074, 152.96615168253587, 148.0352300008138, 148.81921590169267, 149.9363751729329, 149.6257649739584, 153.12636006673185, 145.60040448506675, 150.52183312310117, 159.29163860744907, 163.10119493272563, 156.13299136691626, 153.47445771959096, 156.35614954630537, 156.71523785061314, 163.49476165771495, 160.45121866861987, 162.17049399481883, 164.76224611070424, 163.20097037421337, 166.23833397759336, 170.11482442220054, 170.40102996826178, 167.17874467637807, 165.97028503417974, 170.01410361395946, 163.27102500067824, 162.66801537407773, 175.7696720123292, 164.11590529547803, 165.61011318630645, 168.39216283162443, 166.38184856838652, 169.08446807861333, 169.99771016438808, 170.35158199734158, 175.06632130940753, 174.29014417860245, 166.26245964898007, 166.8406539069282, 175.76428137885205, 168.49026574028866, 166.82380761040585, 165.8063063727485, 166.79534301757815, 175.91229070027677, 169.36979938083226, 168.5456865946452, 165.93764470418296, 165.57487046983508, 168.64943839179145, 179.07469236585834, 176.98357001410594, 167.80543416341152, 164.77701144748266, 167.384917110867, 171.56155819363065, 163.01916156344944, 166.92265311347114, 163.6116846720378, 174.58557883368601, 178.64976128472225, 173.33572964138457, 168.13539869520403, 168.98742752075196, 174.13122762044281, 169.79854753282336, 172.71094419691306, 164.06931813557946, 169.21552403767907, 174.95698047214088, 169.67257342868388, 164.83792232937287, 165.0882420010037, 169.71187116834858, 165.5005272759332, 166.96385582817928, 161.15716256035702, 162.56495861477322, 162.95548773871528, 165.22669440375438, 170.7895644293891, 170.89054565429686, 164.54312277899854, 168.18068627251517, 169.99789021809895, 172.14171829223642, 169.7154379950629, 171.3184292263455, 170.2497909545899, 163.46010513305666, 174.81682069566514, 163.21141175164124, 165.50597322252068, 163.7163813273112, 168.82154591878268, 175.0628021240234, 168.86757303873702, 172.42673975626633, 171.65926717122397, 176.39277369181323, 172.01576444837784, 169.33151033189563, 166.3459944831, 164.83412102593317, 163.73066694471575, 169.48691821628154, 165.22334153917106, 172.85769933064785, 166.10133683946404, 162.76656570434577, 161.35708084106443, 161.89222725762264, 166.67578998141832, 172.5422689649794, 167.49941168891056, 164.29469282362203, 160.02721956041128, 165.80911958482537, 158.20726504855688, 164.23059243096247, 163.0989437527127, 159.61351403130433, 161.45261416965067, 157.52443042331277, 159.84084565904405, 167.55763320922856, 164.82636341518833, 156.68287192450632, 157.71620339287657, 165.2310350206163, 161.17426291571724, 151.71189058091906, 156.05554682413745, 162.86703923543294, 157.16782031589082, 157.86894819471578, 159.27789908515084, 162.37423850165476, 152.25267575581873, 152.94715788099504, 156.21338000827373, 157.37421145968975, 154.2597707112631, 163.50951741536463, 163.27536078559035, 152.10917672051326, 152.1916624281142, 161.15383733113615, 162.34867384168837, 157.23564258151592, 158.98574396769206, 154.6431803385417, 156.98313734266495, 163.02358652750655, 157.75658704969618, 162.0621516757541, 165.7711029900445, 160.44468282063804, 159.75292019314244, 156.8131811353896, 162.09554129706493, 167.99617063734271, 166.52615216573088, 168.98708852132162, 172.48130739000115, 175.81315188937728, 179.42776302761504, 182.07584253946945, 183.6223385281033, 180.5659042358399, 176.1931999206544, 179.47304111056863, 173.92624045477976, 177.55328004625116, 176.17790018717452, 170.99683710734053, 172.1935251871745, 174.59402465820312, 173.50243877834748, 173.5350286695693, 169.87872017754447, 169.1978033277724, 178.1033442179362, 187.10138736301008]}