{"latitud": 3.2082, "longitud": -70.7442, "radiacion": [231.33391469319668, 234.61355014377173, 237.6024785359701, 241.20594109429257, 239.7116986592611, 240.5772283766005, 238.97400733100048, 239.687306213379, 243.51394805908208, 236.55055058797208, 234.57497278849294, 237.0420315212674, 241.16387939453125, 246.28269966973207, 246.13783501519103, 245.38971413506405, 250.0421973334418, 250.16067182752826, 253.48616807725708, 256.41083272298187, 250.25846998426655, 245.7567715115018, 248.03567454020188, 254.48820487128373, 254.6445275200738, 252.84320610894102, 252.24816945393886, 252.94121195475267, 253.07596045600044, 251.52199723985464, 250.98699264526374, 252.69935353597006, 252.87476433648013, 254.68082631429047, 260.95076209174266, 258.67773623996317, 261.18203650580523, 255.8680458916559, 251.0722305297852, 252.24089686075854, 248.65171059502498, 249.9527052137587, 250.37579583062075, 252.83176727294926, 253.86375274658212, 245.1524763319228, 241.28580661349835, 242.96949615478516, 246.92505747477222, 248.08686709933818, 241.91927575005425, 240.59658050537118, 238.6905420939128, 243.2105036417645, 243.81397111680783, 247.8729965209961, 249.87492133246533, 249.5664418538411, 253.10856899685336, 251.74988199869804, 242.51860978868277, 239.01437386406803, 234.61550377739806, 240.01768993801545, 239.17218916151262, 231.052899254693, 231.12493574354383, 234.64818496704103, 235.11755065917973, 229.8995008680556, 224.97530348036028, 226.23392740885424, 225.799250623915, 224.28509784274635, 231.1481672498915, 218.92451722886827, 216.85194871690544, 213.85456509060336, 222.6860710991754, 226.77548455132387, 216.71229180230034, 220.14551764594185, 219.39252573649097, 225.42912623087565, 219.3041314866808, 202.24368455674917, 199.00797839694556, 190.341837141249, 200.39006178114155, 195.03958952162006, 190.49290135701497, 188.43208550347222, 191.757051255968, 197.1066167195639, 194.45436791314015, 178.40780817667647, 177.2693245781793, 183.35431204901806, 191.4719939337837, 190.1409806993273, 183.78550838894316, 177.41961686876087, 181.84198481241864, 188.5707153320313, 192.35003568861234, 184.98695144653323, 183.9716728210449, 184.14060940212676, 185.02596325344518, 186.18527993096248, 175.39219275580513, 175.06628341674812, 173.96169018215605, 178.6567019144694, 178.2875885857476, 170.50777359008794, 164.99313498602976, 167.85692774454756, 171.89961488511827, 175.5304680718316, 169.25186004638675, 159.83195885552303, 156.490454779731, 157.68462414211703, 158.99864654541014, 162.33845426771381, 155.82873280843106, 152.80190709431972, 157.76859063042536, 155.88879055447046, 151.2963847690158, 149.21878475613073, 150.0349202050103, 148.2750098334419, 155.28539962768556, 156.54442554050027, 154.65008909437395, 150.8791798909505, 152.83573387993707, 151.8308597988553, 146.5402714623346, 142.64303766886394, 141.59906539916997, 149.40950571695967, 147.9450892130534, 147.39292153252495, 140.3046123080783, 144.48956841362846, 149.04515919155554, 151.53020163642046, 148.08568208482532, 144.56266106499564, 137.15201076931424, 139.5037047492133, 144.5852366129558, 136.3965321858724, 135.73580084906686, 130.79016647338872, 134.29389979044595, 140.23931401570638, 138.51524878607856, 137.967921532525, 135.85814819335943, 142.42467676798518, 142.05937745836047, 139.5051567077637, 130.66298120286731, 132.87429936726886, 134.1684204101562, 134.35458229912652, 137.65133192274308, 134.83569115532765, 129.58149282667372, 127.89424057006842, 134.41591296725804, 131.82501504686147, 135.6214365641276, 135.6757033454048, 135.40962702433274, 134.17524905734595, 133.51198332044814, 138.27389009263786, 134.74216232299807, 139.47858183119033, 137.44070587158208, 135.9311681959364, 136.47527635362417, 138.93740454779729, 135.34836578369143, 145.02229359944658, 146.60419447157116, 140.2307598537869, 148.57020280626088, 139.53841874864372, 137.93581805759013, 140.9553736368816, 150.37158296373158, 149.4772888183594, 148.42282935248488, 146.48535978529188, 147.45658688015408, 148.03293329874674, 152.0044653998481, 156.34058134290908, 153.85291213989265, 153.4711394415962, 153.97242736816406, 154.14011416965062, 150.98856065538197, 155.70796966552737, 163.43469797770186, 157.91579615275066, 154.484307607015, 155.87798470391172, 154.20085762871642, 158.90901396009653, 158.43835474650064, 159.14243333604603, 157.6608172098796, 163.52897516886398, 159.9808890448676, 161.31460172865127, 163.82432301839194, 165.90915866427952, 165.99868833753794, 166.58180287679042, 162.1907347785102, 164.08603634304475, 166.18957256741, 163.96781014336486, 158.45849160088434, 163.46951268513996, 164.45747273763024, 162.0821445041233, 158.8275802612305, 170.72879596286347, 168.84271977742515, 171.21696946885857, 168.35868547227653, 170.5776143391927, 172.6090274386936, 174.68008592393667, 166.79461949666344, 174.10720723470055, 172.7522772047255, 176.01646728515627, 173.99743448893233, 170.21258044772685, 171.87511850992837, 175.853540886773, 176.45444886949335, 176.9335130479601, 178.76868794759125, 174.77211744520397, 176.92982940673832, 177.77010769314245, 169.71137568155928, 170.66224822998052, 173.41734941270624, 179.05932600233294, 180.15646430121535, 172.67318606906474, 179.94780112372507, 183.98624725341801, 183.66731440226246, 184.7650519476998, 187.51272176106775, 186.66861292521162, 184.1873939514161, 188.2199055141873, 183.07218373616539, 184.8429768032498, 187.67251586914062, 189.69883643256298, 186.5058885362414, 192.1212183634441, 189.29795616997617, 187.46127056545689, 187.0518585205078, 185.12367901272253, 186.53222690158427, 189.61149224175344, 191.22817331949875, 193.69213383992516, 191.11646287706165, 188.03814120822483, 187.2650753445096, 188.82078925238713, 199.60265418158642, 199.43855277167435, 186.8635480244955, 192.8917128668892, 187.5083078172473, 188.86325285169815, 189.45536600748707, 187.80837614271385, 184.4146944681804, 185.80967949761285, 191.87384448581273, 184.51594348483619, 180.95357903374565, 182.984661102295, 185.01098743014867, 188.36541019015843, 186.69088168674045, 191.86499862670894, 186.45621507432733, 188.9250183953179, 182.70192481146918, 186.477594672309, 186.04042163425024, 183.15201789008245, 184.78856396145292, 183.00916646321616, 181.23559256659618, 182.5720840454102, 184.5959086947971, 182.94004923502612, 188.2193339877659, 190.83273637559685, 192.25537838406038, 192.41782989501954, 190.827377404107, 196.4862726847331, 199.10448142157665, 196.91538942125112, 200.43686082628042, 198.1442762586806, 203.21318910386825, 205.11098361545143, 205.24119847615566, 211.60087788899747, 212.0352468702529, 209.4763711717394, 213.89381434122728, 208.46138644748268, 213.59275394015847, 216.60330149332685, 215.20135328504776, 218.2614835103353, 221.87139256795254, 229.34083565606014, 230.97267727322048, 233.72146513197163, 232.94625634087458, 227.45831171671549, 227.16302981906472, 226.22464641994915, 225.5757964240181, 233.7045354207357, 227.16556108262805, 222.9507098727756, 216.9141655815973, 219.08170606825092, 221.90202729966907, 223.62292582194019, 221.79256727430558, 224.06435334947378, 230.31331346299916, 235.88973320855038]}