{"latitud": 8.0565, "longitud": -73.1129, "radiacion": [252.52975828382705, 247.69813003540048, 254.19784028795036, 255.94762242635102, 256.4081126742894, 247.17075670030385, 240.6310253567167, 245.14661314222553, 248.39582273695206, 246.59160647922099, 243.39478929307734, 247.9468181186253, 250.54351671006953, 256.2971825493708, 259.51812608506947, 249.80658153957802, 246.2153215196397, 247.42781236436636, 249.18664648267955, 248.78543540106884, 245.037348344591, 248.01004664103195, 255.35793457031252, 256.857256740994, 255.89042129516602, 260.26024551391606, 259.66198416815865, 262.0476161532932, 261.1499588012696, 266.35100275675467, 264.31992187500015, 265.18858074612086, 268.23847529093433, 268.2025611877443, 272.44278216891826, 278.7354560004341, 273.606408267551, 275.70883390638573, 281.6933439466689, 278.1973119099935, 271.2874130249025, 270.2321150037979, 270.90594117906363, 268.82510426839207, 267.9284943474665, 269.8369051615398, 270.8576612684463, 272.2022195604114, 277.82686987982856, 273.07944204542383, 270.60000932481563, 274.82590077718106, 281.97189814249685, 286.8148223876954, 284.48099619547537, 284.65178714328346, 278.2028596666125, 277.79442028469515, 273.56273464626753, 274.28746465047215, 273.3052583482531, 270.94966456095386, 275.2952975802952, 272.3526796976726, 272.1270481533476, 270.0393685234918, 268.54814181857637, 269.53594945271817, 274.650449456109, 271.92585118611663, 269.65778672960073, 268.40887603759774, 271.9619129604764, 264.03285132514117, 273.6174319797093, 275.6592795901829, 276.5067284901938, 277.7864207797581, 277.9647883945042, 276.3604889763726, 279.8573769463433, 281.2050910949708, 278.11160193549273, 267.9792012532552, 267.75107816060387, 259.09381239149315, 259.9152517530654, 261.09585511949336, 262.25327767266174, 258.2998245663114, 258.57472398546014, 267.04100841946075, 272.80392227172865, 269.14855706956666, 271.05704006618924, 264.2437099032932, 271.8209161970351, 269.77669987148715, 266.03213539123544, 255.40164968702538, 247.0052083757189, 244.05499500698534, 243.45459081861713, 250.46214048597548, 259.4176272074382, 262.07325956556537, 255.594459491306, 253.55815908643942, 256.0478473239475, 247.59419055514877, 246.4857707553441, 246.41811887953023, 244.18922322591155, 239.94289402431914, 232.33359845479322, 234.5059251149496, 245.71141251458064, 244.31065550910105, 242.23663012186694, 245.99908565945103, 243.47769749959318, 235.6712745666504, 233.92294328477647, 232.33843540615513, 233.02249887254507, 233.25232302347828, 229.64476602342393, 229.52430445353193, 225.14848899841317, 229.72896185980906, 220.47908736334912, 218.69057545132114, 219.25686937967944, 217.16582989162876, 220.7313992818197, 218.77440867953837, 225.3868928697374, 218.97147759331597, 215.50381698608408, 216.49136831495503, 212.1915330674914, 205.5916269090441, 207.04496909247504, 213.65368563334152, 218.09555507236064, 230.77327690124517, 223.3995148976644, 216.5478659735786, 225.77801861233183, 220.34899978637702, 223.32813525729716, 235.99623319837792, 233.47273398505322, 216.9868147532146, 220.43270081414119, 220.19946365356452, 210.3095374637181, 213.87605217827695, 212.95421290927462, 212.49581684536406, 213.69755405849878, 212.48303451538087, 219.2413517846002, 213.08404477437344, 208.54159062703454, 213.54710680643726, 219.9798086802166, 226.8756038665772, 224.75387217203783, 226.5186417897543, 235.75202043321406, 237.3677189297147, 229.82797520955413, 232.89865434434682, 236.5232528686524, 235.81214031643344, 227.64499287075478, 239.56048177083343, 244.911768213908, 252.36315930684415, 244.50146352979877, 246.36489825778548, 243.95035014682352, 239.81684032016332, 240.29349704318585, 232.41676512824168, 237.41017947726777, 238.72640804714638, 243.9818823072646, 244.11486214531803, 249.23435075547968, 249.53111941019696, 253.7126224093967, 257.036508263482, 244.90018810696083, 244.9522328694662, 252.8877499050565, 243.7231473286947, 244.60872578091104, 255.47695320977107, 260.6550554063586, 248.16374918619798, 253.20864800347226, 255.70408393012158, 254.6333423190647, 253.67870508829765, 251.7374430338542, 248.0308224148221, 257.11642990112307, 242.93067025078673, 232.50941501193583, 230.13833105299219, 243.63241293165424, 246.66959321763792, 243.20093655056425, 245.71141925387914, 254.8209993150499, 248.62529339260536, 251.93349583943692, 249.48378287421335, 244.34686304728197, 249.8091280619304, 258.72987230088984, 255.19482379489486, 248.0384928385417, 251.77921083238402, 242.89878268771704, 246.86171866522906, 247.68584798177088, 243.4082908630372, 247.4801726447212, 247.0505215962728, 247.45210800170904, 233.63959562513568, 232.25393642849394, 240.88630048963765, 236.89963896009667, 233.9450219896105, 245.51860699123822, 235.4735521104602, 232.5920989142525, 226.5608793470595, 235.85770280626093, 233.23108465406645, 226.66869388156474, 230.70316874186202, 229.6808108011882, 235.5177487267389, 231.91282314724398, 236.24199011060932, 226.73581907484268, 233.407864549425, 231.82774683634443, 238.84387266370993, 237.0367568545871, 227.4052407158746, 212.0330401950413, 217.90538169013132, 217.25508312649205, 218.68157713148335, 220.41217566596148, 215.8202571445041, 211.17288513183598, 214.25925038655603, 213.59099858601897, 223.10396838717998, 222.9540990193685, 219.317308722602, 215.83594182332362, 207.79809892442495, 212.56779649522568, 203.3078580220541, 206.5360919952393, 208.31606563991977, 200.66195712619356, 204.9730378044977, 203.22312278747563, 208.3808203803169, 204.9526807996962, 207.25601565043135, 207.07854936387807, 207.51049092610683, 205.23052389356826, 198.15679694281687, 192.72416771782773, 197.07536434597446, 195.55910538567446, 193.8342198265924, 194.22558288574223, 193.99699541727705, 196.11403766208232, 199.04364908006463, 196.89162580702043, 187.12435086568198, 189.1049393971762, 192.74780002170144, 188.5497973548042, 179.61467781066892, 183.9223868899875, 176.41096377902565, 175.61202210320369, 176.9437198215061, 169.9523796929254, 175.40471449957963, 178.64825613233782, 183.29088961283375, 186.14922930399584, 184.36244273715556, 192.11734937032065, 186.2523902045356, 177.96217511494964, 173.25260086059575, 181.9908689286974, 185.57468032836923, 185.17705879211425, 186.40160920884878, 187.42613631354445, 189.97378230624727, 194.89923502604174, 199.4069122738309, 207.2160389794244, 201.70055541992193, 204.365944841173, 204.71098675198027, 205.98560409545908, 202.19045906066899, 208.27720951504185, 212.12636998494474, 215.55880648295093, 215.94847607082795, 224.84813537597665, 223.12308786180293, 223.30712759229877, 225.6093919965956, 225.35948791503913, 225.98253462049703, 222.9330307854547, 224.62292043897847, 235.13227352566196, 237.68284255133744, 238.35675837198892, 235.47337799072272, 231.97751990424266, 234.43414675394706, 238.28592334323466, 242.10036684672045, 242.83523640102817, 243.75921071370445, 242.55338567097988, 238.3651726616754, 242.79538514879025, 236.66388422648117, 243.8763526916504, 246.6586801317004, 246.3166300031875, 243.9059104071724, 246.2736592610678, 249.41219312879778, 250.8885960896812, 251.74999881320537]}