{"latitud": 2.7341, "longitud": -69.9608, "radiacion": [244.0607219272191, 249.19709286159937, 250.2962107340496, 254.4059460110135, 255.5835052490235, 251.35796966552743, 257.5633004082574, 260.8724836561416, 259.634618971083, 260.4412743462458, 257.9092361450196, 253.60803544786245, 256.4654912312826, 260.4584113226997, 263.1193757798937, 262.99561784532347, 262.9958566453722, 266.96819780137815, 266.68137257893886, 265.2433658175999, 264.0682479858399, 260.9474287245009, 265.6473436143663, 266.4011427137588, 263.9998291015625, 262.537727186415, 263.51692301432297, 263.18936106363935, 264.1447241889107, 263.00370686848964, 269.7702657063803, 269.8694274902344, 269.6365515814888, 272.81797748141827, 271.89613376193574, 268.98539496527786, 269.5301749335396, 268.19052903917105, 271.3525856865777, 264.2273473103842, 262.078434583876, 264.71538052029086, 270.43421698676224, 270.614963107639, 267.94224633110906, 263.49897020128054, 268.10637071397576, 270.35118594699446, 266.6833928426108, 263.7531033833822, 263.83248680962464, 260.50483517116976, 256.1219942728679, 257.7678048027887, 251.9624015808106, 247.9280263264975, 247.87936486138247, 246.28303663465718, 254.56384650336375, 253.84980248345275, 249.9973997328017, 250.8076717800565, 248.21083492702917, 249.90775027804912, 246.6959730360243, 250.49715559217668, 246.91129930284296, 245.39220869276264, 236.54220776028106, 238.28899095323354, 239.01942350599506, 236.0456269158258, 227.73304426405173, 234.94338955349397, 227.5676594204373, 226.5938850402832, 223.27501949734167, 218.60680491129563, 231.12588399251305, 225.70036197238508, 222.82895779079874, 218.09832288954, 208.96787643432617, 212.68014628092456, 218.64436196221254, 210.57232293023006, 204.57165171305346, 209.46656417846683, 213.58854242960615, 216.98300798204204, 209.6722290039063, 200.33776363796667, 196.19703792995878, 198.74283921983502, 206.48241746690545, 201.9731870015462, 195.64945237901483, 192.33865687052412, 198.27070532904736, 200.49856330023877, 187.82519675360797, 184.1750316196018, 182.43287913004556, 192.78333926730684, 196.35031585693366, 185.77885047064888, 181.4649574279786, 178.71949208577476, 181.98078757392037, 181.28107308281793, 176.50002237955735, 172.90230899386938, 171.15376858181426, 173.80735524495446, 177.44886923895942, 174.928922949897, 168.81094877454973, 164.75226533677844, 177.01505923800997, 177.2525067647299, 171.25621541341158, 168.10975307888452, 161.73025580512157, 169.3284739176433, 163.3235555860731, 162.20514467027456, 158.98731706407338, 153.18804270426438, 162.19684702555347, 162.866254679362, 161.42448501586918, 157.98183720906582, 149.82962222629124, 149.76279729207354, 155.70061170789927, 162.03032006157767, 160.55040825737845, 155.63391982184518, 162.2736574808757, 163.00818456013997, 157.7141511705187, 152.37264395819776, 146.66330913967556, 150.49572796291778, 145.80766300625268, 141.28496449788415, 142.88082444932726, 141.8939446767171, 146.45343301561147, 144.1853735182021, 149.74995778401697, 146.76060816446943, 140.24338946872285, 140.529304377238, 144.76609759860568, 140.22650782267257, 139.3371696472168, 139.60355258517797, 139.21881857977976, 138.55740381876635, 136.5264982435439, 134.8963445027669, 137.79444257948137, 138.500639851888, 141.4675454881456, 139.1702131059435, 140.04855728149417, 141.71379415724007, 138.05270987616646, 139.36847381591804, 134.69905844794377, 137.689208899604, 139.43515146043572, 136.2409830729167, 139.07279001871754, 141.5212021721734, 144.38392045762805, 139.91075312296553, 143.2349280463325, 142.0577002631294, 140.41740392049155, 141.44495129055454, 145.38975923326285, 148.92528347439242, 150.31240658230251, 149.12563112046993, 147.4376783582899, 147.62589560614688, 150.9624053107368, 150.65844328138573, 151.43659278021929, 155.48632744683164, 153.07643424140076, 152.28382814195425, 155.54862153795025, 158.5738355000814, 156.13762215508362, 153.78831405639644, 153.85125300089524, 155.65750918918187, 164.90989778306752, 164.49921891954213, 159.49360037909616, 167.93243272569444, 170.65520892673072, 166.25763863457576, 166.37772369384774, 165.82122395833338, 171.04616733127173, 172.33111597696941, 171.3794944763184, 171.9446749369304, 170.24575263129347, 179.91598680284292, 176.47967122395838, 180.76137491861982, 180.09216342502168, 179.36188371446397, 179.0410934448242, 180.9490321689182, 181.07227639092335, 178.86733881632492, 180.56507754855684, 178.85821694268125, 187.98323262532554, 184.4054251776802, 187.50890121459966, 188.87847332424585, 194.68632634480798, 192.53963377210832, 191.66110288831928, 193.21892276340063, 187.7245988633898, 195.7404334174263, 198.17112291124135, 194.65067604912656, 196.22303178575308, 198.13502536349827, 200.69137335883246, 202.47759272257494, 203.20782818264436, 203.15547332763677, 199.59272130330405, 202.19303546481663, 202.6588471306696, 205.91886935763895, 212.61337144639754, 208.17607125176332, 205.3445346408421, 206.42411651611337, 211.6634601169163, 209.72976498074001, 207.85268690321186, 214.11832139756947, 217.44094696044928, 215.01369467841258, 212.0182906256782, 213.30284118652352, 214.27343241373708, 218.91680323282878, 220.0275680541993, 215.94865934583882, 211.1564491271973, 210.0921067979601, 219.48005913628478, 215.54371770222988, 218.2103459676107, 218.4811328040229, 227.17372351752397, 230.46014294094516, 230.39817165798613, 225.70526233249245, 226.25111923217779, 221.90998560587573, 226.04833602905282, 224.0231103685168, 220.26373274061416, 216.33597005208344, 223.80702896118177, 224.05321011013453, 222.76902372572158, 225.09965625339092, 224.00077328152133, 221.87607235378695, 224.28151414659297, 227.151112704807, 210.40832417805993, 205.30943340725375, 214.151218922933, 213.01746648152672, 220.5702748616537, 215.60216378106017, 209.03447926839195, 213.5116186353896, 216.7684911092123, 209.82624791463218, 204.54479276869037, 203.04191080729174, 207.04640892876523, 211.63088531494145, 203.11054636637382, 212.05088975694446, 206.0329718695747, 201.80090501573363, 207.8742712232802, 203.69120822482645, 199.997989484999, 202.26375367906357, 200.91486494276262, 199.22778430514867, 191.802163611518, 194.32640143500439, 193.82975209554044, 199.3895924886068, 199.48436720106338, 187.47463217841263, 189.0226347181533, 188.71877636379668, 197.80915815565325, 202.06572935316305, 196.09322001139324, 190.01731982760967, 192.94654956393774, 202.79340387980145, 203.7337986416287, 200.754116651747, 198.99699579874678, 193.37968377007383, 197.72739478217238, 205.92857598198785, 194.73386984931105, 193.47082722981773, 200.68106307983408, 203.3544826083714, 212.87472084893125, 211.1446116129558, 209.1667817857531, 209.98768403795032, 214.2450265672472, 216.58738708496094, 213.43831346299922, 217.11961534288196, 220.15146526760532, 227.90696809556755, 225.79379950629345, 222.58102959526914, 217.52072211371532, 218.59974890814897, 223.35307261149092, 230.50838682386612, 232.82488708496103, 236.77884538438593, 229.11730651855473, 238.53762910630977, 240.92529101901593, 240.34685245090068, 234.5721664428712, 237.24186816745342, 245.9327087402344, 249.54009823269317]}