{"latitud": 7.3805, "longitud": -74.1859, "radiacion": [264.48984002007387, 265.4963619656034, 266.3324564615886, 267.5408766004775, 267.0471151563857, 266.4880528767905, 267.68766581217454, 270.37800259060344, 269.0884482489693, 271.3303779602051, 272.929832204183, 274.01643218994144, 273.16344604492207, 273.86705118815115, 275.1199556138781, 276.1349366929797, 273.43810153537333, 275.93454827202703, 276.3363198174372, 274.63668789333786, 277.9507434421116, 277.66617296006956, 277.18661202324773, 279.7005482991537, 281.3977479722765, 281.7687316894532, 281.0555821736654, 280.49121839735244, 286.0406543307834, 286.8413889567059, 287.49069213867193, 290.35744018554686, 293.4245827568903, 292.11908399793845, 291.95165642632384, 294.0988842434354, 292.01225433349623, 292.6238328721788, 293.87552134195977, 295.7131396823459, 298.03923882378484, 297.8302529229059, 292.88824785020626, 292.3674034966364, 292.4756222195096, 291.64293229844844, 296.49632534450967, 296.71378139919716, 299.5352710300022, 299.71696896023224, 294.6969082302518, 296.02584406534834, 297.38720143636084, 298.3378582424589, 298.52068413628484, 297.87403047349727, 298.0782696194119, 300.00011664496526, 301.7184699164497, 302.04549569023993, 300.15849702623166, 298.3452363755968, 305.2131946139867, 307.7798195732965, 305.87423434787337, 310.84673021104607, 311.8582967122397, 314.6161087036134, 308.96667616102445, 306.26676542494044, 306.90139702690976, 307.0298161824545, 304.6297840542264, 304.8914742363824, 302.71784990098746, 301.60690205891933, 302.6096532185873, 301.19272206624356, 303.0646856519911, 300.54673682318804, 300.02099524603955, 305.85637969970713, 303.8206678602431, 302.8575215657553, 299.37811304728194, 300.58775838216155, 301.2245110405818, 296.1060453626845, 299.31417728000224, 294.0138075086806, 299.185209994846, 301.90564414130324, 299.450654856364, 299.95181791517484, 299.8344592624241, 300.60730556911903, 303.9701566908095, 303.66572723388686, 301.51924947102873, 297.79016282823363, 292.67152726915157, 285.5623133341472, 282.3406789991591, 283.9898389180502, 286.2526219685874, 286.92980651855476, 285.16698065863716, 285.1550029330784, 282.13661515977657, 276.87580591837576, 276.3206448025174, 275.4853891160754, 273.7162456936307, 276.2222691853843, 274.7767239040799, 271.1796736823189, 277.10492146809906, 279.6686945597331, 277.8677822536893, 281.6229433695476, 280.7812476264106, 275.2364445156522, 274.54422192043734, 277.2199658711752, 272.3954364352757, 273.1568708631728, 275.205094740126, 278.05191201104066, 280.5382863362631, 279.4877792358399, 273.99415452745234, 274.70700937906906, 264.6604362487793, 264.2940973917644, 261.35238842434364, 260.58853395250117, 270.53997294108086, 269.2303329467773, 268.56449211968317, 275.3190097384983, 271.499915907118, 270.71160363091377, 271.14076512654634, 272.25591252644864, 268.43985154893664, 263.0252887301976, 258.33117616441524, 260.2699305216472, 263.14024734497076, 266.4386867947049, 268.2649558173286, 264.2305435180665, 268.0224511040583, 266.08942260742197, 267.21821441650394, 270.58869578043624, 262.6901216295031, 266.4810139973959, 263.1122912936742, 259.3243771023221, 262.4161610921225, 261.63647477891715, 262.19271206325965, 260.6198923746745, 262.2319534301759, 262.52830641004783, 261.7743108113607, 262.3960970560711, 263.6476194593643, 263.0933055453831, 259.80077243381083, 259.1341751098633, 263.24921696980806, 265.9606227450902, 266.8502163357205, 270.281300523546, 269.68726247151716, 269.50999671088334, 271.56297098795585, 271.08618469238286, 273.51134050157344, 268.6430835300023, 274.02542199028875, 273.6118996514215, 275.6984074910483, 274.45072123209644, 272.7530919392904, 272.8797305636936, 277.16192932128916, 273.9040462917753, 273.69906565348316, 273.21884918212896, 276.98687167697494, 272.9409523857965, 273.79479098849833, 275.0189381917318, 272.16840481228314, 275.63378245035824, 275.5473763359918, 273.1537517971463, 273.2702170477974, 278.16451687283, 276.4864425659181, 278.26760304768885, 277.032898288303, 275.45246531168624, 277.59968939887165, 282.82418924967465, 280.1807817247179, 279.9624672783746, 282.588400607639, 282.22480824788414, 282.15311143663206, 281.9325258043078, 280.00135192871096, 277.9198015001086, 278.82914343939905, 281.07698499891507, 277.71513197157134, 277.6200764973959, 274.0885208129884, 274.77592485215945, 276.6204305013021, 275.4270766364204, 273.68692643907343, 274.03362638685445, 274.1624346415203, 275.4159122043186, 272.63952229817716, 269.1906073676218, 269.96902974446624, 269.0861421373156, 270.2625949435764, 270.67083197699657, 269.5522218492297, 273.3848804050022, 272.12844594319665, 282.4769721137154, 276.5272844950359, 273.0584142896865, 273.3431482950847, 272.93827006022144, 275.66832054985895, 268.89067060682515, 271.35780266655826, 270.0699868096247, 265.58292507595496, 268.4927202860515, 266.8015816582575, 265.74399405585405, 267.26291147867846, 261.60905897352444, 261.066436428494, 263.15294613308384, 265.4666708204482, 265.4514078776042, 258.64076826307513, 256.0323566860623, 254.5437224494087, 256.5625786675348, 255.15709025065112, 254.6165086534289, 249.676220618354, 251.33229844835077, 252.77032877604174, 250.02181413438598, 255.83594190809467, 256.3514736599393, 251.65981631808816, 249.7657265557184, 242.4336749606663, 240.7697504679363, 236.77190433078349, 238.2747611151802, 239.1381403605144, 240.0022626241049, 235.19615563286683, 238.78845536973748, 233.00325800577806, 226.47643322414828, 231.19246427747944, 232.48918067084432, 226.6748126559788, 225.71240259806322, 221.99523993598095, 218.81135745578345, 216.5731160057916, 209.3373762766521, 210.8875911288792, 206.79063949584966, 210.66827045016825, 211.78188472323953, 215.81313866509336, 210.32271270751957, 215.18732511732318, 213.9301743401421, 210.2241098192003, 210.56099641588003, 216.18332604302304, 210.1956102159289, 208.22072491115992, 212.1051262749567, 216.02755923801, 213.38835177951398, 214.55612123277456, 210.2255718655057, 203.78988257514115, 205.87707570393889, 206.2733512030708, 201.05930413140194, 198.86460469563804, 192.50104662577314, 192.697679816352, 199.5535834418403, 202.0670098198785, 203.4580899132624, 206.76877827114535, 205.2693574693468, 214.32264751858182, 217.33374638027615, 220.00176205105254, 218.89453116522904, 217.54542520311148, 215.71229807535815, 216.58209338717998, 214.66332414415152, 216.39893650478794, 214.95659230550132, 221.96478343539766, 222.63664830525727, 224.1437035454645, 224.26418974134663, 225.0819252861871, 229.24505403306762, 232.0121904161243, 230.6399731106229, 230.1293156094022, 226.98174760606557, 233.14202473958335, 238.2018743726942, 238.9258740743002, 232.79803585476353, 235.37784550984713, 241.65925089518237, 238.48844553629564, 242.36973961724183, 243.9030725267199, 248.88354110717773, 247.20826000637476, 249.14001693725587, 250.94310743543846, 252.57468838161898, 250.94428024291997, 250.68875249226895, 252.92709367540155, 253.55521926879888, 255.15671980116113, 251.5686194525825, 252.75371186998163, 256.74882210625543]}