{"latitud": 2.2349, "longitud": -78.7262, "radiacion": [260.6551647610134, 255.90744951036245, 253.90609444512268, 260.0254418267145, 261.43124423556867, 263.5252821180556, 254.3471659342449, 256.0890029059517, 261.63255988227, 262.08139207628045, 264.58449384901263, 259.6396370781793, 261.6066580878364, 257.2762151082357, 260.08230501810715, 262.10751088460285, 263.40414021809903, 265.1565569559734, 267.09085057576505, 262.7620496961806, 266.0040835910374, 267.90716908772794, 263.53855107625327, 268.64164971245674, 265.2713668823243, 268.9461418151856, 266.45565880669494, 270.6865943060982, 273.59499240451396, 272.59296807183165, 274.72526262071415, 272.78109198676225, 271.9930603027345, 278.2141642252605, 276.3224714491103, 280.10335472954654, 275.42481079101566, 273.57727576361776, 275.88897433810774, 276.2498104519315, 274.7114724053277, 274.15749223497187, 275.35159361097556, 277.53104315863726, 277.884989420573, 273.45207917955196, 277.1561574300131, 275.8443411933052, 277.10851949055996, 279.85163692898226, 279.66619584825315, 276.79213426378044, 277.8440305921767, 277.3675816853842, 275.9809690687393, 282.37458021375875, 278.3049462212457, 277.6484034220378, 281.07639109293626, 280.1502443101672, 275.6383672078451, 282.67769436306435, 285.99716389973963, 286.31916622585726, 283.33777567545593, 285.46981743706607, 283.52074364556216, 284.5416112263998, 281.1226018269858, 283.05933778550894, 281.08298899332686, 283.82412109375014, 279.2490085177953, 283.4968944973416, 278.75835062662765, 283.8644319322375, 278.6573147243924, 277.51298285590286, 278.7878667195639, 277.84326816134995, 280.80743442111566, 280.0572316487631, 277.375779385037, 277.02026943630653, 282.05909033881306, 281.82132856580955, 280.5689617580838, 277.763671705458, 278.17547522650835, 282.7676988389758, 282.99678632948144, 279.9213244967992, 280.24630966186527, 280.71578979492193, 274.3499635484484, 276.1416841295031, 275.28703867594413, 274.84810706244576, 274.63203904893663, 276.1399585300023, 276.3966055976021, 273.90353842841256, 271.7165327284072, 275.24933319091804, 275.285952419705, 273.3203201293946, 272.00543619791677, 271.16983676486547, 272.7214694552953, 272.8659035576715, 271.43124270968974, 267.28564639621317, 270.0484237670899, 274.39349348280183, 270.76777080959755, 275.48744947645406, 270.91222110324435, 271.6646931966146, 270.8816630045573, 271.1272857666017, 271.1762395222982, 267.60805036756733, 265.3733213636611, 267.8751634809707, 270.3829103257922, 266.8584964328343, 269.1363579644098, 268.83811272515203, 267.55639970567495, 266.50662689208986, 270.2646709865994, 268.03294474283854, 265.1630750868057, 263.71871498955625, 260.28441755506736, 258.75917121039504, 260.557879638672, 260.76781124538854, 262.3584530300565, 259.29181671142584, 260.5026457044814, 261.7880910237631, 259.46230316162115, 255.77976091172968, 253.72780253092455, 253.59898969862203, 256.92754974365243, 256.8682344224718, 256.37724304199224, 251.61671702067065, 249.65978986952044, 248.55261586507172, 246.80623287624783, 250.50340474446634, 248.06822933620882, 250.6682298448351, 247.3399241129558, 246.8726738823785, 247.31040937635643, 243.89909142388242, 246.06519504123276, 245.4342288547092, 245.55863749186202, 248.34084014892588, 245.1199008517796, 244.70881449381514, 242.46222788492847, 242.0479587131077, 242.41546088324662, 242.08648206922751, 239.19698477851023, 240.29810451931425, 243.02953982883037, 241.94221394856777, 242.83842892116976, 244.3486262003581, 241.77993503146706, 239.5162594265408, 240.8047999064128, 242.64508785671669, 244.7131198459202, 240.08605634901258, 241.31641659206818, 243.46423831515844, 239.2519376118979, 243.49676717122406, 244.0408899943035, 245.9653298272027, 246.24842529296882, 246.90572374131946, 246.8143359714085, 245.60595872667113, 245.05525563557953, 243.68564080132387, 244.22352040608735, 245.56091885036892, 246.25731489393456, 245.4552318149144, 244.80940839979385, 248.252555847168, 251.3515496148004, 252.12109680175786, 251.2303098890517, 250.26761440700966, 251.30306006537558, 248.6221942477757, 249.31838531494142, 249.77687717013896, 251.00993499755864, 251.6596744113499, 253.31512646145293, 251.68966149224184, 252.9587297227648, 255.8535647922093, 253.44895392523873, 255.9158786349827, 257.5962561713325, 257.4572192721897, 252.01428748236768, 256.8120878431533, 258.9985727945964, 254.30598178439678, 257.0780956692167, 259.8350614759658, 256.4865922715929, 260.65277777777794, 261.14291822645407, 263.09330088297537, 261.74741414388023, 262.2021538628473, 262.62188873291024, 265.2767049153647, 263.7244737413195, 262.95873497856996, 263.48790096706824, 263.1219078911675, 263.49606374104826, 263.5237340291342, 266.79922010633686, 265.7295945909289, 268.05301886664506, 263.0297882080079, 265.85835808648017, 265.29804060194243, 266.1454864501954, 266.0023303561741, 260.7324866400826, 267.35405137803826, 266.37161356608084, 264.78638034396704, 261.2796793619793, 264.49285091824004, 264.25698513454864, 268.44404432508696, 263.06947292751744, 264.2065653483074, 265.15769483778223, 268.96269904242627, 268.6684083726672, 263.6516059027779, 261.22426571316197, 263.79816080729177, 264.0516369289823, 267.4827713012697, 262.32534400092237, 262.9879818386502, 260.0885699801976, 262.07894948323576, 265.7557992723254, 266.96900295681434, 266.75067918565543, 260.9035154554579, 258.5642576429579, 261.1560872395834, 261.9565280490452, 256.69685084025065, 255.48943591647685, 256.9499421861438, 261.02475738525396, 260.39220157199435, 261.266293504503, 254.82738028632275, 260.9811616685657, 261.4999955919055, 259.61576741536464, 256.2091174655491, 253.38395860460082, 249.09623633490673, 256.9323376125761, 252.11994866265204, 253.61248448689784, 251.82847934299048, 248.17953376770026, 254.40834274291993, 248.70989210340716, 250.48212085300028, 251.18734995524096, 245.85938110351572, 249.86028272840713, 253.8258246527778, 257.7621402316624, 250.68955425686318, 252.47779769897474, 253.43019909328896, 254.46802215576182, 252.3047671000163, 252.22337765163863, 252.35175645616332, 251.65622948540587, 249.07368452284075, 251.78141979641387, 247.47708562215175, 248.0728220621745, 253.4491616990832, 254.93116980658647, 255.06357760959213, 245.56870977613667, 246.98049977620448, 246.54511430528441, 245.1647172292074, 249.68399683634448, 239.33556306627065, 246.64443571302627, 249.05883348253045, 249.99402253892694, 251.12523786756734, 253.3853242662219, 253.26522369384773, 248.7767741733128, 251.55107811821836, 252.26481950547964, 254.13662575615777, 248.72782135009774, 247.45972154405385, 246.82313067118335, 247.64834162394212, 252.04611782497838, 249.62854046291784, 252.53140708075634, 248.40979749891503, 246.12026350233296, 249.3737745496962, 246.7761593712701, 253.97464582655175, 251.26936594645187, 250.40386233859613, 250.41205622355145, 248.19226133558493, 254.0383780585395, 254.61134372287336, 254.70684848361552, 255.2552001953126, 252.2720944722494, 254.31933763292105, 257.5301138983833, 260.43197377522796, 258.909635925293, 253.62677290174702, 259.0226045396593, 256.38321092393664]}