{"latitud": -1.3282, "longitud": -71.3379, "radiacion": [225.10825008816195, 224.554207695855, 224.62433573404954, 229.35490188598635, 234.21643761528867, 224.97514394124354, 230.34175855848525, 232.9956011454265, 234.54172541300463, 240.89719509548615, 239.6993718465169, 236.55248413085948, 232.85410664876312, 238.8300652398004, 243.30979699028867, 237.27752159966371, 236.49732462565115, 235.5310343424479, 237.7516940646702, 240.01276584201392, 240.77075754801436, 235.8411104838054, 237.45792371961815, 241.4481370713976, 248.9834671020509, 241.31266242133256, 237.0098230150012, 238.67634836832687, 242.22852452596035, 242.61485561794703, 244.64685838487415, 243.6088995191786, 245.51967731051982, 249.01193347507058, 254.61726938883467, 250.65342568291558, 247.0388242085775, 236.43586900499133, 238.24013197157123, 244.4449378119575, 238.3953114827475, 240.52975769042973, 242.99682117038301, 243.35454983181435, 245.4338771396214, 239.87950024074985, 240.47093624538854, 237.39571533203124, 235.32004284328892, 240.0309604220921, 232.8937146504721, 231.02618611653656, 223.42262929280605, 223.52987170749248, 231.4651607089573, 222.83890491061743, 215.24699512057836, 211.48176939222557, 215.75020370483404, 217.43906190660275, 223.73390214708127, 212.3338078816732, 214.23592563205298, 213.3278515285916, 221.83420477973095, 221.37496473524308, 213.22017025417753, 199.44293814765084, 198.93147752549916, 214.40781097412113, 211.02609413994685, 205.94190724690762, 194.96414837307407, 195.88986918131522, 204.10059797498914, 200.1512841118707, 193.0611618041992, 182.72809880574542, 188.46103193495014, 198.12701789008256, 191.92675823635534, 181.61886766221787, 171.87531195746533, 174.48053983052577, 183.10955030653216, 182.38214162190752, 179.92181896633574, 174.83933707343212, 179.60298504299598, 185.46520953708227, 182.52337053087027, 173.33063990275062, 165.16758236355255, 169.06090918646916, 173.05931955973315, 171.8145864698622, 170.2012346055773, 163.96976114908858, 163.47554965549045, 172.04673673841697, 156.169751824273, 157.2120259602865, 153.05736914740672, 149.34118474324546, 155.6310181511773, 154.21751522488066, 153.31259799533424, 145.52446763780375, 149.68473943074545, 149.42792510986334, 147.0195983039009, 149.27854597303602, 144.70739644368496, 148.2168014526367, 147.70676795111766, 146.29925151401093, 146.11895268758136, 144.06530668470597, 142.76927269829648, 148.48015560574004, 146.38497043185768, 147.34665006001794, 143.2018397013346, 147.42980363633902, 144.9351599799263, 141.96864615546338, 138.49198065863717, 137.42203263176816, 139.82958221435544, 143.6727660285103, 143.1100964016385, 144.2077331542969, 136.72013295491536, 133.43582496643066, 134.37082540724018, 141.40951656765404, 141.28254826863602, 141.68768115573462, 141.58516472710508, 139.8678137037489, 144.2384734683567, 135.43692520989316, 144.61217494540745, 134.41837671067984, 135.64087672763404, 131.37317483690052, 136.65095528496644, 140.11699744330517, 141.18814620971685, 141.67629127502445, 148.33996370103628, 143.20978893703884, 141.88357908460833, 135.9089907328288, 140.2644850413005, 136.64570401509604, 139.4955417209201, 136.3029068840875, 137.11402282714846, 139.32440278795028, 141.71041556464309, 143.25398317972827, 140.03909098307295, 148.47386610243055, 147.3523629082574, 152.78763563368065, 152.67476662529842, 149.80959871080185, 144.71319185892744, 150.11813125610357, 149.6900691562229, 150.71969451904306, 149.2015186733669, 146.5846939086914, 154.3769295162625, 151.5477991739909, 156.3503965589735, 151.04464865790473, 147.04277670118546, 150.96178461710613, 151.25645896063918, 156.34765887790257, 160.82268202039933, 162.4456948174371, 164.6404779222277, 162.6741497463651, 155.9476931254069, 158.12343326144745, 161.89444478352868, 161.5290401882596, 176.63609610663525, 172.67839940388993, 164.7848376803928, 171.3478016323514, 169.89985457526316, 173.48948432074658, 175.1885105556912, 173.49565527174207, 169.97945404052734, 175.9892790052626, 174.6897839016385, 180.33419613308385, 177.85354673597553, 174.43587120903862, 183.58914447360567, 187.11253806220157, 190.6728079054091, 184.4892514546713, 183.7483290354411, 176.12810931735575, 190.99320695665156, 190.9444576687284, 191.7900516086155, 188.22739529079863, 186.73045942518453, 196.37251514858676, 199.24006779988602, 191.6544052124024, 196.7454442342123, 199.93082249959312, 191.15407570732972, 199.828451538086, 199.5635444641114, 202.0583612230089, 201.2189160664877, 204.7942969428169, 205.87276331583664, 198.45967034233945, 200.80654746161568, 208.3934318542481, 215.4844751993816, 206.38659735785598, 204.44456888834634, 205.7444296095107, 206.80275497436523, 211.0202620612251, 214.01664301554365, 209.44186443752713, 201.12292828030058, 219.19960420396592, 217.8096807691786, 214.94823566012917, 215.633847893609, 212.827491760254, 217.56420101589632, 223.66885986328134, 224.5672384474013, 218.4383747524686, 214.93043696085624, 217.90139507717558, 223.85271182590068, 222.76086849636508, 225.2887764824762, 225.33412992689352, 226.6853165520563, 231.45540211995453, 219.3818751864964, 220.6028603447809, 222.9654845343696, 222.5591119554308, 226.0812705993653, 224.65082626342783, 219.9256070454916, 212.71559134589305, 216.70401975843643, 225.4797854953342, 225.02642356024853, 230.41302600436745, 231.80620413886177, 225.04317033555776, 230.29007941351998, 230.1220472547744, 225.82416466606992, 226.0904210408529, 228.74555723402236, 230.83309080335837, 231.29886067708335, 228.2061872694228, 224.67209964328353, 225.83921212090397, 221.1753161960178, 220.29876132541236, 222.67541207207577, 221.74451743231884, 222.81414913601347, 216.6798219468859, 212.80352435641817, 212.4458757188586, 212.64203821818037, 213.55667097303612, 218.4935628255209, 212.28345591227222, 215.95388539632165, 212.7057944403754, 211.99946060180665, 214.88148362901475, 208.39416563245993, 202.5449679056804, 203.8323773701986, 211.40633536444776, 207.47214584350593, 199.17222501966694, 199.6628145853679, 202.89484439426005, 199.82834430270728, 198.89032677544495, 200.61478932698571, 193.26068462795686, 198.2388415018718, 191.37227011786567, 187.606997511122, 187.24302029079868, 192.07927432590068, 186.7352983262804, 193.49067247178823, 188.5553638882108, 179.01855231391062, 187.6775498284234, 187.98106867472333, 190.10701726277668, 190.90938839382605, 188.47081290351034, 182.87374208238398, 187.31262376573355, 188.23104926215277, 198.33469399346254, 185.35503031412767, 183.23983094957143, 186.7374206542969, 187.58761206732865, 186.5287396748861, 181.99439493815103, 185.02874950832793, 185.5115214877659, 195.92010311550567, 191.86131871541338, 194.04049504597984, 190.90108303493923, 193.96099734836162, 197.28477647569446, 197.11132286919488, 198.77979753282338, 197.36343773735902, 204.96586422390405, 208.4871762593588, 203.32646221584744, 205.1621215820313, 204.36531372070309, 202.85096257527672, 210.12477450900613, 216.83440882364917, 207.50633180406362, 205.9950503031413, 204.6393383449978, 216.17316886054152, 217.45553588867188, 218.47688903808603, 213.0502617730035, 217.0357415941027, 225.01344112820098]}