{"latitud": 0.5971, "longitud": -77.4738, "radiacion": [263.6297595553928, 266.57570037841805, 261.68742133246536, 263.08198089599614, 264.7765420701769, 258.23543209499786, 268.01976233588334, 268.63468034532343, 271.1236648559571, 277.6632593790691, 273.16299540201834, 272.52043279012054, 264.07840465969514, 266.3738776312935, 266.0594234890409, 263.4717662387425, 265.8732355753582, 270.41899431016714, 270.3445545620389, 267.8725396050348, 268.07478010389553, 267.483426920573, 262.1436400519478, 264.5850658840604, 268.45679355197484, 262.66432851155605, 264.8987230088976, 272.2385598076715, 274.83720686170795, 275.289464992947, 268.72121412489156, 277.9381115383573, 280.73778508504233, 283.79365437825527, 286.68936174180783, 281.7446594238282, 277.2649853176541, 271.01028374565976, 275.27629979451507, 270.9443991767036, 275.7309712727866, 278.8432013617623, 279.09480039808506, 274.6358519660103, 275.93360646565765, 277.53465635511617, 276.7391884273954, 277.7654832628039, 269.6875457763672, 270.5647048950196, 271.5187928941515, 274.04175457424594, 274.02238481309683, 265.6626141018338, 252.3983537462024, 254.1646910773383, 253.25574985080297, 259.4567576938205, 253.14686516655829, 249.0536634657119, 252.92048543294285, 259.51594594319664, 261.06392788357203, 253.9603166368273, 251.65512877570265, 251.87519641452369, 252.37342673407667, 251.03167071872292, 252.80294782850487, 244.02263768514, 243.60127826266822, 240.04996846516937, 247.41426255967886, 234.2879539489746, 235.55051006741, 234.41546317206493, 233.83367835150838, 237.30423295762807, 234.3481111314562, 236.8240175882976, 233.9404027303061, 228.9524759080675, 226.29637273152676, 233.03649291992198, 236.26192389594192, 228.73291727701834, 224.0636342366537, 225.02894804212784, 221.38148142496752, 231.08039220174155, 228.99758088853628, 220.21830452813046, 213.23724458482533, 207.44132266574437, 207.50602951049805, 208.5871247185602, 202.66619008382168, 207.6499739752875, 203.02817764282233, 211.85755666097006, 211.09330927530922, 205.7444636027019, 204.51650161743166, 202.42841178046334, 200.40759548611115, 202.35426423814567, 196.980628628201, 186.55352011786567, 180.66737077501088, 183.6998582628039, 187.02881444295247, 190.84679268731017, 183.4027548048232, 189.07633336385086, 198.4199308607314, 182.7145593431261, 186.80057949490018, 188.20170355902783, 185.74579366048184, 182.14020478990344, 182.69734200371644, 184.03704087999142, 182.90168024698892, 177.361646270752, 174.35110982259118, 166.74412044948997, 165.3244647555882, 168.32042761908636, 166.26258002387155, 161.13526178995767, 170.43821614583342, 173.54292950100375, 169.29981528388134, 169.12112011379674, 170.84948866102434, 168.2697471618653, 172.79329054090715, 167.01538569132484, 164.97900577121314, 174.08666975233294, 164.5919019063314, 163.5144417656793, 158.20912094116215, 166.32162577311203, 167.559625837538, 153.92415881686745, 157.84993760850696, 159.5718784756131, 154.71806844075522, 148.0083464728462, 155.55173568725593, 158.86616321139866, 157.67082485622834, 153.62779278225375, 153.16767654418948, 148.25868428548185, 153.39952706231017, 152.8039966159397, 153.09725969102647, 154.65175018310552, 150.52991951836486, 143.91325768364803, 153.932836066352, 159.44705573187937, 151.99383502536352, 152.13139478895403, 149.47269931369362, 147.850176832411, 152.32884707980688, 151.67020450168184, 150.7120329538981, 151.6620047675239, 152.15005527072483, 153.55204696655275, 153.23404337565108, 148.29267976548942, 148.7643309699165, 149.76615346272794, 144.7827586703831, 139.15384046766496, 140.6162178039551, 141.99986072116428, 149.1378227233887, 156.275033569336, 156.4280700683594, 158.49976984659835, 154.0653049045139, 149.762340037028, 145.47325320773658, 152.52205886840818, 154.55747341579868, 161.920386505127, 160.96731067233623, 160.26264970567496, 162.9124490525988, 161.13679614596902, 167.81906000773117, 163.0999684651693, 157.98575447930236, 165.1931272718642, 162.80291366577157, 169.49966617160376, 167.37606557210287, 165.78406762017147, 169.01916012234162, 164.84554417928064, 164.0660363939074, 170.4593553331164, 167.81286841498482, 168.60398941040043, 160.95615454779735, 167.74332139756947, 169.02640533447268, 167.51188532511398, 163.65742696126304, 163.63464372422956, 168.47757593790698, 172.14722463819717, 176.3661814371745, 176.99715491400832, 174.7651607937283, 174.8631006876628, 167.80165583292646, 169.20048472086592, 172.29769744873047, 174.19633661905934, 177.9079082065159, 177.81065928141274, 178.3056360032824, 181.73181516859265, 182.76334457397468, 188.0759388393827, 188.23925662570534, 183.74717458089196, 192.6685256958008, 185.25748257107216, 189.24934895833334, 177.68250978257933, 180.95694334242089, 173.555428229438, 181.40007587009015, 189.49199727376308, 180.83126864963114, 185.93378117879232, 181.86137322319885, 190.8328264024523, 200.339087677002, 192.27766401502825, 184.42553024291996, 188.00226287841804, 194.81798010932073, 196.00114423963757, 204.71596518622508, 200.45549121432836, 203.1932072109647, 198.10411699083122, 195.50047632853193, 201.56655578613288, 209.85114847819014, 212.6157980177138, 209.01655154758032, 203.42010515001093, 202.6763493008084, 204.52079213460297, 198.15429416232644, 200.94486736721464, 210.06288477579758, 214.21573799981016, 218.9225316365561, 220.29369803534613, 213.15377951727973, 221.43042026095932, 229.25233807033965, 225.3300942314996, 224.64758682250988, 223.24137157864052, 227.47073220147033, 228.31829706827807, 227.89861874050567, 222.35836308797207, 219.50153435601138, 230.24025726318368, 227.03600701226128, 219.34002075195312, 214.2050485399035, 217.53475333319776, 215.900232357449, 220.13978593614374, 222.14043498569072, 223.21093393961596, 224.95159174601244, 220.95528411865243, 228.9264065212674, 225.86368764241539, 225.18983230590823, 220.90680084228518, 227.8417185465496, 214.26983600192594, 216.63655683729385, 212.95197991265192, 208.38963038126636, 215.2302137586806, 218.53872706095385, 215.59676403469516, 219.00718773735903, 217.2045021057129, 213.95437384711377, 216.39195039537222, 215.3817666371664, 214.12950642903647, 207.3146447923449, 203.90383063422314, 215.5557485792372, 215.51592500474723, 217.66052517361118, 213.77268863254122, 212.66695675320102, 210.28116438123925, 205.2454661899143, 214.44289618598097, 211.93835661146377, 210.35256050957582, 213.26906441582582, 210.5047100490995, 208.5835564507379, 215.09270172119145, 218.0743084377714, 217.49506539238828, 211.85972434149843, 210.09302427503806, 212.94405407375757, 205.64551433987094, 208.8962844848634, 213.78420893351236, 216.35556937323682, 215.78466796875009, 212.61131642659507, 213.7506493462457, 220.53967124091264, 221.45803095499684, 217.03943913777672, 227.89761666191956, 224.87703815036357, 222.5955589294434, 220.41529973347988, 234.09999508327917, 233.98706809149857, 230.50685568915478, 229.1096639845107, 234.20933498806428, 236.74069798787434, 239.78357874552412, 253.54969618055566, 246.69418665568037, 245.15021574232318, 243.4802625020346, 251.54270104302313, 246.29614384969088, 239.35817743937176, 254.2534105936687]}