{"latitud": 6.7789, "longitud": -75.8668, "radiacion": [217.14350136650935, 219.439432779948, 221.3055103725857, 224.76823094685878, 220.98649181789824, 218.79430448744037, 218.1266251458062, 220.13894814385313, 220.93994055853952, 220.25970747205952, 225.98872934977214, 228.23163308037658, 224.18406626383467, 223.48092049492735, 222.97283782958993, 219.90744942559138, 221.68529696994358, 225.75494037204325, 224.59615698920368, 225.1365784539117, 229.13763851589633, 224.86466742621528, 223.28148888481988, 223.08411577012808, 223.37515716552738, 222.11255128648543, 226.11920784844298, 226.78073128594295, 233.068933359782, 237.36185777452263, 240.01905407375762, 240.02106051974832, 239.9386661953397, 243.25240105523008, 244.82493523491758, 245.14188308715825, 240.3837461683486, 239.5173361884224, 239.7418635898167, 241.26853383382172, 238.5295830620661, 231.53545286390522, 227.77814704047316, 230.90338177151156, 234.55992711385093, 232.70711237589526, 236.45265129937073, 233.59800092909072, 232.91394365098745, 235.13519982231992, 228.5488967895508, 225.53045196533208, 225.29648929172095, 231.84661746554914, 231.43255318535702, 228.01164906819665, 232.84224709404847, 229.78862152099623, 235.9846849229601, 237.30029084947378, 231.11714859008796, 230.4034990946452, 235.0738727993436, 240.2134672376845, 240.91982404920796, 241.12662150065114, 243.2175071716309, 243.2113433837891, 241.2403944227431, 238.6547266642253, 239.02872975667321, 241.99206873575852, 238.191148461236, 234.64145999484597, 229.13216985066734, 228.07084325154628, 229.23273247612852, 227.1577571445042, 224.2305395338271, 219.76580937703457, 224.51346545749243, 230.32813737657344, 226.6282015482585, 228.34401016235358, 229.19584740532767, 228.51818449232314, 226.12867643568256, 224.1525199042427, 227.7577273898655, 224.3504313998753, 226.88279834323464, 226.09979154798725, 225.69924316406255, 225.72686318291565, 226.79233983357753, 224.52180302937828, 226.8804068671333, 221.74199608696838, 219.8886538187663, 220.23612433539506, 217.13668891059032, 211.59172549777568, 206.63152232699926, 205.91610378689245, 204.70449133978954, 208.88230183919276, 211.70199610392254, 207.5460587395563, 203.67960077921558, 206.09821404351138, 208.79447504679362, 200.60512635972762, 204.53002726236983, 208.35455305311413, 207.03688820732967, 199.94266137017152, 202.28771981133355, 205.00074785020624, 203.94339048597556, 210.83556620279953, 208.95884340074335, 203.50711712307415, 205.5167945861817, 205.77147674560558, 206.1261010064019, 202.74215528700097, 203.92004131740995, 207.9047593010797, 208.25265697903112, 209.51925676133905, 202.40018285115568, 197.95498920016823, 201.15334320068368, 207.1080307854547, 199.93045781453452, 200.18498068915474, 208.19779188368065, 211.50525487264005, 210.20813725789392, 210.4697858174642, 212.7868576897515, 212.13409907023114, 209.00600975884342, 210.7926092359755, 205.9008959452312, 200.39975051879887, 202.79176983303492, 204.5992036607531, 202.03176506890202, 214.69860992431646, 211.9077226426867, 215.08172497219508, 213.77059258355038, 206.23255191379133, 214.84163479275173, 215.8942300584582, 216.74328486124674, 209.67823681301547, 212.69225201076938, 215.54096272786464, 216.32532026502827, 218.03351220024965, 218.03436686197924, 211.83993123372406, 214.50052447848861, 217.66294335259337, 219.58277850680892, 226.625764211019, 225.2009539286296, 220.38018536037876, 220.48161604139543, 222.7299486796061, 223.86757558186855, 220.4254683600532, 234.3828449673123, 235.90227669609922, 235.92466117011176, 236.0935304429797, 243.06167093912768, 243.1072360568577, 237.0922974480524, 240.1085138108996, 242.77509816487634, 245.43090938991978, 243.68998379177523, 240.78875910441096, 241.45601781209314, 237.27375615437836, 241.9462325202095, 241.1047448052301, 245.25959379408107, 247.01665717230904, 240.7319547017416, 236.08790707058384, 239.12680291069884, 237.9164695739746, 239.9107004801433, 237.17507324218755, 235.83374837239583, 241.0960010952421, 235.3446438259549, 239.65753173828125, 247.93313886854386, 243.09601465861007, 241.62611897786462, 237.57364688449442, 242.6564263237848, 245.03204057481562, 244.8869679768881, 247.31094470553936, 240.29807747734927, 244.01003239949554, 239.1531723870172, 242.39916271633584, 237.51323903401703, 235.7231580098471, 239.0412881639269, 237.8714019775392, 230.405988989936, 227.09904149373378, 226.8786650763618, 231.31345664130322, 236.36621475219727, 231.54606170654301, 232.65948062472876, 233.70008909437396, 224.78550186157233, 229.25590142144105, 225.12889743381086, 221.9434601677789, 226.36893183390308, 225.61438183254668, 220.11636420355907, 226.67827182345926, 224.38131968180346, 229.91218905978735, 231.39049267239045, 231.28552051120346, 227.6843249003093, 230.85112118191196, 225.01981760660814, 220.8734562344022, 225.1954532199436, 224.58300899929478, 223.0433285183377, 212.13257556491428, 208.70130259195966, 212.13815053304037, 213.35588726467563, 218.3829329596626, 219.8013395521376, 219.47675145467133, 222.73502019246425, 223.17723346286357, 223.50903176201726, 226.7470380147299, 217.74059032864042, 212.74395362006302, 206.12487174140085, 203.78908640543622, 206.6068824768067, 205.8885619269477, 205.14625566270624, 196.26539942423508, 199.60357199774853, 198.18647291395405, 205.0545360989041, 208.76716198391387, 203.61114374796557, 204.09542100694452, 190.8212905036079, 193.84284608629022, 190.35205879211426, 187.77804794311524, 186.1870421515571, 183.99226370917435, 186.45332556830513, 178.81021982828779, 185.90888281928176, 178.10557924906422, 175.23907318115235, 176.7165605333117, 177.6395669725206, 173.95883127848313, 172.83784633212625, 167.84638226826996, 161.68544633653434, 162.25513534545897, 164.49136657714848, 160.7836460537381, 160.885311126709, 162.91048575507276, 159.4925977918837, 159.93954908582904, 164.7399277581109, 158.38369017706987, 161.8266806708442, 159.06340611775718, 161.93378050062393, 159.41338534884986, 158.77897406684033, 156.07584215799974, 167.0019382900662, 159.9277771843804, 154.64149254692924, 157.68620783487953, 160.31472413804798, 159.73882276746966, 155.08899654812288, 154.66486282348635, 149.03607194688584, 156.07237269083666, 156.21194585164392, 161.1047395494249, 167.34423777262373, 160.06252924601242, 164.82443483140736, 165.09142591688374, 169.93891711764863, 175.0707705179851, 182.14013459947373, 180.38078804016118, 182.36301591661245, 171.01309297349715, 172.21509518093538, 174.4923461066352, 179.52373233371318, 177.54515948825414, 176.63469242519804, 176.7818181355794, 174.6882082621257, 175.16851620144317, 175.01278898451065, 173.4461060418023, 177.53134808010532, 174.0734380510119, 173.69659313625766, 170.30124003092453, 182.36534644232856, 187.10357013278542, 181.77493353949652, 186.4075211419, 189.025191836887, 192.26838404337573, 193.18804423014328, 188.9941171434191, 194.43054233127177, 196.28753602769643, 196.05957946777343, 200.28509123060442, 200.73980823092995, 202.43420876397033, 197.36593772040473, 200.86931838989267, 200.13788740370015, 205.91179300944012, 204.29272215101454, 206.86955532497836, 207.70358844333228, 210.05180850558816]}