{"latitud": 3.7836, "longitud": -70.2869, "radiacion": [248.99036543104384, 252.27501475016288, 253.71884646945546, 256.5314858330621, 255.81137652926978, 251.78579389784082, 256.92879570855035, 258.54900071885857, 258.57711842854826, 263.01792314317504, 261.6169014824762, 257.15810055202917, 256.83741912841805, 259.70383216010214, 261.0772554185656, 263.5939717610677, 265.1445215861003, 267.28904673258467, 267.23952857123487, 261.7097371419272, 263.7243114895291, 262.0675615098742, 263.1701770358616, 265.58121524386934, 262.8017820570205, 259.7372096591527, 263.2553329467774, 262.33332790798613, 261.33314378526484, 263.49891018337684, 271.1112631903756, 271.34901885986335, 275.0980312771267, 272.45986192491324, 271.85998111301006, 272.1574296739367, 269.6611029730903, 271.6971671210397, 269.5696195814346, 266.4727205064563, 267.9547717624241, 271.48729248046885, 273.08034447564023, 270.7727777269153, 270.2319388495552, 268.5035459730361, 272.10043402777785, 272.70468122694234, 270.6462866889106, 266.0710841708714, 267.83357035319017, 267.0093760172527, 263.26543901231554, 262.5059805976021, 257.33153500027134, 254.8436565823026, 255.10449218750009, 259.0975865681967, 263.5348353068035, 259.88132731119794, 258.56170349121106, 259.6989532470704, 256.108125474718, 259.4714913262262, 257.96976979573566, 262.2611173841689, 263.8775736490887, 262.4436918470595, 253.06820068359386, 245.9768841213651, 248.2252865261502, 247.97405632866761, 244.06253170437284, 246.8031356811524, 246.9591852823894, 247.17286995781797, 246.46404758029522, 245.1612481858996, 248.07775404188374, 238.66308203803172, 235.09244367811417, 238.0254846360949, 232.85106760660813, 234.7767432318794, 232.75109413994696, 222.51066123114694, 225.7844275580513, 225.53060794406477, 235.38523347642686, 231.93022443983304, 223.30514356825088, 222.28860321044928, 218.85972544352217, 217.99734073215072, 216.95744578043627, 218.16639107598203, 215.19796659681535, 208.7503048366971, 217.69371253119584, 214.92906723022466, 203.3476741366916, 206.17680740356448, 202.4742026435005, 215.40320756700305, 209.97204776340064, 202.8536696539985, 197.70623872545033, 196.13928307427307, 198.78942667643233, 194.09567955864807, 187.96321979098857, 186.97242524888793, 184.65718629625113, 192.66356141832148, 193.65361896091042, 184.08319926791725, 178.57961993747287, 180.19245673285596, 188.1851145426433, 186.946787431505, 184.25964516533747, 183.48588443332258, 177.08739022148993, 180.98291431003145, 175.0772515190973, 168.50845438639325, 172.88759392632383, 168.1059108310276, 175.33588587443035, 177.6429768880208, 169.66882960001644, 167.63134663899743, 164.5567240397135, 163.50208528306754, 170.89872572157128, 173.93484920925565, 173.01387557983404, 166.31367882622612, 174.60349926418735, 176.9883314344618, 161.84871512518995, 161.7927468193902, 160.99348305596249, 162.5655490027534, 158.87479527791345, 146.5931070963542, 149.05560141669386, 149.6691852145725, 151.13813595241962, 157.07331737942164, 157.14773771497946, 153.99114786783858, 151.90984081692162, 149.81988669501422, 154.0080637613933, 145.59425888061523, 145.87508273654518, 142.34986919826937, 147.03499772813586, 145.56462105645082, 140.77669372558591, 139.621681382921, 145.08448978000217, 142.81543180677627, 147.49200608995227, 142.8425063663059, 145.63091710408534, 142.1153879801432, 143.88794843885634, 142.96166576809355, 139.9374788072374, 141.40434137980148, 137.93680648803715, 140.95799925062389, 141.4762293497722, 146.31657248602974, 145.0728307088216, 141.81362974378803, 145.7483972337511, 143.46981099446612, 140.08527628580725, 139.54924765692826, 146.50246946546767, 149.29441210428877, 146.55998942057295, 146.58655505710178, 140.12508010864258, 144.60538626776804, 147.13552852206763, 144.84498481750492, 143.56520173814565, 150.11694242689347, 147.46058773464628, 147.00848965115017, 151.50008502536355, 149.5427489386665, 149.5520964728461, 148.89419801500117, 149.9117030673557, 148.8053229437934, 157.1779360453288, 155.52208387586813, 155.54008797539606, 159.07750566270624, 160.99962319268124, 158.5082860310873, 156.71001057094998, 157.70543577406147, 162.8384030659994, 165.4058473375109, 160.27588026258684, 164.2114882575141, 158.95512093438037, 168.45183580186634, 168.585073682997, 167.3989171346029, 166.98880538940432, 165.81044006347656, 166.08038626776803, 168.82898364596898, 167.56684265136718, 166.19806798299157, 169.6860203213162, 171.15620151095922, 177.41555201212574, 174.72046220567486, 175.82304094102642, 177.2700880262587, 178.5735688951281, 176.5475219726563, 180.61527871025933, 186.7305564032661, 176.1847579956055, 187.82795850965712, 188.54218843248157, 185.20412597656255, 188.094135453966, 194.15183597140845, 195.56334779527458, 195.52810711330844, 194.25364252726237, 197.67058987087674, 193.91738484700525, 193.5869694179959, 195.00255627102322, 200.68192469278975, 207.32736129760747, 202.25674819946292, 205.34874496459966, 207.55450990464962, 209.3062605116104, 212.47978922526053, 209.9414744059245, 217.91427764892583, 218.08712505764436, 216.99398795233841, 217.2293965657552, 218.181669108073, 218.3584207322863, 221.98502358330623, 220.77209209865995, 220.88360765245227, 219.02168078952377, 217.3731802198623, 225.6432359483507, 223.81643074883365, 223.327353752984, 229.6173734029135, 234.87914454142262, 240.8632923550077, 235.97597020467128, 235.42871398925777, 238.90232272677963, 237.03226708306215, 236.0523512098525, 237.8994049919977, 233.80770000881617, 226.24464331732864, 233.9813496907553, 233.45956590440542, 238.44857567681217, 238.60030415852873, 236.93850606282567, 237.02827792697494, 228.54595336914073, 232.9573244730632, 225.00384614732533, 216.25856687757712, 227.88872697618277, 222.93596360948354, 231.37385160658098, 225.58273544311524, 224.2623496161567, 219.76627095540368, 224.79717220730254, 222.47981516520187, 219.25665062798404, 214.9920175340441, 216.75421642727326, 222.0657727559408, 218.78934800889763, 220.40263417561854, 214.50551876491974, 214.65646065606018, 218.5310406155057, 218.6868565877279, 210.53566250271274, 212.13928960164392, 214.00092883639866, 207.4053330315484, 198.3701198154026, 208.09093390570754, 205.19647937350814, 211.80186123318148, 211.3799864027236, 205.3761023627388, 200.29211697048618, 202.2489300198026, 205.61348164876304, 209.72872746785484, 205.574910651313, 204.71044972737636, 205.53851793077263, 209.8410276624892, 209.99773839314784, 212.26147689819345, 208.01636615329326, 208.07515199449335, 209.03673553466797, 213.2348662482368, 209.6920815361871, 211.38260608249246, 213.85813624064136, 217.91646041870118, 218.770160844591, 217.74994498358842, 221.93028098212355, 218.4357861836752, 227.51502075195322, 223.21787838406036, 224.90989854600704, 227.8645508660211, 229.6559622870552, 235.32564561631955, 235.93578397962787, 231.59094238281259, 230.41080881754567, 226.91983557807077, 232.62390187581386, 237.2322600470649, 242.5704847547743, 244.95547485351565, 239.73468221028656, 245.04738125271282, 242.9927241007487, 241.38598980373808, 239.3871434529623, 239.04243943956166, 248.33835703531906, 250.91239573160817]}