{"latitud": 1.366, "longitud": -73.1902, "radiacion": [246.53850953843866, 247.43435134887702, 251.24836324056, 253.24142939249683, 255.7631849500868, 254.01433037651918, 256.2684288024903, 256.99206161499023, 258.08038058810763, 261.60923487345383, 263.5798594156901, 259.3123491075304, 257.3256906297472, 255.33407745361333, 259.76204325358077, 257.668815697564, 260.27377565171986, 263.8559256659615, 265.0308630201552, 259.90033942328574, 259.1043558756512, 259.14941067165813, 259.9939495510526, 264.3348958333334, 265.29213477240677, 262.2591161939833, 259.3726030985515, 260.5537996080188, 258.13591045803497, 258.0691679212783, 260.96038318210185, 265.3605841742622, 267.48313064575206, 268.42748964097774, 271.75351325141065, 267.08502112494585, 264.4277889675564, 261.110263909234, 265.3918053521051, 260.8666463216146, 260.2584103054471, 263.5280605740018, 268.9425482008194, 263.9932337443035, 261.71794357299814, 257.98102586534304, 263.223250495063, 263.2377054850261, 258.6455524868436, 256.64871707492404, 256.4952685038249, 253.41549046834317, 249.56813846164286, 244.8156763712565, 235.88619562784834, 229.6223691304525, 229.1318405999078, 236.6924435933431, 234.600922648112, 235.37120912339958, 237.58509555392803, 239.93559604220926, 236.88377405802416, 231.8220140245226, 237.54317830403647, 234.05414691501198, 237.3011525472006, 235.84174558851464, 227.13232371012373, 223.8182796054417, 218.14517042371972, 222.1447125752767, 218.37982287936742, 215.66571799384232, 219.31012886895084, 216.73348456488716, 210.89082734849725, 207.23560850355366, 214.63470264010968, 214.32123599582255, 205.42285673353413, 197.63617316352, 192.6849846733941, 200.9854125128853, 209.3819498697917, 197.8065010070802, 195.1848618401422, 198.50431518554691, 199.5778684828017, 203.71012980143232, 200.69408509996208, 192.77484893798837, 184.04065780639652, 187.85857382880317, 192.8688921610515, 188.6103385925294, 189.87766053941516, 182.9810316297743, 184.53103756374784, 184.33496458265526, 180.61900863647466, 181.24915110270186, 175.0372999403212, 177.4836405436198, 179.56420169406474, 171.4514270358616, 174.3057847764757, 165.82035352918845, 165.78614294264057, 166.54376313951278, 163.84673453436957, 161.42846501668296, 159.0800710466173, 159.9126203748916, 161.41058180067276, 155.11839807298455, 151.13934084574382, 150.38124118381077, 156.84453472561304, 154.0536392211914, 155.70105819702147, 152.93693542480472, 147.12137578328455, 153.306355158488, 150.17025299072267, 145.09903640747072, 142.41393305460613, 138.83844197591145, 144.9776432461209, 143.12299969991048, 146.5672114054362, 142.1877810584174, 137.333816825019, 139.1923881530762, 139.3938039991591, 141.30779050191248, 144.53857676188156, 138.40951495700418, 142.6860728793674, 141.13104943169495, 138.57394137912328, 133.2755796644423, 130.36067140367302, 137.54936913384336, 130.72779774136012, 125.24180530971951, 120.73478457132977, 129.5859193589952, 131.6349835713705, 133.72147810194232, 133.70503556993273, 133.3334125942654, 131.00660163031685, 129.6270781622992, 130.9849514007569, 123.71948933071563, 129.19840316772462, 124.90800984700525, 128.1915675693089, 126.97095218234598, 122.92667015923394, 119.4221072726779, 127.36890012953022, 126.70815366109214, 127.19871241251626, 132.78635830349396, 131.61288464864094, 134.95858323838982, 130.80229373508033, 132.23255789015033, 129.6438464270698, 125.68007397121862, 123.73503473069938, 130.61443472968213, 136.1409000396729, 133.2898415459527, 133.3383660210504, 132.28544794718425, 128.04979341295032, 129.55764376322426, 129.53412306043836, 131.84489106072317, 134.37112130059134, 141.341384379069, 140.25912933349613, 135.50904346042216, 136.53533749050567, 138.83045505947536, 142.60104929606123, 138.2963953653971, 141.9094778696696, 144.98389587402346, 139.98544489542647, 145.2093053181966, 143.9264211866591, 145.9068153381348, 144.79528291490348, 146.84361597696943, 145.24078462388783, 149.4171782599556, 150.91108220418297, 152.88120863172745, 149.8565677218968, 160.44078555636932, 158.32193001641176, 156.30588963826509, 152.24713372124563, 158.36789728800454, 157.9486503601075, 150.86159040662983, 153.67333382500541, 158.64724748399522, 154.4359836154514, 166.22470677693684, 158.6607971191406, 163.31385540432396, 160.62814865112307, 162.55948664347332, 167.63217434353297, 162.79082989162873, 165.52445458306207, 160.42258953518342, 162.75127385457355, 165.17446022033695, 170.2432522243924, 167.86752124362525, 165.99318211873384, 172.65023583306217, 171.85586666531037, 174.00790896945537, 173.10188123914932, 174.86046583387585, 179.052855512831, 185.51650924682622, 179.96841379801435, 175.45920749240454, 179.87024578518336, 181.08807568020293, 180.59301969740127, 179.16912434895835, 185.14728325737858, 185.45685662163632, 188.68792783949115, 185.55869759453674, 188.76723454793296, 191.5876647101509, 198.723024919298, 195.93181728786897, 190.67785525851784, 189.4953329298231, 190.7442927890354, 199.1852610270183, 198.50229687160913, 199.9245920817058, 199.25287416246206, 197.85070902506516, 193.0120818244087, 202.35844090779628, 205.7908649020725, 200.41787151760528, 199.7072325812446, 201.4250933329265, 197.3321311102974, 199.80794075859924, 198.00624673631464, 203.46556582980693, 204.48652394612634, 208.6109744177924, 211.27514487372505, 209.59642927381734, 206.8656762864855, 214.73598878648554, 213.30841606987852, 215.3322932773167, 212.59829796685116, 210.50241800944013, 212.77797910902237, 213.07135713365346, 218.50589319864915, 212.5492685106066, 215.6873102823894, 216.55670055813266, 216.37963562011717, 218.56694259643564, 218.33622012668195, 211.451608657837, 204.75571594238286, 198.94041892157665, 208.53745312160916, 208.0530954149035, 210.77878977457684, 211.54504665798618, 206.39621302286795, 212.43542005750874, 216.72021560668955, 204.71152784559465, 203.6617093404135, 201.62973768446182, 201.942714436849, 206.70353029039174, 201.1233504401314, 202.59189164903432, 201.63116777208123, 202.5770679050022, 205.27714487711583, 198.6014215257433, 200.6448446485732, 200.68311114841046, 198.03439636230473, 200.763420952691, 185.79734645419651, 195.07795961168082, 197.46536127726245, 201.0488386366102, 205.55527080959754, 195.72917904324004, 191.59758945041236, 192.92316741943364, 202.31315010918524, 204.31589881049266, 194.68108808729394, 189.87372360229497, 192.26284628974065, 197.74520738389757, 203.57849714491104, 197.49134258694133, 195.07849494086375, 192.2536530388727, 200.4374901665582, 197.6196326361763, 195.2015996297201, 198.126685333252, 201.16962678697382, 203.54779688517252, 210.8541594611274, 207.22201885647254, 209.6632637871637, 206.02289886474617, 211.09308285183383, 210.33746303982207, 210.7516120062935, 213.64452811347118, 217.5082372029623, 224.37481197781037, 223.0703236897787, 223.9743879530166, 223.60559582180463, 222.91710493299698, 222.41982498168946, 230.0219497680664, 230.6533818562826, 234.02441151936864, 224.68128331502285, 238.87658360799162, 237.72358542548292, 237.99369227091475, 239.10115610758467, 234.3075242784289, 239.46081661648222, 245.89413375854497]}