{"latitud": 2.0963, "longitud": -77.699, "radiacion": [235.944704522027, 238.02492845323354, 237.18705003526486, 240.83709428575307, 234.77421366373702, 238.36238776312942, 235.604131740994, 233.49127044677743, 244.16653035481772, 241.84135521782775, 245.19042850070537, 243.92403259277353, 243.66104388766823, 241.36090621948247, 237.36984100341803, 235.16447541978633, 242.2134085761177, 243.14382510715072, 245.79278021918412, 241.9047414143881, 241.2445002237956, 243.1188654581707, 238.98914438883472, 243.30676422119146, 238.86213531494147, 237.19442206488725, 239.4310340033638, 243.14425862630205, 248.2818774753148, 241.0618150499132, 241.34226752387167, 245.1041330973308, 249.27834642198357, 255.97563696967237, 248.92434607611767, 251.58431922064892, 248.1090890672473, 246.99166446261947, 253.56205986870668, 244.15974926418735, 241.89436891343868, 238.86913740370008, 240.34142150878915, 245.78848622639978, 243.7707000732422, 244.02847900390623, 249.64660441080733, 245.43364206949877, 244.32218560112855, 236.16064537896057, 238.93440144856785, 241.0887052747939, 235.7270359463163, 246.01367373996314, 242.1409837510851, 238.11021219889327, 235.66226230197495, 236.71286044650617, 236.61668395996102, 235.318721347385, 229.7216817220053, 237.5099909464518, 242.8054239908855, 239.64115142822268, 238.33369479709214, 244.26045430501313, 250.2861289130317, 246.786333041721, 243.0163442823622, 234.7539610968696, 230.10212224324547, 236.884250217014, 233.83013373480904, 231.23562350802953, 228.26522920396602, 230.752407667372, 226.93509462144644, 230.22492574056, 229.97345903184683, 227.6588212754992, 224.74116448296442, 219.13847842746313, 228.32433802286786, 223.5440374586318, 226.0203894721138, 226.84752663506404, 217.65541364881733, 223.17668134901263, 225.67991917928066, 230.08386018541128, 231.2433555603028, 223.31495530870234, 224.86355183919275, 219.3697548760309, 217.2052854749892, 217.7585054185656, 220.58629887898766, 218.12631293402774, 219.25072886149096, 220.58008380466038, 220.73236151801214, 219.76847457885754, 217.549099053277, 221.86819966634118, 219.70661782158754, 222.58922017415372, 222.13805253770622, 218.5481385972765, 219.0117265489367, 221.2592086791993, 222.14021453857424, 215.72354770236552, 220.03054572211383, 230.66814880371103, 230.29286244710295, 227.06968375311962, 229.74997957017686, 234.6154374864367, 230.3003946940105, 230.6792634752062, 234.67937147352436, 235.0264992607966, 239.3050164116754, 237.2407057020399, 238.79052539401596, 235.02608269585508, 234.28471493191196, 239.2530151367188, 238.2592646280926, 237.674811299642, 244.69041052924263, 244.41693081325954, 243.50572441948785, 240.49458652072485, 235.955487230089, 240.28583611382385, 235.07484452989368, 238.37325558132602, 241.14252149793845, 239.19408993191192, 234.90248345269106, 232.77834455702043, 234.37971954345713, 239.32291666666674, 235.51098251342782, 233.4167847527399, 239.65274827745228, 243.3042083740235, 235.90569051106777, 233.88132646348743, 233.29772796630868, 235.09822387695317, 233.31557328965937, 237.17776726616762, 236.76328718397363, 234.15959896511512, 233.45038621690546, 231.99974704318583, 232.63985332912867, 229.9939271714953, 232.88720126681866, 230.77943725585942, 233.1341739230686, 234.1060319688587, 232.96856333414723, 232.15290289984816, 230.93028606838655, 231.05582767062728, 228.7488459269206, 230.4532199435764, 229.4927708095975, 221.44457338121205, 228.25983717176655, 227.91224110921226, 234.42651045057517, 229.8563956366645, 228.13645731608077, 228.72881995307077, 228.88259251912436, 226.4253268771702, 231.29647488064234, 229.90313669840498, 234.1111148410374, 236.70560514662006, 235.30600348578568, 235.68772108289934, 234.4804840087891, 236.81279161241324, 237.9080998738607, 240.2409929063585, 241.27767367892807, 239.60671268039292, 239.1719913058811, 244.70693732367636, 242.45982428656689, 242.25124274359814, 245.84610578748922, 245.93989919026697, 249.00123867458782, 249.34582282172315, 246.49814385308164, 248.24522569444449, 249.64691433376743, 252.7980175442167, 250.40912679036467, 245.58256776597764, 246.26467810736767, 249.0126854790583, 256.28358205159515, 253.46413455539286, 249.22513292100703, 247.9170856051975, 245.77926161024314, 244.99116261800134, 243.10804104275186, 242.95120061238615, 247.6091829088, 247.05127309163416, 249.63667839898008, 249.24597507052957, 247.07252553304045, 239.71655604044602, 241.895120493571, 245.4952935112848, 243.73263753255216, 246.5096659342449, 245.7800960964627, 245.03926815456808, 245.925131225586, 244.97584550645627, 245.014865451389, 243.2982123480903, 243.50012139214414, 245.95136006673184, 239.7150856865777, 237.44256998697924, 236.96923590766065, 237.61439836290154, 238.82972276475707, 235.90147603352867, 240.0531044006348, 238.22149115668415, 237.85902184380436, 237.8567147148981, 238.52331932915595, 237.47261895073794, 235.8503831651477, 237.26641557481557, 234.77981550428606, 226.56768561469184, 229.0502895779081, 231.11058637830956, 230.05567881266282, 230.95923207600922, 226.18891330295142, 229.42685241699215, 226.30945315890847, 229.42686004638676, 230.84842902289503, 231.39075198703347, 226.15938949584964, 225.12946183946406, 228.09936336941198, 231.8020743476021, 222.14767506917326, 226.5116383870443, 227.53397216796884, 225.78429311116534, 229.45681830512152, 228.1674667358399, 218.0508726331923, 223.89171956380218, 221.16836954752614, 225.31292419433598, 226.5139968872071, 220.78356730143233, 217.3055230034723, 217.58810602823897, 221.29351594713003, 220.29260796440977, 218.9957341512045, 213.43198343912763, 217.23839526706274, 222.62954762776698, 220.07880927191846, 214.5851613362631, 209.85419659084744, 211.5378829108345, 215.5719991895888, 214.51658409966373, 210.74969448513457, 213.7834781222874, 213.23656107584642, 217.75957607693144, 212.45632570054798, 207.82181438869907, 208.6497071160211, 205.06812015109594, 207.33291965060766, 204.640762922499, 211.02422027587895, 209.63977932400175, 212.20061628553609, 206.46339603000214, 212.18945905897354, 211.58261583116328, 210.98053809271923, 209.38835728963218, 209.09855889214415, 202.91031256781693, 206.95347942776152, 203.93735571967235, 208.97917471991647, 211.73655064900723, 211.83395580715606, 209.16276448567714, 205.32382787068687, 209.87076034545905, 213.0036793178983, 211.88689956665044, 215.22190958658857, 208.76744452582474, 216.0381608751086, 215.8669588724772, 216.06948937310116, 217.069480726454, 214.39677785237635, 209.3411428663466, 212.99732818603516, 209.34238128662113, 213.72357771131735, 213.60660756429047, 213.976045566135, 216.95950164794922, 214.09036593967014, 215.7326995001899, 219.63960876464844, 216.44145329793295, 225.56831003824877, 221.02078213161894, 215.9514636569554, 215.75976850721574, 219.9462279425728, 223.76969604492191, 223.50512000189892, 225.51569196912985, 226.06053975423183, 220.97228732638894, 226.96231994628906, 225.88876393636073, 225.49648818969732, 230.43143683539498, 227.9005939059788, 227.03565343221035, 223.7472273084853, 229.36113874647359, 229.2461781819662, 230.203690592448, 228.26747555202914, 230.6327216254341]}