{"latitud": 2.2758, "longitud": -75.7991, "radiacion": [262.0667069329156, 264.3973153008356, 268.13443874782985, 262.3871145460341, 265.9405303955079, 264.3248764038087, 269.1268076578777, 272.5363511827257, 274.47183634440114, 276.97182278103304, 274.39779527452265, 271.8793501112197, 269.9839601304797, 268.75559014214423, 271.7470650566949, 272.64311133490673, 274.0287328084311, 275.7404719882542, 281.44303673638245, 279.5213929918078, 278.2956519232857, 275.41732126871756, 278.93428649902353, 279.75839657253704, 278.0171188354493, 273.4860668606229, 273.02346445719405, 274.218546210395, 270.5718521965876, 271.78481385972776, 274.59309692382817, 280.10001797146276, 281.39926130506734, 283.6872218661838, 284.55825008816197, 286.05265401204434, 281.27206030951606, 278.4433781941732, 281.00303717719197, 280.48660736083997, 278.91500447591164, 282.1223544650609, 287.62692396375877, 285.78618570963545, 280.0172234429254, 285.00594278971363, 286.67390102810333, 287.55850507948145, 284.1256595187717, 287.2090457492406, 284.4544248792861, 282.6646983676487, 284.94538692898226, 283.8937367757162, 275.4167238023546, 268.47284444173187, 266.5197386847603, 267.2106120639378, 271.0379386901856, 268.34699876573364, 272.01262495252826, 272.82935858832474, 272.95605256822387, 272.8892217848037, 275.62520056830516, 275.79806908501524, 278.339520263672, 277.8832605997722, 271.5555013868544, 266.94044409857855, 261.8070268419054, 264.54743516710073, 262.37992638481995, 258.5208240932889, 265.0446855333116, 264.14174635145406, 263.7726896497939, 261.8518355475532, 265.3040364583334, 262.55596872965504, 255.05587514241537, 251.02546666463218, 250.53035888671877, 245.37547658284515, 247.1466477288141, 245.01263487074115, 232.99639799329972, 233.42408930460616, 239.67978736029735, 246.95767881605366, 236.5590809292264, 230.74819217258036, 223.08169208102765, 221.20237791273334, 223.64510014851894, 217.38665262858078, 218.27411049736875, 216.49856202867304, 209.71519834730364, 211.21069725884334, 207.43910717434358, 207.38711590237094, 206.78515819973418, 203.0182373894586, 200.6576510959202, 202.4239985995823, 193.63930740356454, 188.04915195041235, 186.6587752448188, 184.65712203979493, 180.49704310099287, 186.51991560194233, 176.90338736640084, 177.57838016086166, 178.14427134195964, 176.01940053304043, 169.593350897895, 164.1507360670302, 167.62649434407555, 168.32531653510205, 163.97946667141386, 163.59446826510964, 163.61893692016602, 154.0007818857829, 151.53077045016823, 151.89692565070257, 152.75866283840605, 152.67888035244414, 151.51239657931865, 143.3896369086372, 142.84520051744252, 146.5150371975369, 154.67456258138026, 149.25663019816082, 143.61102718777127, 152.31259265475805, 152.60210164388025, 144.4399118211534, 147.79060859680172, 144.05568898518882, 133.03304646809895, 141.04356875949443, 137.6650498284234, 142.80603654649522, 138.80474781460236, 134.15196172926161, 130.460188208686, 136.95622596740728, 128.60431743197975, 135.0756058163113, 135.54274770948624, 136.69462229410814, 143.81822280883793, 134.82585953606505, 131.45963139004178, 122.79955579969618, 133.6519372304281, 126.79815945095491, 126.73472141689727, 128.1240381028917, 125.02252443101679, 122.58817333645295, 132.05156372918023, 126.98066054450142, 132.11449915568036, 131.81478267245825, 133.81368175082739, 135.01023860507544, 131.26301829020187, 130.95311376783587, 129.60265320671928, 128.34581413269044, 127.93109995524094, 130.2686332702637, 139.39988856845434, 133.5888597700331, 137.48906771341964, 133.19558885362417, 133.9779821183947, 129.953960969713, 127.36032002766922, 126.94460190667048, 135.67336616516113, 137.15021760728624, 137.67906413608128, 132.85548405117459, 132.92065671285, 133.71097556220164, 138.8328020731608, 131.2025882297093, 136.3287239074707, 139.7442329830594, 142.160268910726, 135.59370367262102, 137.88722614712185, 140.35943535698786, 136.2693692525228, 146.35011664496528, 138.03793186611608, 138.8195555792915, 142.47807960510258, 149.33367826673722, 141.82699466281466, 150.00393117268877, 145.4931987338596, 139.9921295166016, 139.55330844455298, 143.46752531263564, 144.48646418253577, 148.7629420810276, 139.63005421956385, 148.62173038058813, 139.7885429382325, 147.14778573777937, 147.58395334879557, 142.2779505411784, 143.4680444081624, 149.5582388559978, 147.74896435207793, 153.89460521274142, 148.56464941236706, 142.8965669420031, 148.50787667168512, 153.06109390258794, 153.9029658847385, 146.72025494045684, 147.46954354180232, 157.41593305799697, 154.73333079020182, 153.64579611884224, 153.02627237108027, 162.0960207621257, 167.06257765028218, 161.98387875027134, 165.73150660196947, 161.94386749267585, 166.43887829250764, 161.95717095269103, 164.63087836371528, 167.85377027723527, 166.95177608066138, 168.04254752265086, 169.70962227715393, 170.04854626125763, 168.0014902750651, 170.31915982564286, 179.31862021552197, 176.25998026529953, 176.734452395969, 174.9178141276042, 182.91596823798295, 185.7316975911459, 192.20836368136943, 191.06719690958656, 188.85549901326502, 183.16989067925348, 182.68582755194768, 191.25791464911572, 197.8292988247342, 201.89293941921665, 194.93951670328775, 190.335151163737, 190.9794864230686, 191.98902308146162, 188.8244904412163, 190.89106453789609, 195.5515495300293, 196.99611596001523, 199.41824086507162, 206.79827253553614, 205.49162114461262, 211.6747950236003, 216.9702379014757, 221.29845818413628, 216.2782153659398, 216.57548268636071, 219.33991292317708, 217.40063841078026, 216.7484682718913, 220.0697182549371, 223.85101004706493, 225.7656102498373, 234.65192828708234, 225.79054243299706, 223.56045532226562, 223.51670328776046, 218.9397939046224, 214.62924745347766, 222.32147428724497, 224.34891272650836, 226.2503246731229, 228.02302220662446, 236.65111965603305, 235.19354994032122, 233.52551227145736, 230.6519945780437, 231.49914076063365, 224.49758673773871, 224.23714743720166, 218.14878921508793, 223.96404181586374, 223.50616455078128, 225.13770480685773, 225.07479358249248, 227.71447821723095, 227.59711795383035, 230.17946836683487, 228.21519300672745, 224.62883851793083, 226.16921344333232, 223.57801640828453, 223.27489454481338, 226.35345696343325, 233.21819805569126, 233.90266740587026, 231.67094404432513, 227.56335847642688, 225.9582940843371, 227.3809026930068, 235.28643281724717, 229.44385053846577, 223.20792355007598, 227.69955622355144, 230.59178483751091, 231.76939434475375, 230.82513554890954, 232.09291034274636, 227.50546722412113, 233.74047410753042, 235.9937670389811, 236.6261603461372, 237.32439236111114, 237.05225541856555, 242.98405456542977, 245.2774924384224, 245.0255381266276, 239.02031928168404, 239.97723083496098, 240.47860480414502, 240.37529746161576, 242.4613677978517, 242.7075756496854, 243.42026146782777, 245.93775075276696, 245.07843738132064, 250.0264082166884, 251.4609873453777, 244.34962921142582, 245.17120632595493, 251.03422054714633, 253.33829260932077, 252.74723629421666, 256.8367787679037, 258.542564561632, 260.04749908447275, 254.17188873291025, 255.2515510559083, 255.82722235785596, 260.6249483744304, 266.4320700751411]}