{"latitud": 5.541, "longitud": -77.2443, "radiacion": [200.93415527343757, 197.60333209567602, 197.63759875827364, 200.5225300259061, 203.6178499857585, 202.06798044840502, 196.07117529975048, 197.51405381096743, 205.20157343546552, 208.40952597724072, 206.70746714274094, 207.39565251668296, 204.99095586140956, 201.49389385647245, 206.17157075670033, 206.5108250935873, 204.75622338189024, 205.92402801513674, 209.43541098700632, 211.6116516960993, 212.8496392991808, 220.3126214769152, 218.37361492580848, 214.76212802463115, 218.22251027425133, 211.9606280856663, 219.28467398749459, 217.82524511549218, 223.38892474704326, 222.2729231940377, 227.8130067613391, 231.38784417046455, 232.46089248657233, 233.00066858927417, 232.4019650777182, 241.65373204549158, 235.30713263617622, 233.58942142062725, 231.36829859415698, 237.60176425509994, 235.98564953274203, 227.6331184387208, 228.85922419230153, 227.19525099860303, 235.52606747945154, 236.7236930847168, 240.8075316535102, 237.78979144626203, 238.20184258355042, 240.40314805772576, 240.5698015001086, 239.44095950656478, 233.5586295233833, 237.69375635782885, 247.9198705037435, 242.18974295722123, 243.84601364135747, 236.2303549872505, 235.35006925794815, 241.66701015896265, 237.77224697536894, 236.7514819675023, 244.21957431369364, 244.7276312086318, 244.74612053765205, 246.99042341444238, 246.20642623901378, 242.9388664245606, 244.55686925252283, 248.06864912245013, 248.32676179673936, 243.15729361640084, 238.1639355977377, 238.2795677185059, 232.00543950398765, 229.8626340230306, 232.315909406874, 228.54115736219623, 226.35789481268998, 230.46368382771814, 234.36627578735352, 234.48854047987197, 233.40168067084429, 235.32383236355255, 227.24119610256628, 225.3720295376248, 222.5026748657227, 223.98725005255815, 223.90060162014433, 232.14741414388027, 228.55852127075204, 223.37903103298615, 226.28851114908858, 223.0483770582412, 222.12666354709208, 222.25859866672099, 220.5197419060602, 214.4730176289876, 212.13575210571295, 209.71972757975266, 212.0077619340685, 210.8972576565213, 207.4438965691461, 213.61426951090496, 208.74210340711807, 207.70259611341694, 211.83504172431103, 209.85517366197374, 208.11084459092888, 214.6564789242215, 209.6496858384874, 208.28482589721685, 215.02486190795904, 217.53423394097226, 217.85396898057732, 214.989230855306, 220.39890958997944, 212.8878529866537, 211.4424019707574, 220.9105261908638, 220.70055652194557, 221.64678505791562, 227.7487816704644, 222.0367575751412, 221.43537945217568, 222.7783983866374, 217.20732371012377, 223.187675052219, 224.45143983629023, 216.60569076538093, 230.43133511013457, 225.7737972683377, 228.4690038892959, 227.95520714653867, 218.9450373331706, 227.27030453152136, 225.96073506673187, 224.23037812974727, 223.27380951775444, 223.42498584323468, 225.89295942518456, 224.49823930528433, 220.10109024047856, 224.9949938456218, 220.16522776285817, 217.12483223809144, 221.900333234999, 220.0584548950196, 224.30479329427087, 227.26899804009335, 222.24102528889978, 220.74040378994414, 220.6043853759766, 222.12821816338442, 222.58520083957262, 224.71591033935553, 223.7658086564807, 213.21090435451939, 216.14441536797426, 217.4141487121582, 218.7147907680936, 221.49842580159506, 219.9735332912869, 217.18178295559358, 222.83543421427416, 224.73582000732426, 224.50883517795145, 223.85414403279626, 225.1147168477377, 225.43709606594518, 222.50738194783534, 216.64832814534506, 223.0570175170899, 221.37247195773662, 231.57704934014225, 227.75818990071616, 229.3732566833497, 225.6728854709202, 228.23918541802303, 230.40393388536248, 230.3586885240343, 229.82558475070536, 234.19559004041886, 235.5584476047092, 231.99602974785702, 233.9141884697809, 229.59486253526484, 231.77269973754892, 236.46746444702157, 239.53723890516497, 236.79917848375112, 236.75191201104067, 232.19094424777563, 232.44150195651596, 234.8416934543187, 236.15645972357865, 236.73714506361227, 233.29212824503585, 239.70774307250986, 238.71043870713984, 236.87367265489374, 235.04517398410374, 242.3385598076715, 238.6526359558106, 241.69066229926216, 238.01494064331055, 239.1018141852485, 237.94639333089208, 241.08727764553495, 245.05440249972875, 236.12901984320754, 228.9243991427952, 226.7331785413954, 227.95920312669554, 224.0121205647787, 223.39085778130433, 230.3502026875814, 223.9004714541965, 215.94471999274367, 218.01460003323027, 217.15875591701936, 222.32052883572047, 216.12967156304254, 217.3799841986763, 220.19629194471577, 225.1561483595107, 215.86481908162435, 219.99003838433165, 216.68554000854496, 213.54275326199004, 213.1995725843642, 208.90392998589417, 201.82740215725372, 207.4959484100342, 206.3627639770509, 207.77083528306753, 204.0135015699599, 206.86496374342184, 201.68217815823036, 207.06796027289502, 208.08043518066415, 200.98436830308705, 205.47097888522686, 208.14571033053934, 200.3262580871582, 193.37133085462793, 195.25653860304092, 193.38379669189453, 197.6670772552491, 191.962691031562, 193.56092308892153, 194.43241195678715, 193.56131778293187, 196.61862462361663, 194.6029661390517, 190.68255310058598, 186.25805024041074, 182.26665187411842, 184.32074033949107, 187.05158420138898, 181.44194819132494, 185.5070818583171, 182.28795513576938, 184.93921402825254, 180.8887190924751, 188.3810069190132, 185.36540785895457, 176.24765900505918, 172.71385218302407, 183.0211020999486, 168.06329519483785, 171.73949415418838, 165.47469685872395, 168.4620839012994, 170.89470431009934, 167.96982472737633, 156.59487584431972, 158.94711752997503, 162.58987231784405, 159.41008427937828, 164.27545352511936, 154.4877780490452, 152.45286882188583, 157.61023271348736, 162.61766048007544, 158.18240068223747, 150.66975241767034, 151.60725996229382, 157.38371505737302, 156.39810837639706, 155.4428359561497, 151.33465453253856, 150.314567565918, 158.51379053327776, 163.03820711771644, 152.5204106224908, 153.03000623914934, 154.49908854166674, 153.4084800296359, 152.97556228637697, 153.3981213039822, 155.99609756469718, 151.82371487087673, 150.78945443895134, 156.02930365668405, 152.9789279513889, 152.39055252075198, 148.34784452650285, 149.59515287611225, 151.63118099636503, 152.32495201958554, 154.14930055406361, 150.3994001176622, 159.65137490166563, 166.78856561448842, 161.74923858642578, 162.1300953335233, 164.1188155704075, 163.17380998399526, 172.36532639397515, 176.1748466491699, 169.67701208326557, 167.7292216406929, 167.20218726264113, 167.9851303100586, 166.4349912855361, 166.32319666544598, 164.64349784851078, 166.34441201951773, 166.12415932549376, 169.9984789530437, 168.8721227857802, 164.32938215467667, 170.06059663560657, 168.50365079243988, 168.39858754475912, 165.97510125901965, 161.71228811475976, 172.4549764845107, 173.233592859904, 173.07196248372404, 172.34533475240076, 176.2490311728584, 182.8887957255046, 183.06110042995883, 177.4236536661784, 179.58141064114048, 170.6194804721409, 172.00053990681968, 186.3741604275174, 178.9341054280599, 183.41100277370887, 174.3931966993545, 177.83288057115342, 183.26879865858282, 185.49583905537926, 179.39719628228087, 180.30270563761403, 182.3389485677084, 184.23995785183374]}