{"latitud": 3.8352, "longitud": -74.9962, "radiacion": [261.3515553792319, 259.8425699869793, 259.605771721734, 260.1660286797418, 260.9697367350261, 258.5589923434788, 262.43749932183164, 265.14000752766924, 267.4888175116646, 266.9871726142036, 266.099356587728, 266.0293702867296, 265.42108900282125, 261.57459852430566, 266.63459286159946, 267.05049150254996, 267.11120079888246, 269.97672017415374, 275.93300001356346, 274.8904544406468, 274.7918468899197, 273.0234320746529, 271.8901592678494, 274.36569146050357, 273.7928848266602, 269.2559599134657, 271.4841696845162, 271.6278072781033, 270.75249718560116, 272.39594014485687, 277.273863389757, 282.7592922634549, 279.65655195448136, 283.0616302490235, 280.45956743028444, 283.1043716430664, 280.4693662855362, 276.364133199056, 281.2041649712458, 281.0608817206489, 283.60242987738724, 278.8640706380209, 285.4771735297311, 285.37558831108953, 279.99315745035807, 281.83382127549913, 284.60995788574223, 283.8413486056858, 287.0356689453127, 284.14786359998925, 280.58694542778863, 281.7805226643881, 285.02259131537556, 282.34154374864374, 280.41176011827264, 277.19962683783643, 274.3563018798829, 274.47438439263243, 276.354683939616, 279.798858303494, 276.1902501424154, 275.2501298692492, 276.30318637424057, 277.1413255479601, 280.3062223646377, 284.06506178114154, 285.8937545776368, 285.7046364678278, 280.23713175455737, 278.2767751057943, 273.4176035563152, 274.5429078843859, 268.78569047715933, 268.8625130547418, 273.72180531819663, 271.32240515814897, 265.3791241115994, 267.085445827908, 266.54812249077696, 270.83879275851785, 262.4180326673721, 267.97703840467676, 262.5560155232748, 267.6158396402996, 257.00561167399104, 260.0788296169706, 254.62585500081389, 254.0156967163086, 260.0110651652019, 260.85294477674694, 257.6091171264649, 254.50407604641384, 250.35767398410383, 249.06982862684458, 248.54549475775832, 246.85603569878472, 248.66399197048614, 246.4450003729927, 243.01219414605043, 249.4440877278646, 239.73836924235025, 241.4594650268556, 241.19408916897248, 240.33123448689784, 238.20221710205087, 238.4316050211589, 239.06388770209423, 234.32204767862967, 234.79764344957152, 235.48269093831388, 234.78780788845492, 230.4942055596246, 227.7386871337891, 225.24640596177844, 229.52001597086596, 221.7455699496799, 220.86879687839087, 209.52522447374133, 216.87014677259654, 223.46668023003474, 216.54159172905824, 215.87547988891598, 215.16127285427524, 209.95197982788082, 207.2934089660645, 207.8758012559679, 208.29011357625325, 204.12364781697593, 201.09433271620014, 194.87091556125222, 196.0293496873644, 194.52216008504232, 197.13393639458556, 193.66727235582138, 193.07104297214087, 198.87095379299592, 206.44195522732215, 203.34910981920038, 195.01713095770947, 195.13223732842346, 190.25104336208776, 186.7472819010417, 187.56146096123598, 192.64432983398441, 190.2755243089465, 179.70893809000663, 180.50403043958877, 181.47351328531906, 181.35801433987095, 186.74219801161027, 187.84761598375107, 184.27427173190654, 180.73158721923832, 179.98015636867953, 178.7836288452149, 177.80147569444443, 176.25770865546338, 171.35693147447375, 165.84423667060005, 171.33783408270946, 171.43379491170253, 176.622223409017, 178.22680697970918, 174.94817284478086, 178.91962085300028, 180.8318504333496, 179.06599163479282, 186.43147845798072, 184.38523118760858, 175.47783109876846, 175.3309508429634, 182.25709779527452, 175.96859766642262, 170.2021409776476, 180.35973841349286, 182.96117443508578, 187.37697703043622, 183.6596324496799, 186.67984381781682, 183.45062476264107, 182.3052552964953, 180.78127627902572, 179.48487921820754, 182.51655841403542, 186.27029147677953, 187.64853066338438, 180.12436430189345, 187.2947942097982, 185.48744201660165, 184.52007013956708, 182.61041013929585, 184.0283843994141, 183.350124613444, 183.3438479105632, 190.5400033738878, 190.46419008043085, 184.88070797390412, 183.52157321506084, 180.38154424031578, 185.07972861395945, 185.30145450168197, 191.14020606146917, 192.8104199727377, 195.3180143568251, 196.5826903449165, 197.10635604858408, 195.92812940809463, 188.73268517388246, 198.33504146999783, 189.05938313802085, 189.08924314710836, 198.92068803575307, 199.8329880608453, 205.72963909573033, 202.60491824679912, 201.7472738477919, 203.32355363633906, 205.19689746432837, 201.64750162760416, 200.19777620103628, 203.35184597439238, 198.91932618882925, 199.47485817803283, 203.93306537204322, 203.62924033270943, 207.8381136576335, 206.11967705620668, 208.89801347520623, 210.3351193745931, 205.41287587483723, 209.7688503689236, 209.53010389539932, 212.6865809122722, 217.54849412706167, 214.31230909559466, 213.61041514078784, 215.4903143141005, 223.06415328979497, 223.40071241590718, 222.85740593804266, 224.18481046888564, 226.05087144639765, 222.14099316067168, 218.01750946044922, 218.2235131157769, 216.5920808580187, 226.2719848632813, 228.8127024332683, 222.9001590304905, 224.0898637559679, 227.36939612494575, 224.33263905843094, 229.88837314181865, 228.64888932969836, 227.38225190904404, 223.0532355414497, 225.74916297064888, 226.4775472005209, 231.13779771592883, 230.17036268446182, 230.07108323838975, 230.89901224772143, 225.25758650037983, 230.03912913004567, 223.4738957722982, 223.36992814805777, 224.7485861036513, 228.12650417751743, 232.2895216200087, 232.43191019694018, 229.65513983832474, 229.17831692165802, 237.1214518229168, 238.53696238199873, 236.3775037977431, 234.77744564480255, 229.64856787787548, 232.86776021321614, 232.89036305745446, 229.9522479587132, 235.3380788167318, 235.89696282280818, 237.95030865139438, 236.71097954644105, 235.8685006035699, 233.01070760091156, 231.78230641682953, 231.21207411024307, 228.46905246310772, 232.81092936197925, 231.509937201606, 240.24055531819658, 238.1622665405275, 237.5056316799588, 235.01229841444228, 231.24366658528652, 232.16167178683816, 230.30789947509766, 231.46551242404516, 231.24742719862195, 229.53019900851788, 233.72702857123485, 235.16853264702698, 231.78337164984816, 236.04700724283853, 238.14122127956816, 237.57654503716367, 238.53180558946403, 234.1079676310222, 234.19245147705078, 231.89434288872613, 231.26134694417328, 230.33419850667337, 239.70891401502828, 238.8274275037978, 233.11998002794056, 235.52747344970712, 229.94488093058274, 237.586686706543, 238.35341322157123, 236.56586083306215, 233.99670088026264, 234.1493277655708, 237.98266330295147, 233.2807249281142, 235.30546976725267, 233.30587582058385, 233.4369289822049, 233.75786437988288, 234.78891686333554, 232.75276099310986, 238.67109781901055, 240.17674628363724, 240.21664106580945, 242.67241634792757, 244.01259341769756, 246.25037841796885, 241.1618372599285, 238.30253685845275, 244.3849171956381, 244.82025146484378, 243.6263400607639, 243.78312445746533, 248.4911512586806, 244.2180979410808, 243.74080742730044, 243.7357391357422, 243.48706071641712, 241.94958953857426, 246.6179509480795, 244.09875217013905, 251.03567437065985, 249.7212685479059, 249.68446892632383, 250.5976384480795, 246.7269729614258, 251.12981635199654, 250.56450890435121, 253.1875603569879, 257.94390936957467]}