{"latitud": 4.5605, "longitud": -75.937, "radiacion": [260.84980146620023, 261.2602138943143, 258.060615793864, 259.810078599718, 257.3964665730795, 257.20993211534295, 252.8133528391521, 256.3024471706815, 256.6308118184409, 261.3972098456489, 265.13735953436975, 265.1243706597223, 261.7792074415419, 262.23999981350374, 264.2204828898112, 257.7094033135309, 259.7723019917807, 262.1737986246746, 265.68156339857325, 259.6054293314616, 260.8974407619901, 261.62332831488726, 259.02784288194454, 260.7670023600261, 258.7242107815213, 256.5032796223959, 259.1893669976129, 267.7744377983942, 269.5865005493165, 267.25831502278646, 273.00516035291895, 272.9747868855795, 273.895913441976, 278.4193956163196, 278.3067430284289, 281.1730407714845, 276.34283481174054, 277.8800008985732, 274.4273427327475, 274.05765296088333, 272.7028744167753, 267.8806026882596, 263.05727089775945, 270.20967686971034, 270.30198449028876, 273.61950895521386, 274.4606962415908, 276.1512585110135, 273.24819759792763, 267.40723419189453, 265.5663821750218, 261.4652085198297, 268.0862215677898, 275.07267235649965, 279.34219521416566, 273.07784762912337, 271.18319574991875, 266.2797724405926, 269.7357536315919, 272.1534112718371, 263.6701861911351, 267.4053890652127, 277.3116985744901, 277.29859814114053, 275.03475706312406, 277.0851569281685, 281.1227211846245, 280.5876547919379, 275.4410344441732, 273.9500022040473, 274.7130901760526, 275.1271697998048, 268.41894361707904, 263.9201137966581, 268.2998182508682, 263.1594446818035, 261.0166498819988, 265.4798138088651, 262.9379894680448, 261.735388522678, 263.2847154405383, 262.0808854844836, 262.3246722751195, 264.33502883911143, 261.35455254448794, 256.54207000732436, 253.15132810804585, 254.29778238932303, 254.09560309516073, 257.8105406867134, 255.31289240519217, 251.1864234924317, 254.74564183553068, 254.16673431396498, 247.89650446573896, 250.19453226725264, 256.08916507297096, 251.08038499620235, 243.98615815904418, 245.78647588094077, 240.86370315551758, 241.05634697808168, 236.98659744262702, 242.00978105333124, 237.80381885104717, 242.21723658243823, 232.0821304321289, 232.84820760091148, 235.80848609076614, 237.7908526102702, 236.77433013916018, 231.84256727430565, 237.60204857720268, 237.91534305148662, 240.58427429199227, 236.10907084147144, 240.1414321899414, 239.97887929280606, 234.92632598876958, 240.7387090047201, 239.70306981404633, 238.5242836846246, 240.63961690266936, 238.90054465399854, 236.4352630615235, 239.09898715549056, 236.95002102322053, 237.5750544230144, 236.5984378390843, 232.03795437282986, 234.1923373752171, 234.81551267835837, 233.89188554551868, 230.20049836900503, 226.37662709554044, 230.1029340955947, 236.9726634555394, 234.19076588948576, 236.59019673665367, 238.39318288167325, 232.8026727464464, 231.77267396714956, 230.2405410766602, 234.1399871826172, 233.97640974256737, 224.7792127821181, 221.2504982842339, 225.60736863878046, 221.97248391045468, 232.05367058648008, 238.02448018391934, 234.20716908772786, 228.64869088066953, 228.02488386366107, 226.93925933837897, 230.55096028645838, 230.50988430447055, 222.50895928276907, 218.62957780626095, 225.25012902153875, 220.5131693522136, 224.06785905626097, 224.55128970676006, 222.76958397759336, 227.96307203504784, 230.52600402832036, 229.28724907769103, 229.17181091308598, 227.8551983303494, 226.98956943088115, 225.16233605278865, 220.947484503852, 223.9832292344836, 223.49611460367842, 230.82946912977437, 233.31508110894103, 231.34918009440108, 230.14342617458772, 237.51939171685115, 233.90781741672097, 233.63844587537983, 235.56868353949656, 238.03244137234165, 239.42240990532773, 241.74809638129344, 239.78821377224403, 236.20850745307087, 239.58343471950957, 240.64957054985902, 242.6883127848308, 246.5334406534831, 241.65107031928176, 239.05428568522134, 236.40611317952474, 238.03720821804475, 241.9647148980035, 241.07094692654087, 235.66786024305557, 237.89428829616978, 238.1414321899415, 240.11156480577264, 245.07116495768238, 245.37411261664502, 242.05016920301657, 246.09826219346795, 247.20674235026047, 246.20993194580083, 243.09986775716152, 249.16910824245883, 247.0034054226346, 243.89360487196188, 244.35630154079874, 247.28713904486767, 246.201648288303, 243.8293431599936, 244.1969187418621, 246.1050694783529, 242.67127431233726, 243.60320468478736, 244.43498077392584, 242.54895629882824, 240.4538241916233, 240.15418294270833, 242.55601264105908, 243.7997848510743, 244.10701853434253, 242.47758789062505, 244.2109454684788, 238.21120995415586, 239.26022355821408, 239.74735972086594, 241.16716901991109, 240.43377092149527, 245.7801347520617, 245.26301439073362, 243.1031680636937, 242.84357096354168, 247.9867811414931, 245.4546495225695, 245.4279508802626, 245.59112582736557, 243.96294165717234, 243.2751859876845, 246.60635969373925, 245.29198557535813, 238.3329247368707, 242.03816714816628, 241.86827935112856, 243.08858727349184, 238.79979994032126, 239.67601301405162, 240.26001332600922, 243.76561559041343, 244.19855160183383, 243.71190558539502, 245.89247165256086, 239.81129031711166, 234.2663530985515, 237.65988599989154, 237.4306866115994, 236.30566999647354, 242.14705437554258, 235.67511427137595, 235.16525912814674, 232.21666124131943, 235.02333916558163, 235.44818581475158, 237.4589884440105, 234.85407274034299, 233.5894363403321, 227.45346128675678, 228.84895943535705, 228.13488184611012, 229.63972201877175, 229.35686526828349, 231.2670121086969, 225.4666752285428, 219.1904752943251, 219.27816026475702, 217.50683127509225, 220.77321099175356, 220.10588268703887, 220.3992232428657, 221.5264381408692, 218.74472342597116, 217.46819195217554, 211.51265538533536, 216.70076082017692, 212.16542655097115, 215.27287063598632, 212.80895055135102, 211.90871836344402, 210.81407114664714, 214.5894842359755, 216.120233323839, 212.5161477830675, 214.98730629814995, 211.1236712985569, 210.59998914930557, 211.7496615939671, 208.8139144897461, 212.57221662733295, 214.36129675971142, 204.028769768609, 212.72371105617947, 212.3575433519152, 209.83285759819876, 208.93661812676328, 207.90190768771708, 201.6598184373644, 203.40685195922853, 199.47994825575094, 201.41888097127276, 203.40839148627387, 216.32199240790476, 215.01737340291348, 209.32276738484708, 212.49768791198744, 219.81074218750004, 226.9060103522407, 229.93552847968206, 227.65652618408205, 223.15262027316635, 220.5869249979656, 226.35993160671663, 219.59243782891176, 217.78869408501524, 217.42210701836484, 219.9927585177952, 218.89287770589203, 223.27497346666132, 224.35677668253592, 222.3068405999078, 222.7467553032769, 228.02344394259987, 226.02001139322928, 223.34684354994036, 219.59370549519858, 230.17398969862202, 231.8549894544814, 233.50956090291348, 229.89924901326503, 230.48430404663088, 233.4384649488662, 236.31547868516725, 236.2620091756186, 237.05734303792323, 234.02577514648442, 238.38237491183816, 244.883625623915, 242.652510325114, 246.77633514404297, 245.69081471761078, 236.1959545559354, 242.99046868218326, 245.36813998752177, 247.5883216857911, 252.34299180772572, 250.07111121283643, 251.27837710910376]}