{"latitud": 7.7813, "longitud": -72.3447, "radiacion": [278.30505845811643, 279.6589501274957, 280.0552575005425, 281.0383785671659, 279.1697984483508, 278.27270991007487, 279.35782487657343, 280.5432707044813, 278.8935914781359, 281.11398044162337, 281.51184607611776, 285.3984464857314, 284.83524771796334, 282.6880771213108, 285.6796752929688, 283.79676225450316, 286.314429558648, 286.88337775336385, 287.0816431681316, 286.0448196411133, 285.3524739583334, 288.44749993218323, 285.75284372965507, 285.80103251139326, 287.0179373847115, 287.90340016682944, 289.37543334960947, 291.20364871554915, 292.61096123589414, 294.54926876491976, 296.1549565633139, 299.2641589694554, 297.0544635348851, 295.3184185451932, 298.32366383870453, 300.8996675279406, 301.88466644287115, 299.0917677137588, 297.8734700520834, 298.13570539686424, 299.580670844184, 298.77000071207686, 296.99240264892586, 299.82823316786033, 301.549171447754, 300.92461107042107, 300.0634446885852, 302.03711327446837, 303.9564641316733, 303.5712187025283, 301.87313317192934, 303.0971837361655, 305.77635616726354, 305.8909367879232, 307.4350350273982, 305.14925164116767, 310.01291080051004, 308.2962595621745, 310.51432291666674, 312.9784186469185, 314.87873331705737, 312.15184953477655, 317.54074249267586, 315.04551984998926, 315.32295566134997, 320.2209048800999, 321.6989152696398, 319.3956509060331, 321.44247165256087, 319.6013320922853, 315.31269327799487, 316.06444515652134, 316.83898349338114, 317.0138504028321, 316.3498338487413, 311.6604219224718, 312.2446638319228, 313.33847062852647, 315.03190036349844, 314.2816206190322, 313.20265146891285, 316.43288285997187, 320.5016606648764, 319.95548282199445, 316.6284713745117, 318.8640140109592, 314.17399393717454, 314.52390136718753, 317.38227488199885, 313.24388461642815, 315.4706237792969, 317.4860917833118, 316.83004319932735, 316.10054456922745, 316.80154910617415, 319.45554962158207, 324.0902954101563, 323.8915313720704, 320.42552575005436, 314.2256391737197, 311.60750172932944, 309.6417112562392, 307.73754272460945, 309.8246229383681, 309.40820295545797, 314.1554562038846, 306.16178927951404, 310.24856923421225, 305.9503773159452, 303.5841859605578, 301.9304811265734, 300.53989944458016, 304.0787165323895, 301.5915890163846, 307.5287996927898, 303.4738781399197, 305.1123423258464, 305.2480721367731, 302.1400597466363, 305.54254497951933, 306.82075263129343, 305.2854778713651, 305.42270117865684, 307.5715404934354, 304.81682739257826, 302.7633780585397, 306.19163140190983, 309.54810807969847, 308.7535157945422, 310.12035064697267, 308.1678751627605, 308.37662014431436, 305.9968226114909, 301.20936703152137, 302.70856967502186, 301.17061089409736, 304.36026992797866, 306.89800720214856, 307.1453036838108, 309.64307725694454, 308.40508592393667, 306.1747414482965, 306.8143761528864, 308.04229261610254, 302.92777981228306, 297.8964350382488, 296.4836619059246, 295.99165369669595, 296.64815843370235, 304.937477789985, 304.3217161390517, 301.00824076334646, 298.3943698459202, 298.78023173014327, 302.4633972167969, 302.3900595770943, 300.8641832139758, 302.40864630805123, 301.4137427435981, 301.0954160902235, 297.604567633735, 295.9448254055448, 289.0825102064345, 289.00766957600916, 292.3860938178169, 291.80227067735467, 294.59363640679265, 294.0227866278756, 291.3537211100261, 287.02073364257825, 287.9066275702583, 291.4004030015734, 294.9517671373156, 293.05013563368067, 293.49950595431864, 291.23216078016503, 293.4823440551759, 293.0437661064996, 294.3994937472874, 292.0518724229602, 292.9158143785266, 289.3296142578125, 292.69693840874567, 292.68232421875007, 293.2736833360461, 295.80559048122836, 295.5447781032987, 296.09960140652134, 294.9800270928277, 296.6881596883139, 294.2637673272027, 296.5132451375327, 299.89812689887157, 295.31615024142803, 293.75425906711166, 299.74184366861977, 299.2008605957032, 301.0703089396159, 299.79329003228094, 295.3966539171009, 300.8905081854927, 308.27684953477643, 302.68043891059034, 303.8230729844836, 302.88584187825523, 305.4392647637262, 301.02807244194895, 303.2835393269857, 307.11312018500445, 305.3516632080078, 305.35886874728743, 310.5634963989258, 310.91716952853744, 306.8081410725913, 305.66419304741754, 305.1436413235135, 306.8739193386503, 307.46744232177747, 307.39471249050575, 305.7947243584527, 301.6768305460612, 302.307995944553, 302.83099992540156, 304.92023027208126, 302.8162867228191, 304.6632944742839, 307.32833201090494, 307.16525675455745, 303.65042995876746, 301.1633341471356, 303.06989864773226, 305.8078265719945, 306.1080049302844, 306.19349806043846, 308.0818288167319, 306.572979397244, 308.11418423122836, 314.5780025906034, 312.5859498765734, 308.2192710028755, 308.4379011366104, 309.2373065524632, 308.91554124620234, 308.795918443468, 307.2955371432835, 308.62694939507384, 307.61543596055776, 309.4287290785048, 305.03059319390195, 304.4771511501737, 305.02185058593756, 304.66095208062075, 300.32234751383476, 306.1834165785048, 302.40560353597016, 302.3102718777127, 300.73029123942064, 297.80870886908644, 297.73823310004354, 299.99524095323363, 301.5519356621637, 300.18611280653215, 299.38149329291457, 301.3242470635309, 299.3449457804363, 297.10660112169063, 301.27049950493716, 301.7747311062283, 300.5195468478733, 298.9347057766385, 293.9348561604818, 292.14844411214204, 295.50791761610253, 294.3297819349501, 292.12124260796446, 293.94361216227225, 290.12509816487636, 288.89775271945535, 286.6369286431207, 278.17321353488506, 288.35363243950746, 285.92096472846146, 289.26958974202483, 285.63940056694884, 283.1846949259441, 278.88230082194013, 278.25100758870445, 277.0664132012262, 276.13130493164067, 276.9348653157552, 278.34372355143233, 278.7778606838651, 280.2997550116645, 274.9949259440106, 274.8571628146702, 273.4506076388889, 274.8817672729493, 275.73089548746754, 275.41976233588326, 271.26390050252286, 273.6014719645183, 272.5910890367297, 273.7498962402345, 268.32577904595274, 269.68889346652577, 269.71604673597557, 267.3808366563585, 269.78584289550787, 267.13975185818146, 259.4906318664552, 252.6225301106771, 253.28847791883686, 254.10013987223314, 257.2524711608887, 258.0861117892796, 258.54227549235037, 260.6497933281793, 260.81954498291026, 266.26443125406905, 266.4569759792752, 264.15137320624467, 269.65946426391605, 269.62068498399526, 268.6437218560113, 268.9935134887696, 268.48726840549057, 262.2743678622776, 261.58211042616114, 263.8108188205296, 265.69914211697056, 266.2117280748156, 269.63508334689675, 267.5266813490127, 267.98774973551446, 268.003394232856, 266.61251678466806, 268.13405863444024, 265.7402638753256, 266.48212398952916, 268.74830059475374, 271.13256479899104, 272.48268398708774, 270.9341310289172, 268.6444512261285, 266.65184750027134, 269.6184497409397, 267.6950466579862, 268.1759148491754, 271.3488908555774, 274.18046993679485, 271.63170115152997, 269.56080262925894, 270.72616034613725, 268.27403750949435, 269.8830583360461, 271.3674116346572, 271.84408704969627, 270.993670739068, 271.48666788736983, 271.02727271185984]}