{"latitud": 4.2539, "longitud": -68.4177, "radiacion": [248.8171573215062, 252.861120944553, 252.84348636203353, 253.2760862562392, 252.13255954318583, 250.6437260097928, 254.6050657484267, 257.28389689127624, 257.69817810058595, 257.32317742241764, 259.39419216579864, 256.43973100450313, 256.869877963596, 260.88355017768015, 259.7805152045357, 260.76214057074657, 262.91172671847875, 262.2659567938911, 260.7408660888673, 260.04275156656905, 260.13703816731777, 258.74524536132816, 263.79106818305127, 263.35624355740015, 258.8938842773439, 256.1058224148221, 260.73643171522366, 259.70262790256083, 258.1902297973634, 260.432239956326, 268.37487386067727, 266.30751902262375, 268.6668301052518, 270.61284688313805, 271.2535288492839, 271.7164503309462, 269.90286458333344, 271.6433366563586, 270.9853586832683, 268.5695100572375, 266.3957516140408, 271.49117584228526, 273.6813062879776, 270.89013180202915, 267.9692910088434, 267.9120351155599, 268.80908626980255, 274.44014994303393, 271.680049302843, 270.9256644354927, 269.0892667982314, 269.2221371120877, 266.2358574761285, 266.94940405951616, 263.28472671508797, 260.74742533365895, 261.99664552476685, 262.6365657382542, 270.18909979926224, 264.8905712551541, 267.15499666002074, 267.56156819661464, 264.5245159573026, 266.8158243815105, 267.32861141628695, 269.56984083387596, 269.6504791259766, 264.879847378201, 261.7725507948134, 254.06965120103632, 257.936301167806, 258.9390562269424, 254.4576338026259, 260.579276529948, 254.87629411485466, 256.31434597439244, 252.4740675184462, 257.15333099365245, 257.8441314697266, 248.53220231797968, 248.9106301201715, 246.20422965155714, 244.02534620496965, 241.28484327528216, 238.2950823465983, 235.99125272962786, 235.07662192450638, 237.111418999566, 238.98634262084968, 237.15647481282554, 238.327027045356, 228.63644519382058, 222.24285142686634, 230.03855548434797, 224.3844390869141, 224.57003623114693, 225.40421651204437, 215.88443383110902, 220.107086690267, 216.82776769002285, 212.4462459988065, 208.20243309868715, 202.41650254991336, 213.90552427503803, 211.1472372266982, 212.54799397786462, 202.30879957411025, 201.98823098076718, 203.8034500122071, 195.84216978285045, 190.62700093587247, 186.91880527072487, 187.00283465915263, 185.9926052517362, 189.09502046373163, 185.82755499945756, 179.56455603705516, 182.97150878906248, 185.22318064371748, 188.38682488335508, 186.90666648017043, 180.301840209961, 172.17499075995556, 174.00573031107584, 166.34405161539715, 167.918695280287, 166.9030471801758, 166.41397365993927, 171.36848873562292, 165.64279017978254, 163.14543736775713, 156.33818868001305, 152.597413720025, 156.7999710083008, 164.50814217461485, 170.74307734171555, 166.5658790588379, 163.75106709798183, 163.55276158650722, 165.82050374348955, 160.28541378445095, 157.29266289605036, 148.75165795220266, 153.8546694437663, 143.5541240268284, 137.88194016350644, 141.97566502889003, 144.61029900444882, 145.8261901431613, 149.75133429633254, 151.5454550425212, 148.02459208170575, 149.49157189263244, 144.81146536933053, 147.2352688259549, 141.9293593512641, 140.90585903591582, 138.95475514729821, 142.18087810940216, 136.36784439086918, 137.46577021280928, 135.40094765557185, 142.17977066040044, 140.43632884555393, 140.71367179022897, 145.05221455891936, 141.7084303114149, 144.47380574544275, 145.71680213080512, 142.65925649007173, 140.1105717129178, 140.949860297309, 142.09315126207144, 147.26740222507053, 141.40663494533973, 143.72216016981338, 144.93261074490027, 147.0256460401747, 148.4174260457357, 142.6614487542047, 142.7326644049751, 139.74705683390303, 150.218669128418, 151.04142159356013, 151.2241710238987, 148.15228076510968, 141.08934961954762, 148.4717146555583, 154.65375955369745, 151.73320685492618, 148.5066616482205, 149.21331668429906, 147.6209849039714, 152.83302773369692, 156.86016532050235, 148.50836418999572, 147.66528184678816, 150.17032229105632, 149.49979061550565, 145.79821709526905, 155.22071982489692, 158.6776442633735, 157.85388683742949, 163.44848132663313, 160.9829597473145, 164.17170554267034, 159.18485395643447, 158.7768700069852, 163.97955686781145, 164.8315106709799, 169.78878474765352, 167.86068602667922, 172.5078211466471, 179.9200083414714, 181.3125698513455, 175.99822608100047, 181.36970621744794, 185.89614520602763, 182.6794243706598, 187.38424343532986, 186.27390687730585, 177.0042831420899, 187.6940189785428, 193.87297846476247, 193.04624091254345, 190.0135187784832, 189.83896492852105, 190.15629679361987, 199.91879916720924, 194.47784991794165, 198.3997021993002, 203.49483388264983, 202.0285345289443, 210.8400026957194, 213.4861678229438, 212.61402019924594, 214.93342776828342, 223.44652116563591, 227.83209152221684, 224.53836161295578, 219.26627892388248, 226.5257503933377, 222.91706771850588, 231.095996008979, 229.68139690823023, 225.50430213080517, 229.08863423665366, 235.0379756503636, 246.48068678114157, 245.3497499254015, 242.81979234483518, 241.09007398817278, 239.44224590725375, 249.68446112738727, 250.97399097018786, 249.90305964152026, 245.1347211201987, 247.7507930331761, 247.21937544080947, 248.3698047214084, 249.56505389743384, 246.22196824815543, 239.06196755303282, 246.51384175618492, 256.2413484361437, 246.35551317003038, 246.03535614013683, 248.30803938971636, 256.37204038831925, 259.4469079759387, 258.64960301717133, 254.75162489149315, 260.39618682861345, 261.4087020874024, 257.9213300916885, 248.16634131537546, 250.5948958502876, 240.81865573459208, 248.8182323031956, 248.154263051351, 254.15165879991324, 249.3999194675022, 251.78758002387158, 256.1391001383464, 241.24712744818802, 243.5587276034885, 234.11236555311424, 228.5612675984701, 237.86462894015844, 236.03267288208016, 241.74782477484817, 233.82006251017256, 233.7402698092992, 233.98034379747187, 233.0990061442058, 236.25580749511724, 229.46484544542102, 226.56895472208666, 233.25455907185878, 230.60456797281904, 225.34513583713112, 234.8397109985352, 224.11107855902787, 223.7841734144423, 225.83671374850806, 219.40392574734165, 219.45631111992725, 220.90366778903544, 224.39050750732426, 215.69889441596138, 212.6356295267741, 215.02838745117188, 212.91448779635962, 222.30558675130217, 216.00752165052631, 210.20725351969404, 208.26116511027013, 204.9586655510797, 212.58728162977434, 216.35965008205847, 210.3485041300456, 211.3239838494195, 208.70834155612525, 216.18891152275935, 213.45962999131953, 213.64655134412985, 211.3880585564507, 213.76906551784944, 216.47114418877496, 212.49214138454866, 216.4884774102105, 214.82339825100374, 216.47536773681645, 218.24600270589204, 222.57124955919062, 224.61369925604933, 224.592194112142, 225.18439737955737, 228.06461825900615, 225.89788369072812, 226.62777430216477, 226.81506941053604, 229.30308125813806, 232.58196317884656, 231.6901615566678, 232.88357120090063, 228.983255343967, 231.87913733588326, 232.48139690823032, 235.0961134168837, 242.49599575466584, 242.80416615804037, 240.83784603542756, 246.33830413818362, 242.16173756917325, 239.5609770033095, 238.39020156860363, 243.30233018663193, 252.43030887179916, 252.6121317545574]}