{"latitud": 2.0729, "longitud": -69.3927, "radiacion": [236.6309092203777, 242.3258867051867, 243.61786719428176, 248.92327846950965, 250.74126222398544, 245.5740213182238, 248.81903695000548, 253.6641805013021, 254.0296895345053, 255.25186598036035, 252.08215654161253, 246.22580634223095, 249.07231174045145, 257.7676266140408, 257.4846103244358, 257.1811082628039, 258.38635508219414, 256.4986565483942, 258.5239608764649, 256.80630255805136, 259.65595211452916, 248.14105716281475, 255.99767100016288, 259.2914294772679, 259.5222060309516, 256.04451938205307, 255.30065765380866, 256.9213320414226, 259.47998741997617, 259.59638231065543, 262.09534055921773, 265.2035622490777, 266.10407986111113, 269.96891326904307, 267.12758924696186, 260.77871534559466, 260.2462927924264, 259.2706624348959, 263.52277374267584, 259.70062900119365, 255.59802263047968, 257.45578816731773, 259.07447882758254, 264.7583857218425, 263.55617862277575, 257.67226884629997, 260.640097808838, 262.7678500705296, 261.12650282118074, 258.3743114047581, 255.23234134250222, 249.63148295084648, 249.48072611490898, 250.21762797037766, 251.04594014485681, 242.33228013780385, 237.37289123535163, 236.2893961588542, 242.87627258300782, 242.57624104817717, 242.34329672919378, 235.31040971544056, 242.46346961127395, 241.43417248196081, 240.36581412421336, 242.02806939019104, 241.90950512356235, 234.52896202935122, 231.98254224989157, 228.67046118842237, 232.88710140652128, 224.02473737928605, 221.4593206617568, 228.67491980658642, 223.44914330376528, 217.80768915812178, 214.03739022148977, 208.7483112759061, 219.31230875651045, 219.230541144477, 217.23842926025398, 209.89749552408864, 203.50113839043516, 203.6191471523709, 216.8087719387479, 207.06463512844516, 203.02502509223095, 200.8212393866645, 208.33900392320433, 212.7095653110081, 207.74772084554039, 195.2390491909451, 188.830918206109, 192.4469234890408, 199.2507291158041, 195.09685728285046, 193.31810607910163, 189.51261715359166, 192.65760125054248, 195.0502852545845, 185.23969607883032, 178.9825476752388, 176.34060940212677, 180.67392662896054, 186.31525548299155, 179.22680956522626, 175.8135650634766, 172.79423921373157, 174.68481462266712, 174.724839867486, 175.04851574367947, 169.11977386474618, 168.8672425164117, 168.58957010904953, 173.1859456380209, 169.63940048217776, 165.9077399359809, 164.8977962917752, 173.25157326592344, 169.90064171685117, 167.1943405999078, 163.05062399970168, 159.28554950290254, 166.46017693413626, 160.72339960734053, 159.86257570054804, 151.69730512830947, 151.8421752081977, 157.6504872639974, 159.32431708441845, 156.12688208685984, 158.52412312825518, 145.83402943081333, 147.85019552442762, 151.16684638129342, 157.83727196587455, 157.76365831163199, 149.26638319227433, 157.27039413452152, 158.15703947279187, 155.29627346462675, 149.1886322869195, 143.76133253309465, 148.28812849256735, 140.50149112277563, 140.0431057400174, 139.89507124159073, 137.54600957234706, 140.02911304897734, 141.63613908555772, 145.4917081197103, 145.20358640882702, 135.3332227071126, 138.63885430230047, 139.88550423516168, 135.88947101169165, 140.6315583123102, 136.14205563863123, 138.89571770562065, 134.89513541327585, 134.56381331549747, 134.4677513122559, 136.3505803426107, 132.2022025638157, 139.96232520209415, 137.96736246744794, 137.5813067118327, 140.15632688734263, 138.23274832831498, 139.63051227993446, 135.4251008775499, 137.6318995157878, 137.9121553632949, 132.01095208062063, 135.594633992513, 141.0392656114367, 145.4482222663032, 138.8320949978299, 140.6771321614584, 141.0928844028049, 140.39235432942715, 143.74905887179906, 146.30791392856182, 148.50893609788682, 151.53459794786247, 151.8871289571127, 150.00817413330077, 147.66480055914985, 158.14368684556754, 154.66051135592988, 156.0642683241102, 157.77923745049375, 156.3675741407607, 155.07579421997067, 156.55824601915145, 167.9610147264269, 161.36474711100257, 158.5855022006565, 158.90763668484166, 159.4132665846083, 168.653993733724, 169.91292351616755, 165.70341567993174, 171.40076658460825, 172.64916322496205, 174.0649337768555, 170.51801783243818, 174.77921430799702, 175.9820437113444, 175.24782426622178, 176.00475209554034, 178.06946775648328, 175.1449956258139, 184.3773294236925, 182.12416229248052, 187.29180611504447, 189.92775734795467, 187.59293602837457, 187.98803015814892, 187.83980840047204, 192.7635377671984, 184.3509995354547, 190.61788694593645, 193.27987314860033, 196.85151858859595, 194.4060985989041, 193.98509072197817, 200.34764819675033, 201.077837117513, 202.2571783277724, 202.5401118808323, 202.86924455430778, 198.65856204562715, 205.95746315850155, 205.94215723673506, 204.24073698255756, 204.49538379245345, 204.42037039862745, 209.14181849161795, 210.79775950113935, 212.65466868082692, 208.84288652208122, 212.3300623575847, 212.0672137790256, 212.08370734320752, 209.66743087768555, 221.02829810248485, 218.72098159790048, 213.68417239718966, 216.8341371324328, 215.25703048706063, 213.6562710232205, 211.02188610500767, 220.41625629001194, 221.46389126247837, 219.9957093980578, 218.8175537957086, 214.07848154703785, 217.59253904554586, 223.7731628417969, 221.06467259724937, 218.67286580403655, 215.60971950954868, 218.8123241848416, 217.51652111477327, 217.61748004489482, 225.10300903320316, 227.7006032307944, 232.33031166924374, 234.12294243706603, 231.3033628675673, 225.78702468872078, 225.6320220947266, 225.82869745890306, 225.48682590060764, 227.6989853752984, 223.1649558173286, 218.90857255723745, 224.1936880323622, 223.47819044325084, 220.45972815619584, 227.8423188951281, 220.01573189629457, 223.90774392022027, 224.07428139580625, 219.69279971652566, 210.4409855312772, 206.44461568196618, 212.1999380323622, 214.03969158596465, 216.65759641859276, 215.75074106852216, 207.79439968532995, 216.0292146470812, 216.7786764356825, 210.70115983751086, 199.6077570597331, 204.47454435560448, 206.22836023966477, 205.58569293551977, 196.57279162936746, 206.17728551228845, 206.65201373630097, 200.3474274529351, 200.63138953314888, 197.41399773491756, 200.26164669460718, 197.86947530110683, 197.77122031317825, 195.6002910190159, 189.2813315497505, 187.2085772196452, 188.38192579481347, 190.96898803710937, 195.60376553005645, 187.3360466851129, 188.05031984117298, 186.33596208360464, 193.46784261067714, 195.63504189385313, 193.15923589070644, 193.05472776624893, 190.6183435228136, 199.21092080010308, 199.4684408399794, 199.50826136271164, 193.5123599582248, 186.79929267035587, 192.27322192721905, 201.00487518310555, 192.3471231248644, 185.50413682725699, 194.69245690239805, 196.71182013617624, 206.72551218668627, 204.25452219645186, 205.09714694552954, 201.6619788275825, 209.87300821940107, 211.64263288709856, 208.7001554701064, 212.08628370496967, 214.956938595242, 222.75540008544928, 218.69589148627395, 217.31333304511182, 206.38419155544707, 211.03196682400176, 217.5524217393663, 223.66529574924053, 225.92944259643556, 223.9684650844998, 217.17232479519316, 226.56619737413192, 236.09353213840066, 231.006037902832, 225.70456339518236, 226.23923823038737, 239.20249922010638, 242.2686599731446]}