{"latitud": 0.6013, "longitud": -73.896, "radiacion": [235.782182566325, 240.34610909356016, 242.9595834520128, 244.33212322658972, 247.93611840142148, 242.73354034423832, 249.13476282755542, 249.96397594875762, 251.6552907307943, 255.80836046006957, 257.2673821343316, 254.4241889105903, 250.0738005744087, 249.66135804918076, 249.8519410875109, 248.1465608384875, 253.40860197279198, 255.8248513963488, 257.0526663038466, 255.92808312310115, 252.95524622599294, 252.73874799940327, 251.7343705919055, 258.9620596143935, 256.925079006619, 252.6087463378907, 252.79238535563158, 253.44397345648872, 249.7760707431371, 251.28979593912763, 253.29676835801874, 256.6748929341635, 259.2531650967069, 263.0715944078234, 263.23661397298196, 260.40488171047633, 256.9063434176976, 253.30715764363615, 257.419421725803, 254.34235136244038, 251.37114596896708, 255.79089592827697, 259.1004524230957, 256.16008097330734, 253.37831632826067, 249.0940132988825, 253.6892725626628, 254.4198088751899, 246.21461224026152, 249.20224270290808, 248.3789510938857, 238.72338104248055, 239.59134445190435, 238.01282975938594, 224.86437004937068, 219.70097105238173, 217.89263144599076, 226.27773030598962, 224.4206848992242, 224.1724010891384, 225.4131995307076, 224.3074158562555, 225.52539562649204, 218.57722032335076, 227.44224277072487, 223.0547881232368, 225.41715121799044, 222.4648560418024, 213.01341713799374, 210.25138159857855, 204.71717215643994, 206.53713344997834, 206.08968497382276, 206.61956727769643, 206.29473232693147, 202.2996290418837, 198.68216256035703, 196.1796679178874, 198.83127805921774, 202.46281873914938, 192.2368234422473, 182.46992602878143, 179.35508202446832, 185.7729081895617, 193.16117723253046, 186.66955651177307, 181.33890677558057, 182.90483008490676, 185.18208423190654, 186.56516537136505, 187.30122239854612, 180.12015050252285, 171.46754599677197, 174.40682406955298, 176.30019980536576, 177.51891521877715, 171.49813800387912, 168.1756938510471, 168.87235844930015, 171.19532377454973, 161.4124360826281, 164.94917805989581, 160.14803945753314, 156.4734350416396, 164.4400901794434, 155.41641854180241, 160.96267217000332, 151.89888331095383, 149.19970101250544, 150.30760663350426, 148.4917340596517, 149.80058712429474, 142.0247087690566, 145.39121102227105, 146.83472396002878, 142.59170422024192, 140.42155626085074, 140.2888206905789, 143.1403254191081, 139.7635952419705, 143.3744608137343, 144.70557763841418, 130.83121388753256, 136.1560232374403, 134.09687661064996, 135.3632173326281, 128.38273989359544, 126.3031506856283, 130.50344132317446, 129.51564322577585, 131.22492506239155, 133.86704355875654, 128.06426662868927, 127.17859594557024, 126.74421479966905, 129.4277417500814, 135.88151728312187, 126.26762780083554, 128.34667629665793, 131.08060942755804, 129.8174581739638, 123.4457330915663, 122.49073821173776, 123.8161011589898, 121.36906945970321, 117.44128468831381, 113.27056236267096, 124.72935553656687, 121.45658666822642, 122.76943312750923, 129.37940767076282, 125.28224555121528, 124.05252083672418, 122.4738298628065, 121.60925971137154, 116.89013447231719, 120.32051196628157, 118.99167421129016, 121.2422237820096, 122.2652074601915, 119.44548653496635, 111.50638143751355, 121.09512011210124, 127.77620001898867, 123.88666890462243, 126.82851079305014, 130.40605477227103, 128.05991015964088, 126.54094657897956, 126.46775444878473, 124.81543998718264, 123.581013446384, 120.13301141526968, 124.89195717705621, 134.26586460537382, 127.57623045179581, 129.0966054280599, 129.23487913343646, 125.32476175096299, 127.2554062737359, 126.70489925808381, 126.61935963100858, 132.58832134670686, 142.20736427307136, 135.71271688673232, 137.14788835313587, 136.08117887708877, 136.49190601772736, 137.67418882581924, 140.0464096917047, 138.16061799791126, 141.17636862860783, 139.22990934583873, 143.94147720336915, 140.26633050706656, 143.07978702121315, 143.99455163743764, 145.6481575012207, 142.34583621554904, 149.39015409681534, 149.2567604912652, 153.0911177317302, 150.22206938001852, 155.86088138156464, 155.04913669162332, 148.80066863165965, 150.9666240268284, 153.79615631103522, 156.51153178744852, 149.14822006225586, 151.87293917338056, 159.03519384596086, 154.55164803398986, 160.60762333340116, 158.2242142995199, 164.15163133409288, 159.70778490702304, 164.91294080946182, 165.38375210232198, 164.64472961425787, 157.28763631184896, 154.88020163642037, 160.8324114905463, 163.28660659790043, 166.56283535427517, 165.32480663723416, 161.77581837972005, 171.78161146375874, 166.11934127807618, 173.2623657226563, 172.97274195353194, 171.22196816338442, 173.97647365993933, 181.37054528130423, 175.53472027248804, 173.50062052408853, 175.58171929253476, 173.50477845933707, 173.14722739325634, 175.4810323927137, 180.46041624281145, 181.03691516452372, 178.5019758436415, 182.15907872517906, 183.60768085055886, 188.16456629435228, 193.8253540886773, 185.014944712321, 179.89500020345054, 182.0576796637641, 187.69540990193693, 195.7205620659723, 194.28720372517907, 195.32815517849403, 191.58107935587574, 194.127138349745, 188.42864117092563, 198.09618148803716, 202.26731762356235, 195.15451660156256, 197.9124616834853, 193.50034459431967, 195.6385114034017, 188.00322045220275, 189.23880971272794, 195.54693578084314, 199.1803360833062, 203.84397074381516, 206.74041858249242, 201.40648871527785, 199.3998398674859, 204.59208297729495, 205.81042243109812, 212.56909171210395, 207.38903859456386, 206.6806551615398, 207.63171259562185, 207.7580108642578, 216.08556187947602, 204.27206276787652, 209.07950541178397, 205.87165857950853, 207.16226340399854, 209.44849277072487, 207.58107571072046, 201.0063710530599, 193.72483528984915, 194.44108556111658, 204.8742213779026, 200.83475545247407, 205.35536948310013, 205.1889734903972, 204.22632234361444, 206.49960564507384, 208.51110788981123, 194.6616543240018, 193.29591979980475, 199.62694354587134, 192.00241741604273, 199.56866065131302, 191.4674998813206, 193.55248489379883, 188.0778267754449, 191.06296268039281, 195.0781300014921, 189.97112579345708, 190.17645187377934, 196.87539087931324, 191.87075771755644, 192.13921000162767, 178.05932706197106, 186.27848756578237, 190.68729866875546, 193.16105821397568, 196.603532240126, 186.8969667222765, 187.07454647488075, 187.46269438001843, 190.67447662353516, 194.03356280856667, 182.98635075887054, 179.34363835652675, 187.05900565253367, 188.31760703192822, 193.78909216986764, 189.53733986748594, 184.3585572136773, 181.94634340074336, 190.86251034206816, 189.17436065673834, 183.67389077080625, 188.03719550238716, 189.20916247897685, 193.91512417263462, 200.18972863091372, 201.0467006259495, 198.75820185343431, 197.82794587877063, 201.04206331041124, 204.0719113667806, 202.7058937920465, 205.5445273505317, 210.6210052490235, 212.07672551472987, 215.11363228691957, 217.2693790859647, 217.58485531277134, 214.64883287217882, 211.37484817504887, 219.0337724473742, 216.62396748860684, 219.20461298624681, 218.61903457641608, 234.95885306464308, 231.47465769449877, 228.2145629882813, 228.6487582736546, 226.65466020372185, 232.97380337185336, 236.95054533216697]}