{"latitud": 5.5513, "longitud": -71.9604, "radiacion": [270.5185334947375, 271.2649502224393, 272.9908777872722, 272.50768246120884, 272.1275336371529, 271.9903442382813, 274.59172905815984, 274.563393825955, 276.33944549560556, 278.07771453857436, 277.93322482638905, 276.12397698296445, 272.6677678426108, 273.56838395860467, 276.27294701470277, 278.1682890150284, 280.41068895128046, 283.3363820393881, 281.5770228068034, 278.5414062500001, 278.6293857150609, 280.17523006863075, 279.835470920139, 280.2202948676216, 279.1450836181641, 280.525786166721, 282.5188997056749, 283.15660315619584, 282.9311893039281, 285.81206902398003, 286.592739698622, 290.1487835354276, 290.0518102010092, 291.5804121229384, 292.2164481268989, 291.5068157619901, 289.8715425279406, 290.05524359809027, 291.24083997938374, 290.15684577094186, 289.66542697482646, 290.7581534491646, 293.87543029785166, 290.73279012044276, 290.19225175645624, 292.54979688856344, 292.98288523356126, 294.45495435926654, 292.471103752984, 291.0978181627063, 291.6235020955404, 292.3105244954428, 292.0444947984484, 291.96912875705306, 285.08972608778214, 284.9756995307075, 289.5745993720161, 289.6033633761937, 290.77715996636283, 289.3043451944988, 290.7746180216472, 293.7173972235786, 291.34131673177086, 290.22832505967887, 294.51076524522574, 299.28098297119146, 302.9355611165366, 300.85864969889326, 295.1155598958333, 290.6953136867948, 288.544933573405, 289.58062472873263, 287.1786049736872, 286.2430531819663, 290.2187769571941, 287.4875671386719, 286.79101477728955, 283.91905458238404, 287.379675632053, 284.1681991577149, 282.1398074679905, 283.9174811469184, 283.1249043782552, 285.4456466674806, 281.636008114285, 280.409940592448, 279.24139777289497, 281.115027279324, 282.3017027113173, 282.2634777492947, 277.90662841796876, 278.5904578314887, 271.2813522338868, 273.421260240343, 273.81591830783424, 276.15496148003484, 277.16047905815975, 271.7043406168621, 273.00471496582037, 271.1778684828018, 265.82031707763684, 267.8013305664063, 264.7660313924154, 268.8015925089519, 266.70273844401044, 263.1348717583551, 261.47904332478845, 258.5666247897679, 262.28401896158863, 260.7995986938477, 259.08225589328345, 258.2114617241754, 250.81933322482647, 254.78847656250005, 252.7107933892145, 246.55045437282993, 251.94926927354607, 250.28858150906038, 254.6596410115561, 253.10810869005, 250.86943257649742, 251.74613223605698, 248.60578189426008, 241.96591517130537, 246.32934663560658, 247.27083579169388, 248.51444057888466, 242.57856496175134, 244.32793765597876, 241.49986504448793, 241.43761935763897, 239.9266137017145, 236.20091035630972, 236.06385260687944, 233.47273907131625, 237.87558678521057, 239.67082676357697, 239.1502759297689, 241.07303441365562, 237.01671329074443, 238.95429000854492, 237.65345628526475, 233.59618708292646, 236.79781443278003, 227.17115224202482, 212.3863390604656, 218.20742034912118, 214.58734885321726, 220.50642174614805, 224.90050142076288, 221.5850402832032, 220.6379586113825, 218.82062030368388, 214.10316501193577, 220.69329537285694, 213.05076031155056, 209.99419894748266, 207.45780190361873, 209.27419552273224, 210.4144685533312, 201.05630442301444, 202.72254486083992, 208.4744431389704, 212.48248799641934, 207.327847120497, 211.12179912991, 204.88262057834206, 207.94916220770946, 204.20206290351027, 193.914281294081, 200.6722908867731, 198.25551545884878, 199.0012914869521, 207.31372850206174, 203.24929801093208, 212.23761079576286, 204.53517710367848, 208.718059539795, 205.98314480251744, 204.7843180338542, 200.4671095106337, 188.53826166788738, 199.41611200968427, 206.56311450534403, 208.66082356770835, 201.18615069919167, 198.48841900295687, 204.32757839626743, 205.94672665066184, 205.94272638956707, 202.26052695380318, 208.02132263183603, 205.17497100830084, 198.25420328776045, 204.40770823160815, 210.91436284383147, 203.8263049655491, 203.12890192667646, 199.62515962388784, 198.6188195970324, 213.37123277452258, 213.46050398084859, 204.70994915432405, 216.2596777174208, 207.19400439792216, 211.13787528143996, 206.50241292317708, 212.71492707994256, 211.20415946112743, 211.4683148701986, 208.71254221598315, 221.2153937445747, 220.50178527832034, 223.29921976725268, 218.06819106207953, 217.05629738701714, 222.31556193033862, 225.27357313368063, 221.61926727294926, 224.5718973795573, 216.37237404717348, 220.3531138102214, 216.60950012207033, 228.54580603705517, 227.53745244344086, 231.64691162109386, 236.3585356818306, 228.1907946268717, 229.44999211629246, 225.42093065049917, 227.4037506103516, 235.5439086066353, 235.44305496215827, 239.5275567796496, 240.882532925076, 240.39965167575414, 243.44029871622726, 248.12622646755653, 242.75248752170145, 246.55691121419272, 243.46542578803175, 243.9803108215333, 245.4827895270454, 246.03888024224182, 243.37268151177304, 245.09795277913415, 249.01522572835293, 245.65961083306215, 247.27534637451177, 250.5700371636285, 253.05092485215934, 256.8370522393122, 253.44373677571616, 256.4962236192493, 252.97388559977216, 248.85833002726244, 249.9033389621312, 254.17085164388035, 250.93249816894533, 250.40006764729833, 251.83364393446186, 246.7351539611817, 245.42266345553938, 252.47301737467447, 252.0359110514324, 253.59050326877173, 255.98801337348095, 252.66239149305565, 253.06219448513457, 249.53876274956596, 253.38989969889334, 251.34252887301977, 253.94821031358515, 255.04486406114378, 255.5937310112848, 254.1520311143664, 255.4635594685873, 251.5554470486112, 249.8879230075414, 245.77143571641716, 256.0857674492731, 256.71300116644966, 256.83471069335945, 253.19907446967235, 249.5428999159072, 249.28364698621965, 247.04133622911252, 242.74263034396708, 244.80402357313378, 248.53109503851996, 252.1051050821941, 251.0671881781685, 253.08456726074223, 247.9418551974827, 251.76680348714194, 245.86645134819886, 247.9224999321832, 249.03404252794053, 245.62801971435547, 246.76944766574442, 245.76079813639328, 252.27812228732645, 248.27796952989374, 248.30858222113727, 244.9210206773547, 244.6570348103841, 243.44439663357215, 248.43192392985034, 242.55204874674482, 243.35120103624138, 238.62689565022797, 241.4684332953559, 238.54673088921447, 243.63917405870225, 242.13992835150827, 241.7451176961263, 244.02892523871537, 241.08324907090943, 246.39877505832257, 243.08606813218864, 245.45083872477224, 245.32732255723752, 245.74970135158966, 250.8730558607314, 247.4486748589411, 246.5108224656847, 246.72334323459202, 242.0956393771702, 244.2416252983942, 248.89517381456167, 249.11616312662773, 247.44207967122404, 251.04073452419712, 252.38109096950961, 251.97599249945753, 256.77366773817283, 256.6599831475153, 252.66212717692062, 255.24812639024535, 254.70968950059682, 255.18816697862425, 257.4871336195204, 257.2152916802301, 259.0754818386502, 261.3201168484159, 258.67306484646275, 255.93464084201392, 255.39739617241767, 254.0753967285157, 259.87347123887815, 262.1773586697049, 262.3811952379015, 262.6115588717991, 262.2330230712891, 261.1504945543077, 263.21042734781906, 264.2451870388455, 262.6623274061416, 265.2943864610461, 267.34188334147143]}