{"latitud": 1.9906, "longitud": -76.8766, "radiacion": [229.69769244723855, 237.145660909017, 233.6209384494358, 233.96009657118063, 233.15934312608508, 230.8188233269586, 229.6060024685331, 232.57105382283532, 237.15700191921655, 237.79468756781685, 240.80847388373488, 242.64236356947166, 242.0104914347331, 238.38739471435557, 241.7348960028755, 241.98831498887816, 240.10151757134338, 237.43856362236883, 242.09102113511824, 245.31056654188373, 236.3810027228462, 239.28174726698148, 237.17694125705296, 239.10454126993818, 238.24628999498165, 233.38628972371427, 236.1537391662598, 240.9160041809083, 242.78524831136073, 244.49916458129886, 245.55903540717244, 249.47185821533208, 249.423735385471, 250.35479363335511, 248.96947530110685, 249.8754218207466, 249.37100626627614, 243.22431674533425, 245.6370224846734, 242.2454199896919, 248.58510521782776, 242.14316991170253, 241.53398429022891, 239.57450120713978, 237.13177490234384, 244.78104604085297, 249.3785832722982, 244.55906694200314, 237.88679640028218, 239.15553376939565, 238.30538906521278, 234.01748021443692, 234.3260548909506, 240.5917766994901, 230.9753269619413, 224.65646540323897, 229.415894317627, 222.96924099392368, 225.83229963514546, 223.37473898993596, 223.14033415052631, 224.20331047905813, 231.17449959648982, 233.1364208221436, 231.72499754163962, 233.14892366197378, 233.75128021240235, 234.05718502468537, 228.22954601711703, 227.1014264424642, 219.40111177232532, 224.66966629028323, 221.7157062106663, 213.84459643893783, 211.673440806071, 212.39648344251853, 214.17028359307187, 210.55552393595383, 216.42707383897576, 211.51694666544606, 208.3808984544543, 204.25200059678824, 205.22603420681432, 199.88189748128266, 200.54441621568478, 197.8435755411784, 190.3581207275391, 192.4126530541314, 193.81789957682292, 201.5394887288412, 199.58318990071612, 197.14060109456386, 187.52602403428827, 184.23271781073686, 190.66746817694775, 190.4756918165419, 194.2164450751411, 184.32099622090666, 183.92263815138082, 181.26034410264762, 185.15598237779417, 175.94467252095544, 175.79483515421552, 172.43342649671766, 176.52516581217455, 180.3962003072103, 178.7110385894775, 173.15753746032718, 171.44103300306537, 175.96256027221685, 177.62628724839965, 173.59627965291352, 171.65458763970273, 182.83868560791018, 183.0459948221843, 180.5129303826227, 183.5238961113824, 184.1096551683214, 187.36997087266718, 193.53263600667321, 197.95723410712355, 195.27831073337134, 198.42973319159623, 194.59580468071837, 198.57862608167866, 200.94215460883245, 196.5496857537164, 200.05105963812937, 201.94515397813583, 205.6854688008627, 208.34782070583773, 210.41020745171443, 209.2315348307293, 206.1554645962186, 198.9617755466038, 203.7961921691896, 203.65388378567172, 201.88406058417425, 203.60804519653325, 209.10788887871638, 203.77310112847226, 206.96808132595484, 203.2948492262099, 205.19819869995118, 209.18681852552632, 206.85766499837243, 211.80052117241758, 220.7716182284886, 212.76030866834856, 211.84344406127934, 214.65424567328566, 216.35394939846472, 214.1316266377767, 214.89174041748046, 223.35812038845492, 222.42417509290908, 225.06390440199115, 216.44605229695642, 212.24908811781145, 216.09031211005322, 224.46633402506515, 222.0799919976129, 230.89256557888453, 219.80313487582745, 221.2236974928115, 227.3164750840929, 225.730539279514, 226.25910161336265, 223.47894982231995, 226.85255279541025, 220.1419456481934, 213.0597680833605, 217.29335055881077, 221.69608014424648, 232.08389231363935, 230.17014863755972, 225.3969476487902, 223.60948922899047, 222.37239685058594, 222.37855114407014, 235.25119552612315, 235.74616148206928, 239.04755011664508, 235.7752588060168, 228.6730611165365, 231.57063835991752, 233.19345847235797, 236.64274012247725, 237.29542312622075, 238.2602669609918, 243.58142166137705, 242.58103205362963, 233.54420878092455, 238.82635235256623, 236.91414964463988, 241.60457729763462, 243.81407563951288, 245.11765840318466, 243.2911113315159, 247.6812915378147, 241.8393880208334, 248.58201268514009, 247.05741950141075, 248.36679755316842, 247.76921674940328, 248.0958810170492, 248.32887166341152, 250.67201766967776, 250.60815022786463, 258.58617231580956, 251.33020443386508, 250.35321858723964, 245.3813090854221, 242.7047569274903, 240.91642634073898, 247.97434319390197, 247.96116256713876, 236.30056533813482, 237.28839874267587, 243.30135718451618, 242.72138129340274, 238.23597908020028, 232.04116753472226, 238.9892729865181, 240.25980614556212, 246.35059161716046, 239.68035914103191, 244.2895968967015, 240.40122341579868, 242.78504791259772, 237.21796569824224, 240.8871772766113, 230.11133490668408, 233.03995954725488, 238.570305718316, 234.8964355468751, 233.27304026285807, 230.32235522800025, 232.58673104180238, 227.36554692586267, 239.15866114298512, 235.29065026177298, 233.73090922037773, 238.38517244127067, 233.90155639648447, 234.06177291870117, 229.31506152682843, 228.39144990709096, 229.67976269192175, 219.98223495483407, 217.11224034627278, 225.46648288302956, 225.54422938028983, 226.368475426568, 228.54567277696404, 228.96146511501743, 220.38654963175463, 216.0582218594022, 221.75538050333662, 216.80521130032017, 216.28626013861773, 214.59803500705303, 217.5903491550022, 210.92568155924482, 205.39844148423938, 206.1466069539388, 213.29950892130543, 211.75651084052194, 209.27034903632273, 205.52320395575634, 193.95242224799264, 204.6029181586372, 197.11717274983732, 198.91210818820528, 195.59873165554473, 200.79987157185874, 190.07519929673938, 188.57184363471143, 190.5406910366482, 181.80239096747513, 187.9420606825087, 187.25516866048187, 190.65391879611545, 188.73391282823354, 181.87378972371422, 176.0245381673178, 172.89226209852436, 176.60848634507923, 174.91501727634008, 174.66029527452258, 175.22235141330296, 180.22146775987417, 183.4923287285699, 182.36031511094836, 181.27064946492519, 177.23979237874354, 176.48905487060543, 174.88508911132814, 170.1671343485515, 163.1064687940809, 171.0426741706, 175.79038501315657, 176.19994455973304, 175.17030080159512, 176.05558319091804, 178.2700286865235, 176.90473819308818, 173.76173044840502, 169.20677863227002, 165.872358279758, 169.8523785909018, 172.06885392930772, 173.1539428710938, 173.4559955173069, 175.25847511291502, 179.85630832248262, 174.88152987162277, 177.39610311720102, 189.17468058268244, 189.89726045396594, 193.51508678860137, 188.7254531012641, 191.35776146782777, 190.4734732733833, 190.3283388773601, 191.25264036390521, 201.29909990098744, 185.16162702772354, 183.42690692477757, 180.35802171495232, 187.8567365858291, 193.41617855495875, 188.90860782199437, 192.99246732923723, 195.70243843926332, 197.44453828599714, 199.28990876939557, 199.27992485894092, 206.08656811184355, 207.88825056287988, 203.49600533379456, 208.97360653347445, 209.64901826646596, 214.10701878865567, 207.715958234999, 202.95940441555453, 211.6988488091363, 207.3929065280491, 210.15455398559573, 213.44983656141497, 215.4563769022624, 220.6451831393772, 218.00604061550567, 214.71651713053393, 214.54628855387375, 215.39787462022574, 219.3289892408583, 220.09165335761176, 219.76564390394432, 222.4356198628744]}