{"latitud": 6.5704, "longitud": -74.07600000000002, "radiacion": [269.0776979234484, 268.45452982584646, 268.1554862128365, 270.74146067301444, 271.87028096516934, 272.8321385701499, 269.83544218275284, 269.9463453504775, 272.79428083631734, 276.66940714518245, 276.53424063788526, 276.1308715820314, 277.04997473822704, 274.90561336941204, 277.1945470174155, 276.9183181762696, 276.54244588216153, 278.6573186238607, 280.7139221191407, 281.00959811740455, 282.0556615193686, 282.3983786688911, 281.1354249742298, 282.1228520711264, 284.78502146403, 284.7521747165257, 283.3490473429363, 285.7502583821616, 287.6536551581489, 289.0522235446506, 291.394487338596, 294.2767454359267, 295.55613776312947, 295.8559215969511, 296.12660285102, 296.5936465793186, 295.9149556477865, 296.4221783108182, 296.5456754896377, 298.1662467108833, 301.28499145507817, 300.8582690768772, 299.5657908121746, 298.1323187934028, 298.23729654947925, 297.1528130425348, 298.8905705769858, 299.6019098917644, 302.2540746053061, 303.2014538235135, 300.27819620768236, 300.59384918212896, 302.5804677327474, 302.6679421318902, 303.8595165676541, 303.1615276760526, 305.428584459093, 304.85855865478516, 305.9438756306966, 308.0288077460395, 305.8252644856771, 302.7172124226889, 308.03934377034517, 309.8463187323677, 310.91513553195546, 313.8351265801325, 314.9278074476454, 316.48370717366544, 312.14577263726136, 313.0799648708768, 312.07282494439016, 312.28847520616335, 311.51442175971147, 313.2602028740778, 312.51309271918404, 310.6853118896484, 310.9578742133247, 310.857142130534, 310.2067711724176, 309.3977661132813, 308.8474399142796, 313.635617404514, 311.0087192111545, 310.28816901312945, 308.66369696723103, 311.0460812038846, 308.5698655870226, 308.918386247423, 309.9704394870335, 308.4858206854927, 308.2002176920574, 310.2976125081381, 307.45944824218753, 309.25798424614817, 306.8636345757379, 305.5595648871528, 309.45643344455306, 312.19047325982, 309.1462683783638, 307.0229715983073, 300.7864405314128, 299.72035590277784, 296.0387339274089, 300.95556267632384, 299.80810750325526, 298.7292555067275, 299.5041644626194, 298.9110951741537, 298.61725582546666, 297.2529281616212, 295.7369838290745, 294.62956678602444, 290.9782601250544, 296.4352535671659, 295.0855626424154, 290.2516049702962, 294.9258460150825, 296.4928731282552, 296.3495096842449, 298.63217349582254, 299.5334843953451, 293.419127061632, 293.75268537733297, 294.1579389784072, 293.6100090874567, 292.84808824327257, 292.7547804090712, 296.6010845608182, 297.03066491021053, 295.04042460123713, 291.10001864963107, 289.0247516208226, 287.84092017279744, 284.08821546766495, 287.3767618815105, 286.7339936998157, 291.8735585530599, 290.14888627794056, 291.3796530829536, 293.07295498318155, 291.5981735229493, 291.11287841796883, 291.16896853976783, 290.9444711473254, 287.8524407280817, 285.88272993299705, 283.737435743544, 284.77031792534734, 284.6718928019205, 287.26039903428824, 289.5136019388836, 286.06224450005425, 287.19132537841796, 286.03810153537336, 286.96790737575975, 286.84330071343317, 284.3902969360352, 285.2442676120335, 284.8374104817709, 280.74152560763906, 283.6634331597224, 281.31014946831607, 285.70613149007175, 280.857499186198, 281.10005221896705, 282.85381266276045, 283.1789535522462, 283.2949332343208, 286.05846388075094, 281.75376196967244, 281.6973407321507, 278.51729702419703, 281.64304521348754, 280.7743265787762, 287.60314924452047, 287.7060989379884, 285.473014831543, 284.2692306518556, 287.1853617350261, 284.6534890068902, 283.82742241753476, 283.52858157687723, 286.2797232733833, 287.35466223822704, 286.92705722384994, 286.2266649034289, 288.78244154188366, 287.35616404215506, 286.628416103787, 287.42526448567713, 285.248085530599, 286.4160459730361, 288.6105894300673, 287.04939846462685, 289.0725189208986, 286.8051371256511, 289.95275285508905, 289.2575447930231, 289.16259290907124, 289.38598395453573, 290.1640663994684, 293.0779129028321, 292.8337432861329, 293.80645836724176, 291.49799753824874, 291.5875271267362, 292.21145952012813, 294.9621785481772, 295.0304960462783, 293.86405419243715, 294.8005396525066, 296.3236150105795, 296.67759772406686, 295.6172185262045, 293.4534255981447, 294.4272404988607, 296.0004652235245, 296.36845957438163, 293.9166029188369, 292.8088804456923, 291.8473676893447, 294.77789154052743, 297.11524946424703, 295.3114454481338, 292.72118631998705, 294.57895016140407, 295.54062228732647, 295.1040235731338, 292.58997158474403, 291.2757478502062, 292.9438420613608, 294.6671195136177, 293.58162994384776, 291.31286434597445, 290.1327965630426, 293.3115285237631, 296.4402923583985, 299.49777696397587, 293.82236497667105, 293.74071638319236, 290.2995134141711, 293.6915459526911, 292.8530739678277, 291.0555779351129, 291.46592441134993, 288.6051096598308, 286.12188161214203, 284.82673509385853, 286.34306894938163, 285.6043139987523, 284.3611373901368, 281.223617723253, 283.06702490912556, 283.147166273329, 281.130840555827, 281.38024664984823, 280.99996303982215, 276.94153942532023, 279.2028067694771, 279.9037707858616, 275.8494803534614, 278.0779088338217, 276.850794559055, 277.8616906060114, 277.49508819580086, 274.3553378634983, 277.53881835937506, 278.0131890190973, 274.8709399753148, 271.76484985351567, 268.5316419813369, 265.4581259833442, 261.19574737548834, 263.3620819091798, 265.8125111897787, 267.3405627780491, 263.0857891506619, 260.44485710991756, 262.54338921440984, 254.48530205620668, 258.38151363796663, 259.4794581095378, 256.7045615302192, 254.6579216851129, 252.3644993252225, 252.1075870090061, 247.58864440917978, 244.73828447129995, 245.94848531087246, 243.78634584214953, 248.57244686550567, 246.18128221299912, 244.44026752048072, 246.8437961154514, 246.52801378038203, 247.13794284396704, 244.78865203857427, 243.1278077867296, 244.42975480821406, 241.5007081773546, 241.080182393392, 246.1499940660265, 246.599317932129, 241.58940251668298, 242.5594316270618, 239.94429592556426, 234.14721416897245, 239.10436731974286, 241.49456193712027, 232.17509477403436, 229.54495968288848, 226.93072374131953, 231.68145972357857, 232.57848883734823, 232.86399222479926, 233.09162462022576, 236.16435835096578, 233.42430386013461, 238.88581932915585, 241.16888656616212, 242.3468861897787, 246.50601128472218, 241.92193450927735, 239.9994001600477, 243.69745924207905, 239.18600056966147, 241.07093141343861, 239.1480816311308, 242.65429958767368, 241.16549716525614, 242.993295203315, 242.4305415683323, 242.13947465684691, 244.19598015679256, 247.04732572767475, 242.9518129136828, 243.92840186225047, 240.17407023111983, 242.03646782769104, 246.37808914184575, 249.63949313693578, 244.67856742011182, 248.50469106038418, 251.57222620646164, 252.3345596313478, 252.4545086330838, 251.6965087890626, 254.2130197313097, 255.3154588487414, 254.1594962226021, 257.5646323310005, 260.20936906602657, 260.6762066311307, 258.28243357340494, 260.0898140801324, 260.09701334635423, 259.9318776448569, 259.0956512451173, 259.3713148328994, 262.43751644558387]}