{"latitud": 4.6167, "longitud": -67.785, "radiacion": [252.6860221015083, 255.75243767632378, 256.58824242485895, 255.42881368001306, 254.84527672661685, 253.0170025295682, 256.93698255750866, 259.4720496283638, 260.65414021809903, 261.3090337117514, 260.0578418307835, 258.7959086100261, 259.96207665337465, 265.08314514160156, 264.47346072726793, 264.3074135674371, 265.4819625854493, 265.5795118543837, 261.4090174357097, 261.2885350545248, 261.83557145860465, 261.2971761067709, 263.33897077772366, 264.0971179538303, 259.78084343804267, 258.36533406575523, 261.39093543158646, 262.10560777452264, 260.9707090589736, 263.2140610588922, 269.3789742363825, 269.6990024142796, 269.14501580132395, 271.2487179226347, 271.1642188178169, 269.45179087320963, 271.3702050103082, 271.40257263183605, 271.999841478136, 269.41800113254135, 266.65853627522796, 273.53927239312077, 275.85725419786235, 273.8417017618816, 269.68506079779735, 268.6164030287002, 270.7578133477105, 276.0646326700847, 273.467013888889, 273.15314636230477, 270.9804156833225, 271.430578104655, 269.62293362087684, 271.852247619629, 268.05965304904515, 267.83330179850276, 268.6766618516711, 270.5385870191787, 273.6859725952149, 268.83810289171015, 274.7478017171225, 275.0077063666451, 274.83248121473537, 272.60109134250223, 273.9739527384441, 276.8170366075305, 279.28123626709, 273.99717119005, 270.3628784179687, 265.92277035183383, 269.32995113796665, 269.0138899061415, 266.4878651936849, 268.74598965115024, 266.8003005981446, 268.463523525662, 266.0440073649089, 265.64189741346576, 266.7804516262479, 258.7242513020835, 261.73931901719834, 260.49004669189463, 254.59551357693147, 252.61945792304155, 252.5960709465876, 249.69274156358514, 246.2841234842937, 249.95435672336166, 251.3326585557726, 251.08419062296556, 250.47549311319995, 242.46857994927305, 234.49519805908207, 240.33282572428394, 241.01730889214411, 240.1010993109809, 241.4714660644532, 228.83456836276594, 231.9086392720541, 229.17979219224722, 226.88771082560223, 222.95005052354603, 218.61016981336812, 225.36060985989045, 223.16216786702486, 223.354131825765, 215.07226257324226, 216.12118038601352, 216.19612401326506, 209.223245324029, 205.0778566148546, 199.1200509389242, 203.33731121487094, 201.2487039354113, 201.37077645195862, 201.34478496975373, 197.39105614556206, 199.31886859469952, 199.55942823621967, 200.47108357747402, 199.0719492594401, 194.85196651882598, 184.02162458631736, 185.22909706963432, 180.60087890625005, 182.37085778978144, 181.72369113498266, 179.13491380479604, 182.09180382622617, 174.5113641526964, 169.994388961792, 166.139296468099, 164.07196858723964, 167.33509640163842, 172.94245741102432, 177.7397904290094, 177.13831897311744, 174.08030548095712, 174.62539914449053, 175.51744995117193, 168.47871644761835, 169.8527948167589, 161.6610654619005, 165.99244380527082, 155.12531136406798, 148.64208111233188, 152.76632834540476, 156.07746687995063, 158.89036839803063, 164.15734430948896, 160.25192421807185, 157.2472397698297, 161.3699980417888, 154.1880260891385, 158.35201259189185, 150.07296295166017, 151.6492668151856, 149.7853657192654, 154.23289337158212, 148.86656578911675, 146.32771093580462, 146.12764379713272, 151.60165964762373, 151.7033174302843, 152.65234722561308, 155.77113825480143, 153.46063232421878, 160.94979849921336, 158.63855726453997, 156.5265777164036, 154.82179022894965, 154.57282723320859, 159.9225950453017, 162.7968486362034, 153.79876259697804, 156.1057536655002, 156.7986915588379, 165.28417672051327, 169.14144982231997, 155.85487026638455, 158.67616255018447, 155.89729843139654, 165.59421674940322, 166.26779797871907, 164.52065760294605, 160.99544203016498, 160.47602564493818, 165.49298252529567, 171.09484193589958, 167.00617896185983, 163.69110827975808, 162.34921527438698, 164.80487077501087, 169.29513320922857, 170.4469813028972, 161.33536855909563, 161.36069132486986, 162.18328789605042, 166.58536877102324, 163.08634533352324, 167.8174183315701, 176.80315772162547, 177.0721505482992, 176.44097985161682, 177.46678085327153, 182.84225845336914, 179.425444369846, 176.13288497924813, 177.5268735249838, 185.05386801825634, 189.73395139906145, 188.13348600599502, 193.8311944749621, 199.33514311048725, 203.28061311509882, 198.8087827894423, 201.86113781399192, 211.19223751491973, 209.08160154554585, 211.77777565850155, 210.2501057942708, 205.1310906304254, 206.77847552829323, 218.82107688056104, 217.58002760145402, 211.42047814263242, 214.42043270534944, 215.05228585137274, 223.37948235405818, 220.74325697157118, 223.99349509345166, 230.63206405639653, 227.80689307318798, 238.9028186374242, 241.2299252827963, 242.07904222276477, 240.5251043531631, 248.73216968112527, 252.96200790405285, 247.12528940836592, 243.75404900444883, 254.96065402560768, 249.5303763495552, 254.0835719638401, 252.29165225558822, 249.83888125949443, 259.19034483167866, 261.9714243570964, 269.92949523925785, 265.4335039774578, 261.4881239997016, 264.2010833740235, 264.6718641493057, 270.3292104085287, 270.56393686930346, 269.05373797946515, 265.4575672573514, 269.6171218872072, 269.7579719119603, 272.48494025336385, 268.85068308512376, 268.4100584242079, 264.032002512614, 269.1588802761502, 273.1264003329807, 266.07936138576935, 268.86529914008264, 272.1174343532987, 274.84479098849823, 278.3728668212891, 277.82267761230474, 275.9440928141277, 277.33316904703787, 283.0019499037001, 280.621687995063, 269.34221250746, 270.02965732150614, 260.6560083177356, 265.456704457601, 267.2152860853408, 271.22653367784295, 267.0894337972006, 270.21903186374243, 272.62241685655385, 260.2927420722114, 258.58095753987635, 254.90259204440653, 253.71580691867413, 251.7909079657661, 251.9833357916939, 254.71410827636726, 255.30748163859053, 250.58998362223315, 252.0262467278375, 252.34239112006296, 250.94449818929044, 246.70818023681647, 244.24450742933496, 246.33587417602544, 246.87889929877392, 243.0415304395888, 248.20634290907128, 245.93923916286903, 242.94444537692607, 241.83246858384882, 235.7947086758085, 236.43552127414284, 238.45025193956175, 241.05291459825318, 231.94258202446835, 230.06245490180126, 231.2904980977377, 230.65823516845717, 232.46940392388237, 231.05404366387265, 226.1289195590549, 224.54940770467132, 223.93368564181864, 228.49577128092457, 233.31024559868715, 229.63759884304474, 229.3622080485026, 228.85995237562395, 231.63657803005648, 228.32729941474068, 226.05957667032885, 225.28454360961925, 225.61057696872297, 230.19346601698143, 228.58142378065318, 229.76463572184252, 232.4613021850586, 232.18390901353632, 232.92693701850052, 234.89992599487303, 237.38982679579001, 240.07384931776264, 239.2179250081381, 242.58261269463438, 238.00860731336806, 238.87521464029956, 237.58390511406796, 241.19650183783645, 241.32810287475593, 241.4117060343425, 241.4779563903809, 239.50376781887482, 239.79838765462247, 241.89960411919492, 244.58578881157777, 249.80978664822047, 250.71756659613717, 247.5347074720596, 252.11621585422094, 247.7061626858182, 246.3240800645617, 243.65892495049374, 248.9124837239584, 257.5822277492948, 255.84813690185555]}