{"latitud": 5.6375, "longitud": -76.416, "radiacion": [238.1302822536893, 239.6875698513455, 238.4585241529677, 244.20269741482215, 243.4751504686145, 241.12625342475044, 238.87506484985363, 240.53822597927524, 246.89170913696293, 246.07774158053937, 249.44352086385095, 249.52189831203887, 246.38321957058383, 245.04545415242524, 244.89959004720052, 241.62229139539932, 242.23347752889012, 247.01211615668407, 250.90019395616324, 248.0892213609484, 254.03320278591582, 252.4022521972657, 249.21880764431424, 251.27729170057515, 250.31687511867952, 249.04781545003266, 254.13322143554694, 253.85620642768018, 257.8382581922744, 256.4546841091581, 262.5890753851998, 264.8855704413521, 264.3021626790365, 267.87013634575743, 267.18962504069015, 269.96843583848744, 267.0802331712511, 263.390801832411, 263.2685824924046, 269.33379567464203, 268.732480706109, 259.245014444987, 259.3116566975912, 265.37218492296023, 268.5068689982097, 265.82273262871644, 265.87906545003267, 264.857524447971, 265.25294681125223, 261.88474841647684, 263.6267733256023, 264.6435673183866, 260.77341249254016, 266.4145534939237, 271.7471542358399, 265.77757076687294, 265.79393886990033, 262.62552990383574, 268.3886962890626, 269.50982047186966, 263.9952963087295, 265.14645792643233, 270.6478061252171, 272.9165976630318, 270.1405329386394, 272.17054494222015, 274.67442440456813, 273.54400380452483, 271.3830203586155, 272.0096977233887, 269.9165198432076, 268.18739361233196, 268.14500274658207, 266.9051837497288, 263.5545350816515, 259.1787161933052, 258.68164130316853, 261.20664774576835, 259.9203829447429, 258.68496788872625, 264.0770850287544, 259.34385604858403, 260.0635603162978, 262.13796395195857, 254.45264205932622, 252.31218541463224, 252.13330273098418, 251.64468900892481, 254.757864549425, 260.00300750732424, 256.833110385471, 254.18475257025833, 253.64389682345927, 255.5027587890626, 251.72719514634878, 248.238084157308, 252.69980460272902, 247.42104051378044, 239.59277208116325, 237.9559263441299, 235.3762961493599, 240.72371877034507, 237.60369483100047, 241.4769846598308, 237.01607038709858, 238.39107148912225, 237.22926974826387, 234.53261328803174, 238.12448052300354, 242.78441179063591, 234.06349902682837, 234.62083808051224, 237.96257858276374, 241.86016540527353, 239.8538752237956, 236.33473731146918, 242.52363959418403, 244.68317311604824, 239.73642154269749, 241.59539159139, 243.53697984483517, 243.3170979817709, 250.25070122612843, 243.84041985405824, 244.12361433241105, 241.1808005438911, 238.41847966512046, 243.043953620063, 243.13890889485683, 243.34184748331714, 246.63574396769215, 243.2688401963976, 244.2722724066841, 243.70470996432837, 238.11888800727004, 238.94932742648652, 245.29113260904955, 241.49707285563156, 241.98017612033428, 244.39521594577377, 246.40542958577475, 241.34808536105695, 238.18336859809037, 243.61352962917763, 240.03078799777572, 239.34800898234053, 239.566200849745, 240.34173541598864, 242.60950961642803, 246.99887915717235, 243.77189653184692, 244.7109205457899, 242.28467441134987, 241.16997155083558, 245.91801876491982, 243.2129484388564, 241.5815758599176, 236.0811393737794, 237.51578453911688, 235.37677408854174, 235.316433037652, 242.21493004692925, 241.3022201538087, 239.61969350179047, 241.78025580512158, 243.44890018039277, 242.6416056315105, 245.33497399224186, 247.89026184082044, 245.95650227864587, 241.70782097710506, 238.52161314222562, 245.8044225056967, 241.55753021240238, 251.6764451768664, 249.84922231038414, 248.22660725911464, 246.78616909450957, 249.628589545356, 249.95197041829434, 249.42573547363284, 250.06439073350703, 250.76466488308384, 253.43543277316635, 250.58267890082473, 249.13841230604388, 247.5579459296333, 252.50896182590068, 255.64698350694448, 257.59199337429476, 254.8947635226781, 256.0438605414497, 252.11948920355908, 253.3983113606771, 252.69377424452045, 251.3431204901802, 255.42385033501523, 255.57819298638253, 259.2314053005643, 257.93445400661903, 254.94459431966152, 256.5266821967232, 261.35657196044923, 260.15360056559257, 258.67592315673835, 257.95057813856346, 258.12162187364373, 258.7408668518067, 262.11319495307083, 260.3667256673177, 257.35730743408214, 255.78522237141934, 253.86236707899312, 255.25968500773118, 247.93775066799594, 252.6474867078994, 257.5130329555936, 251.4016743977866, 247.0812293158638, 248.17362314860029, 245.41213879055454, 251.11081373426654, 250.99912584092885, 250.83093600802965, 249.8693355984158, 253.60731184217676, 249.26684383816192, 252.05442199707034, 250.6107737223308, 245.851754421658, 245.25919375949442, 244.05793338351785, 241.3283668518067, 243.92517674764, 241.05010893079984, 245.48176083034946, 241.54353790283207, 247.67203860812722, 243.4321863810222, 244.86976928710942, 245.39525994194886, 244.56024220784514, 244.6196419609918, 246.52908003065332, 242.32030656602652, 235.59893374972876, 235.31894115871856, 236.75566711425788, 240.18127687242296, 233.1153012593588, 232.25391760932084, 234.6664964463976, 236.84191063774958, 239.82736443413637, 233.35934117635088, 235.62086385091143, 228.54951036241326, 223.81514070298942, 230.5605877346463, 231.04968117607964, 226.16057942708338, 230.5698168436687, 226.7837694803874, 226.81953752305776, 225.08495483398443, 228.8123662312826, 225.31767332288962, 224.75703972710508, 222.52342241075303, 221.50364362928607, 208.75243131849513, 211.6913080003527, 211.23857981363938, 209.722140926785, 215.7992360432943, 213.33658311631947, 202.35187233818897, 202.84877556694883, 209.07160585191522, 202.85558802286786, 203.31976225111222, 199.58766030205618, 197.905589167277, 202.1831360710992, 204.63771684434678, 202.2975881788466, 194.34341490003803, 193.97486224704323, 202.40236579047314, 198.69111107720278, 194.59529512193475, 194.95451041327587, 191.38684607611768, 197.91492080688485, 197.9516408284505, 191.6651929219565, 193.47490692138686, 195.80627763536248, 194.86290868123373, 194.10558030870234, 191.01696539984812, 192.1381185743544, 193.22505535549587, 190.02232021755648, 197.02340876261397, 190.22879070705838, 194.90858450995552, 191.09524985419378, 189.56647262573242, 191.89536327785913, 190.64534929063586, 189.77038065592447, 187.2259846157498, 194.89739913940434, 199.07165857950847, 195.76082297431103, 195.97433573404956, 193.12957933213974, 198.57866804334853, 206.80318806966156, 206.19701673719624, 202.71349521213116, 206.6261077033149, 201.15106167263457, 201.80322502983947, 193.9935239156088, 197.06317554050028, 201.7517512851292, 204.41678136189785, 204.40003272162548, 204.9855480617947, 205.59575415717234, 200.0346015082466, 204.2075583563911, 206.50737355550132, 203.0855791727702, 200.7273525661893, 197.15165896945538, 209.89361962212465, 209.60454940795907, 202.93228318956167, 207.4669366624621, 214.77889251708993, 216.26962136162658, 215.29545703464092, 212.79442969428177, 214.4609101189508, 210.263628133138, 215.68333587646487, 220.9687791612414, 216.972371588813, 217.22633785671664, 218.72903806898339, 215.25240910847984, 219.89648980034724, 221.0517734951444, 222.68090371025934, 226.53229912651918, 221.99416088528105, 227.87460445827912]}