{"latitud": 1.7815, "longitud": -68.1731, "radiacion": [235.78569929334859, 235.58550330268022, 235.73045832316086, 240.2248109605578, 239.5532378302681, 241.56660512288417, 239.57484079996755, 243.0211416456435, 244.38431074354398, 246.65990193684908, 247.2338668823243, 239.60972374810126, 243.66996799045145, 249.9841600206164, 249.8236780802409, 249.5325220743816, 248.5844090779623, 249.4104393853082, 249.0309221055774, 249.7144114176433, 250.17335730658644, 245.08012254503046, 247.89272647433822, 254.48548838297538, 252.75379943847653, 251.66039326985683, 247.70321112738722, 252.52475416395404, 254.84111904568155, 252.74176025390628, 257.50083397759335, 258.44209493001307, 260.81222432454433, 261.6341687520346, 258.8824801974827, 257.3974149915908, 257.22124108208556, 252.6691891140409, 257.0637510511611, 254.05762023925794, 251.56350860595708, 253.00105743408213, 256.1249542236328, 258.9303100585938, 255.8768661499024, 251.8718322753907, 253.99834526909726, 255.6534057617188, 252.82909461127397, 250.6924025641548, 251.99089931911897, 247.0414328681098, 243.07539087931318, 251.18748185899537, 246.92632615831175, 239.90515009562182, 240.1998711480035, 233.7217618306479, 242.84247673882388, 240.76856579250764, 241.67196672227655, 235.32289666069883, 242.27861429850267, 243.46555921766503, 237.08829218546555, 242.31301193237314, 237.26600613064238, 237.20642149183493, 235.71764170328777, 233.18915049235025, 235.55218565199115, 230.21539967854832, 227.60318052503806, 225.69585138956703, 225.702074347602, 222.01818873087572, 216.57478722466374, 212.62605048285593, 219.5372211032444, 217.97056172688812, 221.79003753662118, 218.0542959425185, 205.10896335177964, 205.25069300333658, 213.68510157267255, 207.89913677639444, 209.27470592922637, 203.25583606296118, 208.75131272210024, 209.00420769585503, 209.60165066189242, 197.90489679972336, 196.08515417310937, 196.68954247368717, 198.63186832004135, 201.20338422987197, 199.19183536105686, 189.5253986782498, 195.02062852647578, 194.55483839246963, 183.71980921427414, 177.26980573866106, 177.31400883992515, 181.08458938598633, 181.02717429267034, 179.31070548163527, 172.29382832845056, 171.49469960530607, 175.21717461480037, 167.49092644585502, 170.49184197319883, 165.64404076470277, 166.92626529269754, 170.4147529602051, 169.12144758436418, 168.77183982001407, 161.90172509087458, 169.91614303588867, 171.68466983371317, 165.06640404595274, 167.76464335123703, 168.16795298258464, 161.85726877848313, 165.97681859334315, 155.50723554823136, 159.33507961697055, 148.66062562730576, 152.87608040703662, 158.48301857842344, 154.7746782090929, 156.86205571492516, 154.81823883056646, 146.6867123921713, 146.63946066962353, 153.1860527038575, 155.58268517388242, 159.61600231594514, 148.76016540527337, 155.67287640041783, 153.90964779324, 154.84849667019316, 150.6279804653592, 142.75940450032556, 146.3914947509766, 140.2466943528918, 140.27277730305994, 135.95807647705084, 134.4862502627902, 140.60023668077258, 141.06088951958546, 142.48862944708932, 147.4674122280545, 137.27972827487534, 137.82361882527675, 137.5785112169054, 140.34656872219503, 138.09304809570312, 133.27010069953076, 142.1763497246636, 135.67051137288414, 137.66377813551168, 138.28194724188913, 138.84470384385847, 133.5820938958062, 139.03212153116866, 139.24323688083234, 136.20865186055514, 141.34277055528432, 139.2996218363444, 137.56233503553605, 140.99721048143175, 137.81919987996423, 137.70960303412548, 133.13073637220597, 138.27463946872285, 139.81791797214086, 142.94466959635417, 137.18017773098416, 143.3609612782797, 138.7553171369765, 146.14727283053926, 143.379200024075, 148.8993915134007, 148.28198195563428, 150.21893022325307, 155.94396489461266, 152.07473347981775, 150.4196910434299, 157.0897916581895, 152.19323768615726, 155.1615375942654, 160.14147584703235, 161.47665973239478, 155.83584662543402, 158.28686972724074, 163.49891175164123, 162.8607387118869, 155.58216671413854, 162.64267027113172, 157.84093424479173, 168.20757268269858, 169.79485261705187, 168.21455951266827, 169.7291873508029, 174.39398566351994, 174.74353209601517, 169.34878184000652, 172.9617116292318, 175.3255375756158, 178.03099746704098, 178.32725024753145, 180.50481991238067, 174.50292850070534, 183.72673619588224, 185.8488352457683, 189.61160337660053, 194.3682337443034, 187.53039254082572, 188.92515419854058, 187.03909784952805, 194.18845799764003, 189.9486577351888, 191.3568456861708, 196.1387023078071, 194.25454906887478, 194.53374650743274, 193.89686118231882, 200.8400189717611, 204.33746999104815, 202.77652545505103, 202.78192689683715, 205.44543702867304, 200.57013685438378, 206.76924879286028, 207.47325032552092, 203.54064737955733, 203.31470014784077, 211.4354482014974, 213.80870191786028, 211.34768498738615, 212.8073379516602, 210.54224412706162, 214.0356371561686, 217.28204642401806, 214.66974512736007, 215.1659234788683, 222.80716400146494, 219.7283861796061, 213.90618269178606, 220.6704935709636, 217.64557172987193, 217.10430077446838, 215.4275919596354, 221.3196408589681, 226.21357286241323, 225.20405875311963, 221.04330851236986, 215.87005988227006, 220.85552495320644, 225.00598466661248, 225.3042769538032, 218.8779572380914, 221.05783369276264, 221.18789189656567, 220.0434945000543, 222.37128940158428, 228.44467400444884, 228.35027372572156, 234.30533659193256, 231.45565948486333, 233.82646526760524, 224.75711322360567, 228.26148062811967, 228.10411800808387, 228.36014514499243, 228.78873647054036, 223.89890145195855, 225.19255006578246, 228.3380979749892, 220.46375851101348, 221.81192643907335, 228.0102801005046, 224.85135447184254, 223.74043163723422, 225.67543258666998, 218.59396124945752, 211.23579745822488, 207.8768367343479, 215.03367741902676, 213.54138132731126, 216.9526614718967, 216.2040987650554, 207.6150486416287, 216.01187260945642, 213.00988506740995, 209.93292210896809, 203.95835732354067, 207.03235321044926, 207.64437866210938, 202.59643520779082, 199.80144246419277, 200.97803192138682, 203.91430672539613, 197.70199415418838, 198.68682234022344, 201.47145767211921, 196.26273769802518, 194.09307056003146, 199.09155502319334, 193.29051276312944, 187.4936048719619, 183.2795033772787, 190.57154998779302, 188.37008192274308, 191.56483891805019, 185.81024339463977, 181.42874747382265, 184.74078131781687, 189.34673843383788, 195.36169942220056, 189.6011999342177, 190.56249821980796, 187.43011330498595, 197.40852627224402, 194.34137530856663, 196.4749335394965, 189.66564390394424, 181.4056198967828, 186.61737331814234, 200.76100701226133, 192.54136784871423, 181.84414689805772, 188.6682812160916, 190.6988143073188, 198.47320166693797, 199.72139155069996, 201.6609822591146, 193.33951712714304, 205.38975058661572, 205.87763264973967, 204.72917573716907, 204.71794637044272, 208.9102618747287, 217.04445919460719, 212.2348137749566, 215.79442774454756, 206.03766411675352, 209.60565753512924, 213.5723459879558, 222.71043031480585, 222.7260287814671, 220.6498362223308, 214.20667215983076, 217.81657231648774, 226.9274113972983, 226.37186991373702, 220.07610931396493, 219.063435957167, 229.48835788302964, 233.4054719712999]}