{"latitud": 8.2309, "longitud": -72.8955, "radiacion": [272.89001905653225, 272.40182834201397, 273.4559458414715, 274.7421247694228, 273.1734297858345, 273.1698198954266, 273.7991875542536, 274.3048789130318, 271.8542090521919, 275.1706388685439, 277.0650507609051, 277.16690792507603, 277.60315246582036, 275.9696834988065, 278.6911824544271, 279.19029473198793, 281.01492801242415, 282.14031253390857, 280.43990698920373, 277.938124593099, 277.8343812730578, 279.86262630886506, 278.480886162652, 279.06294403076174, 278.8159462822809, 282.07152709960945, 283.9935485839845, 285.51274787055127, 286.82953559027777, 289.7242731730144, 292.0994791666667, 292.58898756239154, 290.8761264377171, 289.04192199707046, 292.25635359022357, 294.8583184136285, 293.4063032362197, 295.4791171603733, 294.07319098578574, 293.62302008734827, 294.0883722941082, 293.83602481418194, 292.1382910834419, 291.4659478081598, 295.71747385660814, 296.76254611545147, 295.7247660319011, 296.89494696723096, 299.1606367323134, 298.10057762993716, 294.137760755751, 296.831898159451, 298.7221481323243, 300.0520367092558, 300.92635023328995, 299.4416605631512, 304.01156548394107, 305.14938744439036, 305.69421793619796, 304.42287360297325, 306.10236307779957, 306.4933764987523, 310.61029815673845, 309.6989118787979, 311.0319676717124, 315.13727145724835, 316.10969577365455, 313.9616060045032, 313.39836527506526, 311.84555146959104, 310.1354235331218, 311.6492302788629, 312.36639845106333, 311.9546991984051, 310.9869074503583, 305.6787811279298, 306.20526462131085, 306.91134058634447, 307.2371843973796, 308.6974592420791, 306.2939949035645, 313.7733859592015, 314.76746843126097, 312.94845055474184, 312.3946431477865, 313.5163828531901, 311.2123925103083, 308.9173731486003, 313.84032491048174, 311.09330156114373, 310.1901233249242, 312.8807192908394, 312.51081754896387, 310.7462214152019, 311.98246451483857, 312.76878534952806, 318.82158287896056, 317.19090610080303, 313.42513512505434, 311.70901607937293, 306.9530183580187, 303.64047902425136, 301.1699997795954, 303.301410844591, 305.7599566141765, 307.71681959364156, 301.6463774787056, 303.76728964911575, 302.4190801832412, 298.5272494845921, 294.0227666219075, 293.1840649074979, 295.2538655598958, 294.73886184692395, 296.2888636271159, 297.44644978841154, 299.55526716444245, 298.9223202175565, 299.5591669718425, 297.91732211642795, 301.13682030571846, 296.3666529337566, 295.7949952867297, 296.5067891438802, 292.4199283175999, 291.98141326904306, 295.0122314453125, 298.7957546657987, 299.06821144951726, 299.55838351779516, 298.1792549133301, 297.29774848090284, 291.43617613050685, 294.07026129828563, 294.24609095255545, 288.97046140034996, 293.1228520711264, 294.2538899315728, 296.7670752631293, 299.13370785183383, 297.6765150282119, 294.54318144056543, 298.5561241997613, 297.0490895589194, 293.57548590766066, 284.8416980319553, 282.39678226047096, 282.5506991916233, 287.6985236273872, 293.7195573594836, 297.39543346828896, 293.80842047797313, 290.2978537665474, 290.1070066663954, 294.24638281928173, 291.4104897393121, 292.33298288981126, 292.90753055148656, 290.81465488009997, 288.2594965616862, 287.76752878824874, 284.02604344685886, 278.6040235731337, 279.84280598958344, 284.14379374186205, 280.04306928846586, 282.867923143175, 281.4420779758031, 280.2380539788141, 279.41599070231126, 278.3871448092991, 282.19340379503046, 284.576515197754, 282.75221405029305, 282.73220842149533, 280.8471688164606, 282.8369706895617, 280.92622027926984, 284.633233303494, 282.46857672797313, 281.44661204020184, 279.9492024739584, 281.6934407552085, 280.683645799425, 284.0016762627496, 287.89478624131954, 285.6259969075522, 283.2873813205296, 284.33861456977, 285.8008689032661, 281.3850674099393, 282.90627288818365, 286.24985724555137, 285.23305494520406, 285.3704272800022, 289.4470087687175, 288.1014480590821, 292.3248038397896, 290.788356865777, 284.3716496785483, 286.67839372422964, 298.42368994818804, 293.821923658583, 291.37087453206385, 292.5527036878799, 293.8408272637262, 290.7163969251845, 293.7881479899089, 295.12457139756947, 295.296172756619, 295.4863572862414, 298.73584594726566, 298.8773018731012, 295.40423906114376, 292.9499052259657, 293.7358891805014, 294.2631310356988, 290.5312923855253, 295.87855682373055, 295.27162322998055, 291.2499844021268, 289.651003350152, 288.8666222466364, 290.824987962511, 289.69829067654103, 290.4739920722114, 292.4255169338651, 290.9276807996962, 288.4972191704645, 287.39066891140413, 285.63539649115677, 288.9128156873915, 287.3342844645183, 288.15760074191627, 293.8371037801107, 291.961117384169, 292.4935201009115, 301.4959125094944, 297.90583818223746, 291.0776979234485, 292.8531200832792, 292.7597091674805, 296.8586897108291, 293.6672834608291, 290.97383728027353, 291.8961834377714, 290.36294623480904, 295.22794426812067, 288.7635599772136, 285.88972795274526, 287.5653461032444, 287.5390864054363, 284.2377966986763, 287.5554650200738, 286.2882854885527, 287.9174970838759, 282.83320397271063, 282.5088105943469, 282.1853529188368, 286.5929506089953, 286.0800033569337, 283.66664530436213, 284.61789754231773, 286.2565778944229, 284.516946580675, 284.81983761257595, 286.325494893392, 286.2031682332358, 286.026042175293, 283.49712660047743, 280.8345825195313, 278.69535403781475, 277.83662160237645, 279.8610834757488, 277.60498674180786, 277.13254157172315, 273.4917254977757, 276.0267132229276, 270.5339038425023, 264.218211025662, 273.83926942613397, 272.9385456932916, 273.4358450147841, 268.7508892483183, 267.44923019409185, 263.03629218207476, 262.4853442721897, 257.0087182786731, 257.3202242533367, 257.0575507269966, 259.158138868544, 262.08604287041567, 259.8617446899414, 256.4953793843588, 260.6636867099339, 258.7412339104547, 258.0237014770508, 261.99236645168736, 260.53318888346365, 256.53461303710947, 257.23556560940216, 258.3667124430339, 257.1422804938423, 254.78467746310767, 253.3174727545845, 253.64908498128264, 251.58544074164504, 249.9939322577584, 247.82680969238288, 243.446293979221, 235.277599504259, 237.80211961534292, 240.25564914279516, 237.0732776217991, 242.81035749647359, 244.87662506103524, 242.00181774563262, 244.5625945197212, 248.3504863315159, 247.61699939303935, 248.67587754991322, 251.57516284518775, 249.68699730767148, 252.43175612555623, 253.05319747924815, 253.53938645256895, 248.4268929375543, 244.74286261664506, 248.6311776902941, 249.78070288764116, 253.27278967963335, 256.05077107747394, 256.31220508151597, 255.0660939534506, 256.126758448283, 256.0403029547798, 256.55692481994635, 256.3882671780057, 258.27624799940327, 261.98945939805776, 261.2751634385852, 262.11927507188597, 260.83923941718217, 258.55700853135863, 259.54477979871973, 263.7566628350153, 263.4900104098851, 260.4292043050131, 262.032100168864, 265.3880797068279, 265.8728953043621, 262.38439754909945, 262.7459176805285, 262.18835788302965, 260.98911726209855, 264.8813098483616, 265.40651465521927, 263.87470813327377, 263.6701151529949, 264.0788046942817]}