{"latitud": -1.3808, "longitud": -70.7067, "radiacion": [228.6373176574708, 229.02948532104494, 227.96350911458345, 233.2321020338271, 235.62884843614373, 228.98335817125113, 230.88097390068904, 237.83594699435764, 234.67703501383468, 240.82228291829438, 243.28292965359165, 238.5818584018284, 233.8740016513401, 242.6323454115127, 244.8358612060547, 241.82388127644865, 241.33892864651156, 237.9317292107476, 239.98038041856557, 241.36486985948352, 241.44773644341367, 239.257270304362, 237.98608890109597, 244.36999579535595, 250.4890881008573, 242.60504387749572, 241.0879857381186, 240.4240080091689, 244.27800021701398, 247.83599158393017, 248.53197564019104, 245.6609074910482, 249.0180715772841, 252.76307195027675, 253.45438232421884, 252.85127707587353, 249.332864549425, 239.32992935180673, 243.6242740207248, 249.89101121690547, 242.90054880777998, 243.93698916965062, 245.28427581787116, 246.09656660291887, 251.26058247884123, 243.37792850070537, 240.89513481987854, 242.59194980197495, 240.82251951429586, 243.63564707438158, 236.83903952704543, 232.20631188286686, 227.87241338094077, 227.914087592231, 237.2245824178061, 229.25576231214737, 221.98721771240238, 217.21839302910703, 221.4388896518284, 222.6735407511393, 228.18059488932295, 220.23865059746643, 222.57929170396594, 218.47380472819017, 227.12236751980262, 226.1357086181641, 217.7842223273383, 210.29009314643017, 207.58979144626196, 220.37480392456064, 216.71080796983514, 212.34575364854595, 201.8555054558648, 204.36062333848744, 211.16956905788854, 205.1142523023818, 198.68321151733403, 190.884058464898, 192.89359614054368, 202.03663745456277, 197.33014712863505, 191.14741897583016, 180.71083543565544, 182.4434900919597, 192.102508629693, 189.52392510308164, 185.7923083835179, 181.03894695705847, 184.9405751546224, 190.2915729946561, 188.2530803256565, 177.40238164265952, 170.5614288330079, 176.1630366007487, 177.92869042290582, 179.27274856567388, 174.30514585706928, 169.41916164822047, 169.83298085530603, 175.16130540635865, 162.36525463528108, 159.42580074734153, 156.4785566541884, 154.1543596903483, 163.78581161499025, 160.88597276475699, 158.92038786146375, 148.19226464165587, 155.94997253417975, 154.87780710856123, 152.3984833611383, 152.2778440687392, 149.7336661020915, 151.45764016045464, 152.79806425306535, 152.01647711859812, 148.04517156812878, 147.92107103135854, 147.63958333333338, 153.58232710096576, 150.4310888502333, 149.72397863599986, 147.63959024217397, 152.11120469835078, 149.31858045789934, 143.21372502644863, 140.15123163859047, 138.77216868930392, 143.75531764560282, 148.76976157294382, 143.79364310370556, 146.21321445041232, 139.01529307895234, 138.36667082044818, 138.17610270182288, 144.8643000284831, 142.097453350491, 141.82365315755212, 145.30218048095705, 143.76241353352864, 146.09268595377605, 139.52942632039387, 146.07362806532117, 138.68740954928924, 136.81653993394636, 134.87178840637208, 137.78383068508575, 143.1629766676162, 146.19919437832306, 146.26638437906902, 149.1112080044217, 144.42008357577856, 143.17000211079917, 135.93863889906143, 143.19729987250437, 140.02077204386396, 143.24811833699547, 138.3159702724881, 139.92707748413082, 141.41790746053064, 141.82718361748593, 145.2799212561714, 139.4815617879232, 147.11973724365237, 147.46759143405492, 154.06478279961482, 151.46811387803822, 152.47041693793403, 147.38601226806642, 155.67435955471464, 151.4463318294949, 152.5289527045356, 153.58784781561954, 150.00630111694343, 158.39575453864208, 156.0536639743381, 160.39177538553875, 152.83168436686196, 149.35967966715498, 155.9833964029948, 155.3563682132297, 159.30796797010643, 166.16183742947055, 165.46326336330844, 166.35230111016173, 166.75262603759768, 157.50750766330307, 161.55893622504342, 165.78287701076934, 165.45561582777236, 180.74028082953564, 178.82467634412978, 169.39308124118384, 176.68360858493384, 174.6932082282173, 178.1993666754829, 180.68197699652777, 176.96204130384658, 173.62181947496205, 180.8926644219293, 181.11781124538848, 184.6985714382596, 182.0987609439426, 181.38740993075908, 190.84181925455732, 194.19971830579973, 193.67001241048183, 188.67184193929037, 187.23967276679141, 182.14986385769325, 198.3894279479981, 195.30881000094948, 195.06441090901706, 191.77520548502608, 193.52857886420358, 201.76202875773117, 203.7494770473905, 197.0113678826227, 200.80625652737095, 204.07831158108192, 197.70690519544814, 205.930295308431, 205.08182474772147, 208.05007680257162, 206.65375790066187, 211.616133371989, 209.50656102498382, 205.51837844848637, 206.46324547661678, 215.31191380818692, 221.12553863525395, 214.71774631076394, 209.86248499552406, 210.05525953504778, 212.71605343288851, 219.17918404473207, 217.42002927992084, 215.2337765163846, 208.0113906012642, 221.74045664469406, 224.9974765353733, 220.59530800713443, 219.91132363213435, 220.6444841172961, 220.3966693454319, 230.89065687391493, 229.7885928683811, 224.73618155585396, 220.51619016859271, 224.18973880343978, 228.78765097724076, 226.88562215169273, 226.9802649603951, 230.0145816379123, 231.56227416992195, 234.1493104722765, 223.71653010050463, 225.08806805080837, 226.1987208896214, 228.25429221259233, 228.8952204386394, 226.60475650363506, 224.21060045030387, 216.0131652832032, 221.5375503540039, 230.20758887396923, 229.3106323242188, 230.71991611056865, 235.12719014485685, 228.44702767266168, 236.87577480740023, 233.20004950629345, 230.02774200439455, 232.82111833360463, 234.80468037923188, 236.16913045247404, 233.24575983683272, 231.4411198086209, 229.6294031778971, 226.83611619737417, 225.38077019585512, 224.8549025641548, 227.08358162773982, 227.7214874267579, 223.77829081217453, 216.41020914713545, 219.06134101019975, 212.2870635986329, 215.13846410115562, 220.63606948852544, 224.25946358574765, 212.55713204277893, 218.8402436150445, 217.45547595553936, 214.0264122856988, 219.2733512030708, 211.0630793253582, 205.15771848890518, 209.6390779283312, 212.16341145833334, 209.80287848578564, 202.06506890190977, 203.5307261149089, 210.29336513943144, 206.75524410671665, 205.39919119940862, 202.82664277818472, 198.93921483357758, 207.4428663465712, 197.83738072713223, 190.98338504367413, 188.68363791571724, 194.97279663085942, 188.86760643853086, 199.75096316867408, 192.8495552910699, 180.49063491821292, 188.62878968980576, 191.1800395541721, 193.07135611640084, 194.27433598836265, 193.36286341349293, 188.44851548936632, 191.57842458089195, 193.39383146497937, 199.9112947252062, 190.7941702100966, 188.2523316277399, 191.1467853122288, 190.82838473849833, 190.498741277059, 185.8914599100749, 191.2785057067872, 190.05914077758788, 204.02218390570752, 197.53314497205952, 197.38714082505973, 193.99960505167653, 203.04351196289068, 203.94361453586157, 201.76778996785478, 199.67707400851785, 199.89662729899092, 212.07729492187505, 211.50458314683706, 208.19575246175134, 208.60027440388998, 206.03977847629127, 207.58553907606338, 212.09771554734982, 217.6665923224556, 210.62836074829104, 208.64735853407123, 206.93191714816632, 219.6325003729927, 222.78686625162769, 219.36240217420786, 215.27389560275608, 219.71423882378474, 227.7382496303982]}