{"latitud": -2.0774, "longitud": -72.4677, "radiacion": [210.6846694098579, 211.18392469618058, 211.88856387668184, 216.92044932047529, 218.86781929863835, 216.24961166381843, 219.93928307427305, 221.12071702745232, 222.63825937906907, 229.3100211249458, 227.58064626057953, 228.94179729885536, 219.81058815850153, 223.578976949056, 227.5446731567383, 226.75795474582256, 228.81395653618713, 226.1545327080622, 229.6749226888021, 227.75114449395082, 228.76481602986658, 227.27069744533966, 226.79469985961916, 231.7615445454916, 237.5563090006511, 229.61970342000328, 227.49335140652127, 227.82877366807733, 229.05320731268986, 231.86703575981997, 236.3897259182401, 232.52794401380763, 233.61709060668954, 239.3012909783258, 240.80546942816844, 241.80918774074985, 238.38095813327368, 228.29291466607, 229.45590193006737, 236.06342493693035, 229.1247245788575, 232.92097303602438, 233.20213233100048, 231.54219394259985, 236.36586490207245, 230.82603641086158, 234.75358047485358, 228.94729266696513, 226.69649514092342, 227.30975824991867, 223.0150196499295, 220.36505254109704, 214.43127424452044, 210.18414569430888, 214.9395576477051, 208.8646419101292, 204.4738855997722, 200.5283568488227, 198.61428053114147, 204.3946311102973, 208.90758497450096, 205.14036568535707, 202.41954311794711, 198.26259994506844, 208.42613152398008, 209.09431610107424, 203.46582565307622, 189.65800060696077, 186.5371525234647, 197.6300423516168, 193.68723322550457, 196.18508402506515, 183.54639434814456, 180.82692582872187, 190.7713947719998, 181.60171296861438, 179.714050716824, 169.33608440823025, 173.51676398383256, 184.59674140082473, 177.80991355048286, 167.69488839043512, 156.76209606594514, 163.0114015367296, 163.9369341956245, 166.40873972574866, 166.67963528103303, 165.30584089491103, 167.04338260226783, 172.89308827718105, 166.9980627271865, 165.542535909017, 157.06808225843642, 153.23517405192055, 158.39778162638348, 159.97248030768506, 157.3619823031955, 152.09380984836153, 148.69688602023658, 160.8588158501519, 143.81151296827525, 148.65424126519102, 144.4686021169027, 140.79638642205134, 141.8576202392579, 145.14025039672848, 139.83857896592886, 139.60853407118054, 135.87353134155276, 133.35410207112633, 136.16981955634228, 139.69321229722766, 135.47718370225692, 139.3679409450955, 132.66457188924159, 138.20731629265677, 137.84601033528648, 137.2681298573812, 133.4650478786893, 137.46408945719404, 136.01349474589037, 135.84417394002284, 132.5075962490506, 133.44628380669485, 129.5668481191, 133.89809315999352, 134.79080717298723, 130.36774622599287, 130.4188966115316, 129.31283933851455, 136.19983401828344, 137.48123703002932, 131.77499156528054, 123.89432347615563, 125.44224768744579, 133.36551166110567, 138.46375673082144, 138.36099039713542, 134.9794250912137, 132.11735958523224, 137.30544586181645, 132.23257615831164, 138.7905170016819, 126.85301407708066, 130.26152403089733, 129.3877974616157, 138.99116850958936, 138.67209218343098, 134.51827799479173, 137.62432327270514, 143.65601776970763, 138.41445871988932, 139.72724414401583, 132.07037048339842, 131.29777658250597, 130.42644644843213, 136.58313157823352, 133.0127034505208, 132.23402798970534, 131.8863809797499, 138.79558614095058, 138.3905143737794, 139.49524442884658, 148.2162935892741, 143.85907965766063, 148.19532809787333, 148.33284471299916, 141.16475537618, 138.91264826456714, 139.79027421739374, 146.72754058837896, 148.11815927293569, 144.98322550455734, 142.67571606106233, 145.64742431640624, 148.22764172024202, 152.50573916965064, 147.525532023112, 142.380395465427, 146.48687201605904, 152.18873418172208, 153.7352351294623, 158.12840779622397, 158.13861745198568, 159.1754329257541, 156.86329400804308, 154.15819697909888, 158.41216095818413, 161.9822973887126, 161.58984663221574, 175.11715774536137, 170.26863140530057, 168.28278376261403, 169.29110844930017, 162.2623159196642, 172.3918168809678, 173.6215327792698, 173.5692854987251, 172.97810830010303, 173.23290354410813, 174.96154098510746, 179.85147806803388, 175.83549173143183, 171.91393937004943, 180.4390154520671, 182.38796886867954, 188.53170640733512, 185.79131045871313, 185.78946389092343, 177.74790344238284, 189.1404613918728, 188.76333948771162, 191.53427793714738, 184.99109022352437, 186.49498303731283, 195.45928005642364, 194.48710649278428, 189.60068800184467, 195.55466791788743, 192.62854376898875, 187.34159122043195, 196.85296020507818, 194.07725719875762, 194.8339884440105, 193.15442810058593, 200.95414971245665, 196.99417978922529, 193.82725991143127, 190.9220937093099, 199.33071831597226, 208.73859278361007, 199.7348403930665, 196.58037719726568, 199.5429933336046, 198.41271472507057, 206.44573427836107, 205.88823733859599, 197.47974175347233, 190.67124188741056, 204.81631673177083, 207.8343618604872, 206.81500261094845, 207.15986090766066, 207.6022869533963, 213.44802898830838, 216.0682345920139, 219.37103034125434, 213.79170718722878, 204.2892567952474, 203.72522744072816, 210.53080724080414, 217.07751795450852, 212.52642364501958, 213.82721616956925, 212.39613952636728, 215.50755225287557, 209.79877548217777, 215.09874208238395, 214.44910405476892, 215.62387797037763, 216.83235982259114, 212.2840670267741, 210.4080012851291, 205.01527036031098, 204.52786746554906, 216.30031500922314, 217.1531191507976, 222.20813225640197, 221.4798943413629, 214.71938883463545, 220.53698628743487, 223.07968622843438, 217.27969657050247, 217.05486907958996, 216.30195727878154, 221.0304634094239, 220.56814295450852, 216.6255393981934, 212.37860641479497, 210.0067258199056, 209.21423110961916, 210.19796922471792, 215.97005394829645, 207.88997726440437, 209.2539885626899, 206.386641354031, 201.28875876532666, 205.23159467909076, 199.45796195136185, 201.51409700181748, 203.87123489379886, 204.04447733561202, 203.7848373413086, 200.5873888651531, 199.69418919881184, 201.26570773654512, 198.00103666517478, 196.32121471828887, 189.8963835822212, 197.15889545016822, 196.361819712321, 189.1156418694391, 190.6966999477811, 190.02324557834208, 186.78647325303822, 192.28638648986825, 190.80216361151807, 184.45151333279082, 190.99334674411355, 179.46718495686855, 181.18520482381192, 180.65016835530596, 183.81659893459747, 179.00811441209586, 182.2909228854709, 177.8969640096029, 176.01142684088816, 172.79941397772896, 175.86243769327805, 174.3458371480306, 177.85527971055774, 173.88142013549805, 172.822299363878, 172.4531190660265, 175.23197750515408, 178.4804437425402, 174.61625476413306, 169.98019163343648, 175.46570214165584, 172.06701647440596, 168.83985782199443, 171.58183759053554, 165.33043746948246, 172.22519531250006, 177.20930557250983, 177.79822040134005, 174.63964284261078, 170.6768678453234, 177.83475477430568, 183.40187962849936, 184.7763546413846, 187.18530688815645, 185.09746441311313, 192.96972028944228, 191.311454179552, 190.60412038167314, 195.57529661390518, 189.71694708930127, 184.74357215033646, 191.31617423163524, 198.24287016126854, 191.94664594862203, 192.8341048346626, 192.82903671264648, 204.17827572292754, 206.47183642917216, 204.04226455688482, 202.30538906521272, 206.2927132500544, 212.42193069458014]}