{"latitud": 1.1802, "longitud": -73.4176, "radiacion": [244.1501013861763, 247.0333184136285, 251.98632626003698, 253.2900765313043, 254.57370842827694, 252.3769758436416, 254.0027211507162, 257.53994861178944, 257.650202009413, 261.22989061143676, 261.1780909220378, 256.8558444552952, 256.62384880913646, 255.859570142958, 257.3550711737739, 257.245777130127, 258.5990330166287, 261.65249370998816, 262.9071143256294, 259.2036590576173, 258.2416257222494, 258.0684851752388, 259.15630594889336, 264.1967939588759, 263.2594029744467, 261.2637151082358, 258.17439515855585, 259.72176411946623, 258.0875445895725, 255.28748728434252, 259.44959767659515, 263.25373959011506, 265.7689217461481, 269.0733718872071, 270.3979873657227, 266.6409183926053, 262.91547580295145, 259.2760782029895, 263.84737921820744, 260.6882527669272, 257.18544362386075, 261.980384487576, 268.2845171610515, 264.3299304538304, 259.11863496568475, 255.83034871419287, 261.235528225369, 259.7965537177192, 256.68737886216917, 254.2889578077529, 255.20653728908965, 251.75557149251313, 248.0458509657119, 244.39117635091154, 235.89302232530386, 225.9043703715008, 227.5189799838597, 235.55961023966475, 232.69313651190876, 233.11754362318257, 236.23491863674596, 237.64479921129023, 237.06766408284514, 230.67246237860795, 235.27264446682406, 232.30280880398223, 236.46609700520835, 232.9738472832574, 222.55782911512594, 222.22906587388778, 216.94814368353954, 220.44222988552528, 215.7124885559083, 214.5263292948405, 215.6599606831869, 213.7346956041125, 209.5037039862739, 205.92357542249897, 211.31873914930563, 210.91165449354392, 203.74818259345173, 195.5205932617188, 192.23293194241, 200.28372183905716, 206.63892822265632, 197.33336758083774, 194.7710230509441, 193.126097700331, 197.3581232706706, 201.2784047444662, 199.27424536810986, 191.70878863864482, 180.593202633328, 184.93839280870233, 189.8900625016955, 189.2042033725315, 185.17059665256082, 181.39483820597334, 181.99687279595267, 182.3193658616808, 177.5937445746528, 178.48666551378048, 173.35174263848205, 174.86456900702584, 177.60522367689347, 169.313609568278, 173.6185890197755, 164.58804490831164, 162.99746254814997, 163.1125721401639, 161.54316626654727, 161.28010169135194, 155.36371642218697, 160.4087203555637, 156.51709713406035, 153.2089378356934, 149.81670006646058, 149.894234890408, 155.0411187065973, 151.8743135664198, 155.31388465033638, 152.77809414333768, 144.21321313646106, 151.1354607052274, 148.46948521931972, 144.493024275038, 141.25407426622186, 137.17414126926, 143.5012429131402, 142.6141355726454, 143.10930150349938, 142.25063730875652, 136.21720852322048, 137.3539031134711, 138.95960981580953, 139.31708539326988, 145.02881974114317, 135.52884229024255, 142.23794063991974, 139.87620671590173, 137.4818638271756, 133.21713629828557, 130.26901685926654, 133.35185932583278, 131.27953041924374, 125.00383669535317, 119.58592753940161, 130.56587185329872, 131.72201970418297, 132.38496911790637, 134.79483574761295, 133.36362991333007, 131.49545826382106, 130.17522477044005, 131.9894118414985, 123.0759894900852, 128.38884451124406, 126.41867633395725, 129.03033239576547, 127.78711751302082, 125.02088004218211, 119.23296915690104, 128.79316622416175, 130.12741071912984, 128.81030722724068, 133.31387702094187, 133.95943802727592, 134.80279498630102, 133.41408822801387, 132.2277971055773, 131.5959933386909, 128.27027638753262, 124.308467441135, 131.42664786444772, 139.09200435214572, 134.6617000155979, 135.32034717135963, 133.43223313225644, 129.10959938897022, 133.0841842651368, 132.58814782036674, 133.7508026970757, 136.8042171902127, 144.7033700731066, 144.02362815009226, 138.5836632622613, 138.44166899787055, 141.7404901292589, 145.06310416327585, 140.11950776841908, 142.47306425306533, 147.8416079627144, 141.3095242818197, 147.40897733900286, 145.61896294487852, 148.87669067382805, 146.47647094726565, 147.62648239135743, 144.93039160834414, 154.15636172824438, 153.23508063422312, 157.16950268215604, 152.8854000515408, 161.8057855394151, 159.57595350477436, 156.32661175198027, 155.07938944498704, 160.1211954752605, 160.56371099683977, 153.96725438435877, 155.24875462849937, 161.33964775933157, 158.64157274034292, 167.6557551066081, 161.9717653910319, 166.2260117424859, 163.61674270629888, 166.7234855651856, 169.8651023864747, 167.30817710028762, 166.57456860012482, 162.0640513949925, 165.384755452474, 167.23681237962515, 172.6335663689508, 171.85024727715393, 168.0575815836589, 176.16668294270832, 174.7738358391655, 177.65678990681968, 174.77973988850908, 177.61769417656794, 181.04613647460943, 188.12495973375113, 183.2796056959365, 178.6116023593479, 182.52903688218862, 183.85062671237526, 181.87213126288523, 179.88683573404958, 187.49447903103305, 187.18159654405386, 186.32727177937832, 188.35077853732636, 189.93754806518555, 193.97407887776703, 201.74575059678827, 197.21030349731453, 192.51551979912657, 194.3902741326227, 193.467158677843, 201.47917268541127, 203.80726648966473, 203.96521046956389, 200.77833794487847, 199.97357203165697, 195.66753929985896, 204.3498747083876, 207.06033859252935, 202.41263707478848, 201.86515096028643, 200.71875385708287, 200.13590130276154, 201.30209028455954, 198.85275039672854, 205.08339894612638, 205.15394126044387, 209.35556221008304, 215.71274532741975, 210.2870747036405, 208.81611955430776, 215.1204745822483, 215.47173758612738, 219.9335211012099, 215.3004586961534, 214.87576828002935, 214.99107577006023, 215.45308761596687, 221.17500864664723, 214.76611540052633, 218.85496690538199, 215.2212025112577, 216.43098941379125, 219.57069286770295, 219.08260548909516, 211.2708863152399, 205.23126051161026, 202.39219792683932, 211.21889224582256, 208.98322804768884, 214.56136381361227, 214.81816609700527, 210.92860972086592, 215.66414862738716, 217.98333909776488, 207.29573109944667, 206.13576600816523, 206.34525227016877, 205.32471864488392, 208.2931513468425, 202.31169543796125, 204.49308692084423, 202.38115166558165, 203.73596920437288, 209.66073735555025, 200.21527082655166, 200.17003707885752, 205.0913612365723, 199.3920204162599, 201.2525009155274, 186.06800193786623, 197.22364044189456, 201.43110080295148, 204.991737874349, 206.13512632581933, 195.8758334689671, 197.8547570122614, 197.5703035990397, 207.06525929768887, 205.10382232666026, 194.11006325615782, 191.09077580769863, 193.67731653849285, 198.23974982367625, 206.10416607326943, 199.36327523125547, 197.26179945203998, 193.08556857638897, 201.48803092108838, 202.1290547688803, 194.56950649685334, 199.90679541693797, 200.27105229695653, 205.57447102864592, 212.16391677856453, 208.71872753567166, 210.25466681586377, 208.3745053609213, 210.36869761149092, 214.53767564561636, 209.51347266303176, 213.46745105319556, 220.05311084323463, 223.5820795694988, 223.1806444803874, 222.65359590318477, 224.78116022745778, 222.89000879923515, 222.7882107204862, 227.98234363132062, 227.92440109252934, 230.24399261474616, 228.3334816402859, 240.95447514851904, 235.30018225775834, 235.78345396253812, 237.5559584723579, 231.01930168999573, 240.01459994845928, 245.6551855299208]}