{"latitud": 5.1144, "longitud": -77.0961, "radiacion": [210.19805391099717, 204.49414155748158, 204.5518753899469, 204.59550213283967, 201.68494033813488, 209.95849668714743, 202.7762482537164, 204.50248345269105, 212.0603697882759, 211.38616816202807, 211.14314320882167, 213.27227401733398, 209.87126235961918, 207.45603061252177, 210.50182723999023, 208.1632683648004, 210.27066641913527, 210.74998931884772, 213.8608779059516, 213.80652652316624, 217.5637655470106, 219.06733890109595, 217.67685572306314, 218.94007254706494, 218.30482228597012, 214.23215543958884, 218.51249152289498, 221.03285759819883, 220.79074401855473, 219.61503880818694, 224.36136423746754, 228.26808327568907, 228.22417305840395, 232.07148217095275, 231.90943942599833, 236.84923621283636, 234.48098593817824, 232.47614958021381, 234.07918853759767, 236.91793373955625, 232.05782771640358, 226.89552654690215, 227.9320292154949, 226.03543735080302, 232.1449711269803, 234.677651892768, 238.0007495456273, 235.34380806816955, 233.50067198011615, 236.3795492384169, 236.5641858418783, 235.11842380099833, 231.17956246270077, 235.2930485195584, 244.05950105455182, 237.08901401095932, 238.65500793457036, 230.87735841539174, 235.1401206122505, 238.59829754299594, 229.665072716607, 233.4755971272787, 243.43579949273007, 238.96927998860681, 242.1214689466689, 242.95102310180673, 241.5927049424914, 242.13950059678825, 240.87693099975593, 243.3550907558866, 243.4611945258247, 240.3882044474285, 234.61466556125228, 233.48816748725048, 230.92661014133034, 230.295932006836, 227.10825220743814, 227.35826950073246, 226.93315590752502, 228.84728096856017, 229.92189169989706, 230.60887400309244, 232.43488413492844, 232.3130822923449, 227.79444240993928, 223.33713828192822, 222.3410371568469, 222.84299935234927, 222.29263627794066, 231.30377714369035, 225.52823511759445, 223.63819156222874, 226.72194400363506, 221.05406672159833, 222.73472934299056, 217.91623179117843, 219.63013776143396, 211.51254662407777, 210.31319321526425, 210.2690082973905, 213.23335990905773, 213.28692440456823, 207.58887227376314, 215.27771462334533, 209.78588061862524, 208.20560501946343, 213.23121660020624, 212.4134966956245, 212.10480567084423, 214.38378033108185, 211.26038614908862, 211.87110502454973, 212.81525395711265, 218.52588382297097, 221.89079454210068, 219.18369098239478, 218.5228164672852, 215.80123435126413, 211.6367279052735, 218.74220301310228, 221.4790103488499, 221.7737013922798, 225.63328899807414, 221.4775242275662, 219.9659750196669, 223.00797424316417, 216.89907709757495, 221.37106153700094, 222.0411140441895, 221.01378809611006, 229.03987681070964, 228.37857208251953, 229.27692871093754, 223.64520823160808, 219.45566067165805, 222.23172327677415, 226.4987652248807, 224.87078111436634, 222.66410903930668, 222.4500415378147, 224.56555141872832, 223.83992318047424, 216.2125999450684, 220.66911697387695, 219.73108325534403, 215.91690800984705, 221.8444255405003, 221.0984253777399, 220.66129421657993, 225.8078099568685, 221.11266564263238, 216.47862006293408, 215.1388232760959, 214.98241399129233, 217.7561443752713, 220.1200634426541, 217.81962653266058, 208.18054428100595, 209.71723463270405, 213.5935509575739, 212.83610127766931, 215.96321122911243, 214.30741085476348, 213.7692206064861, 214.57243457370342, 217.1210372077095, 218.1244144015843, 213.77406141493063, 216.54165666368274, 216.69212120903865, 214.23068661159945, 207.12234980265302, 212.3532204522027, 211.36575563218864, 220.10225355360248, 218.33150024414067, 218.60535769992404, 215.01972325642905, 216.0054955376519, 217.7811425103082, 215.88856743706597, 216.59700690375442, 220.88490685356996, 222.72037480672205, 222.47609617445207, 222.36859241061742, 215.2459932115344, 218.70646726820212, 222.26160100301112, 227.515820142958, 226.0569785224067, 224.88593173556865, 219.40369050767686, 221.7920279608833, 222.36615939670142, 223.28077596028652, 223.96381903754346, 219.33757637871642, 226.2226593865289, 225.13222817315, 228.1323615180123, 224.20205349392367, 228.95124520195859, 228.60683449639225, 229.80507320827914, 226.20728607177736, 226.9937427944607, 224.79689144558384, 229.65562600029844, 230.4005749172635, 223.0963734944662, 218.17478366427954, 214.74695146348753, 214.54278471204984, 213.58715345594624, 213.50896309746645, 218.27905765109594, 210.81301049126515, 206.21552505493165, 209.32433759901264, 207.69169133504238, 213.3685284932454, 207.44797117445214, 207.41288825141064, 213.54703140258792, 217.61281314426006, 206.18236109415702, 206.73998192681208, 206.60505082872183, 207.03189680311417, 208.01718741522896, 200.30791753133144, 196.78664754231775, 200.79896952311205, 200.16461563110354, 201.64018554687505, 195.4355807834202, 198.5482238769532, 193.94072825113935, 196.21486155192062, 203.02780524359818, 194.2058125813803, 197.03859235975483, 201.94117160373273, 194.1890080769857, 189.01854332817922, 190.52550676133902, 189.17600182427302, 190.6181733025445, 185.79723061455627, 187.98073315090605, 188.36429316202802, 184.86865183512373, 188.53859108818912, 188.74176983303494, 180.9517448001438, 178.82251010470927, 177.17219060262053, 180.64431482950843, 184.3568329281277, 178.34880939059795, 180.48454920450854, 179.24768282572435, 179.5107595655654, 179.26019863552526, 184.66911977132168, 179.52531458536785, 172.55574383205848, 173.5864149305556, 182.19641511705194, 167.42612677680125, 174.05771967569993, 166.23096783955899, 172.59298917982315, 176.66697769165043, 172.60842107137046, 161.79447335137266, 162.68326085408526, 167.32351943122015, 165.21469760470916, 169.86500566270624, 161.43450728522404, 157.6791682349311, 164.68001463148326, 172.04865900675466, 166.9834359910754, 159.31613362630216, 159.46329994201662, 165.01280097961424, 165.81312289767803, 162.88930146959092, 160.57475611368818, 161.7915448930529, 169.9163467407227, 171.61341044108076, 161.21422894795748, 161.07059037950305, 164.00110354953338, 162.74367277357314, 162.76263448927136, 163.5036058213976, 162.26830359564886, 160.5779437594944, 159.1938792758518, 166.96609734429254, 162.08918130662707, 162.6544622209337, 161.5397709316678, 160.24338633219406, 162.87002720303005, 165.05647481282554, 163.38365707397466, 158.33847279018832, 168.93707254197867, 176.4798312293158, 173.94182408650715, 172.17621587117517, 175.8436744689942, 175.8985777113173, 180.49058227539066, 183.96199951171877, 177.69100752936473, 176.44027298821354, 175.30757908291284, 177.16835700141053, 175.02861857944072, 174.35778999328616, 173.3968609703912, 175.99526646931972, 176.18588392469624, 178.074442715115, 178.97824410332586, 178.22324396769204, 180.80230784946022, 176.84626358879942, 180.6414161682129, 176.3635623296102, 174.63326878017855, 183.09495069715715, 183.910321214464, 182.01199887593597, 180.5973190307618, 185.76945779588485, 190.65439563327365, 191.94975399441194, 188.82656945122616, 190.33589922587078, 183.99416478474936, 186.31142688327373, 194.2773546854655, 193.8481585608588, 192.05013699001742, 186.2682412889269, 186.68974138895678, 193.14154001871745, 194.74544321695967, 190.03957095676003, 189.20178188747832, 192.43051639133037, 192.69732632107207]}