{"latitud": 2.2309, "longitud": -73.5184, "radiacion": [254.80260518391938, 260.8476455688478, 263.78601091172965, 261.84149949815543, 265.6258828057184, 264.1240680270725, 264.2541953192818, 267.03011898464644, 267.4430126614042, 271.06769714355477, 267.80541093614374, 268.30967339409733, 264.76709331936314, 267.10885094536684, 268.31329447428396, 268.1358530680339, 271.81505076090497, 273.09681549072275, 276.1435206095379, 271.9194939507379, 271.5123385959202, 272.6806543986004, 270.91849924723317, 274.30939364963115, 271.671940612793, 269.310474480523, 272.1650310940213, 270.3121448092991, 268.19432813856344, 268.9341686672636, 272.32667253282347, 279.4626098632814, 279.8820278591581, 280.966232808431, 280.27286326090507, 278.72923736572267, 276.0996385362414, 273.3001744588217, 277.39421810574, 273.59479302300355, 274.9372901068794, 279.39478115505653, 282.47857988145637, 276.9438819037544, 274.6006156073677, 272.50732608371317, 275.28183220757387, 277.85917544894755, 273.4007978651259, 269.7410792032878, 272.8044864230687, 272.84609798855263, 269.9866076999242, 264.6919520060222, 254.72201758490678, 254.12726677788638, 253.12564604017473, 258.7897062513564, 255.68775253295908, 257.30018047756624, 254.24828575981994, 261.63486005995014, 255.61796417236334, 254.5254740397136, 256.67125786675354, 259.5320056491429, 261.577933078342, 257.51926167805993, 251.94626744588223, 246.4107008192274, 242.00907592773441, 243.4368693033854, 242.88978720770947, 243.15455525716152, 241.09569023980035, 239.65829950968427, 235.01939222547745, 234.51647406684035, 244.3475358751086, 231.31819966634123, 230.9523412068686, 229.55365634494365, 223.82435395982532, 228.93261845906576, 228.01613023546017, 221.31172400580522, 218.0777024163141, 221.7920350816515, 228.9733386569553, 224.34730953640417, 218.3178670247396, 218.59240849812838, 206.46216269599066, 216.77012871636285, 218.09034080505378, 214.94610002305777, 213.98981764051658, 210.6954142252604, 209.63017578125005, 207.79464204576288, 203.2134706285265, 208.82252053154852, 196.44798914591476, 200.71608301798508, 201.66210284762917, 197.94781282213, 194.19499791463224, 190.922659556071, 188.95693206787112, 191.2806777106392, 185.13752305772582, 185.87984614902078, 180.26065385606557, 182.84872025383848, 183.17871653238936, 174.50287450154624, 176.82132924397783, 175.32075559828024, 179.71909230550133, 179.2751808166504, 178.2452089945475, 174.14843953450523, 168.70833604600696, 173.74736251831055, 170.7479016621908, 165.57341800265846, 165.9991060045031, 167.51786337958444, 166.71698184543186, 160.76064745585128, 164.32419374254013, 160.06831283569338, 157.37410685221354, 156.65204340616864, 155.15598263210723, 162.2800103081598, 158.96765136718759, 152.41719529893672, 160.90403590732151, 159.10434930589463, 152.4558116488987, 147.57983483208554, 149.10215216742623, 154.94407653808602, 146.73208096822103, 135.44444859822593, 132.6539746178521, 147.2470882415772, 142.62252358330622, 147.3791574266222, 147.35246471828884, 145.77439965142148, 142.39876022338865, 141.26439954969624, 142.97714826795797, 135.6232389662001, 139.3098738776313, 130.2784554375543, 132.25545514424647, 137.50074513753256, 130.3903151194254, 127.69341888427739, 135.50885891384547, 131.9472258673774, 138.75054202609593, 140.2732435438368, 140.7649548424615, 144.78019680447053, 142.4037029266357, 139.0441912757026, 135.31477440728077, 133.07988628811304, 134.5122056749132, 138.77357228597012, 144.9663439008925, 142.0106079101563, 142.64782350328232, 142.1163333468968, 141.00669606526688, 137.10034518771707, 141.05136328803175, 137.75078362358948, 143.1912060207791, 150.2466095818414, 148.11810802883576, 142.73786527845593, 140.62671864827476, 144.9375609503852, 151.35339936150444, 145.78534969753696, 147.91596815321188, 152.34736633300784, 144.68918931749138, 147.91509238349067, 148.81556116739907, 151.30811860826282, 152.31525022718643, 150.23363897535538, 150.630701107449, 154.16646703084305, 157.06500235663523, 161.75848515828454, 154.98679902818478, 165.18287429809567, 159.716162109375, 160.37813229031036, 157.12590616014268, 161.90232590569397, 163.42118428548176, 158.8820385403104, 156.1381927490235, 161.58417494032116, 160.65262078179262, 170.47683427598744, 165.62825970119903, 163.29632640414775, 166.83787570529523, 167.45641004774305, 170.39448640611437, 170.51953854031038, 167.2393942938911, 165.87745556301547, 170.0256352742514, 174.24953926934143, 177.08664627075197, 171.28224928114153, 174.21550199720596, 178.125777689616, 180.0950092739529, 175.61070810953785, 177.19841681586377, 183.53130221896708, 183.63877936469189, 194.37493981255432, 192.75757615831165, 186.93952433268228, 191.6429018656414, 195.88919864230695, 196.91197068956168, 193.88954272800024, 196.99760258992515, 198.0944398668078, 197.56892776489258, 200.24216512044276, 198.1467877705892, 204.96918614705407, 211.22059563530823, 208.59329350789392, 208.1172827826607, 208.11967875162762, 208.96458028157562, 213.38437983194999, 214.59257998996316, 219.91029552883583, 217.9340809292264, 210.88970667521164, 210.92201826307516, 221.6274129231771, 224.46315290662983, 220.08048383924702, 218.19854431152348, 217.6151852077909, 213.74306716918946, 220.3927465650771, 215.82857098049593, 220.44140489366325, 221.66751912434904, 226.431658214993, 234.95102725558823, 231.2184473673503, 231.96911460028764, 233.81527676052522, 239.12348963419598, 236.58560214572483, 238.11656006707094, 234.5014135572646, 235.17033776177308, 230.92735968695754, 236.60087848239482, 233.8892794291179, 236.81449669731992, 238.08043111165375, 240.5937501695421, 240.37258148193362, 237.01492665608734, 234.40539406670473, 229.70405977037225, 224.61161405775283, 233.90407358805342, 232.74947992960622, 238.0806037055122, 235.1206698947483, 233.90619913736987, 234.4149339463976, 237.07526151869033, 228.3882352193198, 231.9936479356554, 227.78435058593757, 231.32857386271166, 228.73203735351572, 226.08107638888896, 231.1396220737034, 229.27980736626523, 226.66992111206062, 231.39983740912552, 226.773637729221, 226.34842224121098, 230.36960339016392, 225.9828526814779, 222.99518178304047, 216.53793792724613, 221.8445286220975, 224.40150824652787, 226.41596137152783, 230.24713007609057, 221.37608337402344, 218.31549360487205, 216.61349605984165, 227.81066521538636, 228.59876734415695, 222.08646613227003, 219.9256174723308, 218.56114137437615, 228.10011791653108, 226.5333113776313, 219.9348453945585, 219.96574334038633, 222.74818191528325, 225.81634801228856, 228.83692847357858, 226.21386108398437, 228.37726508246533, 230.76220499674483, 230.5500753614638, 230.8311880323623, 232.8277896457249, 234.976882341173, 233.6985886467828, 234.8179162767199, 231.06880128648547, 232.9253053029379, 233.72315360175241, 237.00971679687507, 242.68239881727433, 241.80390252007388, 244.6029585096572, 242.73240458170582, 240.38332129584424, 246.48697119818803, 247.00930497911244, 248.601725769043, 250.81735093858512, 248.14861187405063, 252.94063254462353, 250.8503956264921, 249.16072336832687, 251.1567569308811, 250.01408199734166, 254.71111636691626, 256.49217173258467]}