{"latitud": -0.253, "longitud": -73.774, "radiacion": [223.158256869846, 226.42925821940108, 229.1364927503798, 232.44516482883031, 237.4952189127605, 231.81461393568256, 235.9734140184191, 242.04303376939563, 241.4498151143392, 247.21687511867958, 245.0018316480849, 244.46002866956937, 234.8407112969293, 236.93258895874033, 241.80092213948572, 237.33584213256844, 241.24352103339308, 247.18672866821302, 247.4137548658584, 243.10694842868384, 240.31772164238836, 240.822725253635, 240.77968682183163, 245.51519605848532, 248.19998575846364, 238.41204071044925, 239.11096360948363, 241.19108462863505, 237.66957660251194, 240.4541798061795, 243.2775277879504, 241.0150824652779, 249.1800714280871, 249.28433744642481, 253.17836430867519, 247.97038599650068, 246.6975884331599, 237.5483946906197, 246.77700805664065, 244.15933956570112, 238.40485026041668, 244.48139283921992, 245.07737002902562, 240.78375244140628, 241.16146986219624, 240.21556260850699, 238.1232568528918, 239.5414209153918, 235.03226453993057, 238.75595728556326, 235.38744049072272, 228.3627964443631, 224.68081402248814, 223.3540043301053, 214.7396157158746, 206.99324713812936, 205.1645939297147, 207.79260228474936, 212.12281807793525, 213.00906126234273, 214.56433512369802, 214.50137964884448, 207.89051895141606, 208.44868935479062, 217.0147793240018, 212.49181399875226, 208.96878467135966, 203.43793979220928, 198.77888488769543, 201.34599770440002, 192.93931087917767, 189.6736032274035, 190.85704633924706, 190.38575049506304, 193.21315163506407, 188.98404066297743, 186.84785792032883, 184.122944132487, 182.16489741007493, 191.31901482476133, 182.83600006103518, 169.14163021511501, 162.93916668362084, 170.68928053114155, 177.9327261182997, 175.80672387017148, 169.25698165893564, 174.11277847290037, 172.82400165134013, 179.1097580803765, 175.69243409898556, 167.3465631273058, 159.09008280436197, 160.98034617106126, 166.4642782423231, 164.54140981038418, 160.43342369927305, 157.25799331665044, 154.94786220126687, 160.50993245442706, 153.02724473741318, 155.62830946180554, 151.498413848877, 146.0972122192383, 152.85080023871527, 146.6075831943089, 147.89654863145617, 143.44082344902884, 138.03703261481402, 140.8796510908339, 135.33575490315766, 141.7615950266521, 136.09488449096682, 134.08771769205734, 137.22576115926108, 140.09438650343148, 134.07513626946346, 134.44657253689238, 137.217009862264, 136.1535010443794, 137.71467887030715, 139.30580656263567, 128.90170864529088, 130.5864142947728, 130.51780047946508, 131.0570403205024, 125.43525767856177, 124.6738586001926, 126.91739391750764, 126.14973068237309, 127.53807712131083, 133.153758070204, 128.26024771796332, 123.33318820529514, 123.87557665507, 129.5105665842692, 131.6653717041016, 128.75442971123593, 125.41193351745609, 128.61196551852757, 129.91563313802087, 122.43905877007377, 124.10903252495659, 122.1495713127984, 120.61757562425397, 121.17957428826226, 121.81154836018875, 126.57045605977378, 125.10335701836478, 124.12620429992675, 132.13932825724282, 126.59710087246363, 125.87747624715176, 123.80455216301812, 122.81293093363446, 118.48349800109861, 123.96756074693467, 123.89623425801602, 123.25194091796881, 126.62012719048401, 123.30283025105793, 120.73105189005541, 123.84726846483022, 133.07259602016873, 129.11600532531736, 131.56196534898547, 137.42332017686633, 130.79628350999621, 131.20037621392146, 132.45351443820533, 133.09743499755862, 127.0266280280219, 124.62968966166186, 128.48073196411136, 136.01790534125436, 131.42668613857694, 131.61897616916244, 135.81229413350425, 132.01208881802032, 132.04189724392364, 132.19447046915695, 136.7279442681207, 142.686410522461, 150.22225511338982, 141.75102907816577, 142.80044403076172, 138.08279257880318, 140.06462156507712, 140.00459980434837, 144.83924713134772, 146.2706971062555, 149.09356396993, 150.3758382161458, 152.9878011067709, 150.01482192145454, 151.33945092095271, 153.5493518829346, 149.94233449300134, 153.63548134697814, 155.61553293863935, 151.93896119859485, 159.83087950812453, 160.53618142869743, 161.3904636806912, 162.80277260674376, 160.7757408989801, 159.73055157131623, 160.10682339138458, 164.33873833550345, 155.06287994384766, 160.95530204772953, 168.14183900621208, 166.08047222561314, 164.64434924655495, 159.78210847642688, 171.2996770222982, 168.25299241807727, 172.698971133762, 172.6615545484755, 171.83129823472768, 163.29082650078672, 169.11161287095814, 168.6361357371013, 173.4976812150744, 172.95633587307404, 171.84073435465496, 171.35149129231772, 174.08311564127607, 174.1587965223525, 175.40284652709968, 182.09165691799592, 175.58950068155923, 180.0979825337728, 183.7055375840929, 179.18059972127276, 180.63770684136293, 181.4924445258247, 176.72549836900507, 176.58294698927145, 181.33877656724727, 186.43775499131948, 185.93610394795743, 184.43415993584526, 189.6901150173611, 189.57272576226134, 193.42785373263894, 202.19024225870768, 192.16987338595928, 180.30238100687666, 185.44397099812826, 194.159878370497, 195.82055647108294, 201.2401563008627, 194.03038253784186, 197.23681242201064, 199.1799274020726, 194.0525939941407, 200.0041470845541, 200.037046983507, 198.25018344455302, 198.9200519137913, 195.56395602756075, 193.66004316541887, 191.32729466756192, 192.30783064100478, 198.27480799357102, 203.12439236111115, 206.1161185370552, 205.04863510131835, 200.40680465698242, 200.43078206380213, 203.2779213799371, 203.3218140496149, 206.46422915988504, 202.50661222669825, 209.11668319702144, 206.3041212293837, 204.83063913981127, 211.30199356079115, 202.99367955525716, 205.9924418979222, 201.84691713121205, 203.49547517564565, 201.3394994947646, 205.4382333543566, 198.04654964870892, 189.92482825385207, 193.15043784247507, 199.919660780165, 195.31263114081491, 198.7347418891059, 199.15554572211374, 198.54784995185005, 198.61063520643452, 200.20249777899858, 190.10391421847876, 184.8433949788412, 189.5924110412598, 185.7582324557834, 194.57965189615894, 186.99312150743268, 187.33213000827368, 182.53130942450636, 181.95842098659935, 185.57973573472773, 181.21001010470923, 186.60181079440653, 186.81633292304147, 185.29521263970273, 184.6930801391603, 172.21092631022137, 176.59622183905708, 182.29650387234165, 183.93165808783647, 188.81476508246533, 179.30824669731996, 177.97226927015518, 176.63192409939242, 178.46406648423942, 181.63779424031586, 174.2986690945096, 172.5697330474854, 175.90228576660158, 175.1569366455078, 185.48344896104604, 180.98103841145834, 174.88520550198027, 169.44679912991, 176.76409276326498, 175.05122511121968, 172.2652353074816, 172.8721417744955, 175.7814930386014, 178.99512557983402, 189.084561835395, 188.37686241997616, 179.5548967149523, 180.93572786119253, 185.2759889390734, 192.6482681274415, 187.0702528211806, 192.56795845031743, 198.5713263617622, 200.0134808010525, 204.82212117513018, 205.33293033176005, 207.73884853786902, 196.94586978488508, 197.73276240030927, 203.21397298177087, 204.9132405598959, 205.9151380750869, 205.54653854370125, 217.8514485677083, 220.96884562174486, 217.96217074924047, 216.10289340549045, 214.19889619615347, 221.61623628404405, 227.52406734890408]}