{"latitud": 6.8322, "longitud": -70.637, "radiacion": [237.34811113145625, 240.0676810370552, 242.51807301839196, 244.29577551947713, 246.52701687282993, 245.7419514973959, 246.6944698757596, 250.21896226671012, 251.53443213568798, 253.75272810194232, 251.8395546807184, 250.336642795139, 246.37565884060336, 247.03422427707255, 252.6206464979385, 254.6161117553711, 255.99270222981772, 261.0884441799588, 258.8256544325088, 254.43961181640634, 255.58141547309037, 256.6295888264975, 258.313343471951, 261.2923767089844, 256.4124905056425, 256.596233452691, 260.32141248914945, 259.9652530246312, 255.905970425076, 261.9494101630317, 267.3054977416993, 267.80742560492627, 269.93558468288853, 266.6222354465062, 267.7693277994793, 270.1517547607422, 266.175323147244, 268.8499043782553, 270.02025468614374, 269.12775709364155, 267.7028060913088, 271.6802551269532, 274.2969468858508, 272.07467787000877, 271.96435394287124, 271.7355231391061, 272.788355170356, 276.607487318251, 274.04518873426656, 271.7255177815756, 274.2697463989259, 276.7352888319228, 278.5456283569336, 277.17679901123057, 269.06367696126307, 266.9745853000218, 274.46057773166245, 276.44178788926877, 274.40053982204864, 271.35115017361125, 273.84301232231996, 276.9119891696508, 275.60516916910814, 274.121150716146, 276.04567345513243, 283.5767807006836, 288.5866960313586, 286.3795169406468, 281.9575537787544, 276.7629720052084, 273.4407865736221, 273.0633004082575, 273.5920484754775, 275.52650248209636, 272.63062405056434, 276.28573286268454, 272.53327907986113, 270.0617633395727, 273.33645748562293, 268.2959908379449, 266.8883360120986, 270.67118038601353, 270.92391679551866, 274.54971059163415, 270.8117742750381, 265.24237060546886, 263.0149852328832, 270.2518587748211, 273.0351082695856, 268.96816380818694, 267.9706587049696, 265.8766776190865, 259.6632409837511, 260.2768608940973, 260.7046197679308, 264.5277520073785, 266.71515307956275, 263.2080934312609, 261.3254703097874, 257.2333241780599, 254.4853923373753, 254.02973403930665, 252.60921774970166, 255.89943355984167, 253.5546190049914, 247.15339893764926, 247.00447820027682, 245.94718721177847, 240.12572877671982, 240.70255754258906, 236.44449547661682, 233.69130282931863, 227.80486560397682, 230.20282491048184, 226.68369729783805, 223.6854722764757, 232.38816235860193, 228.4505231221517, 233.1831982930502, 235.91914833916562, 228.14550399780282, 224.92996105617954, 218.6598259819879, 215.35335744222007, 215.24500944349506, 209.82267812093107, 217.91563585069449, 214.39593260023332, 215.8139552646213, 211.03876554701068, 207.64828008015957, 205.64135322570812, 195.30522316826708, 202.89703335232215, 199.50655797322597, 205.03388070000554, 208.76250000000002, 211.4485202365452, 212.97970852322052, 206.8211196899414, 207.82917217678494, 206.39696646796338, 204.0552911546496, 202.51538348727763, 189.75196041531035, 172.8852858225505, 182.49427074856237, 176.00765537685825, 188.76923306783047, 187.57948438856337, 191.55570441352006, 183.14345690409348, 183.3317711724175, 181.51336335076226, 183.51470175849082, 180.14705166286896, 173.52248577541783, 171.6405455695258, 179.05242479112414, 172.37636286417646, 164.5404691908095, 172.31543918185767, 170.3231064690484, 170.7455622355143, 171.75591167873813, 173.68628124660916, 172.9079090542264, 178.40780584547255, 174.19079199896927, 156.18281512790256, 170.15328720940488, 173.00716319613994, 174.37337862650557, 167.53412628173828, 173.40167041354712, 176.88968230353467, 171.12242702907994, 179.9446050008138, 179.54282027350533, 170.1050773620606, 174.02651748657237, 165.74083184136285, 170.80818663703076, 176.26550127665212, 168.82886017693417, 173.9958723280165, 167.88702761332198, 175.71795603434248, 170.244558927748, 176.9167533874512, 172.96998947991264, 172.42314537896058, 170.29219902886283, 167.52343915303558, 168.493690194024, 177.5011206732856, 168.10191735161678, 169.09835298326286, 164.58911548190653, 163.93840959337027, 175.54033847384986, 183.59057896931972, 167.06395513746475, 177.5209895663791, 171.3544000413683, 178.06255959404845, 169.19571647644048, 176.62359102037215, 178.8392015669081, 179.3709963480632, 185.97697923448357, 190.68975685967348, 188.88166291978632, 187.1897093878853, 189.51197857326932, 186.31198603312183, 186.44131130642361, 191.0385958353679, 190.0042938232422, 188.7871470133464, 185.71055204603417, 192.90819617377397, 195.25415403578018, 200.57028181287978, 193.35634019639755, 201.21165008544926, 202.77393196953668, 195.63195266723633, 195.76040920681433, 194.1183233473037, 199.97599877251523, 208.04815139770508, 209.97501992119683, 212.9392431471083, 214.55172483656148, 217.17427927652997, 223.38684344821513, 221.14576237996417, 220.94280582004126, 219.3098515828451, 221.02888827853738, 223.06003935072167, 220.25234336853023, 218.7809037950304, 218.9168913099501, 224.52558305528433, 229.71418728298613, 228.37459996541347, 227.83970438639324, 229.09427388509127, 232.3344604492188, 236.7570392184788, 228.17535112169057, 231.76806445651587, 228.08052385118276, 226.60350935194228, 223.61829087999138, 230.97880418565543, 225.90645141601564, 225.07727483113612, 226.33073552449548, 224.44668617248536, 221.37645662095818, 228.2213136461046, 223.72584143744578, 226.09307098388672, 228.7234399583605, 228.42664803398986, 225.59199184841586, 223.24661907619904, 222.59286066691084, 223.87621536254892, 230.13401980929908, 227.25048980712896, 226.72350955539287, 224.17020229763457, 224.22214948866107, 220.0933433532715, 218.91830673217774, 217.06546724107534, 224.71405114067935, 225.88568488227006, 226.55692647298181, 221.26473286946614, 216.1439025878906, 218.61750200059683, 217.7223046196832, 212.63990715874567, 217.3117204454211, 213.94557681613503, 218.4349260965984, 219.32403640747077, 221.93964360555015, 217.5579817030166, 214.1718875461155, 210.3066012912327, 214.71875050862636, 216.21595425075964, 213.4692170884874, 210.20003348456498, 211.26972096761074, 217.0807861328125, 211.30237952338334, 210.01260494656034, 208.17736011081274, 209.73415069580082, 205.86210064358184, 209.65335049099397, 205.1083594428169, 203.3318060980903, 202.1349956088596, 207.83562706841371, 204.37936045328783, 208.39659932454433, 204.79925367567276, 203.74383358425575, 202.03095440334752, 202.71945775349937, 207.71729075113936, 202.60888553195537, 203.4454021877713, 204.90850075615785, 206.64554689195427, 207.54845504760746, 209.38397861056865, 206.4910786946615, 206.525978257921, 202.94417555067278, 207.65941891140412, 206.41095394558377, 205.41285434299047, 208.53624877929693, 207.54499935574006, 208.3307074652778, 210.96840209960942, 213.51126836140952, 212.036594136556, 211.87780829535586, 214.16362033420145, 218.38188442654086, 219.2876603868273, 219.7691675821941, 218.3932484944663, 220.91542019314238, 226.237349955241, 225.49572499593103, 224.24693162706168, 219.3960642496745, 218.36512654622402, 225.33506978352867, 227.9922875298395, 228.5677829318577, 229.69540134006084, 230.8281522962782, 230.03075247870552, 229.97704874674483, 231.1657179090712, 229.30345272488069, 236.01296768188482, 234.61365441216367]}