{"latitud": 0.9498, "longitud": -70.9345, "radiacion": [236.4200764973959, 235.17553041246208, 238.51812065972226, 240.05411648220488, 243.7307732476129, 237.05226567586269, 240.58987214830196, 248.23515836927632, 248.45823737250439, 250.88229675292976, 251.04980367024746, 244.32411965264225, 242.95783292982324, 247.64641130235466, 255.14206966824008, 248.027759467231, 248.48058776855478, 251.7484397040474, 252.53024444580083, 251.44188791910815, 251.4913075764974, 245.6962512546116, 248.90442386203347, 254.39279106987843, 258.1929494222006, 251.1543732537164, 249.144369506836, 250.14305962456606, 251.8351847330729, 253.477725728353, 256.6916733635797, 255.9162890964085, 257.5479086981881, 262.2794086032445, 263.6974217732748, 260.16628909640855, 252.8214755588109, 246.67100024753154, 253.80497063530825, 254.16654663085941, 245.617637125651, 248.82174267239043, 254.53254487779415, 255.83336300320104, 254.34636501736114, 249.81828477647574, 251.37699398464636, 253.13816223144534, 249.03368988037118, 250.77666371663418, 246.44923044840493, 242.6076818678115, 234.926393975152, 237.9090289645725, 231.65155029296886, 225.1621182759603, 223.5938176472982, 223.49880116780608, 233.37773878309466, 229.9003011067709, 229.6365370008681, 223.9694623311361, 225.98622512817383, 229.99509446885853, 230.02588636610244, 225.25691689385306, 221.4631022135417, 218.14693730672204, 213.69859280056428, 217.69438120524094, 211.90192726982968, 209.53386060926655, 205.17353295220275, 209.5048028733995, 211.5929865519206, 205.60153791639542, 195.99968363444012, 194.88548414442278, 200.5721004909939, 207.73233244154198, 198.9891985575359, 190.32296151055235, 183.3727929009332, 188.6648296780057, 202.81131150987414, 194.027624850803, 185.8199234008789, 189.12266727023658, 189.05049650404192, 198.23977237277572, 196.90459755791565, 182.84204033745664, 173.4492471483019, 177.34173859490295, 184.94547305636934, 183.79499011569558, 178.2156276279026, 175.27944242689344, 179.1348341200087, 179.92987052069782, 175.3297344631619, 164.60538304646818, 162.53023206922748, 171.06047108968104, 172.57879994710285, 165.15916832817925, 163.33605261908642, 159.4808702256945, 162.7452517615424, 163.17767808702266, 162.921477593316, 159.51271497938362, 155.36529930962465, 157.70763202243378, 159.10286729600696, 156.96531982421877, 152.7303198920356, 150.3575159708659, 160.82950176662874, 157.96655264960407, 159.43788002861874, 152.4954954359266, 150.59123670789938, 156.35705125596797, 151.65125791761616, 151.00721910264767, 143.23565436469178, 140.3655926174588, 150.32293709648988, 149.52164916992191, 146.38507156372074, 152.90149247911242, 139.57601081000442, 140.64995015462247, 144.4970026652019, 148.01264470418297, 148.68792377048075, 141.19173422919383, 147.3722724914551, 150.56831554836705, 152.10704481336805, 144.49271045260966, 141.6085113525391, 138.52012591891824, 135.35964101155596, 130.05651088290745, 132.2576425340441, 130.96363304985894, 136.08883459303124, 140.6209637112088, 141.00023193359382, 139.0301725599501, 134.2216841803656, 136.06228997972275, 134.26331354777017, 134.59734191894532, 135.5024491204156, 131.01327302720816, 138.15183016459153, 132.4856665717231, 130.8019856770833, 133.44046003553606, 135.10244674682625, 138.65551232231985, 134.88557828267412, 141.17054307725695, 143.6188385009766, 140.93311436971024, 140.8336062961155, 142.20055160522472, 139.0260196261936, 140.64641354878745, 132.8916754828559, 135.92026672363286, 144.88245671590175, 146.21626824273008, 144.8898519727919, 140.2936983744304, 137.43065456814236, 139.4946923149957, 142.36335864596904, 142.4502932230632, 145.67370647854273, 150.29847318861223, 153.75491527981234, 153.04633653428826, 147.63226496378587, 148.33064100477432, 155.2781371222603, 155.10356703864204, 153.7717327965631, 158.57061072455517, 152.6609704335531, 155.84031490749783, 157.61296513875325, 162.3140593634712, 161.6520411173503, 157.68541751437715, 155.38883455064564, 162.33748126559792, 166.07444627549918, 167.0895342508952, 162.41766221788194, 166.51968739827475, 173.5182420518664, 170.7794363233779, 169.61410403781466, 170.08974982367624, 174.45089001125766, 173.3940590752496, 168.32440032958982, 179.11287519666885, 173.51665573120127, 183.67364713880752, 178.1491564432781, 180.0625136481392, 184.75007408989805, 180.97899458143448, 183.14974433051216, 186.50692545572915, 186.6331792195638, 184.62352879842126, 183.36307169596355, 188.98953009711371, 192.5556316799588, 191.6283836364746, 197.4878092447917, 194.0733283996583, 200.40320578681101, 197.13327568901911, 200.25612114800353, 200.99950663248705, 197.48423148261182, 205.12302839491107, 206.21308458116332, 200.509295823839, 203.29727257622622, 210.71304253472226, 204.7524938795302, 205.79563513861766, 211.13443060980907, 210.27181048923077, 208.18314776950413, 209.17492972479928, 207.72834286159946, 207.58611077202696, 216.62546073065872, 213.7304828219944, 210.59571812947593, 216.41589355468759, 214.21914232042104, 212.41343358357753, 215.40808893839528, 217.75987701416025, 220.0005210028755, 213.11066165500222, 212.7848981221517, 215.94491585625545, 218.48022859361438, 219.71751149495455, 217.9709944831001, 212.08746736314572, 214.92444000244151, 210.37911961873374, 212.1607394748265, 216.74041069878479, 218.881743197971, 221.98287387424045, 225.55290145874037, 223.47420620388456, 222.14281904432514, 218.83751000298398, 218.60342449612094, 224.43555467393665, 225.88810772365994, 224.15349146525077, 220.17986670600052, 218.01279852125387, 220.97445670233841, 221.13305282592782, 218.1937720404732, 221.47257826063375, 218.74148941040048, 219.06624976264115, 221.4423294915094, 211.41796230740022, 207.38036651611336, 201.44388648139116, 213.55147154066302, 215.8159251742893, 212.152456410726, 214.3554371303982, 208.50514763726122, 214.958290608724, 216.6982877943251, 210.04429134792758, 205.74483439127607, 205.57833124796556, 205.73146625094944, 205.9766944885254, 201.2771127488879, 206.25735660129124, 202.26953336927627, 198.2259624905057, 208.0573437160916, 200.82277679443368, 200.9861251831055, 197.10505515204534, 199.0138750712077, 201.42680358886727, 192.42359636094832, 189.15272920396595, 190.14576441446945, 195.46808217366538, 204.1948582119412, 189.9419646369087, 189.42990019056538, 193.16388643052844, 199.17225494384772, 198.0176580641005, 194.60906083848747, 191.4169157240126, 186.46971613566078, 196.97527949015304, 197.19695265028213, 196.65334091186529, 188.84590030246315, 185.2865477667915, 196.48233286539718, 198.84274826049807, 191.84255913628473, 186.5773870680068, 194.31124301486557, 192.38350236680776, 203.19752680460613, 200.69587105645078, 203.20532319810658, 201.0747781541613, 207.30571755303276, 209.9122046576606, 202.90986980862093, 205.10981436835405, 210.21047643025724, 213.6993452284072, 216.69719814724394, 210.9480229695638, 212.67516649034292, 209.21861360338002, 210.98917829725482, 221.16329125298398, 221.9270132276748, 219.1515562269423, 218.02697753906253, 223.91626595391176, 230.5954287211101, 227.6972330729168, 226.41041954888246, 224.66217142740888, 231.80294613308385, 239.39135250515412]}