{"latitud": 6.2915, "longitud": -71.2866, "radiacion": [229.3658983018664, 232.80469428168408, 236.29405348036025, 240.083504401313, 239.95047556559248, 240.24932505289715, 242.4990522596572, 245.33999582926438, 247.93262990315762, 246.67276458740244, 246.6522654215496, 244.74151441786032, 239.3416383531359, 241.09263186984595, 246.24181925455738, 248.64371270073784, 252.68868238661034, 259.0762017144098, 257.59897460937503, 250.7302534315322, 252.34264814588764, 252.17205454508462, 253.9666437784831, 254.68314904106998, 252.84472995334212, 253.63232523600269, 254.5868733723959, 254.81925209893132, 252.20655890570762, 255.9513515896268, 261.7271801418729, 261.5930357191299, 262.8597325642904, 263.05637173122835, 263.6402967664931, 264.00853457980696, 260.73352474636505, 263.0839189317491, 264.629807027181, 263.3530927870009, 258.8883344862197, 265.1937555948894, 269.17184702555346, 266.37704298231347, 264.2658769395618, 267.22357025146493, 265.7184180365669, 268.30464477539067, 266.62481265597876, 263.5306852552626, 264.9692932128907, 270.0975489298503, 270.75092315673845, 269.9861224704319, 259.57128923204215, 257.5983305189345, 264.2749657524957, 266.86296268039285, 266.17194942898226, 261.0850123087566, 263.4880357530382, 266.83644782172314, 266.02473347981777, 263.7621448092992, 266.11451043023004, 274.73046908908435, 278.51085747612854, 275.2548897637262, 270.1054806179472, 263.893264770508, 262.3443389892579, 261.5322191026477, 259.21099310980907, 263.7112575954862, 263.9423560248481, 264.9448911878798, 260.1650588989258, 259.3467017279732, 261.04375966389983, 257.3530322604709, 254.91064953274199, 258.01199781629776, 257.87833930121525, 262.87078450520846, 260.36488494873055, 251.99342566596147, 252.90925292968757, 261.3591235690647, 261.96922793918196, 261.1360248989529, 254.80157996283637, 252.01991204155823, 247.35195833841968, 249.82920269436318, 249.55279473198797, 252.8127883063423, 254.33346396552201, 250.07152633667008, 251.12419687906905, 248.35822202894425, 243.15318968031147, 242.86823671129025, 238.7181716071236, 243.1554760403104, 241.8295231289334, 237.960518222385, 238.0764436509874, 233.20681754218208, 234.47270694308818, 234.28200607299812, 228.30245513916023, 225.42642576429583, 220.17901280721034, 225.51514307657885, 218.8763576083713, 216.57582490709095, 220.68215238783105, 218.89730402628587, 227.27919150458453, 224.57751549614807, 222.23202913072382, 216.27009819878478, 212.93664126926, 211.94659754435233, 210.39728995429155, 209.9726860894098, 215.36548995971688, 212.78165452745233, 210.89805399576827, 210.056148868137, 208.81430036756728, 207.6312822129992, 197.33768361409503, 201.04308437771274, 197.07577523125542, 205.36995307074656, 210.73616799248597, 207.57486801147465, 212.88306630452476, 207.53813112046996, 204.71292911105692, 201.82383923000768, 208.13681318495006, 203.9620928446452, 192.96425340440544, 173.55882059733077, 180.72132220798076, 178.29986165364585, 188.17090386284727, 192.12173313564725, 192.72470347086588, 188.1361253526476, 183.7584025912815, 183.62281833224833, 183.30213809543193, 184.87682537502715, 178.62246076795793, 175.7357410854764, 178.80355623033313, 173.53475151062014, 170.12706752353256, 171.0492331610786, 173.2079808129205, 175.6548632303874, 173.6910854763456, 177.20655364990242, 176.14630839029942, 181.29874852498378, 173.69653498331704, 157.93955692715113, 169.07014215257436, 171.89918920728903, 171.47124116685654, 170.90020586649578, 175.62855775621207, 181.33034010993117, 178.31717495388455, 179.13741531372077, 177.17843178643125, 174.60720990498862, 173.17436608208558, 163.4475204467773, 172.75658891465932, 178.32579133775502, 169.60885747273764, 174.04924240112314, 168.52443228827588, 177.62970733642578, 170.96749869452586, 176.5893674638537, 175.08964691162112, 175.85550316704652, 169.82557991875538, 169.38238728841145, 173.79804611206058, 182.35265363057454, 174.40365795559362, 173.56204817030167, 165.10982750786673, 165.36003884209532, 175.950023566352, 179.65097961425786, 175.13003692626955, 180.93332663642036, 177.07033318413627, 181.9986970689562, 174.08874927096903, 181.25973375108507, 182.6308941311307, 180.92493353949658, 183.79231363932297, 189.34364946153426, 191.44930674235033, 193.21951641506624, 188.89749671088325, 188.11178012424048, 191.882782236735, 192.7219212002225, 188.43393732706707, 189.88022749159072, 190.20339194403755, 192.53075781928177, 193.41316485934786, 202.45754114786791, 197.65127716064453, 199.41399943033858, 205.04019122653548, 199.13802320692278, 198.95187132093653, 193.0883829752604, 200.62737197875978, 208.38611238267686, 205.86875008477105, 209.64420089721685, 209.4053759256999, 213.7333707173665, 215.21092453002942, 218.07313079833986, 219.2707745869956, 217.3035006205242, 220.31224577162, 223.90382889641663, 220.9027447170682, 216.217296939426, 215.57148327297637, 225.61679221259223, 227.13032794528547, 223.30064078436965, 222.54234093560123, 224.11736814710835, 231.59716237386075, 231.39068493313266, 225.01714138454872, 227.37889234754786, 222.79609705607095, 225.08458853827585, 220.72745030721035, 229.58648757934577, 224.68090108235677, 222.78812569512266, 227.07664718627936, 221.32084240383574, 221.3100752088759, 224.2007164849176, 224.98701443142363, 225.5664501614042, 230.0780444675022, 226.579249742296, 227.6052399529352, 223.19496315850157, 223.16802647908534, 219.80134972466365, 229.21899939643018, 227.7330791897244, 225.4262378268772, 221.88864203559035, 222.83309258355038, 221.3865619235569, 217.73287412855368, 216.54425752427846, 224.04055769178612, 224.32306679619683, 224.71002790662976, 219.23278537326394, 214.84243520100918, 218.44419013129345, 217.8919989691841, 209.9688272264269, 217.05342152913417, 212.97760467529307, 218.78811492919928, 216.6398659600152, 221.06358303493928, 215.50189819335938, 215.38540632459856, 211.7061296251086, 210.25228288438598, 213.83536656697598, 211.14422420925575, 208.13919270833335, 210.27905714246967, 215.36527743869374, 209.44041358100048, 208.1142684936524, 205.01720403035486, 207.31657562255864, 203.32620154486776, 206.7197679307726, 201.71681120130748, 200.97339036729602, 198.5499437120226, 203.5807000901965, 200.1533616807726, 202.86011632283535, 199.39219504462355, 195.3459086100261, 196.3036113315159, 198.96153784857856, 202.34310226440437, 198.03764928181968, 196.08154140048563, 199.03587731255428, 201.68852691650395, 204.47114461263018, 203.20532277425136, 199.40637529161245, 202.00272492302793, 198.42052137586802, 201.50085025363504, 200.30151062011723, 199.01076532999673, 202.43263261583118, 200.8912615458171, 202.4856043497722, 203.2667644076878, 206.14867011176224, 205.80686772664384, 206.0034876505534, 209.06913672553173, 211.29161766899952, 211.27760569254556, 213.73771972656263, 211.6027375963, 215.1974756028917, 220.49275758531368, 216.86774495442705, 216.03609339396158, 210.03473646375878, 211.19539574517148, 216.46509484185117, 221.25524054633252, 220.64771474202476, 222.18702833387601, 226.99344567192938, 224.02045669555673, 224.0354899088543, 225.7393446180556, 223.77130381266284, 229.3259874131945, 230.1034866333009]}