{"latitud": 2.5989, "longitud": -73.0668, "radiacion": [253.9776134914823, 256.8359551323785, 261.3917168511285, 262.2803792317709, 265.1759475708008, 263.9511554294163, 264.8458743625218, 265.61781133015955, 266.6091739230687, 268.91355150010855, 267.6201226128473, 267.31359269883905, 265.60116780598963, 266.40267639160163, 267.50441979302303, 267.80074835883244, 272.21332482232, 275.8762274848091, 276.2897549099393, 270.67804921468104, 271.8865661621094, 271.399290974935, 271.20105370415587, 274.3329010009766, 267.8281073676216, 268.2409829033746, 270.3891079372831, 269.4912877400717, 266.36844567192935, 268.33985053168414, 274.03608347574885, 279.54423946804474, 280.31607920328776, 281.473565334744, 277.404261440701, 280.2834815131294, 278.83377770317935, 273.7558398776585, 276.61369730631526, 273.9598183525934, 273.6136676364476, 277.8612058851456, 283.44078792995884, 276.94107377794063, 276.4538516574437, 273.9016455756294, 277.2698086208768, 279.0347050984701, 273.26279907226575, 268.4891977945964, 271.7735899183486, 272.4057412041559, 270.405111694336, 267.217679172092, 258.25174187554256, 258.4068774753148, 255.58607694837778, 262.1752755059136, 258.38599819607214, 259.1399737040202, 257.2043016221789, 261.09137980143237, 256.71695573594843, 258.97078670925566, 260.0345480177138, 264.90881076388894, 265.4130742390951, 260.65529293484167, 253.35678371853305, 247.86436021592888, 243.52178175184477, 246.01447533501528, 243.82231207953566, 248.3934017605252, 247.40545196533208, 241.00014478895403, 239.6295595804851, 239.06378851996533, 244.998797776964, 236.88054063585074, 233.92064302232538, 236.34662594265419, 227.9921213785808, 234.76630011664497, 234.61953303019212, 225.12527804904525, 226.53788647121857, 225.8584045410157, 235.9733166164822, 229.52875790066193, 224.21574096679691, 223.00431603325748, 215.64742558797207, 221.64557868109821, 223.50839886135523, 220.83120786878803, 221.58556501600484, 219.56438412136512, 216.2753221299913, 215.7547173394098, 210.59234831068252, 217.66269700792108, 202.50320994059254, 209.83954357571074, 206.04954571194116, 206.0961090087891, 200.9092892116971, 197.31250161065, 196.4553515964084, 200.90210316975916, 192.8451977199979, 193.3762388441298, 187.96076821221246, 189.37664811876093, 192.583100297716, 183.21899952358672, 183.66976793077257, 181.73880894978848, 188.47882902357318, 187.65995814005532, 185.54143168131512, 183.12683478461372, 179.11743350558814, 180.03387747870556, 177.70048972235793, 171.79463390774197, 174.08996827867296, 175.96942087809248, 177.2273438347711, 170.13801718817817, 172.73471616109217, 170.65438673231338, 167.93045366075307, 168.34384197658963, 164.6894252353244, 171.06243362426758, 166.06834763420957, 162.42645890977656, 172.6171396891276, 169.7626500447592, 162.43114412095818, 155.7355633205838, 157.24598736233182, 163.29594548543298, 157.23936987982862, 140.9696948581272, 140.2628416273329, 149.83809577094192, 152.33233871459962, 154.19688864813912, 152.7953294542101, 150.8896291944716, 146.28224877251526, 147.28979797363286, 148.0284340752496, 142.64841969807946, 144.97875857883037, 135.54201880560987, 135.7704695807563, 140.22614262898765, 133.90919727749295, 132.2764095306397, 142.94045155843102, 137.92417725457088, 141.7948450724284, 146.07296528286403, 145.92528491550027, 146.44124001397032, 145.2475730048286, 142.03514904446072, 135.26136474609376, 136.314028676351, 135.1956505669488, 137.38006642659508, 148.57126337687174, 145.2994837443034, 143.4782112121583, 146.41347842746313, 142.93665313720712, 140.3789066314698, 144.7299002753364, 140.3898913913303, 144.7739737616645, 151.6699833340115, 147.7790937635634, 144.99812952677414, 142.38526916503906, 145.65664583841968, 152.89616182115344, 148.7378045399984, 148.27237201266817, 155.4121440463596, 147.5860766940647, 149.19833272298175, 148.30038697984483, 152.37916039360894, 155.33111970689563, 152.6170962015788, 153.967975446913, 155.13191858927414, 157.13401260375986, 163.86435496012373, 155.8516998291017, 164.46338348388676, 162.77316411336267, 162.04460093180342, 158.3309928046333, 159.1114166259766, 164.4761287265354, 158.15448777940546, 158.16344918145077, 158.76583370632594, 158.88182830810547, 171.45436358981667, 167.09653057522254, 164.01018998887807, 166.79243528578013, 168.51213785807298, 169.3435779147679, 168.61428731282555, 164.81395424736877, 165.11075846354169, 168.7371148003472, 171.4611640930177, 175.68057818942603, 171.36633978949655, 175.03518125745993, 176.98877800835498, 178.0497548421225, 175.76975775824658, 173.80546383327905, 182.24570634629995, 178.7670458475749, 189.38644917805996, 191.93785095214852, 185.39050860934796, 186.17437956068252, 190.89318949381516, 195.27197257147895, 189.73907216389978, 193.72727402581108, 196.91655358208553, 197.05897403293193, 199.33267228868274, 197.63356984456388, 201.22470957438156, 208.02794935438374, 203.99032236735033, 204.9170018513997, 204.15983157687728, 207.13221460978198, 211.88306749131948, 207.74561809963663, 215.83149905734595, 214.34519348144534, 211.25981241861982, 207.57036836412226, 218.5517271253798, 221.36025992499466, 218.55141694810655, 216.13238644070103, 216.4618784586589, 213.49627905951613, 216.04835840861006, 213.98639594184024, 218.73329544067386, 218.09781739976668, 222.37980774773496, 232.92784729003915, 230.68155415852868, 229.82582609388567, 228.91970570882174, 236.38344006008586, 234.4534640842014, 236.33958562215176, 234.1278107537164, 231.70818032158755, 229.2103668212891, 233.35220430162227, 229.06594941880977, 234.6469133165148, 237.49123229980475, 240.2248346964518, 233.8266276041668, 233.86031714545365, 233.84799499511723, 224.92340410020628, 216.64539430406361, 227.53902876112204, 224.45365914238832, 234.321122233073, 229.80044080946183, 226.02330203586163, 228.26220720079212, 227.16783345540375, 223.6888019137913, 224.46776224772137, 221.80714051988392, 225.61674830118818, 227.1365459018284, 222.09025175306542, 227.35879804823136, 227.76980336507168, 222.07630437215172, 227.55772891574443, 224.78779457940004, 221.85664681328674, 223.62252570258258, 217.41203850640196, 221.2872750176324, 210.88869789971253, 216.5222729153104, 217.5529501173232, 220.87496253119573, 222.65600374009878, 217.59713016086152, 213.7190320332846, 213.6393259684245, 220.3862052069771, 222.67804955376525, 214.48924399481885, 214.21089163886185, 214.75490349663633, 220.04335674709748, 220.29776458740238, 214.65811818440753, 215.8156885782878, 216.1764473809137, 220.663252512614, 220.43932376437715, 219.6849465264215, 224.09090635511618, 225.8218672858345, 226.28525577121317, 229.6651328192817, 228.61964492797858, 232.31279771592895, 229.30186555650496, 231.4521191914877, 229.43161400689021, 229.3614523993598, 231.32568215264226, 235.18204362657343, 239.13499840630433, 240.8496032714844, 240.46493335300022, 241.76126480102548, 237.00649049546988, 242.85240088568798, 245.02597469753695, 248.13672078450523, 250.78605278862855, 247.21628536648223, 251.09563437567826, 250.45262383355043, 247.759329393175, 249.48259633382168, 248.4427552964953, 253.8396742078994, 255.70395711263026]}