{"latitud": 10.6844, "longitud": -74.0038, "radiacion": [244.80344924926763, 248.86903423733187, 250.97698211669933, 253.4548429701064, 252.37966342502182, 254.40804629855697, 254.80947129991327, 253.35810055202913, 252.95674099392372, 253.93163265652132, 258.6869464450413, 258.8872845119901, 258.9453504774306, 251.4667083740235, 252.35351206461596, 255.45204230414504, 259.74498884412986, 262.19294772677966, 262.6272732204862, 263.80563693576397, 261.520165846083, 261.0292573716906, 265.09342854817714, 265.25426500108506, 264.6963246663413, 263.9475241767036, 264.5104544745552, 265.4703464084202, 265.93058098687067, 270.542470296224, 274.22968699137374, 274.6682657877605, 271.4359688652887, 273.040700615777, 274.4174082438152, 276.0424843682184, 273.6683480156793, 275.15318315294064, 276.4851450602215, 281.57107781304256, 277.5587329440648, 276.21770528157555, 279.5395848592123, 278.40645938449444, 277.833790757921, 281.3822592841255, 282.52919803195533, 279.92410719129776, 280.33273451063377, 279.81265055338554, 280.16155734592024, 281.03578135172535, 284.2009246826173, 283.0355272081163, 280.54323611789283, 276.69922332763684, 281.7092427571616, 284.3429845174155, 284.1782485961915, 281.99587215847447, 281.7201936509875, 283.5888729519315, 284.31263495551224, 285.85416683620883, 283.8330071343317, 288.065776401096, 292.9059533013239, 292.60467224121106, 286.09449530707474, 283.7745764838325, 284.2623430040148, 284.76155921088326, 281.3523973253038, 282.5077909681533, 281.0887593587241, 277.30428220960835, 281.15939992268886, 282.35680965847445, 282.85820583767355, 286.3508307562934, 282.0865835401748, 281.0347496880426, 279.28493516710074, 279.2113132052952, 280.35004187689896, 279.69406178792326, 278.5233732435439, 276.81427815755217, 275.8227153354222, 278.46379072401265, 278.3222776624893, 281.07066396077477, 280.4235000610352, 277.10052202012815, 277.97534908718535, 272.896297370063, 275.4415035671659, 276.0758633083769, 277.3896947224935, 276.38633388943157, 269.66841566297745, 264.8186106363933, 260.9378507826064, 265.678749593099, 262.5399413214791, 268.91558990478524, 263.20760057237413, 264.82654385036903, 265.13607737223316, 264.98362291124135, 264.3615865071615, 258.26179538302955, 253.6544804890951, 257.002023654514, 258.45752504136834, 254.9837540520563, 255.0256713867188, 251.25631510416676, 254.56999070909288, 253.90302513970275, 258.4022006564671, 250.01133304172097, 249.9744726392959, 248.57346895005978, 240.01865276760532, 236.14538667466908, 239.7717421637642, 244.6971844991049, 245.92279061211482, 237.58208423190658, 233.05567423502612, 231.23826946682405, 227.86582895914728, 224.5104482014974, 227.27471728854712, 230.53230472140845, 230.75586259629998, 236.0916585286459, 235.91333041720927, 231.87397113376196, 232.9830320570205, 228.96071565416128, 227.29449810451942, 225.0598408169217, 224.4393160502117, 224.35066570705843, 216.49398566352, 212.12220637003588, 213.31265580919066, 215.57052391899967, 221.85232357449001, 215.20506659613716, 212.50638749864368, 214.0919725206164, 217.5101119995118, 210.0959175109864, 211.15377714369035, 203.204020690918, 202.21271107991535, 203.95571382310663, 204.51236300998275, 197.28523288302958, 195.05639733208548, 195.6232723659939, 204.79140430026587, 203.29408230251738, 198.42920845879453, 204.30974214341913, 202.70705947875982, 198.86815677218974, 198.9405262417264, 206.57865244547534, 203.573124186198, 201.61333228217237, 200.4052536858453, 200.65885853237577, 205.33539165920686, 200.76298327975803, 202.30796941121426, 199.95172178480368, 201.96226908365884, 205.84051640828457, 206.12249120076504, 201.2372252570258, 204.36481789482968, 202.9976178487142, 195.14572457207578, 201.5901538425022, 203.3578693813748, 196.44407501220704, 200.13750847710514, 196.63214908176005, 202.6750737508138, 197.30439487033425, 199.03223826090502, 209.85691104465062, 206.50930650499137, 206.20944671630866, 193.7551180521647, 192.90288420783153, 201.53692415025498, 212.05013097127278, 202.46237275865346, 196.13979000515408, 196.63731664021813, 206.02761374579532, 202.75155444675022, 201.9059884813097, 201.82010286119257, 203.3741787380643, 206.61832716200092, 200.93754857381188, 207.68455581665043, 210.2806970384386, 200.06422958374029, 197.4470364040799, 195.9117976718479, 204.68636508517804, 204.31849051581494, 203.8679413689508, 199.09803331163198, 198.4647832234701, 194.93349117702908, 193.6307680765788, 191.63001802232532, 197.27888683742947, 196.07248636881513, 198.49011942545573, 198.90305141872838, 199.6877632988824, 202.85265070597336, 196.97080281575526, 194.8511984931098, 206.72867050170905, 203.70820753309468, 198.92511901855474, 207.50840377807626, 214.08544353908962, 209.80967619154194, 196.97131754557293, 191.95947032504617, 197.2199361165365, 201.27838668823242, 199.70829026963978, 201.79288643731016, 204.26240141126846, 202.38196767171232, 211.09301028781474, 200.00566151936854, 201.25520587497286, 202.3111702813043, 205.51357964409726, 207.8179330613879, 204.24965464274098, 205.4162978278266, 200.80386513604068, 198.79540481567383, 200.5912123786079, 197.5810618082683, 199.96672286987302, 200.21792229546438, 205.80760209825303, 199.8644515991211, 192.8380327012804, 198.69383578830298, 199.83009626600483, 207.7340976291233, 208.66058078342022, 203.79379670884876, 200.14270655314132, 194.38107359144433, 196.10649812486443, 202.25880889892582, 200.43222317165805, 200.26243871053057, 197.29880108303496, 197.79168031480583, 198.61695209079323, 196.48057725694457, 193.68566784328883, 198.93601040310338, 202.19265772501635, 204.01334508260098, 197.58258103264708, 192.2822480095758, 192.51130243937175, 195.9791482713488, 186.87682351006404, 186.57134556240513, 190.826517783271, 194.04090033637158, 197.043440161811, 197.5042855156792, 192.54688500298394, 193.82353134155275, 193.80493689643012, 192.45309032864043, 193.7502771165637, 198.99989446004238, 198.81520250108517, 193.75122417873817, 200.71063516404897, 202.00068698459208, 199.57129397922097, 197.62455257839625, 196.2446530659994, 194.0424290974935, 195.70125901963988, 194.27103042602542, 191.38043501112205, 185.43884463840064, 179.76553675333662, 183.83474663628468, 188.89079280429416, 193.0002350277371, 188.6243176778158, 190.3062138875326, 188.55965152316625, 195.5133106655545, 202.29706013997404, 205.3177375793457, 205.1178787231446, 204.32213244968, 204.29280607435444, 201.0928711785211, 200.7999623616537, 205.1154914855957, 200.48861596849235, 202.21486579047314, 206.51943266126852, 206.22382303873704, 202.31214836968317, 208.20890731811528, 208.15477913750547, 211.84763810899526, 214.99381400214307, 216.1596500396729, 213.99223175048834, 219.27808240254726, 222.20727047390406, 222.62418373955623, 219.19903598361546, 218.4514391157362, 220.5505463494195, 227.93331697252071, 226.525590048896, 228.60066019694014, 227.34753740098748, 227.9326645745172, 227.5702275594076, 229.53332655164937, 232.27277878655332, 232.5747377183703, 234.30906804402673, 234.6459971957738, 235.89084794786245, 236.3267456054688, 236.55382368299706, 240.68991004096145, 237.4728922526042]}