{"latitud": 3.2963, "longitud": -77.3336, "radiacion": [239.65769297281906, 238.80246904161245, 236.766939798991, 243.77335120307077, 238.3797637091743, 242.0356138441298, 233.33552313910596, 231.5134355333117, 242.79540523952915, 242.223090616862, 243.7534103393555, 243.29440155029303, 243.1337170071073, 240.55151655409074, 238.43889711168083, 232.6518549601238, 242.00749545627173, 238.70423643324116, 243.57637871636294, 239.42820621066622, 234.95323045518663, 240.10697784423837, 228.87808252970385, 237.13340513441304, 232.77542826334647, 235.53170852661137, 236.33949076334645, 233.1415988498264, 237.46533109876853, 234.5600065443251, 241.45326436360685, 240.47395197550463, 239.92716700236008, 250.4049397786459, 246.4294153001574, 246.837311299642, 247.69224192301442, 243.9794704013402, 250.53072687784842, 244.00098817613397, 242.39128528171122, 238.76466522216802, 233.44150577121323, 240.83473086886943, 244.6772276136611, 241.71295293172201, 242.2297733730741, 240.12667812771272, 241.92497736612958, 238.25435587565107, 237.0497158474393, 237.46371782090932, 230.32763349745014, 242.68116031222885, 242.88861185709638, 240.05670335557735, 242.76304228040917, 236.0588942209881, 237.9733722262913, 235.45295927259664, 231.43709437052416, 238.0898952060276, 244.80681016710074, 237.66685960557732, 240.24746246337898, 244.61249660915806, 251.01270285712357, 246.7947070651585, 247.0469302707249, 243.6452933417426, 239.26969401041677, 243.41548512776697, 237.2543062845867, 239.23361138237854, 236.3924413045248, 240.6480177137587, 233.0060628255209, 233.11692682902026, 235.68524017333993, 238.69307980007602, 233.84973424275722, 230.55809046427416, 237.2623435126411, 235.13589129977757, 233.0876536051433, 236.21868904961488, 228.72083214653864, 228.37119208441845, 232.20805223253043, 241.38083182440872, 237.4474199930827, 229.97776370578345, 233.9929799397787, 231.48338987562397, 227.21188456217453, 226.88230463663737, 233.32788882785383, 225.05242589314784, 226.36311297946517, 227.86497133043085, 229.5254926893447, 228.30913263956714, 222.3538214789497, 232.69431610107418, 230.37939232720274, 229.96587024264872, 226.3950056287978, 227.07145953708223, 230.80296469794385, 235.64618335300028, 230.4037161933052, 233.26105397542324, 231.82826470269106, 241.34322984483518, 238.88313005235463, 238.09007322523337, 237.34949349297426, 238.53806728786898, 235.72311740451394, 241.23994394938157, 245.77471406724723, 243.8049860636394, 250.80413648817276, 247.81907357109927, 251.1149342854819, 249.3606104532878, 248.71407996283642, 252.29943135579433, 249.50714179144975, 245.8475728352865, 252.66441972520622, 255.94490203857424, 255.4580713907878, 253.2533465067547, 245.72540156046557, 253.11085493299709, 250.7666361490886, 252.15212351481125, 252.060624186198, 250.7927537706164, 242.8911692301433, 247.08732198079431, 248.17111121283642, 247.65999671088335, 245.48107257419167, 242.55073530409075, 244.89268629286025, 249.67250247531476, 246.0447650485569, 248.58166809082033, 246.15151121351468, 239.38917999267588, 239.55622253417974, 243.21047837999137, 241.30995424058707, 244.57263776991113, 239.19263288709863, 236.53116480509448, 236.36937238905162, 235.9371537950304, 232.07146335177958, 235.43941277398014, 236.9712211608888, 232.43739776611338, 237.61992611355254, 238.4276798672147, 235.85049557156037, 238.30629628499358, 231.2238499959311, 230.92103483412004, 231.8389662000869, 225.65875439114052, 231.33548227945968, 231.45213538275826, 238.8177837795682, 236.5545343187121, 231.9438840230307, 235.2029414706761, 239.26192576090497, 234.96389422946513, 236.80552775065118, 237.28504452175568, 241.6849850972494, 242.70098266601573, 240.14408315022794, 241.48524822658973, 237.10672370062943, 240.3023020426433, 245.95944807264547, 249.88054656982436, 252.10356903076175, 244.34131876627612, 243.63577906290698, 247.20808698866108, 246.8891747368707, 246.27496982150612, 244.01441031561964, 244.53956960042333, 250.89208170572928, 249.51940765380868, 249.39731970893016, 250.50945773654527, 253.8801456027562, 251.38796878390846, 254.75483296712244, 250.242185635037, 247.04537005954327, 248.29135131835946, 257.4144616021051, 255.11488071017803, 249.93194257948144, 246.40371042887378, 245.45441335042324, 246.9689784579807, 244.13814442952483, 242.7366388956706, 248.98929290771494, 244.19944822523334, 247.44549153645835, 248.21549614800355, 248.82929755316843, 242.18316675821941, 247.04369828965932, 247.29835730658647, 248.60515594482436, 251.47999420166022, 246.5482099745009, 247.05709118313266, 244.28988020155168, 248.52182464599616, 249.51599714491113, 245.4397166781956, 248.6023844401043, 246.7880574544271, 243.85271606445323, 241.30225592719185, 240.59499460856125, 244.92077077229825, 241.17584075927746, 243.04644860161685, 249.37109798855263, 243.6151828342014, 245.67557406955302, 241.38726671006944, 240.91279534233954, 241.09912245008687, 237.6105611165365, 240.588757663303, 240.6624377780491, 230.63133171929255, 235.47076365153006, 231.46586388481987, 235.7695168389215, 235.4568020290799, 231.38854200575088, 234.11799087524423, 231.373865000407, 231.9098066541884, 236.3298762003581, 238.32214211357973, 227.18123067220063, 229.33113640679258, 233.52164399888784, 236.80555131700314, 233.95609317355692, 231.85825313991973, 226.96702702840176, 229.85558870103625, 234.66894836425786, 234.0357630411784, 222.97339426676433, 232.2465774536133, 221.4634946187338, 224.81501608954534, 228.29905522664387, 223.02816382514106, 212.8263147989909, 216.97578116522902, 218.69341303507494, 222.15540262858076, 222.8895409478082, 214.8281576368544, 218.60958277384452, 223.36751251220707, 224.38962300618493, 220.44709243774415, 206.13623055352113, 211.20008756849506, 214.50744569566515, 211.58103264702706, 211.71098259819883, 207.56045388115777, 214.3064325120714, 218.9561572180854, 217.16782506306973, 210.31205588446724, 213.48247087266714, 206.85798475477438, 205.44885652330188, 210.35369542439787, 213.7577789306641, 210.56974665323892, 209.54653786553277, 208.64969304402675, 214.86482340494797, 212.72667270236556, 211.96321072048622, 208.8722784254287, 213.8600101047092, 208.86482755872942, 212.15045861138242, 206.23234354654952, 208.7393126593697, 214.12911885579433, 221.1746347215441, 215.46407402886288, 208.86526963975703, 209.2219987657336, 212.3793550279406, 212.89645190768775, 218.09267696804477, 206.9259338378907, 212.1085234747993, 217.13871180216475, 219.62112884521494, 217.23635406494142, 211.8926383124457, 210.50833095974397, 214.26039632161462, 212.33659540812178, 219.98297542995883, 218.00312321980803, 217.32242660522465, 221.89264441596137, 215.7530409918892, 214.98051702711325, 218.68079316880974, 219.5043281555177, 224.01986872355144, 220.59176161024308, 212.87129084269213, 216.23664449055994, 215.2631201850044, 223.34350179036463, 225.84565370347772, 226.11482357449006, 226.81063257853194, 217.72267549302842, 224.3540829128689, 227.12882249620233, 230.43104841444233, 234.69821319580083, 226.55260891384555, 224.74573092990462, 228.8181871202257, 229.186961110433, 225.0278301662869, 227.891806877984, 227.5255443996854, 234.1897367689345]}