{"latitud": 9.303, "longitud": -73.7694, "radiacion": [264.7897598266602, 265.08805033365894, 267.0775839911568, 265.3035263061525, 265.32329101562505, 266.0772669474284, 266.89721069335945, 266.64095001220716, 266.5747039794923, 268.058453877767, 269.8033937242297, 271.1216985066732, 270.4889156765409, 267.8901346842449, 269.0096203274199, 270.42128804524754, 272.4951585557726, 273.25653127034514, 272.40786217583553, 270.85164862738725, 270.89613562689897, 271.72673865424264, 273.5957149929471, 273.4385045369467, 276.12666117350267, 276.1677224053278, 278.27108391655827, 279.7602922227649, 280.2557261149089, 282.45000729031045, 285.59842393663206, 285.9868764241537, 283.17388203938805, 284.9963494194879, 287.0531002468533, 288.9626892089845, 286.6786627875435, 286.57680291069886, 287.7137742784289, 289.9374621921117, 288.8651177300348, 288.5040435791016, 288.83808339436854, 288.46067911783865, 290.6485644870334, 290.82889455159517, 291.7895311143664, 291.82378489176443, 290.27505747477215, 291.6849600897895, 290.3607082790799, 291.8623268975153, 293.2904461330839, 293.22447611490895, 294.1499053955079, 292.8345570882162, 295.5919318305121, 296.70936516655826, 297.15772755940765, 296.69573415120453, 299.0779178195531, 299.46721716986764, 302.2134609646268, 299.86483832465285, 303.04390648735904, 306.97303093804254, 308.97175886366114, 306.0918867323134, 302.6307008531359, 303.77231174045147, 305.7264334784614, 304.110506354438, 300.5780719333225, 301.8850175645617, 303.47995283338764, 300.16558642917215, 297.3329471164281, 299.0784589979384, 301.4405597262914, 300.26559787326397, 300.5802320692276, 303.2479975382488, 301.9792594061959, 302.0440895928278, 301.9567586263022, 304.2654827541776, 300.1301632351346, 298.3052946302627, 301.594100104438, 301.7102018568252, 302.5707673814563, 305.19185418023017, 303.24640197753916, 300.31315324571403, 301.97722880045575, 305.5048880683052, 309.3546849568686, 306.6045569525825, 305.3801562839085, 303.1463194105361, 298.5084382798937, 293.4125727335613, 292.0344748602974, 293.3086998833552, 295.3474582248264, 299.05272911919496, 293.4174791124133, 296.16682078043635, 295.75706549750447, 295.9986021253798, 288.7192291259767, 285.85796339246974, 285.41493038601357, 289.4836012946236, 291.073844909668, 291.7230914645725, 289.9000054253473, 290.4511432223851, 290.7994337293837, 290.5338016086155, 290.12456546359596, 286.8360551622179, 287.82391510009774, 288.50439656575526, 287.1322842068143, 283.85126258002396, 288.9325068155925, 290.48068322075744, 290.0631442599827, 286.69383104112416, 282.56847500271283, 283.40814717610687, 280.6270548502605, 284.32499084472664, 284.9020621405709, 284.1917805989585, 285.30814480251746, 286.0620759752062, 288.4563976711698, 288.44438713921454, 288.9909623887805, 283.28384195963554, 287.1900400797527, 283.95840284559466, 283.3130249871149, 273.94185604519316, 272.67910054524754, 271.27703297932953, 278.23728773329003, 278.7393973456489, 281.87553863525403, 280.10168287489154, 280.319391377767, 281.14166463216156, 283.07504594590944, 281.7157921685114, 281.4682515462241, 278.9310919867623, 275.1966009351942, 276.7592325846354, 277.2044713338218, 274.1718466864693, 270.46402503119583, 270.0571063571507, 275.3027564154732, 273.97674255371095, 276.6132846408421, 279.14093814426, 276.3458080715604, 275.3939032660591, 275.33864864773227, 278.71612650553396, 277.07837041219085, 275.91962907579216, 276.6337137858074, 279.97704094780823, 280.4833989461264, 282.04701622856993, 283.56664937337246, 284.67412601047096, 279.8168957180447, 280.648257107205, 283.4794662475587, 280.5415345933704, 285.2755428738065, 282.4137532552084, 282.5355760362414, 278.62312469482424, 279.9241558498806, 278.20596754286026, 277.6981602986654, 279.20087890625, 282.66187354193795, 277.8458696153429, 279.4812040540908, 282.8300521850587, 282.3357008192275, 283.2024203830295, 281.59707624647353, 276.6996975368924, 279.587432522244, 283.54436848958335, 281.9882183498807, 282.49435865614157, 280.8808580186632, 282.9044403076172, 280.99230736626527, 284.5513693915475, 282.9772806803386, 281.2717717488609, 282.9490419175891, 286.5411909315323, 285.858310784234, 283.72975328233514, 280.12512427435985, 277.6720725165474, 282.53181762695317, 282.94609052870015, 280.82733866373695, 279.6308376736112, 278.4151875813803, 278.2354980468751, 278.27774353027354, 275.729357316759, 273.32316572401265, 272.6420871310765, 274.2137123955622, 273.753954908583, 275.6108352661134, 272.51407335069456, 274.47106441921665, 276.0189826117623, 274.0643842909072, 278.4876745435928, 276.6864734225804, 278.1432315402561, 278.1228920830622, 283.85729353162986, 277.1892384847006, 272.0730353461372, 269.00138058132603, 272.7073033650717, 274.69091830783435, 272.2793061998156, 271.22364366319454, 271.36821424696177, 270.50002305772574, 270.3665250990126, 268.28675977918846, 271.35441199408643, 271.9285964965821, 271.98911098904085, 269.8964298672147, 270.00624932183166, 270.9559066772461, 271.79580315483946, 267.06215277777784, 262.99242282443583, 260.32338951958565, 263.33171980116117, 266.7230894300674, 264.0145245022245, 261.78124262491866, 262.4947831895617, 263.33753933376744, 263.77926228841153, 268.07460361056866, 270.39362504747186, 262.0136135525175, 261.2574349297418, 254.72397460937498, 259.7447299533421, 262.4321443345812, 256.0700709025066, 256.52687004937076, 257.905701022678, 254.96271328396267, 255.56407385932076, 256.5128119574654, 246.20898937649193, 252.11137025621213, 252.4373016357423, 252.60245030721035, 249.90328835381408, 249.54652099609382, 242.55435214572495, 246.18508894178606, 239.6813103569879, 243.31423772176117, 238.68536690606012, 245.45989786783858, 246.18497373792863, 244.48070568508578, 242.8385401407878, 245.41837641398124, 240.56346037122944, 240.8443433125814, 246.24761098225918, 249.1150383843317, 252.10452270507824, 245.22940233018667, 245.30354444715715, 249.0531873914932, 247.92017576429586, 242.17504687839087, 245.30852711995462, 238.05958006117086, 238.68126356336816, 236.91612074110253, 229.7466289096409, 226.23292744954426, 227.81571316189238, 229.02068862915044, 232.04425650702584, 234.63031726413305, 235.09716423882386, 236.4422248840332, 233.5737459818522, 241.75441750420472, 242.61168738471147, 244.06291910807295, 245.62233598497184, 245.32726389567065, 242.48742574055996, 242.5534013536242, 243.60662392510312, 242.0550169203018, 240.22481587727873, 242.88316489325632, 244.15456119113506, 248.41160007052952, 247.61317918565544, 249.12237548828134, 248.52182159423833, 246.7945070054797, 246.61394687228744, 245.69227032131622, 243.12756788465717, 251.81405097113722, 254.24858635796443, 253.10297020806215, 250.97124549018022, 250.5468115912544, 251.19308132595492, 252.40499640570752, 254.6488221910265, 255.27968580457912, 253.99643181694896, 255.27028944227436, 253.71871668497727, 255.4527279324002, 257.155493842231, 254.48451860215937, 255.73423190646704, 256.6157604641385, 256.97165069580086, 257.44153069390194, 258.84027201334646, 258.726518673367, 258.6594073825413]}