{"latitud": 2.9474, "longitud": -72.4133, "radiacion": [253.82205132378476, 256.18098754882817, 261.8798224555123, 260.476619635688, 264.6543084038629, 261.38452148437506, 263.74598219129786, 265.7941756354439, 265.0447252909343, 268.8069866604276, 268.56081729465063, 265.71904381646056, 263.56282755533863, 266.36564076741547, 266.76307033962684, 268.56547139485684, 271.6549099392362, 273.69208814832905, 273.2676576402453, 268.488774447971, 268.59358690049913, 269.5100521511502, 268.9972362942167, 272.2978437635635, 268.0121012369793, 267.6567075093588, 270.3249455769858, 269.5389068603517, 265.7500444200304, 269.2698959350586, 273.86255035400404, 277.94690161810985, 278.0360260009766, 279.9723107231989, 279.10852898491765, 279.7201058281794, 276.97367757161464, 273.1453952365452, 276.9295110066732, 272.9304087320964, 271.33850318060985, 277.53702545166027, 281.6107894897462, 276.50952487521704, 275.5017308553061, 270.8163306342231, 274.92522396511504, 280.01630045572927, 272.08633914523654, 269.68351338704434, 271.4797151353625, 272.0841835869683, 269.1834833780925, 264.80873650444886, 256.8992981804742, 258.3450683593751, 258.92213880750876, 260.25717417399096, 259.05069291856563, 258.15337320963545, 257.05205620659734, 263.41206020779083, 259.4184978908964, 256.1338533189562, 259.8978981865778, 266.4258180406358, 264.68421969943574, 261.652565850152, 254.01013539632163, 252.01400655110686, 244.07926059299055, 246.96884697808164, 243.43604507446295, 246.65438579983189, 246.47581905788857, 242.27924414740679, 239.27161839803068, 242.16597654554585, 245.94845699734162, 236.66632351345493, 237.1223207261828, 236.6977316962348, 229.01645185682514, 236.2108871459961, 234.42877366807724, 225.50510677761508, 226.00802035861554, 228.571996222602, 239.2210546705459, 233.16662618849014, 227.57004403008364, 224.4455854627822, 216.19654498630106, 218.26884579128696, 224.3996077643501, 217.21901262071393, 219.37404022216802, 218.24319390190976, 221.6394371032715, 218.74133605957027, 209.44514329698356, 213.97051806979718, 203.0255928887262, 210.0549207899306, 209.5952499389649, 206.83063540988505, 200.6712945726183, 199.1156339857314, 199.3749945746528, 198.54506556193033, 193.68320753309467, 192.4588547600641, 188.67103330824116, 192.94998101128485, 195.24336157904733, 184.35189641316734, 183.47139053344733, 181.02036353217224, 192.78229844835076, 190.24037789238832, 187.97589556376138, 183.3998499552409, 179.77471296522356, 182.98846528795028, 181.61015387641064, 169.96552437676334, 176.43260286119252, 176.0247014363607, 178.61301413642033, 177.54496095445418, 177.27712343004023, 173.85591913859048, 169.68970336914063, 167.34670367770724, 169.81912807888457, 173.64153128729927, 171.96075473361546, 164.89667816162108, 172.09277759128153, 173.84344787597658, 165.50944391886392, 160.72642220391162, 159.94947433471688, 166.92891676161022, 161.10030068291562, 142.87713419596358, 144.58918541802302, 150.631193584866, 152.60660400390626, 153.67670762803826, 155.43686235215935, 155.6134005228678, 146.76367814805778, 149.64991700914175, 151.43223876953127, 145.73835728963223, 145.88462795681426, 141.11057103474937, 141.52943954467773, 147.00620990329318, 137.5325668758817, 138.60206247965502, 145.47500127156582, 143.12586525811093, 146.13544150458446, 147.59265789455836, 146.0996365017362, 145.61110928853353, 147.29316698710116, 145.25694529215494, 138.23894263373484, 137.2876177469889, 135.5553770277235, 138.62397299872507, 143.9136104159885, 146.14401448567708, 146.75856145222988, 149.8551516215007, 144.59236941867402, 145.74533649020722, 142.37273135715074, 140.2831545511881, 145.31142942640517, 152.24928131103525, 150.78586688571505, 148.1998638576932, 145.60511067708342, 146.2852872212728, 152.91149597167978, 149.53932253519702, 149.33636457655163, 156.06677924262158, 151.2653222825793, 148.67808897230364, 151.65865287780767, 154.2124937269423, 156.276190355089, 155.36200493706602, 153.87526134914825, 155.67075602213538, 156.09998101128474, 162.82012218899195, 156.1666014777289, 166.42839618259015, 164.33639890882708, 162.30550681220166, 160.01712137858078, 161.3688016255697, 165.75443140665686, 158.59275648328995, 159.30297605726454, 158.31515104505752, 159.8085450914172, 173.13952704535595, 165.3644864400228, 163.86253348456492, 166.69802169799814, 168.09229278564453, 169.10420108371312, 169.77133433024093, 164.74625549316406, 164.77258902655703, 169.95448286268447, 172.35149095323354, 176.00216200086808, 171.87412389119473, 176.34140701293947, 174.44158079359272, 176.44922027587901, 175.92416958279088, 174.3652399698893, 180.14064076741542, 175.9966647677952, 185.99495790269648, 187.1469973246257, 181.62132619222007, 187.1540550231933, 190.9643333435059, 195.20201043023016, 186.36394873725052, 192.40875049167212, 189.84798482259123, 197.8810295952691, 195.24083319769966, 194.664015197754, 197.3130372789171, 201.75392896864153, 200.98898078070752, 201.65282084147134, 200.92892947726781, 203.4865848117405, 205.8348219977485, 205.5619706895617, 212.57606243557404, 211.96867752075198, 213.0620353698731, 206.52814492119694, 215.25761006673181, 213.51916003757051, 218.4445365058052, 215.8148913913304, 216.06458782619902, 213.14002321031364, 213.76038699679907, 212.91970596313487, 217.77378675672742, 216.1445505777995, 221.03163257175027, 227.85915510389543, 229.78721177842885, 228.79783723619252, 228.36374961005322, 233.12042677137592, 230.522856479221, 233.1187071906196, 231.40977223714188, 229.33783645629887, 225.7995018005372, 229.0653760274253, 227.75313703748918, 233.11798706054688, 235.36720996432845, 235.4320604112414, 232.24029625786682, 228.17689717610676, 231.06445304022898, 220.79764141506624, 216.1963010999892, 223.80157708062075, 223.05709745619038, 232.26874457465283, 226.69394302368164, 222.7907046000163, 226.09380866156695, 223.64346237182625, 220.03875376383476, 219.99584435356994, 219.9499484592014, 222.78924102783208, 225.4875400119358, 220.0822020636665, 224.44379967583552, 222.86479721069347, 220.30716552734387, 221.42396536933052, 221.25622711181654, 217.17499838935012, 220.6283710903592, 213.46792127821186, 217.68001208835176, 208.37211668226462, 210.6372384813097, 213.7673533969456, 216.24691509670689, 221.6183247036405, 211.7217398749457, 211.39040340847444, 210.0382966783312, 213.9751035054525, 215.35294706556542, 213.1268334282769, 207.94169599745018, 213.06232257419165, 219.57457928127715, 216.4740097045899, 212.83448486328135, 214.77702679104286, 215.45789489746105, 216.95624567667645, 219.69852888319235, 215.6641007317437, 219.9727728101943, 223.90159208509658, 224.29290254380976, 226.92417178683817, 226.57114122178822, 229.11674321492524, 226.40050582885746, 229.1708118862576, 227.94524536132815, 226.2612168206109, 229.8158811781142, 232.36617092556432, 240.0715595669217, 240.10458687676325, 237.23896348741323, 239.84131334092885, 235.18367199367955, 239.00310177273226, 244.4046878390843, 246.58927425808386, 251.9445078531901, 245.0024998135037, 249.55592397054042, 249.51411124335394, 247.52595452202695, 246.3616577148438, 246.03444247775613, 252.06489020453577, 254.3866939968534]}