{"latitud": 2.928, "longitud": -72.209, "radiacion": [253.5875063578288, 257.8909325493707, 262.0895334879558, 262.5669253879125, 264.5163255479601, 262.3301461113824, 265.3402469211155, 266.6811306423612, 265.6265757242839, 269.55535142686637, 269.6791412353516, 266.1840703328451, 263.60208638509124, 267.2452585856121, 266.3231735229493, 268.87502526177303, 273.42713487413215, 275.1539955986871, 273.57350514729825, 267.94606306287983, 271.5000379774306, 271.52387407090936, 269.91201256646053, 272.81373579237203, 268.09721137152786, 268.2614020453559, 268.73592122395837, 270.36472591824014, 267.00170389811205, 267.6598515828451, 275.6040887620715, 278.9357276068794, 279.6379759046767, 278.6129077487522, 278.73963589138464, 279.24109361436643, 277.4166207207574, 274.3751773410374, 276.98260396321626, 274.3772569444445, 273.51895446777354, 277.48231947157126, 281.65250939263245, 277.5758171929254, 275.32305670844187, 271.97012464735263, 277.3955907185873, 280.0824354383681, 274.37616187201616, 268.1476025051542, 273.22387305365686, 273.88659922281914, 269.8182183159723, 265.0645682440864, 257.9939912584093, 257.6715332031251, 258.36509162055125, 260.24793540106884, 259.47086605495883, 260.4125617980958, 260.63273095024965, 265.722720167372, 259.8518898857965, 259.9269875420465, 259.7946370442709, 266.2387417263456, 262.5464711507162, 262.63967556423614, 254.3952721489801, 248.02098710801872, 243.72285444471575, 248.42133026123054, 244.74002719455302, 247.08512107001414, 247.19981028238934, 243.97020755343974, 240.51403503417976, 239.68883836534292, 244.29079530504023, 235.08917083740243, 237.08763198852546, 235.9942645602756, 228.06884062025287, 235.5981920030383, 231.39071205986878, 225.97600114610466, 226.31161363389757, 228.94241858588327, 237.47967503865564, 233.8966832478842, 227.93038084242082, 226.61073820326075, 216.77499398125545, 223.1336653391521, 224.29469553629562, 218.77337519327807, 218.59942550659196, 218.44589080810547, 222.6416415744358, 217.18150583902994, 204.74957860310874, 211.1966256035699, 203.2126338534886, 210.7096075269911, 209.18365809122724, 205.8286540561253, 199.55596076117627, 198.45294740464962, 196.8217903984918, 198.31905814276806, 194.11485671997073, 193.45863978068041, 187.25147510104713, 191.55551164415155, 194.8595620897082, 185.61486036512596, 183.67947658962672, 181.1784723069933, 189.8685186598036, 188.19429872300896, 187.88992004394535, 185.20231229994033, 179.2618620130751, 183.31865564982095, 180.73566470676005, 169.67353854709208, 175.28282996283644, 177.47534510294602, 178.31139272054043, 180.40344060262046, 175.12667066786028, 173.41395696004238, 170.1070256551107, 168.17166061401372, 168.00536804199223, 174.59883804321294, 172.57645306057404, 165.4272744072809, 175.10122468736438, 173.1721075269912, 165.34283625284834, 159.84907014634877, 159.95880949232316, 167.3214981079102, 159.86080059475378, 145.61908306545683, 145.55402484469937, 149.31556608412006, 154.9274333106147, 156.3776497734918, 155.70312966240778, 157.50325139363613, 148.1054935031467, 150.28091651068794, 151.37331966824004, 146.23429896036785, 147.2223949008518, 143.16656867133256, 142.98438474867078, 148.58157806396486, 140.08134969075525, 140.51790907118058, 147.6450544569228, 143.58082716200093, 149.03977779812288, 148.5582514021132, 147.0275565253364, 148.60690901014542, 148.8115902370877, 146.56568628946943, 139.46425815158423, 140.74713880750878, 139.54181942409943, 141.84958394368493, 146.86364440917976, 147.10594982571078, 148.97516623602976, 151.36494149102103, 146.17074610392254, 145.97602170308434, 143.65244174533424, 143.5140067206489, 147.20037206014, 154.45221065945097, 152.9382557339139, 150.73233752780493, 146.51631139119476, 148.25119556850862, 155.12649230957035, 151.03369937472874, 150.8168328179254, 159.9382035997179, 152.5353089226617, 151.19814063178168, 154.90208680894648, 157.65260848999026, 156.89093280368385, 156.43365453084314, 154.75284932454431, 157.8346492343479, 158.42241219414612, 164.08952585856122, 158.41913045247404, 167.53447409735793, 168.50532141791453, 164.8833235846626, 162.8597797817654, 163.9610816955567, 170.11186921861443, 162.0961129082574, 161.95189980400934, 162.90172093709313, 160.66223568386502, 173.9698973761665, 166.70816506279843, 166.9062227884929, 169.69365420871316, 171.8723442077637, 171.8436865064833, 170.9725521511502, 167.81814922756624, 168.73800192938916, 173.07059046427415, 174.44799118042, 177.32543318006728, 175.53787172105578, 178.46390719943574, 179.2115103827583, 181.47993867662217, 180.73316650390632, 178.86257714165583, 183.16080763075095, 178.58530892266174, 190.03613722059458, 187.861353217231, 184.14909710354277, 189.90899675157343, 194.8691580030653, 199.65045640733504, 189.86409479777024, 194.86867574055995, 192.55742229885527, 199.06763763427736, 196.31274948120122, 195.4695180257162, 199.25999077690975, 204.67926406860354, 203.3368960062663, 203.2831165737576, 203.83180787828238, 206.60330785115562, 210.52079154120557, 206.79057769775395, 216.26986702813053, 213.16975318060986, 214.45114517211925, 209.49769888983835, 219.8805248684354, 216.87367087470167, 218.12970877753366, 218.4956518385146, 215.97329661051438, 213.12692752414284, 216.1224396599664, 217.21194135877826, 220.59067450629348, 220.05087661743173, 224.7373598734538, 229.27905205620672, 231.43084225124792, 229.513506740994, 230.10159547593864, 235.63260921902133, 234.74210205078134, 234.73222257826066, 232.46191541883684, 231.38997302585187, 228.96134804619692, 230.97225282457148, 231.82901585896812, 233.19313591851133, 236.37943166097003, 237.92822528415272, 232.34390513102213, 230.03571387396934, 232.2604126824274, 222.32904612223317, 220.2293312920465, 226.83656226264108, 225.2779457939996, 232.21861979166667, 228.20605112711598, 223.25174280802415, 226.43765631781687, 225.69457270304363, 220.27858200073243, 223.545409986708, 221.76112442016606, 223.48238576253266, 224.10185199313696, 221.69627346462684, 225.68188934326182, 223.70563574896923, 220.90907711452908, 223.17947269015846, 224.01369781494142, 218.69893510606562, 220.40203382704, 213.09988428751635, 218.050163269043, 208.0754538642036, 212.45651075575088, 212.38952907986118, 214.97186821831602, 219.50303098890524, 214.20083024766714, 212.8210247463651, 208.9570713467068, 214.9185072157118, 218.2366487291125, 212.25744450887052, 210.00729751586923, 212.90908983018667, 218.1303602430556, 217.75686459011501, 213.14956444634336, 214.64285846286353, 216.3258390638563, 218.7466850280762, 219.59667137993713, 217.82172919379352, 221.29424811469187, 222.51650661892373, 225.5849054972331, 224.9844397650825, 226.62424002753366, 229.93722856309682, 224.42540571424698, 231.66473676893455, 228.22631776597768, 227.0685880025228, 232.15423202514648, 232.83959765964087, 240.21850772433814, 240.89073164198138, 237.5328099568686, 240.55190039740683, 233.7468899197049, 239.07299686008034, 244.42622511121962, 246.68515268961588, 252.13534715440542, 245.51690436469187, 249.65755606757276, 250.10782877604174, 249.1161961873372, 245.99287855360248, 246.06960296630868, 252.74191775851787, 255.2327287462023]}