{"latitud": 4.4554, "longitud": -68.4039, "radiacion": [32.3549024793838, 32.4501959906685, 32.52243889702703, 32.60312025282127, 32.710998196072204, 32.62885877821187, 32.603054809570416, 32.61709628634994, 32.77226630316844, 32.82511088053398, 32.940063476562635, 32.94014689127613, 32.86421169704871, 33.102403089735354, 33.22682427300358, 33.08148023817281, 33.10814683702267, 33.10938517252614, 33.206780666775295, 33.334157986111144, 33.39659016927093, 33.432264200846454, 33.41758355034733, 33.53392842610683, 33.55924750434034, 33.62790425618501, 33.72358907063807, 33.71739027235255, 33.8320515950522, 33.96732482910166, 33.9916385226781, 33.99312676323789, 34.02618442111551, 34.199018012152884, 34.385994466145995, 34.29217529296881, 34.14748094346802, 34.15816684299057, 34.43780144585511, 34.4956458197701, 34.59705268012167, 34.568298339843864, 34.70013495551232, 34.821294148763116, 34.85838317871105, 34.825899929470644, 34.83254157172322, 34.78989868164067, 34.79365844726569, 34.90610351562507, 34.896787855360365, 34.91977742513035, 34.697194078233586, 34.658978949652955, 34.62140299479179, 34.390872531467096, 34.38587409125447, 34.180623711480145, 34.273653835720644, 34.19539896647143, 34.21194017198362, 34.18618842230914, 34.07146572536906, 34.20364685058602, 34.35418294270843, 34.42073737250447, 34.37135009765634, 34.080565728081716, 34.07036980523012, 33.952213880750925, 33.82693956163206, 33.80994839138467, 33.63277893066413, 33.858163113064315, 33.6447984483508, 33.49780205620667, 33.28711717393676, 33.22078959147141, 33.49155748155393, 33.11391092936208, 32.96710103352876, 32.798070610894136, 32.50617879231777, 32.35899963378913, 32.275775824652875, 32.01353725857212, 31.8814968532987, 31.952313910590323, 32.06715359157996, 31.96458299424923, 31.77118394639757, 31.50595160590285, 31.28074103461383, 31.477798122829977, 31.334035237630374, 31.037717013888994, 30.888864813910672, 30.56187032063811, 30.66328430175791, 30.643526543511356, 30.35221489800358, 30.080231051974938, 29.875829060872473, 30.021064249674605, 29.86800164116761, 29.781504313151174, 29.65684339735253, 29.563779364691925, 29.540574815538303, 29.43941040039074, 29.207472398546106, 28.99633755154082, 28.910118611653786, 28.93716396755646, 28.99857279459646, 28.886292182074783, 28.725386895073864, 28.698580932617215, 28.737684461805713, 28.709541490343042, 28.62532518174919, 28.462569851345563, 28.322105577257066, 28.424813164605116, 28.337729220920284, 28.251178995768328, 28.139455837673705, 28.075577460395056, 28.095079549153695, 28.110990397135556, 27.95854966905402, 27.879730563693652, 27.756096733940996, 27.81590915256089, 27.956730143229322, 27.94918653700095, 27.902063666449788, 27.85317721896712, 27.892081705729236, 27.94268086751318, 27.802200317382965, 27.736599053277057, 27.645941501193665, 27.67288852267808, 27.57729085286464, 27.4751271565756, 27.445089721679803, 27.422317504882912, 27.484742228190196, 27.55240410698794, 27.509954155816065, 27.440531751844713, 27.44765048556864, 27.42921481662334, 27.476277669270967, 27.387488471137242, 27.360484483507054, 27.355826144748317, 27.42240871853308, 27.39737379286038, 27.3490271674263, 27.258459133572217, 27.261642116970506, 27.297671847873346, 27.34788513183601, 27.34426812065978, 27.33151584201397, 27.33967658148879, 27.390424940321264, 27.40750732421884, 27.338411119249276, 27.30740559895848, 27.289507717556564, 27.38146057128921, 27.345212470160657, 27.309730699327435, 27.315243191189307, 27.32797342936205, 27.400395711263133, 27.325814141167616, 27.283879597981883, 27.226325141059174, 27.255797661675444, 27.276801215277846, 27.356530083550393, 27.2927812364368, 27.2274336073135, 27.243569607205057, 27.332088894314268, 27.35729200575096, 27.289795600043494, 27.275637139214535, 27.25230136447493, 27.310937160915937, 27.386910671658086, 27.280911933051318, 27.20064765082471, 27.222537909613777, 27.28178168402788, 27.262035454644224, 27.29831983778223, 27.31808471679695, 27.375472005208394, 27.425231933593864, 27.44527859157991, 27.454809231228428, 27.369242350260553, 27.401864963107727, 27.469172498914947, 27.536885918511434, 27.5825636121963, 27.54990302191851, 27.611743503146727, 27.77549608018677, 27.810562133789194, 27.77498372395841, 27.843009779188474, 27.93154805501314, 27.973015001085116, 28.03870815700962, 28.055707804362083, 27.940707736545207, 27.99942762586816, 28.13156365288639, 28.15172627766941, 28.128965589735362, 28.146428765191104, 28.127965291341223, 28.306742011176294, 28.28960910373277, 28.33407118055565, 28.383326212565162, 28.415102810329945, 28.5552225748699, 28.647046237521824, 28.659007771809968, 28.67026672363291, 28.802345445421096, 29.012249755859425, 28.941469319661547, 28.822623019748374, 28.956215074327442, 28.940836249457544, 29.084119669596493, 29.08137851291241, 28.93748677571629, 29.04953782823361, 29.208605617947125, 29.499988132053073, 29.536003621419393, 29.48972913954005, 29.480299546983662, 29.542919243706688, 29.76559617784299, 29.753200615777, 29.68019307454436, 29.675529649522655, 29.834609307183314, 29.917028469509642, 29.90426500108515, 29.880882771809997, 29.86727125379785, 29.849013943142456, 29.949737209744058, 30.038354492187562, 29.884533691406336, 29.91859978569886, 29.965356784396814, 30.250297037760447, 30.368525865342956, 30.350232950846475, 30.384250556098184, 30.530906846788337, 30.691509670681455, 30.66018269856782, 30.53016255696633, 30.571849568685025, 30.487719726562563, 30.617999945746686, 30.594487508138116, 30.619804551866423, 30.676617092556473, 30.755788167317803, 30.919126044379407, 30.657694837782213, 30.432615831163314, 30.411887953016656, 30.34146762424056, 30.47169833713114, 30.583618503146795, 30.506811523437644, 30.503760443793492, 30.364687093099064, 30.517501831054783, 30.514168633355137, 30.455815633138076, 30.272145928277002, 30.338626098632915, 30.439693874783057, 30.4213019476998, 30.21776123046889, 30.258622572157226, 30.262348090277914, 30.329218546549573, 30.319586859809192, 30.1452931722006, 30.16207512749577, 30.157550726996664, 30.284375000000086, 30.075373670790004, 29.865704006618973, 29.904422675238816, 29.94778408474404, 30.064099799262255, 30.069224039713692, 29.83089463975701, 29.708989461263116, 29.77698025173622, 29.897212388780456, 29.958481174045232, 29.897535875108645, 29.92804395887593, 30.02199503580736, 30.173346964518412, 30.205190022786514, 30.076865980360385, 30.09696417914506, 30.107432725694576, 30.31667412651916, 30.290812513563463, 30.1786149766711, 30.279337565104242, 30.342211574978364, 30.454794650607727, 30.5541385226781, 30.564770168728426, 30.557898288303022, 30.54912007649752, 30.67465176052525, 30.682062106662386, 30.616561550564295, 30.716674804687557, 30.967356703016588, 31.05784674750443, 31.21342332628048, 31.200154622395942, 31.16621602376311, 31.206018066406347, 31.387410481770946, 31.48653869628913, 31.560917154947997, 31.628074137369897, 31.666514417860373, 31.754450819227525, 31.803408813476683, 31.78638237847228, 31.764049953884637, 31.87686292860252, 32.03580695258258, 32.14648708767371]}