{"latitud": 8.6655, "longitud": -76.6276, "radiacion": [30.092688666449742, 30.13401014539941, 30.10588141547322, 29.936453586154624, 30.06160820855045, 29.976153903537448, 29.95877244737426, 29.98984171549489, 30.083687676323905, 30.141112603081734, 30.094240315755297, 30.0653547498916, 30.002424791124213, 29.961844550238766, 30.01932542588982, 29.995679389106005, 29.883963012695443, 30.006290690104247, 30.059702555338717, 30.177852715386354, 30.080260213216224, 30.092355346679824, 30.04490085177959, 30.051218329535704, 30.129296875000062, 30.115309312608662, 30.162956068250974, 30.223198445638086, 30.106789143880324, 30.30718248155394, 30.357697550455782, 30.29781799316417, 30.2235412597657, 30.244312879774387, 30.343252902560817, 30.414852566189307, 30.33098008897584, 30.232166544596414, 30.322331407335145, 30.362740410698944, 30.43149549696191, 30.479019165039215, 30.357648044162392, 30.250247531467135, 30.325507948133843, 30.406633165147642, 30.333181084526966, 30.305547078450616, 30.322162204318676, 30.419639417860328, 30.322430759006124, 30.396602037217956, 30.40514221191417, 30.36698031955306, 30.39021063910595, 30.494917805989687, 30.51556837293843, 30.502254570855143, 30.562798055013047, 30.520476616753587, 30.480314127604306, 30.352268812391628, 30.511305067274407, 30.559628634982783, 30.653269449869885, 30.828502061632094, 30.976928371853358, 30.928361680772678, 30.747868516710202, 30.788807169596453, 30.662072075737985, 30.751505194770044, 30.773047214084347, 30.762447102864673, 30.817242431640725, 30.848107910156404, 30.93747829861121, 30.981020439995746, 30.961491563585184, 30.92664015028227, 30.91629299587686, 30.90336846245678, 30.948875935872522, 30.890254041883775, 30.85769992404522, 30.824778917100787, 30.841838582356843, 30.8461076524524, 30.844277615017592, 30.789981079101683, 30.810670640733594, 30.879354858398568, 30.96530015733515, 30.936163330078234, 31.002484469943724, 31.001446872287413, 31.083361138237933, 31.138179185655492, 31.170327758789142, 31.229870266384637, 31.185120646158964, 31.02507052951402, 31.047898695204083, 31.012989976671104, 31.09171142578134, 31.15258517795151, 31.213657633463608, 31.276205783420266, 31.22373318142373, 31.233776516384562, 31.119232855902812, 31.12916666666672, 31.066087171766625, 31.167778184678923, 31.378312852647582, 31.248816935221516, 31.33644816080734, 31.352997843424685, 31.42936570909302, 31.467488267686708, 31.43375345865894, 31.419935438368174, 31.55453728569891, 31.6420098198786, 31.67542928059902, 31.631768459744023, 31.725588989257915, 31.68366427951395, 31.644618733724048, 31.607677205403757, 31.529938422309062, 31.576661173502714, 31.619179619683223, 31.521342976888132, 31.593159993489717, 31.539797973632915, 31.60129258897585, 31.61270073784732, 31.562065294053962, 31.572141520182356, 31.554751247829945, 31.63101094563812, 31.686415608724058, 31.591309950086856, 31.615810139974048, 31.50805630154082, 31.52872009277354, 31.624463229709306, 31.562574598524424, 31.551935153537404, 31.495574612087825, 31.519103325737944, 31.62410617404521, 31.560996500651203, 31.607345241970602, 31.598667399088622, 31.645511881510572, 31.743000962999265, 31.666480170356028, 31.625047810872445, 31.5473765055339, 31.631707763671972, 31.605114746093857, 31.53537767198361, 31.47557271321629, 31.544567192925552, 31.62814229329439, 31.61958991156691, 31.605809868706654, 31.563897705078187, 31.628351508246567, 31.61356133355044, 31.663114759657237, 31.64778103298623, 31.713908894856857, 31.84172871907566, 31.775910441080782, 31.884957207573866, 31.91372646755652, 31.922261555989675, 31.950057644314352, 31.98178914388033, 32.01087443033864, 32.08301391601574, 32.04537014431437, 32.004805501302144, 32.07387288411464, 32.05215216742628, 31.97346530490451, 32.105090332031374, 32.17663845486121, 32.23731486002612, 32.22879943847666, 32.09997694227442, 32.198838636610354, 32.01503567165812, 32.051274956597375, 32.12962307400189, 32.11961669921885, 32.08898179796015, 32.01151936848972, 32.10588684082038, 32.174018351237045, 32.204801771375934, 32.10658467610688, 32.10410902235259, 32.40339898003481, 32.42918328179263, 32.31538289388032, 32.368296983507115, 32.269834730360344, 32.29990709092889, 32.19985758463552, 32.230845811632015, 32.127966986762296, 32.0793870713977, 32.10094401041679, 32.20588989257823, 32.2080525716147, 32.19684007432738, 32.23664855957037, 32.32187194824229, 32.21773986816415, 32.149470011393305, 32.090634833441946, 31.99846191406262, 32.063442654079985, 32.01079169379354, 31.921982489691988, 31.921288384331678, 31.892899576823027, 31.85683119032126, 31.755108981662413, 31.750118001302138, 31.844303046332584, 31.83327060275616, 31.96934034559473, 32.04260050455739, 31.937690904405525, 31.866014268663303, 31.78116285536036, 31.771104600694553, 31.7490522596572, 31.708962334527012, 31.719101630317045, 31.594006347656414, 31.531532457139875, 31.47617458767373, 31.442084079318633, 31.41511264377179, 31.390141465928895, 31.293816799587756, 31.322888183593818, 31.352276950412413, 31.31089104546449, 31.309270222981905, 31.37863396538641, 31.286561075846503, 31.04673156738291, 30.930386691623386, 30.93234524197057, 31.024932183159816, 31.058372667100837, 30.937950981987928, 30.86728447808173, 30.8346259223091, 30.891664632161525, 30.88333062065982, 30.843451605902903, 30.77859564887162, 30.742599487304826, 30.62390950520846, 30.570111762152845, 30.491173299153747, 30.493242730034826, 30.521824137369908, 30.62517937554266, 30.570811292860398, 30.529479641384665, 30.46268988715288, 30.414560614691975, 30.343933444553063, 30.211290486653713, 30.30082533094628, 30.244047037760538, 30.205814276801295, 30.171201239691925, 30.191223822699765, 30.27737969292542, 29.954558648003644, 29.90060560438381, 29.95564202202702, 29.96035325792114, 30.011351182725793, 29.915507676866394, 30.015079074435846, 30.130210706922828, 30.052610948350793, 29.98905334472666, 29.953157212999315, 29.88641899956603, 29.98519321017803, 30.198485989040933, 30.11189270019541, 30.02092861599391, 30.089048936632064, 30.06991000705305, 30.097709486219703, 29.96561652289508, 29.944269816080823, 30.042968410915876, 30.01558939615897, 29.98321329752616, 30.03183220757391, 29.903588189019178, 29.856464979383798, 29.84037882486992, 29.87796156141506, 29.96478339301221, 30.022390407986183, 30.053955417209238, 30.11942782931872, 30.23801812065985, 30.124348280165048, 30.014665391710196, 30.021617635091292, 30.114678955078222, 30.130140855577395, 30.039491102430684, 29.966430324978393, 29.88047417534735, 29.969750637478437, 29.972825113932345, 29.965458509657235, 30.005197821723186, 29.924869791666765, 29.831586371527823, 29.749206882053045, 29.824591064453255, 29.869240315755366, 29.823958672417632, 29.830930582682413, 29.906077745225826, 29.91384175618498, 29.988058810764073, 29.87784322102876, 29.97879536946626, 30.045896402994895, 29.91915588378915, 30.0610978868274, 30.02551269531263, 30.1601996527779, 30.23399183485253, 30.08913472493502, 30.03770684136295, 29.970635308159824, 30.10665215386295, 30.108972167968812, 30.09969584147143, 30.028381008572126]}