{"latitud": 4.867, "longitud": -75.0818, "radiacion": [20.350941297743173, 20.38585442437081, 20.39305080837683, 20.311361355251886, 20.22640482584649, 20.401197984483627, 20.368866305881152, 20.45506896972671, 20.400049167209335, 20.38745795355906, 20.701854790581706, 20.782026163737044, 20.698630438910698, 20.63403659396708, 20.6134260389541, 20.80049641927089, 20.867604912651984, 20.818273586697142, 20.822072686089466, 20.702360026041788, 20.916605292426294, 20.99386189778653, 20.989686754014865, 20.89530843098966, 20.877110799153797, 20.977603827582662, 21.071294148763116, 21.139654201931517, 21.16232130262595, 21.099502563476673, 21.373862033420227, 21.48985527886299, 21.46438123914938, 21.351895480685908, 21.306060112847376, 21.62007276746967, 21.608258734809056, 21.521235148112073, 21.41752285427528, 21.54860602484818, 21.61862691243499, 21.655936347113823, 21.63468356662334, 21.582537163628576, 21.39694722493501, 21.646376885308218, 21.78838467068154, 21.890100436740568, 21.753785196940214, 21.53548889160165, 21.63783704969624, 21.623234388563503, 21.643549940321332, 21.637993706597324, 21.515939670139062, 21.68204311794712, 21.686621432834347, 21.696283298068675, 21.733160400390734, 21.669073147244017, 21.82646586100269, 21.77445509168852, 21.857805379231895, 21.73895229763474, 21.77488471137167, 21.969505140516578, 22.05497707790812, 22.037446763780526, 21.86199001736126, 21.753084648980124, 21.907504611545203, 21.975462510850758, 21.951958550347324, 21.873727756076505, 21.815127563476665, 21.842716810438485, 21.901026407877737, 21.91342569986989, 21.801093546549584, 21.620406087239644, 21.80837605794278, 21.75626254611554, 21.811221313476647, 21.681150309244952, 21.622335137261377, 21.666211954752708, 21.676816474066925, 21.587908257378597, 21.649609035915926, 21.551462809244924, 21.679513210720625, 21.60186225043414, 21.468228149414163, 21.408376397027002, 21.355006917317798, 21.463738335503574, 21.361862182617358, 21.35367804633256, 21.204723103841236, 21.097990587022707, 21.119935099283946, 21.182807074652846, 21.071167331271777, 21.008298746744874, 20.88086683485259, 20.99392632378486, 20.806383938259653, 20.77115342881954, 20.645938449435903, 20.67453545464417, 20.722727796766605, 20.628967963324744, 20.553039211697186, 20.61609191894544, 20.623509724934955, 20.602423095703198, 20.61419203016506, 20.667313300238828, 20.57974005805134, 20.490903049045226, 20.524507649739633, 20.532186550564386, 20.53678995768242, 20.501080322265768, 20.48329196506097, 20.52565578884558, 20.47599894205742, 20.487114461263086, 20.491266547309106, 20.45767822265634, 20.480659315321248, 20.460285780165027, 20.437628851996617, 20.43783026801225, 20.38440009223096, 20.44345770941855, 20.499896240234403, 20.36792127821189, 20.360445488823853, 20.39425218370233, 20.39249742296018, 20.389958360460223, 20.374013264974053, 20.384569634331758, 20.311768934461877, 20.28562554253483, 20.26835700141076, 20.228698730468846, 20.132715182834335, 20.06614888509127, 20.166866726345575, 20.132293362087825, 20.05440131293413, 20.12790629069019, 20.119235229492233, 20.248619927300428, 20.16273837619375, 20.183587646484472, 20.140132649739673, 20.198320515950723, 20.23232320149748, 20.313508775499184, 20.185222710503567, 20.100633748372502, 20.15632425944017, 20.200448608398478, 20.20965542263457, 20.18491583930131, 20.23305358886724, 20.170259263780526, 20.286074490017445, 20.187938435872507, 20.091392008463647, 20.08198513454863, 20.186237928602566, 20.14456007215722, 20.17569749620232, 20.09458889431433, 20.082454766167643, 20.079316541883788, 20.00275336371538, 20.006877644856804, 20.059526909722308, 19.993648613823876, 20.010695732964525, 20.152339680989694, 20.122761705186747, 20.036324055989706, 20.100440131293453, 20.161321682400228, 20.186869642469674, 20.18165418836814, 20.149042426215413, 20.165651109483537, 20.193934800889792, 20.275277031792637, 20.319757758246606, 20.327316623263965, 20.17706536187082, 20.149786716037415, 20.309083048502675, 20.38033684624575, 20.369338311089525, 20.336114841037446, 20.35655653211819, 20.43574354383689, 20.469825575086873, 20.42769470214853, 20.464001125759655, 20.50676269531262, 20.61220194498706, 20.59423895941855, 20.564482286241418, 20.6061038547093, 20.607856241862066, 20.671962144639924, 20.722984144422867, 20.67936909993502, 20.698141479492296, 20.704137844509564, 20.765565999349008, 20.691414388020974, 20.63375244140637, 20.55049201117629, 20.570647515191087, 20.69842936197926, 20.752187432183216, 20.74143235948361, 20.70865614149316, 20.745101928711033, 20.83085971408434, 20.84244893391944, 20.82366570366766, 20.797161526150237, 20.870365058051355, 20.97665439181871, 21.05014444986985, 21.09786817762595, 21.001325480143333, 20.951481458876003, 21.092672729492296, 21.119136895073932, 21.05087619357651, 20.962867228190266, 21.032014973958404, 21.075808715820376, 21.12193332248277, 21.17550387912333, 21.144239298502725, 21.118847656250107, 21.207266913520055, 21.086408827040106, 21.0629113091364, 21.08873087565117, 21.139886474609472, 21.29532097710514, 21.200368923611222, 21.11953803168414, 21.102867296007048, 21.13916083441849, 21.26497158474399, 21.268174913194603, 21.189592149522664, 21.138277859158148, 21.12619798448361, 21.137283664279625, 21.158906385633845, 21.13997633192281, 21.129623752170158, 21.18117201063376, 21.184931776258768, 21.169037204318688, 21.12114156087252, 21.083921983507064, 21.16468573676224, 21.232234361436763, 21.132254028320386, 21.076068793402914, 21.05073513454867, 20.91440633138027, 20.935065375434135, 20.891565619574806, 20.934136284722324, 20.76701761881524, 20.732477484809106, 20.833097330729213, 20.716564263238052, 20.608292643229277, 20.63169928656697, 20.600846015082613, 20.637828572591218, 20.622530788845534, 20.565071275499218, 20.503807237413298, 20.5364881727431, 20.579347398546094, 20.564401584201466, 20.53349507649752, 20.378845214843903, 20.357354058159803, 20.39208407931873, 20.4143493652345, 20.281379869249196, 20.204214477539193, 20.20262959798191, 20.297610473632933, 20.20205925835512, 20.18615688747845, 20.116260443793465, 20.077004326714455, 20.085370551215323, 20.12465786404086, 19.977887301974913, 19.978164672851733, 19.98288269042983, 20.00243191189251, 19.97468872070313, 19.859368218316053, 19.88871697319894, 19.892435031467148, 20.01958618164076, 19.99562988281258, 19.952092488606848, 19.91947394477008, 19.904374186198044, 19.92350158691416, 19.95291408962684, 19.936475287543505, 19.95362141927095, 19.835501437717102, 19.940049913194496, 19.99196133083778, 19.898210313585157, 19.894953070746663, 19.91842312282995, 19.927907986111222, 19.935582478841297, 19.89764709472672, 19.868468221028802, 19.755950249565974, 19.958469306098152, 19.96720716688378, 19.901838514540028, 19.898240152994884, 19.83825208875872, 20.019519382053073, 20.016381835937597, 20.022092013888937, 19.899292670356036, 19.854079182942787, 20.030706787109466, 19.99224039713552, 20.05862291124144, 19.98415798611116, 19.983092244466224, 20.078490532769177, 20.15679931640638, 20.131816609700614, 20.071653578016633, 20.107110256619006]}