{"latitud": 3.5646, "longitud": -70.1001, "radiacion": [29.788153754340424, 29.92696092393669, 29.93447808159736, 30.07316012912334, 30.1459187825522, 30.039668782552173, 30.147110663520078, 30.281585354275308, 30.37557881673187, 30.56943054199225, 30.550511338975866, 30.50674268934468, 30.42893575032569, 30.701810370551243, 30.896965535481815, 30.79916415744371, 30.780790879991418, 30.813916354709267, 30.88025071885865, 30.934001668294304, 30.97843594021278, 31.11532491048183, 31.096746826171966, 31.115536838107726, 31.2002054850261, 31.18026496039505, 31.307117716471453, 31.42971733940986, 31.60133022732208, 31.663206651475758, 31.738547431098215, 31.64821777343762, 31.672191704644224, 31.8666202121312, 32.072671169704996, 32.07132229275186, 32.02028503417984, 32.01913214789505, 32.209264458550386, 32.24657457139764, 32.16523335774758, 32.29338785807298, 32.40585327148447, 32.44622870551232, 32.61657036675365, 32.5301601833768, 32.58982238769539, 32.69630262586818, 32.618535698784775, 32.552675035264826, 32.61183302137599, 32.58554484049487, 32.42444085015209, 32.4381503634984, 32.28425801595057, 32.175356038411564, 32.06449245876751, 31.835873413086006, 31.886850992838692, 31.926367187500073, 31.936156887478337, 31.969497002495757, 31.804888916015766, 31.829191080729327, 31.890774197048643, 31.976350572374276, 32.04811774359822, 31.88662516276048, 31.7000813802084, 31.768821207682397, 31.68124016655827, 31.62140163845496, 31.311041259765734, 31.428471204969657, 31.253849962022645, 31.17158304850267, 30.984959581163213, 30.76492953830308, 31.054075453016576, 30.84809231228301, 30.71861029730913, 30.61626722547747, 30.392622545030463, 30.35812208387593, 30.349605645073876, 30.159106106228478, 29.957749091254453, 29.92782558865029, 30.147093370225814, 30.195085652669338, 29.97663879394533, 29.67584872775622, 29.489003838433273, 29.514168294270917, 29.442333645290926, 29.271743096245775, 29.080020819770123, 28.96432596842459, 28.97075670030398, 29.087109035915944, 28.823303222656307, 28.688337537977475, 28.54537014431433, 28.573652140299583, 28.675352986653763, 28.460147433810846, 28.38248901367204, 28.235356987847336, 28.24910922580301, 28.17376708984394, 28.05837741427958, 28.001952785915933, 27.934270222981905, 27.964407009548683, 27.9745490180123, 27.951231892903746, 27.872087266710178, 27.766757541232774, 27.78733045789939, 27.834960598415858, 27.76278347439249, 27.687400987413316, 27.63125745985248, 27.676444837782146, 27.644500054253513, 27.523285251193688, 27.490743001302196, 27.397037421332545, 27.445670233832583, 27.512782457139906, 27.471261257595604, 27.421665445963608, 27.333420138889, 27.3771192762588, 27.46155124240467, 27.464716593424612, 27.41978488498277, 27.336185370551235, 27.378836059570443, 27.460822211371635, 27.365553453233588, 27.313622707790937, 27.276663547092124, 27.274511718750116, 27.270838080512267, 27.189144558376864, 27.144924587673717, 27.103961520724926, 27.114222547743207, 27.138924153645956, 27.151079305013166, 27.115131632487078, 27.048984442816998, 27.072200520833487, 27.096941121419416, 27.068245442708527, 27.096561008029653, 27.083376736111195, 27.10637105306006, 27.082277425130314, 27.066609361436708, 27.01498107910167, 26.99415724012594, 26.997910563151176, 27.04075283474405, 26.980811903211855, 26.999231635199806, 26.936755032009614, 26.970058186849013, 27.01114230685774, 26.998249308268385, 26.959292602539147, 26.902266438802105, 26.942825995551345, 26.937941826714564, 26.95914916992206, 26.91688469780824, 26.888231065538317, 26.928098890516612, 26.93148668077265, 26.876423475477548, 26.84740464952269, 26.819255913628563, 26.846041191948814, 26.903683132595614, 26.901261732313458, 26.86887783474407, 26.819048394097326, 26.8705125596789, 26.88533596462679, 26.86791992187513, 26.901422458224925, 26.86379055447058, 26.875319756402025, 26.928146362304783, 26.927668931749206, 26.823751491970558, 26.832913547092158, 26.882002427842963, 26.92277696397586, 26.971672566731872, 26.960347154405444, 26.895667860243105, 26.96009758843324, 26.99388292100707, 27.00050794813376, 26.955124918619884, 26.9885386149089, 27.046083577474047, 27.14905124240458, 27.12789137098535, 27.108775160047873, 27.023329671224, 27.16624315049923, 27.224192301432407, 27.22656080457902, 27.246675279405434, 27.253357950846464, 27.281675889757043, 27.36446126302091, 27.346280585395032, 27.313142903645897, 27.337658691406357, 27.34276970757395, 27.403429836697153, 27.41833224826407, 27.455152045356044, 27.42575751410597, 27.530882771809974, 27.554329427083513, 27.560166422526112, 27.5841356065539, 27.500341457790814, 27.664799669053917, 27.713132392035714, 27.678397623698004, 27.692697821723225, 27.721673583984472, 27.817647976345654, 27.923716227213657, 27.874641248915072, 27.87115207248276, 27.866038343641588, 27.863965521918544, 27.94286499023453, 27.93051249186205, 28.029744805230184, 27.97093098958345, 28.08448248969192, 28.223315090603364, 28.190750122070483, 28.21886257595497, 28.190119425455748, 28.358974880642467, 28.443849012586895, 28.40424397786474, 28.39121059841587, 28.450200059678973, 28.49073181152365, 28.564467027452356, 28.527971055772735, 28.51987508138033, 28.497625732421984, 28.525913492838697, 28.61996799045147, 28.56240437825532, 28.575373670790043, 28.619766574435857, 28.81430358886729, 29.003822496202343, 28.955982123480982, 28.95515509711379, 28.991938273112115, 29.046379937066074, 29.136649237738766, 29.11281636555996, 29.058286200629407, 28.95334947374147, 29.08553093804267, 29.129541015625136, 29.123996988932447, 29.103199598524423, 29.118532307942832, 29.194083658854236, 29.169404432508745, 29.091838921441067, 28.92747429741765, 28.83503011067724, 29.002868991428063, 29.07939046223974, 29.04643927680138, 28.932520887586918, 28.91161905924497, 28.930587768554858, 28.976515706380365, 28.887765163845568, 28.7838429768881, 28.684046088324767, 28.725141398112083, 28.872043524848152, 28.708636135525353, 28.732858954535782, 28.618221367730143, 28.57974616156696, 28.70823194715723, 28.679961480034837, 28.583183797200622, 28.484236314561752, 28.567869737413293, 28.594481404622496, 28.33914523654522, 28.381487698025257, 28.382944064670237, 28.497951253255223, 28.453165351020118, 28.185263739691873, 28.119165378146818, 28.122651502821288, 28.21863878038211, 28.339973619249275, 28.293760850694486, 28.214447021484528, 28.17748989529089, 28.330774603949788, 28.431094699435846, 28.32623426649324, 28.30439317491327, 28.239016384548695, 28.361996120876825, 28.456986151801328, 28.28688252766936, 28.22299838595929, 28.248219468858583, 28.42179972330742, 28.607094997829904, 28.487023247612985, 28.383375718858588, 28.370317925347326, 28.552852376302212, 28.65077311197929, 28.512607150607682, 28.569263712565164, 28.588521321614696, 28.82580023871539, 29.045213148329044, 28.83280673556872, 28.752162679036587, 28.701661851671115, 28.833494737413314, 29.033366902669382, 29.097296481662436, 29.182722642686752, 29.07962917751748, 29.2756808810765, 29.34634636773022, 29.291598849826567, 29.331211005316884, 29.38492872450094, 29.57160508897577, 29.74785156250012]}