{"latitud": 1.2444, "longitud": -74.0378, "radiacion": [27.899056328667637, 28.03054572211376, 28.108861626519154, 28.18363613552532, 28.290563625759603, 28.175980970594708, 28.228666517469645, 28.334572007921093, 28.45186801486553, 28.498676554362117, 28.328594970703154, 28.378962537977504, 28.36465759277354, 28.536730278863008, 28.608508639865533, 28.552556016710145, 28.59384494357649, 28.693793741862123, 28.749622599283956, 28.711400689019246, 28.670191107856017, 28.74835611979171, 28.840624321831722, 29.002802530924612, 29.01711900499144, 28.85016309950093, 28.955243598090437, 29.040103149414204, 29.14295179578996, 29.176386854383754, 29.135799831814364, 29.21780768500444, 29.265746053060013, 29.416396416558296, 29.527100626627753, 29.344946967231085, 29.34023674858948, 29.381950208875974, 29.604265340169352, 29.582633124457516, 29.466314019097297, 29.566137695312648, 29.696517944336065, 29.717035251193654, 29.70952453613283, 29.55774909125444, 29.68991699218761, 29.796440633138104, 29.81995578342018, 29.76994255913642, 29.605857340494897, 29.54081793891072, 29.548361545138942, 29.61345350477446, 29.335122002495723, 29.046815321180684, 28.964352756076476, 29.149248928494046, 29.23795505099838, 29.233778211805696, 29.035762193467974, 29.06961737738722, 29.08089904785167, 29.02042202419716, 29.108899943033972, 29.108943684895905, 29.017566257053108, 29.000785997178884, 28.944925604926297, 28.94102478027355, 28.801467895507887, 28.82552354600703, 28.76912706163201, 28.786091444227527, 28.791438123915025, 28.609939236111227, 28.551258002387215, 28.510400390625097, 28.569242350260556, 28.441333685980982, 28.33113471137163, 28.22989128960514, 28.155373806423693, 28.22378743489592, 28.320255533854304, 28.1974144829645, 28.15646464029955, 28.18136834038641, 28.247954305013177, 28.196221923828222, 28.126769341362927, 27.982474772135518, 27.87581515842017, 27.92114393446188, 27.89616021050358, 27.85123019748274, 27.79180603027353, 27.736137220594703, 27.714537896050462, 27.728017171224035, 27.611248779297018, 27.617235310872463, 27.57738511827273, 27.546282958984495, 27.575162421332568, 27.462691582573882, 27.46708814832914, 27.366012573242262, 27.321720038520045, 27.331238132053013, 27.30407341851141, 27.280441623264057, 27.15871819390198, 27.15833841959642, 27.15494350857212, 27.09527045355914, 27.0608466254342, 27.040748087565287, 27.06047871907566, 27.05784166124143, 27.068670315212803, 27.05665859646278, 26.919321356879397, 26.929748535156364, 26.86076626247842, 26.84798956977001, 26.754104953342125, 26.713825141059278, 26.71385057237427, 26.67917616102441, 26.636313544379448, 26.620574951171935, 26.5756018744576, 26.594429863823937, 26.623188612196312, 26.647715928819554, 26.680496554904607, 26.605474175347315, 26.611393568250946, 26.619927300347303, 26.574457804362112, 26.498149278428993, 26.47060546875012, 26.493044704861234, 26.444268120659803, 26.35154791937944, 26.226791381836012, 26.3088667127822, 26.29725172254788, 26.32547268337684, 26.342589314778802, 26.320844862196243, 26.261516994900223, 26.25654635959209, 26.240780300564342, 26.198905775282185, 26.25394524468332, 26.25742323133693, 26.26407504611556, 26.284734768337746, 26.25191379123275, 26.17080010308162, 26.161551920572986, 26.14030015733516, 26.173218451605976, 26.206464640299544, 26.191365220811708, 26.236690606011432, 26.214303588867267, 26.176046752929775, 26.175318060981017, 26.12157118055566, 26.092153252495752, 26.133517795139028, 26.21400756835946, 26.195880466037377, 26.16800469292548, 26.144705539279602, 26.095410834418583, 26.121293131510487, 26.122030978732727, 26.064287990994085, 26.0442121717666, 26.0885450575088, 26.0993794759115, 26.074820624457555, 26.06620178222666, 26.11071573893238, 26.088037787543538, 26.08829142252614, 26.075936889648435, 26.081967841254425, 26.055152384440117, 26.129892645941936, 26.102784220377714, 26.07217576768676, 25.98709275987424, 25.997308349609455, 26.039056057400256, 26.15164625379786, 26.159479098849904, 26.17331034342463, 26.115232340494895, 26.215675862630253, 26.140008884006154, 26.155701022678027, 26.11619466145845, 26.15732421875009, 26.193748982747554, 26.192054918077474, 26.23873562282995, 26.27780659993501, 26.330768500434072, 26.418221706814336, 26.42234836154525, 26.476740858290004, 26.447644721137255, 26.50077039930568, 26.592098320855087, 26.613316175672878, 26.604044257270022, 26.591989135742306, 26.55544976128486, 26.61705017089855, 26.66589898003478, 26.678766547309124, 26.677921549479283, 26.752865261501825, 26.76582302517365, 26.873559570312562, 26.87665812174483, 26.8880855984159, 26.954647488064325, 27.049654473198913, 27.036125352647712, 27.092660522461, 27.160655042860373, 27.17300042046446, 27.210925971137176, 27.187199910481883, 27.23110453287772, 27.270270453559135, 27.314932250976597, 27.35614725748705, 27.32634311252171, 27.370608859592114, 27.490665351020027, 27.5070031060114, 27.500566609700666, 27.506331041124213, 27.548109944661576, 27.628258599175467, 27.652724202474076, 27.643868679470568, 27.646724785698876, 27.65518290201832, 27.658248901367358, 27.741450670030474, 27.81765102810338, 27.801020304362073, 27.809530300564404, 27.773464287651922, 27.781496853298677, 27.769743177625944, 27.7445509168838, 27.758783637152835, 27.852624172634666, 27.85886603461385, 27.943509928385463, 27.978393893771813, 27.963686116536568, 28.049179416232715, 28.072587754991428, 28.15142618815115, 28.149528333875953, 28.088515896267477, 28.16210055881093, 28.146345011393333, 28.188577270507874, 28.17282307942723, 28.212240261501773, 28.22232869466154, 28.26243048773881, 28.274662611219753, 28.257162814670227, 28.190175713433252, 28.150910101996676, 28.09578111436639, 28.237189398871674, 28.21517842610687, 28.2431762695313, 28.21581149631091, 28.171208699544366, 28.208180406358583, 28.26711357964423, 28.133845350477504, 28.15897725423186, 28.15708007812509, 28.138484022352486, 28.150908406575557, 28.04451633029529, 28.071153767903713, 28.075789048936713, 28.06566738552533, 28.06345452202699, 28.006455485026095, 28.020635647243996, 28.075193277994913, 27.994584147135544, 28.002626885308246, 27.86077236599404, 27.910603162977527, 27.957797580295225, 27.921975708007835, 27.924537150065134, 27.763874647352527, 27.740039401584283, 27.733709716796948, 27.79636298285597, 27.84128757052963, 27.720887247721464, 27.727508205837733, 27.761079915364633, 27.795562065972263, 27.799616834852582, 27.691784667968893, 27.653085666232737, 27.677931722005287, 27.712742445204114, 27.668119981553918, 27.62052341037338, 27.645444064670244, 27.626128472222337, 27.675426907009655, 27.647891913520066, 27.63955112033428, 27.609159003363818, 27.585541788737107, 27.61433851454001, 27.62014194064686, 27.504620022243973, 27.53795199924059, 27.599182807074744, 27.691605631510544, 27.807288953993137, 27.64375237358952, 27.639819675021823, 27.601028103298745, 27.690068223741452, 27.73256734212252, 27.649124145507983, 27.673721991645095, 27.69541829427097, 27.85757819281696, 27.8100701226129, 27.703454928928064, 27.76407470703136, 27.830944824218857, 27.977250162760544, 28.053457302517568]}