{"latitud": 5.9107, "longitud": -73.5423, "radiacion": [18.317321099175462, 18.30958658854176, 18.251258341471495, 18.158374023437528, 18.22243889702702, 18.294297620985315, 18.13014187282988, 18.089521959092963, 17.97251349555133, 17.978437296549583, 18.317303805881142, 18.454949612087812, 18.321696302625963, 18.217263793945392, 18.349325900607727, 18.48581848144541, 18.38261583116328, 18.281964789496573, 18.165591091579966, 18.206538560655456, 18.369533623589557, 18.46867777506524, 18.39839986165371, 18.282294718424623, 18.277813720703175, 18.472383626302193, 18.447571818033907, 18.51815083821619, 18.517407226562643, 18.56416219075527, 18.82334323459209, 18.759067450629345, 18.61490207248276, 18.60654432508697, 18.677593994140675, 18.98007269965285, 19.04051005045581, 18.934216308593857, 18.910974460178107, 19.00991990831172, 19.13079901801221, 18.972092013888982, 18.976971774631238, 18.938696628146754, 19.040843031141588, 19.25863579644111, 19.24556410047757, 19.24227294921887, 19.088704766167627, 18.978949652777867, 19.141347927517472, 19.247063191731872, 19.278692966037337, 19.29685940212691, 19.35811665852877, 19.52191128200957, 19.617143758138166, 19.627257622612944, 19.6156327989367, 19.668826633029614, 19.568627590603416, 19.69059210883258, 19.802913072374167, 19.69461127387164, 19.708463880751026, 19.902139282226642, 19.952063666449703, 19.89375542534727, 19.936764187283114, 20.028863525390758, 20.171401977539215, 20.12985229492199, 20.118188137478437, 20.090868462456758, 20.139719645182407, 20.03834838867196, 20.016222805447097, 19.97378438313812, 19.93907843695763, 19.783899264865536, 19.8316857231989, 19.95023464626748, 19.979227362738754, 19.93258870442717, 19.869135538737055, 19.93750000000013, 19.937688869900228, 19.943675062391623, 19.966671752929813, 19.92861429850272, 19.896084594726688, 19.861445448133793, 19.78552992078998, 19.776814100477527, 19.866700575086934, 19.861311509874252, 19.910199313693663, 19.819223361545273, 19.72866041395408, 19.708682929145066, 19.640257771810013, 19.52951931423623, 19.591965738932384, 19.591872151692787, 19.560097588433297, 19.629418606228416, 19.59780273437508, 19.54466349283869, 19.500298394097324, 19.54203321668852, 19.565911187066074, 19.371908230251808, 19.36635504828566, 19.354630872938458, 19.465302191840298, 19.377931382921076, 19.339910549587785, 19.40219794379351, 19.379135470920257, 19.46007080078137, 19.41680772569464, 19.42279730902788, 19.45415039062516, 19.490920342339546, 19.38076646592894, 19.516126505533958, 19.37777269151485, 19.448910183376825, 19.45100063747837, 19.44841105143244, 19.388986206054785, 19.32931349012593, 19.380249701606033, 19.358212958441964, 19.375854831271834, 19.35336371527789, 19.411847601996538, 19.41113382975277, 19.429802110460077, 19.409782240125935, 19.369271172417694, 19.4525614420574, 19.385389200846458, 19.325322808159797, 19.323010253906375, 19.18222520616329, 19.000721232096378, 19.03996242947058, 19.0583597819011, 19.28219095865893, 19.35557047526051, 19.322985500759653, 19.227657402886337, 19.15708448621969, 19.253642781575593, 19.35414123535162, 19.155748833550472, 19.16435885959216, 19.09373372395841, 19.259714423285686, 19.222466023763122, 19.234300401475878, 19.160793050130376, 19.117204454210196, 19.121459621853415, 19.105815972222313, 19.02497253417975, 19.078732299804795, 19.097772894965335, 19.156275770399397, 19.09217563205304, 19.080892266167627, 19.04021572536904, 18.920400661892433, 18.98934495713983, 19.134261745876888, 19.120184665256186, 18.941179063585178, 18.94528571234819, 19.043451944987037, 19.018249172634643, 19.014045545790037, 19.011157904731004, 18.89365505642373, 18.985655721028763, 19.0582370334202, 18.960639784071265, 18.889205593533102, 18.910254245334272, 18.96055942111559, 19.028610907660703, 18.919542439778734, 18.955164591471473, 18.82627427842895, 18.9396033393013, 18.955865139431506, 18.950611368815164, 18.867293633355132, 18.858691067165868, 18.770577663845604, 18.8722561306425, 18.984930759006165, 18.957117038303085, 18.84097290039074, 19.004955037435025, 19.046957058376865, 18.95750698513469, 18.851562160915876, 18.93277960883258, 18.929533216688487, 19.021389770507955, 19.029479980468825, 18.901803927951562, 18.964933268229306, 19.04398057725706, 19.005776977539217, 18.931124538845552, 18.88499925401491, 18.925419108073072, 18.906918334961063, 18.911837768554772, 18.892408582899407, 18.835464816623375, 18.772507392035777, 18.768688625759655, 18.806579928928084, 18.849285888672, 18.784073893229237, 18.78634033203133, 18.845631578233583, 18.789444986979237, 18.806491767035727, 18.682887776692798, 18.759074571397587, 18.942813788520027, 18.86154920789941, 18.807209608290027, 18.80448981391072, 18.78106045193154, 18.828259277343857, 18.75066833496108, 18.706862046983606, 18.71311950683607, 18.726024712456688, 18.79694078233509, 18.730248345269217, 18.68772142198363, 18.71225653754347, 18.671639336480215, 18.77835998535166, 18.795392184787413, 18.70730658637162, 18.61912095811635, 18.596375868055645, 18.865330674913366, 18.93462490505658, 18.770250108507014, 18.640618218316092, 18.62360399034293, 18.788441297743173, 18.813962809244913, 18.66060960557735, 18.61562296549486, 18.580917697482715, 18.700315009223193, 18.654475572374263, 18.665013970269154, 18.751596408420237, 18.78917100694459, 18.73348795572925, 18.72659946017808, 18.666988118489655, 18.649586317274366, 18.591696845160737, 18.72048984103746, 18.738321261935862, 18.658857557508725, 18.621894327799623, 18.548607042100816, 18.55349731445322, 18.577246093750148, 18.56795077853752, 18.504158867730098, 18.4719709608291, 18.611633978949744, 18.568861897786633, 18.50597059461815, 18.420178222656375, 18.374953545464507, 18.459363810221436, 18.50289204915377, 18.51649542914504, 18.44827609592026, 18.387522040473243, 18.451426527235373, 18.451349894205844, 18.382816229926352, 18.39711880154086, 18.40086873372411, 18.4669769287111, 18.43328111436644, 18.448757256402093, 18.413767496744924, 18.36948920355913, 18.389952596028763, 18.4424075656468, 18.321517944336012, 18.32955830891939, 18.299764675564308, 18.279409790039136, 18.301900566948877, 18.180538940429738, 18.17146911621099, 18.09429863823802, 18.196544053819537, 18.149782986111173, 18.227935451931522, 18.205445353190196, 18.26277669270837, 18.302617730034836, 18.350313652886427, 18.33860270182309, 18.285017225477514, 18.284115600585988, 18.316277058919393, 18.376441107856028, 18.35895419650622, 18.206356472439325, 18.083442179362084, 18.16263461642808, 18.191609700520925, 18.228683132595602, 18.285079616970524, 18.20883382161467, 18.261130777994897, 18.27614542643238, 18.268630642361227, 18.11792975531688, 18.140614488389854, 18.333056979709266, 18.276142374674652, 18.212941487630285, 18.206554158528814, 18.176875813802212, 18.12148132324226, 18.181204901801305, 18.17029791937938, 18.177036200629498, 18.11098700629348, 18.16589050292985, 18.23396470811635, 18.187460666232692, 18.115747070312597, 17.99527553982212, 18.00945977105054, 18.12211371527786, 18.116900973849926, 18.05168219672322, 18.009428236219737, 17.95912306043842]}