{"latitud": 6.0029, "longitud": -67.4953, "radiacion": [36.04537590874571, 36.06021491156698, 36.11788194444455, 36.20950046115462, 36.24295383029526, 36.141828748914975, 36.14717237684473, 36.237630886501826, 36.29521213107652, 36.26428663465722, 36.421523708767424, 36.33195868598101, 36.32041185167109, 36.509442138672, 36.5792744954428, 36.58982442220059, 36.55841912163635, 36.50704854329437, 36.57353108723972, 36.49127332899317, 36.52519768608945, 36.541502888997535, 36.592954847547865, 36.68232591417109, 36.5809312608508, 36.58979966905389, 36.70403171115456, 36.745546807183224, 36.78555094401054, 36.84799736870676, 36.9303246392145, 36.91664733886726, 36.96160922580302, 37.08197360568581, 37.13711717393676, 37.19262424045153, 37.10969746907565, 37.227631632487125, 37.31760830349399, 37.34742499457474, 37.44663187662771, 37.34556070963547, 37.34995761447491, 37.554374864366366, 37.548287285698905, 37.574637518988766, 37.635817125108645, 37.673028225369116, 37.63613925509992, 37.67419908311641, 37.78880479600707, 37.83726060655393, 37.855332099066935, 37.8441711425783, 37.84192335340722, 37.73995259602873, 37.81138475206169, 37.78113369411903, 37.85171813964854, 37.900699869791765, 37.99476860894108, 38.09936252170147, 38.094189114040866, 38.15815836588553, 38.178222995334295, 38.26544833713117, 38.27969767252616, 38.280626085069514, 38.39057752821187, 38.36857842339416, 38.32373182508692, 38.43062405056435, 38.29409756130659, 38.335984971788264, 38.36671515570756, 38.33163892957907, 38.325325859917676, 38.27530381944456, 38.288865492079076, 38.04619581434472, 38.060681830512316, 38.16823086208785, 38.050139363606796, 37.95480380588111, 37.82979770236553, 37.74021097819027, 37.63993564181866, 37.629252115885514, 37.623674858941115, 37.50935329861121, 37.42138570149757, 37.41506924099402, 37.332045152452395, 37.31027018229171, 37.37798224555129, 37.320234510633746, 37.344514634874145, 37.230153062608565, 36.99645419650619, 36.68844367133255, 36.56164245605478, 36.47800564236121, 36.32624782986119, 36.23345370822485, 36.19565904405391, 36.15063374837255, 35.97299736870667, 35.75488043891062, 35.58288574218765, 35.419853040907206, 35.33520236545146, 35.06906127929695, 35.00085822211381, 34.89565260145415, 34.60851067437071, 34.448532104492394, 34.39850701226135, 34.2325425889758, 34.30427686903215, 34.1512797037762, 33.99144354926225, 33.99476114908864, 33.71537950303824, 33.49214477539069, 33.29892849392371, 33.06445109049491, 32.87686191134992, 32.85849982367633, 32.79992201063376, 32.45131225585948, 32.0902364095053, 31.806158786349936, 31.62930603027358, 31.688354153103393, 31.669890001085168, 31.73344184027792, 31.931878662109472, 32.017832438151096, 32.03135036892371, 31.844204033745786, 31.686881849500992, 31.617489284939364, 31.45545789930564, 31.466705661349977, 31.167918565538287, 30.834786309136422, 30.637106662326442, 30.584494357639, 30.767566596137254, 30.83134087456608, 30.79024929470491, 30.62422146267365, 30.65559319390199, 30.679879082573848, 30.433114284939375, 30.235304429796145, 30.08837788899753, 30.116275363498385, 30.21203782823363, 30.109174940321264, 29.916562567816964, 29.90168931749139, 29.939273749457623, 30.01219245062943, 29.970595296224076, 29.956736246744907, 29.974538845486133, 30.1238291422527, 30.15146755642373, 30.028227064344662, 29.97916497124574, 30.008256700303928, 30.102495998806507, 30.210886637369942, 30.126542154948012, 30.12600775824662, 30.030329725477518, 30.142698160807353, 30.256888495551323, 30.06157090928834, 29.93247646755655, 29.89719238281261, 29.874311319987005, 30.02193840874573, 29.89327426486551, 29.69869995117199, 29.73663635253922, 29.840315755208394, 29.91928405761729, 29.80602993435332, 29.75975443522147, 29.642324829101614, 29.674695163303095, 29.763553195529653, 29.721765814887267, 29.614114718967112, 29.440740966796948, 29.490027533637242, 29.526156616211, 29.53503011067716, 29.608705308702344, 29.781799316406325, 29.771162584092988, 29.805298190646795, 29.729938761393313, 29.79379950629347, 29.84193861219624, 29.86423543294281, 29.940931871202412, 29.974189588758748, 30.038116115993944, 30.16536763509123, 30.302126736111163, 30.31708407931872, 30.466886732313526, 30.42542792426235, 30.449037000868163, 30.68557603624144, 30.803292168511348, 30.710867987738823, 30.803134494357703, 30.74264017740897, 30.83627827962245, 30.840266587999263, 30.970943874783075, 30.916259087456638, 31.092886691623374, 31.149725341797005, 31.219640096028723, 31.2889997694229, 31.21416117350272, 31.40599297417545, 31.501816134982732, 31.587276882595614, 31.68499281141506, 31.778198581271795, 31.955681016710248, 32.08550347222232, 32.2368594699437, 32.22676934136297, 32.06377529568152, 32.37365349663637, 32.44019673665374, 32.463586425781365, 32.41338263617629, 32.44358215332037, 32.61525438096802, 32.925661214192836, 33.01879374186209, 33.0336290147571, 32.97030266655825, 33.10795016818594, 33.17555101182728, 33.37250773111987, 33.449541897244025, 33.37643059624575, 33.448428005642505, 33.60110744900184, 33.55500861273879, 33.49019707573791, 33.44628838433167, 33.58640950520843, 33.76871948242194, 33.88964674207906, 33.71506924099398, 33.701850043402885, 33.9279676649306, 34.13960198296447, 34.24067620171453, 34.34744364420584, 34.41692437065982, 34.503415934244856, 34.65685526529959, 34.731685384114634, 34.74646674262166, 34.58273010253915, 34.72565070258264, 34.7628272162544, 34.680879380968044, 34.60513949924052, 34.657637193468, 34.83984781901054, 34.8802761501737, 35.054628499349064, 34.79815199110258, 34.610483466254436, 34.59450242784292, 34.53950602213558, 34.633731079101686, 34.637334526909775, 34.63746982150616, 34.67505696614594, 34.52864379882819, 34.6775658501521, 34.64398295084641, 34.66859673394108, 34.66330769856777, 34.771848890516615, 34.7450364854602, 34.578964233398516, 34.47711588541673, 34.61907009548622, 34.66856587727873, 34.599563259548724, 34.58327467176654, 34.55383639865465, 34.32206522623712, 34.44481777615031, 34.48615620930997, 34.22824978298621, 34.14995015462252, 34.07825249565983, 34.05290662977442, 34.267912462022686, 34.29811842176664, 34.1585008409289, 34.04898613823798, 34.22488878038206, 34.248793877495736, 34.230728149414176, 34.23594563802093, 34.47542148166241, 34.52622239854611, 34.577205064561724, 34.555466715494845, 34.56322055392801, 34.45006239149319, 34.44964124891502, 34.60166659884995, 34.511674669053946, 34.556607055664095, 34.69375203450528, 34.75338372124577, 34.842604573567804, 34.93314446343326, 35.0329847547744, 35.0251583523221, 35.08193698459214, 35.31289842393674, 35.20878634982645, 35.18623487684474, 35.26022745768237, 35.32799919976134, 35.452573310004446, 35.48937717013903, 35.49411621093763, 35.48387383355047, 35.482705349392425, 35.57660997178828, 35.61360846625441, 35.749193318684966, 35.76262715657555, 35.79043850368932, 35.76862860785599, 35.82372300889767, 35.79462924533425, 35.79609747992627, 35.79386088053394, 35.908223809136395, 35.968124389648494]}