{"latitud": 7.7813, "longitud": -72.3447, "radiacion": [24.539940388997497, 24.36244981553828, 24.444247436523522, 24.517051188151186, 24.26105482313383, 24.453486124674537, 24.425365193685007, 24.391264173719662, 24.15238817003052, 23.94216613769538, 24.28124118381091, 24.452350870768367, 24.412343343099128, 24.421786838107774, 24.435778130425394, 24.528098212348198, 24.539905124240494, 24.414586385091237, 24.278495279948004, 24.027399698893287, 24.5231011284723, 24.60764736599403, 24.574219089084334, 24.47550930447058, 24.18052944607217, 24.567070176866427, 24.609259711371635, 24.61796298556872, 24.618548583984477, 24.392276679145045, 24.715396457248346, 24.667711724175433, 24.611304389105978, 24.708139716254475, 24.71528693305127, 24.881612141927196, 25.09158664279522, 25.099937269422853, 25.017202080620752, 24.845289781358588, 25.085712348090414, 25.212049018012312, 25.211237250434127, 25.030707465277903, 25.0129852294923, 25.284194607204956, 25.291053941514917, 25.540891181098193, 25.362086317274418, 25.151823594835133, 25.368760511610333, 25.487272813585125, 25.656908840603496, 25.66128845214854, 25.446347045898563, 25.63311360677085, 25.829356214735355, 25.77073432074665, 25.648243543836923, 25.544846259223196, 25.801150173611195, 25.96983133951839, 26.0206831190323, 25.80443895128045, 25.471988932291765, 25.808307223849948, 26.02591857910168, 26.069906955295266, 25.988709513346464, 25.878125678168505, 26.092510308159735, 26.11381123860686, 26.168321058485372, 26.05512966579867, 26.036212158203266, 26.08928222656264, 26.067433336046122, 26.114979044596453, 26.214137776692798, 25.98959791395409, 26.200705973307493, 26.376824273003567, 26.417625596788337, 26.39884338378918, 25.988689846462837, 26.187210422092125, 26.223987494574715, 26.072169664171103, 26.20870666503915, 25.984496053060013, 26.16654764811207, 26.31522827148441, 26.284316338433314, 26.35998229980483, 26.321444702148465, 26.339585367838634, 26.42573310004345, 26.50559014214417, 26.527449883355132, 26.40077989366324, 26.415851508246647, 26.252703179253558, 26.144563802083457, 26.16898939344628, 26.132412041558325, 26.299909803602514, 26.265202840169422, 26.43270331488723, 26.28168911404092, 26.156779310438424, 26.295873684353392, 26.168480767144143, 26.149278089735315, 26.100828043619845, 26.065300157335173, 26.097591145833462, 26.124004787869012, 26.23809102376316, 26.258801269531375, 26.155122545030434, 26.33562486436648, 26.341503228081624, 26.329841783311753, 26.40940144856781, 26.229120551215413, 26.476701524522696, 26.507058376736193, 26.532055324978426, 26.440295071072114, 26.460039265950588, 26.510807630750964, 26.5114847819011, 26.44761827256961, 26.45543450249579, 26.325804985894234, 26.27494642469628, 26.21835089789509, 26.33316446940114, 26.439300537109528, 26.346174452040106, 26.52682189941417, 26.462212117513104, 26.550535413954112, 26.469485812717096, 26.169769965277908, 26.03873460557736, 25.86490817599838, 25.85672234429262, 25.870957438151112, 25.957769097222336, 25.953433227539108, 25.859388902452338, 25.85666605631523, 25.740429009331592, 25.684462483724058, 25.868217298719685, 25.8146023220487, 25.779142252604306, 25.793648613823905, 25.752606201171982, 25.81869371202265, 25.62276340060767, 25.489489067925433, 25.433895874023506, 25.43324720594624, 25.480601671007037, 25.458211263020928, 25.48832024468324, 25.466212972005312, 25.231513468424584, 25.20255059136292, 25.29451192220057, 25.297491115993996, 25.244283718533097, 25.353110758463625, 25.30917324490029, 25.261709255642415, 25.260076226128543, 25.300545925564336, 25.244009399414097, 25.138393147786548, 25.058734130859495, 25.015843031141603, 25.199013264974024, 25.16999715169275, 25.095844523112152, 25.10884433322489, 25.060668945312614, 25.09981655544711, 25.124189588758743, 25.08098178439681, 25.123435804579135, 25.16499396430127, 25.085991414388122, 25.12821926540812, 25.282320488823945, 25.22733798556872, 25.303268093533063, 25.231922403971456, 25.157126871744918, 25.324407958984484, 25.374412027994918, 25.283878580729265, 25.369500393337773, 25.29095119900188, 25.397032335069525, 25.30002475314681, 25.43028259277355, 25.490842352973193, 25.453269449869936, 25.451719495985362, 25.572816297743202, 25.633527289496655, 25.63657226562509, 25.43932325575101, 25.40365295410167, 25.489986843533075, 25.63600362141932, 25.727555677626015, 25.709777492947143, 25.678667534722326, 25.656278483072963, 25.78256056043845, 25.820215182834275, 25.771143256293538, 25.830834282769217, 25.98001878526492, 25.90951368543847, 25.9574296739367, 25.91702711317286, 25.95077548556871, 26.03957282172318, 25.99098748101149, 26.05824144151489, 25.989082505968025, 26.002989366319564, 26.158926052517455, 26.18207261827261, 26.30801730685776, 26.25395575629356, 26.3733323838977, 26.302071126302206, 26.380056762695364, 26.379978434244908, 26.21118638780384, 26.4231360541451, 26.388894653320452, 26.46423441569021, 26.41494547526052, 26.367757500542698, 26.376881917317842, 26.349565633138166, 26.18456081814236, 26.322563340928923, 26.25213351779522, 26.368997870551386, 26.39072096082911, 26.362558322482773, 26.33785400390633, 26.420810953776236, 26.477303398980116, 26.416555786132864, 26.373823377821225, 26.49208407931872, 26.423684692382874, 26.505093383789188, 26.577697075737962, 26.709120008680618, 26.595389133029645, 26.49109157986125, 26.48095024956611, 26.37471957736551, 26.395347086588668, 26.48995022243929, 26.342506239149373, 26.42353278266061, 26.42477077907995, 26.404106987847324, 26.336279296875148, 25.968413628472337, 26.20821974012593, 26.269967312283143, 26.15785861545146, 26.15336676703568, 26.0510542127822, 26.16278347439247, 26.068564181857766, 25.947104220920227, 25.901305813259665, 25.672649468316024, 25.766414388020962, 25.731896294487893, 25.759645928277035, 25.657923719618186, 25.571397908528777, 25.705877685546927, 25.755041503906284, 25.7395121256511, 25.717954847547887, 25.46941290961384, 25.539316813151157, 25.56095241970498, 25.53459438747836, 25.492104085286524, 25.291833157009574, 25.31570129394542, 25.337647501627657, 25.410371229383788, 25.373067898220615, 25.067679850260465, 24.938969590928952, 24.996416219075684, 24.965116712782237, 24.828963216145894, 24.719478691948893, 24.768809339735395, 24.801130845811752, 24.871291097005326, 24.894541761610395, 24.848518880208474, 24.865932549370825, 25.053701104058252, 25.01921183268242, 25.0754523383247, 24.974859958224954, 25.01444905598972, 24.941294352213674, 24.822517564561696, 24.71545884874151, 24.696711222330862, 24.79415147569461, 24.752638753255283, 24.737007988823887, 24.874950493706706, 24.704849921332578, 24.702286783854277, 24.812193128797844, 24.789733886718864, 24.660805596245762, 24.552079264323083, 24.754255845811695, 24.744811333550427, 24.719510226779636, 24.69911397298186, 24.46139865451401, 24.578547159830805, 24.6028021918403, 24.64108310275613, 24.633869425455867, 24.550532023112037, 24.670615302191965, 24.699752129448868, 24.64095865885429, 24.48295661078572, 24.32310553656697, 24.471461317274414, 24.518740844726626, 24.566398790147673, 24.49948018391937, 24.114452446831724]}