{"latitud": 6.444, "longitud": -72.881, "radiacion": [20.17056749131956, 20.222187635633816, 20.172092352973248, 19.95835503472235, 19.96303066677522, 20.199552069770032, 20.089960055881214, 20.02769300672753, 19.94931437174493, 19.91679551866336, 20.39038526746968, 20.47231818305134, 20.394245402018324, 20.2234174940322, 20.28324381510428, 20.360487535264934, 20.3031568739151, 20.2708736843534, 20.230407375759643, 20.154655626085134, 20.409171549479236, 20.55698784722233, 20.465595160590414, 20.402154880099943, 20.300524902343852, 20.486220974392438, 20.5012634277345, 20.605636257595545, 20.58208346896716, 20.559115939670182, 20.950579155816133, 20.847242228190186, 20.74767116970501, 20.76374070909293, 20.9034332275391, 21.243217976888122, 21.206525675455794, 20.98964708116336, 20.928407118055645, 20.927308485243184, 21.317057630750885, 21.24026387532558, 21.120684475369046, 21.087425401475816, 21.08288370768243, 21.397608778211936, 21.439752536349943, 21.286358303494012, 21.25526767306864, 21.119958496093904, 21.398739624023502, 21.33073764377184, 21.394096204969667, 21.40241394042984, 21.42812466091588, 21.545666164822176, 21.692591688368168, 21.69603135850711, 21.61331549750446, 21.587869601779573, 21.560971069336006, 21.526179673936706, 21.647033352322183, 21.630926174587785, 21.702842881944548, 22.06183234320751, 22.019696044921986, 21.980068630642467, 21.845964219835214, 21.82033894856782, 22.03900044759132, 22.04139845106342, 22.037023925781398, 21.893422444661596, 21.854775322808223, 21.93925781250012, 21.845398627387283, 21.872435506184996, 21.785228814019245, 21.79242655436214, 21.839603678385533, 21.87857801649316, 21.815668741862073, 21.760956488715408, 21.67562967936209, 21.77641771104614, 21.797495524088692, 21.78915269639769, 21.679744127061742, 21.56382107204873, 21.62820265028218, 21.595280626085184, 21.563169352213645, 21.513229370117244, 21.527961222330816, 21.626410929362084, 21.52166205512164, 21.377512613932407, 21.33278740776916, 21.298538886176328, 21.313662380642427, 21.23273790147586, 21.12190348307301, 21.131658935547005, 21.10087788899752, 21.133168538411514, 21.034792073567775, 21.012751261393287, 20.974102783203193, 20.941084459092906, 21.054365709092984, 20.93290574815548, 20.780479600694566, 20.71089375813811, 20.68620910644542, 20.75632561577703, 20.701876152886445, 20.755419582790903, 20.750726318359472, 20.72772623697921, 20.750676812066086, 20.705937364366374, 20.695262654622542, 20.691061062283058, 20.557839626736175, 20.647493828667695, 20.59749281141499, 20.523803371853393, 20.607529025607732, 20.59298977322061, 20.61031833224835, 20.503928629557397, 20.436998155381996, 20.408221435546977, 20.414194742838657, 20.433154975043504, 20.458203125000068, 20.53456251356344, 20.462334865993967, 20.494611612955833, 20.645138888889033, 20.629143948025348, 20.489670138888943, 20.482049560546994, 20.532980007595615, 20.423775227864684, 20.153497314453166, 19.972948201497502, 20.044363742404624, 20.209027438693642, 20.347657267252732, 20.38413899739591, 20.278526475694505, 20.20857781304267, 20.403294881185065, 20.41625874837253, 20.34221801757826, 20.273486328125063, 20.230395846896783, 20.219611952039998, 20.363469441731905, 20.24196743435336, 20.1110931396485, 20.02163899739594, 20.04345703125013, 20.146763780382003, 20.0610853407119, 20.06515163845495, 20.115301852756165, 20.145659044053883, 20.173265245225767, 20.116173638237928, 20.064032999674513, 20.000633070204135, 20.04202304416246, 20.123790825737974, 20.079393174913246, 20.025876871744895, 20.080378892686706, 20.170477973090367, 20.210005018446278, 20.047792900933246, 20.116329616970592, 19.983649698893355, 20.08084106445324, 20.253513590494922, 20.25633205837683, 20.1676337348091, 20.047717624240516, 20.015152655707595, 20.180617947048763, 20.08009609646278, 20.108928087022658, 20.006889512803923, 20.05936754014766, 20.198631456163298, 20.024975246853483, 20.01210259331604, 19.945961168077417, 19.853703816731848, 20.02696194118933, 20.1580050998265, 20.022112358941097, 19.99448479546453, 20.146665445963603, 20.23914998372402, 20.233173285590397, 20.08055114746107, 20.177999877929835, 20.23432379828567, 20.380401611328278, 20.33413865831174, 20.288625759548648, 20.31771477593327, 20.190783352322153, 20.29922926161036, 20.223087226020084, 20.16358981662332, 20.1585998535157, 20.272149658203187, 20.191354370117306, 20.12253553602443, 20.08880072699664, 19.99295823838982, 19.95523546006956, 20.077465820312568, 20.137086995442797, 19.99498121473535, 20.022023857964484, 20.01149664984816, 19.963842773437573, 20.07539876302089, 19.787429470486227, 19.955321587456698, 20.07045491536464, 20.070368448893323, 20.04576822916677, 20.09611002604176, 20.127490912543426, 20.102043321397712, 20.068842230902874, 20.02853325737855, 19.987924872504436, 19.946157497829933, 20.037114800347297, 20.051141696506193, 19.898098415798756, 19.845014784071264, 19.858099365234448, 19.980317518446213, 20.032793511284883, 19.90597839355479, 19.794740125868163, 19.82608506944456, 19.936244710286587, 20.14975687662771, 20.013907877604254, 19.759871758355132, 19.705735609266622, 19.842663574218914, 19.927195570204066, 19.764638604058273, 19.702196926540925, 19.667243448893316, 19.701170518663236, 19.707778591579938, 19.704147677951408, 19.746233791775257, 19.822705078125143, 19.8330169677735, 19.85342848036034, 19.69922146267375, 19.59232177734386, 19.487978108724104, 19.654035101996612, 19.697114393446327, 19.62333543565548, 19.454279581705865, 19.404700046115597, 19.395284356011377, 19.54900241427964, 19.496640014648563, 19.390426296658024, 19.344063652886387, 19.322518581814318, 19.332837592230987, 19.31576911078571, 19.197777642144256, 19.184512668185885, 19.178545803494007, 19.233914862738857, 19.188215806749252, 19.180349731445443, 19.094461059570467, 19.1583536783855, 19.230107625325576, 19.179650878906408, 19.20238037109387, 19.128135172526097, 19.143248833550484, 19.246387736002703, 19.22207709418414, 19.16983744303398, 19.03805847167979, 19.08347337510861, 19.167866007487095, 19.08417697482658, 19.0569105360244, 19.03952941894543, 19.037564765082625, 18.95704616970488, 18.904394870334347, 18.84706895616328, 18.807427639431598, 18.916061062283106, 18.941301133897678, 18.91686604817723, 18.92118360731348, 19.057595486111193, 19.076431274414176, 19.193127441406357, 19.152207777235315, 19.036320665147645, 19.10045267740899, 19.145994398329076, 19.25312466091587, 19.223064507378577, 19.08385857476145, 19.112911309136297, 19.16300184461816, 19.260630628797855, 19.213554212782203, 19.248330349392404, 19.225321451822992, 19.337556287977538, 19.443564520941987, 19.451474338107726, 19.29685702853745, 19.314135403103403, 19.324386935763965, 19.465082126193675, 19.46640658908429, 19.422119818793572, 19.26784328884554, 19.265412394205782, 19.49757792154952, 19.542357381185035, 19.578352864583433, 19.509065077040034, 19.556520250108633, 19.652885945638122, 19.696963840060885, 19.74707675509997, 19.61019694010425, 19.521294148763143, 19.819251505533998, 19.857402547200625, 19.780628458658935, 19.655233764648585, 19.676548597547804]}