{"latitud": 4.4754, "longitud": -71.2477, "radiacion": [33.674914550781295, 33.76770901150186, 33.93858642578132, 34.03376091851133, 34.11468438042548, 34.05417480468761, 34.05790032280828, 34.12231411404091, 34.2885111490887, 34.3985914442276, 34.4022918701173, 34.39459499782995, 34.31941290961388, 34.48739624023449, 34.633855862087785, 34.61289503309471, 34.655642361111234, 34.71580268012169, 34.7451436360678, 34.767528618706706, 34.79671461317281, 34.87686598036036, 34.86711697048613, 34.92113850911471, 34.97977057562946, 34.89494662814682, 35.01651645236558, 35.1057373046876, 35.1494062635634, 35.26063130696625, 35.33474188910598, 35.34038662380652, 35.383714803059945, 35.60520595974401, 35.62367045084642, 35.63477681477874, 35.60158996582047, 35.64917161729609, 35.75029059516063, 35.80598178439683, 35.8258924696182, 35.807807752821226, 35.91328430175787, 36.113812934027884, 36.23130662706171, 36.24037339952258, 36.32160101996533, 36.3725816514758, 36.28628200954872, 36.1720391167536, 36.24809434678831, 36.35521206325969, 36.26034851074229, 36.20209282769108, 36.012169731987946, 35.81252000596796, 35.81582709418414, 35.73329569498708, 35.70188971625442, 35.62180887858085, 35.529259236653765, 35.72318589952266, 35.769781494140695, 35.80190361870674, 35.78694932725703, 35.87633666992193, 35.98154025607647, 35.9200720893013, 35.88269110785603, 35.63486022949231, 35.46331041124139, 35.48372022840721, 35.350282796224064, 35.288035753038265, 35.29506089952262, 35.15814717610689, 35.09442613389765, 35.050091891818646, 35.13279927571627, 34.802659437391604, 34.487074110243135, 34.44540473090287, 34.31946716308598, 34.09357876247841, 33.853768581814336, 33.53766920301655, 33.35884975857213, 33.25483093261727, 33.53182271321625, 33.42679985894106, 33.08029208713115, 32.87007242838555, 32.64468688964852, 32.70551825629349, 32.61975809733084, 32.351487562391604, 32.087811618381146, 31.813483005099954, 31.843259345160657, 31.900793457031384, 31.563712226020073, 31.409640502929772, 31.10708380805134, 31.16652459038632, 31.223062811957487, 30.945044623481028, 30.76469387478308, 30.61582607693153, 30.610425143771806, 30.487318589952395, 30.231617906358547, 30.250844997829898, 30.129128689236172, 30.16391940646709, 30.05973307291676, 29.91166653103312, 29.907863023546042, 29.826568603515664, 29.89170057508691, 29.898309326171994, 29.785702514648506, 29.686746893988737, 29.561217922634643, 29.57893269856777, 29.561494954427207, 29.395914713541742, 29.36321377224404, 29.322597588433286, 29.373746744791788, 29.38806932237418, 29.30440741644973, 29.26297912597668, 29.207463243272702, 29.181701660156403, 29.22786458333339, 29.18868815104175, 29.265495469835212, 29.170837063259665, 29.24574991861988, 29.27813178168414, 29.140698920356005, 29.067748345269177, 28.9863888210722, 29.058532036675444, 28.97252434624581, 28.734988064236216, 28.61435919867631, 28.576996188693656, 28.651640150282162, 28.709155612521766, 28.74019402398009, 28.618540106879465, 28.542793443467986, 28.563903469509626, 28.563815307617332, 28.52946811252184, 28.469767252604242, 28.365078735351727, 28.401455010308307, 28.466566975911537, 28.35322672526047, 28.33794623480918, 28.318472290039185, 28.346209716796977, 28.397414143880308, 28.354772610134642, 28.311475287543544, 28.29003024631091, 28.290159098307395, 28.26674702962248, 28.201352945963624, 28.181646389431574, 28.104660373263965, 28.159776814778752, 28.22390034993502, 28.206560601128576, 28.189520602756147, 28.163456217448054, 28.16120130750878, 28.194716729058218, 28.108187188042677, 27.97922702365459, 27.999145846896813, 28.107203165690255, 28.110256958007938, 28.07609558105482, 27.956481255425405, 27.96760864257819, 28.06837531195752, 28.095751953125077, 28.057675509982744, 28.08201158311643, 28.049456108941097, 28.011364746093893, 28.11943291558174, 28.11800977918847, 28.020144992404635, 27.96951463487422, 28.002561102973193, 28.068522135416742, 28.134184095594744, 28.104231770833394, 28.06130913628482, 28.221371799045283, 28.217654079861216, 28.194404771592986, 28.148003811306562, 28.147109307183257, 28.256227620442797, 28.350457763671916, 28.314247979058223, 28.359044731987947, 28.347840372721446, 28.46303100585942, 28.542292277018287, 28.55624389648447, 28.541734822591213, 28.614498901367295, 28.681343926323905, 28.755724080403784, 28.747594197591223, 28.732838270399384, 28.71524997287332, 28.838433498806562, 28.939978366428118, 28.97008395724841, 28.97811957465287, 28.943157958984482, 29.041918267144183, 29.061538357204995, 29.108713785807407, 29.186043633355137, 29.103683132595563, 29.331681315104277, 29.48099975585946, 29.453188069661508, 29.46330227322058, 29.48899943033865, 29.64220445421019, 29.71927558051226, 29.736500718858565, 29.778667534722313, 29.81345350477441, 29.840518188476583, 29.887445407443725, 29.92830980088985, 30.037988959418517, 30.068688625759666, 30.20119967990458, 30.345734659830807, 30.337682088216166, 30.435495334201466, 30.360178968641623, 30.573776584201408, 30.70773451063381, 30.584789360894167, 30.56410319010422, 30.71791042751738, 30.8072730170357, 30.874025811089552, 30.87894660102006, 30.83663872612857, 30.784108818901966, 30.887824503580816, 30.970146348741405, 31.00566541883694, 31.013203938802178, 31.113536580403757, 31.29848090277784, 31.492459445529615, 31.46698540581603, 31.529277208116394, 31.662316216362967, 31.826957872178962, 31.981345621744822, 31.958788045247502, 31.99473334418417, 31.84273512098535, 31.97927754720064, 31.983109198676345, 32.0305260552301, 32.1686024983725, 32.128652615017394, 32.19055786132827, 32.077820841471485, 31.91276075575094, 31.92630242241766, 31.747537231445353, 31.96086459689684, 31.986355590820438, 32.097703721788264, 32.04460347493502, 31.96019727918851, 31.9513363308378, 32.00433824327266, 31.93028903537339, 31.840352037218054, 31.825708346896835, 31.84547966851136, 31.904713948567803, 31.73280877007386, 31.792676798502743, 31.701107788086045, 31.61966145833342, 31.65647786458347, 31.808628675672804, 31.71487731933604, 31.662864854600798, 31.61534118652355, 31.549903700086947, 31.36361592610687, 31.380640665690198, 31.41098225911465, 31.50921223958348, 31.61540323893242, 31.4212717692058, 31.27979668511303, 31.27247924804692, 31.35109965006518, 31.37907240125882, 31.412380303277, 31.408127170138965, 31.48125000000012, 31.619396294487938, 31.694940863715335, 31.587492540147668, 31.555126274956745, 31.536663818359482, 31.655175781250037, 31.741738213433184, 31.66361117892806, 31.762184312608554, 31.815816921658072, 31.999122789171054, 32.04273546006948, 32.054836697048664, 32.11992017957912, 32.117186821831694, 32.2513719346789, 32.34299892849407, 32.28618876139323, 32.30380757649751, 32.357107883029585, 32.517350938585196, 32.73221469455304, 32.731868828667665, 32.720355563693694, 32.692634752061736, 32.73195529513905, 32.938650851779606, 33.10869920518669, 33.22437913682736, 33.18814663357214, 33.22983873155393, 33.30317484537769, 33.26556939019108, 33.332150268554756, 33.36926371256518, 33.54538675944017, 33.574658203125104]}