{"latitud": 0.5351, "longitud": -70.9693, "radiacion": [27.802317640516588, 27.771565416124304, 27.694369506836022, 27.759508938259668, 27.972829522027023, 27.908759901258765, 27.87777201334643, 27.842089504665882, 27.8908084445531, 28.084362792968857, 28.065738593207566, 28.018901231553894, 27.955322604709295, 28.017641533745707, 28.26280348036035, 28.18117472330736, 28.1326144748265, 28.06800028483093, 28.13677232530394, 28.307090589735292, 28.343714396158944, 28.27652316623276, 28.231037733290083, 28.307573784722347, 28.514251708984528, 28.450616794162443, 28.38633694118937, 28.429569837782253, 28.528487141927183, 28.670042928060017, 28.70984463161911, 28.62255181206611, 28.627878146701505, 28.698604329427194, 28.866710069444537, 28.858621554904612, 28.813314480251865, 28.683634101020118, 28.800295681423695, 29.035489230685908, 28.91744486490897, 28.88616265190986, 28.92624409993503, 28.953595309787527, 29.06185709635427, 29.018175252278734, 28.92441575792111, 28.951844957139826, 28.956166246202333, 29.116740926106843, 29.03501078287773, 28.893816799587757, 28.805549112955834, 28.737097507052983, 28.803368123372497, 28.635255601671115, 28.53403727213553, 28.52856207953568, 28.638258531358645, 28.67173224555135, 28.654399617513132, 28.527391221788264, 28.432376776801334, 28.451336669922, 28.565875244140784, 28.558368937174617, 28.47287631564679, 28.28267856174051, 28.249027845594714, 28.400827365451505, 28.36041429307735, 28.285983615451528, 28.21337992350277, 28.2466206868491, 28.26402214898017, 28.24761250813818, 28.152972073025296, 28.029968261718846, 28.006399875217046, 28.126073879665967, 28.05225321451839, 27.961814032660754, 27.822297837999276, 27.871188693576453, 27.998198106553975, 27.948650444878524, 27.910457356771, 27.998871527777833, 28.03348456488726, 28.05325012207042, 28.043852064344737, 27.880255466037397, 27.773461914062597, 27.79776814778658, 27.815787082248352, 27.80406494140639, 27.756294080946248, 27.726163397895107, 27.7369652642145, 27.741030544704888, 27.698316446940208, 27.604273139105942, 27.581740315755326, 27.59335361056867, 27.605837334527035, 27.563471476237073, 27.52530246310772, 27.49434644911035, 27.50803426106785, 27.530552842882003, 27.50243971082915, 27.443657769097303, 27.414837307400262, 27.400924004448935, 27.407601250542598, 27.382778930664074, 27.3594072129992, 27.30148756239159, 27.369762505425456, 27.394137573242272, 27.349168226454157, 27.3254699707032, 27.3224494086373, 27.319502088758824, 27.310215928819485, 27.273635525173688, 27.169686889648556, 27.10123121473536, 27.132526312934115, 27.150763617621635, 27.106022135416804, 27.15664265950532, 27.080404324001847, 27.068922254774407, 27.098312717014, 27.11437581380223, 27.152339341905513, 27.110042995876825, 27.106336466471532, 27.070709906684176, 27.163280232747542, 27.109123399522673, 27.073720635308273, 26.989314439561763, 26.96731363932302, 26.912194824218847, 26.869749281141594, 26.84311862521709, 26.893568250868118, 26.886892022026966, 26.885269843207595, 26.86737603081612, 26.82176310221367, 26.801481458876026, 26.81245252821193, 26.8515760633681, 26.85581461588559, 26.82767096625442, 26.892707994249218, 26.834209187825653, 26.848927137586923, 26.852974107530468, 26.773538886176272, 26.805963134765648, 26.778691948784836, 26.804890611436786, 26.859602186415014, 26.862704806857817, 26.869267103407235, 26.875062391493184, 26.8438998752171, 26.85152621799051, 26.784201727973215, 26.76048346625443, 26.81320665147581, 26.858992852105075, 26.867402479383752, 26.81143731011296, 26.780855984158052, 26.778367445204122, 26.74584316677533, 26.734550984700643, 26.722237141927167, 26.741107516818715, 26.76650695800788, 26.776988728841236, 26.73936530219201, 26.737681410047873, 26.78947855631522, 26.800228881836006, 26.800129530165048, 26.833912150065164, 26.809945339626875, 26.862744479709363, 26.891439141167627, 26.83999159071188, 26.7810506184897, 26.75591227213552, 26.77736070421012, 26.825199381510572, 26.875198364257926, 26.882556491427994, 26.848844061957536, 26.913749864366366, 26.994623819987055, 27.006420898437625, 26.99716661241335, 27.011414591471464, 27.019684855143282, 27.04653625488288, 27.089275444878506, 27.169075181749218, 27.159702894422896, 27.271940104166813, 27.256537543402942, 27.319515991211023, 27.355930582682372, 27.31175096299923, 27.360786946614684, 27.4369354248048, 27.43956231011295, 27.442866346571293, 27.448633829752755, 27.48808458116328, 27.545196872287438, 27.578717380099913, 27.620305040147628, 27.63827989366327, 27.72191196017805, 27.72880181206608, 27.795499335395053, 27.82153218587246, 27.789384969075627, 27.85799458821627, 27.883733113606883, 27.935410902235308, 27.94184943305127, 28.013230726454122, 28.001255628797804, 28.012046644422828, 28.09884541829437, 28.091753811306507, 28.124729410807337, 28.082649400499275, 28.103388468424612, 28.140206570095625, 28.238689846462762, 28.263547092014033, 28.239210001627708, 28.25807562934038, 28.26314697265629, 28.25481736924928, 28.290272691514872, 28.355677625868168, 28.299698215060918, 28.309748670790004, 28.249819946289183, 28.316508653428894, 28.391137017144235, 28.386745876736274, 28.37449883355045, 28.32938842773446, 28.359857516818654, 28.30224778917115, 28.294405788845534, 28.314932590060835, 28.408108520507955, 28.41700473361554, 28.453996446397714, 28.516246880425474, 28.530447726779585, 28.503018527560886, 28.51786431206612, 28.555497233073044, 28.605881754557362, 28.6343950059679, 28.57303127712682, 28.51815321180563, 28.52037285698795, 28.536494276258736, 28.5440785725912, 28.519911702474058, 28.544716729058223, 28.558461507161535, 28.58770921495231, 28.427003987630314, 28.442873128255354, 28.36225212944896, 28.388474188910664, 28.458253987630314, 28.43606974283864, 28.388744099935025, 28.38664109971802, 28.419559733073015, 28.431205919053923, 28.399972873264023, 28.302260335286594, 28.28370836046014, 28.26918504503048, 28.292151557074686, 28.213997056749196, 28.22245517306872, 28.21250372992633, 28.167897881401966, 28.243225775824726, 28.200859578450643, 28.131798299153843, 28.106914605034845, 28.115279473198882, 28.14720153808607, 28.118779161241434, 28.02505662706176, 27.98855963812944, 27.956180487738816, 28.056783040364696, 27.919755045573083, 27.876998223198882, 27.86244472927528, 27.90221320258253, 27.962473212348225, 27.989764404297016, 27.945108371310877, 27.839129977756233, 27.84409315321191, 27.90251566569024, 27.934976535373398, 27.78736843532992, 27.719344753689313, 27.790352715386366, 27.85591396755645, 27.836898464626852, 27.727544826931496, 27.742354329427126, 27.715576510959334, 27.779675292968857, 27.75796373155394, 27.708399454752698, 27.666025119357755, 27.64388665093331, 27.71031901041685, 27.696799045138942, 27.694994778103364, 27.60307854546454, 27.68124559190549, 27.780772230360373, 27.710073513454933, 27.636230129665858, 27.588210381401968, 27.59442104763472, 27.722758314344713, 27.702105034722365, 27.61046244303397, 27.552660793728382, 27.588804456922844, 27.739680650499224, 27.725588989257897, 27.62910359700527, 27.6121897379558, 27.67014702690983, 27.82674662272143]}