{"latitud": 9.9152, "longitud": -75.6704, "radiacion": [29.57164679633267, 29.558787706163326, 29.478578694661525, 29.42971903483084, 29.332933553059988, 29.24106038411467, 29.153576660156375, 29.222345987955787, 29.164215766059158, 29.166461181640745, 29.185113864474943, 29.149337090386478, 29.045306735568676, 29.071557956271818, 29.027588907877757, 28.99529249403217, 28.95202433268233, 28.972906833224915, 28.877598402235265, 28.70583835177962, 28.650372314453268, 28.68932461208783, 28.733774481879397, 28.702221340603405, 28.7755625406902, 28.805117119683246, 28.749818589952387, 28.749187215169325, 28.842420450846475, 28.944410196940243, 28.994497002495773, 28.929895019531386, 28.807237752278752, 28.892979600694574, 28.859524197048703, 28.87140706380218, 28.93123914930561, 28.857895914713634, 28.829722764757076, 28.758670043945397, 28.786291842990597, 28.74161003960508, 28.555296495225758, 28.57194451226142, 28.628715345594646, 28.593844604492364, 28.506987169053918, 28.492911444770016, 28.477915445963657, 28.466002739800427, 28.46137017144112, 28.467021009657206, 28.43699747721365, 28.410851711697166, 28.577914767795203, 28.734595065646772, 28.679494222005278, 28.680197482638942, 28.722283257378592, 28.849060397678027, 28.78434617784306, 28.48990749783, 28.541649712456678, 28.73648749457472, 28.909691365559905, 29.047309027777903, 29.106443617079112, 28.951915825737974, 28.80890740288643, 28.765885077582524, 28.71114874945755, 28.795999484592112, 28.876390584309984, 28.996085272895105, 29.00474717881951, 28.91683586968321, 28.976194932725775, 29.016442871093926, 28.956176418728415, 28.841230943467945, 28.83082444932732, 28.806481255425485, 28.844429863823887, 28.835566541883697, 28.88737657335082, 28.83760748969193, 28.963892618815237, 29.056709798177184, 28.968222384982692, 28.803353542751836, 28.790581258138086, 28.884532335069576, 28.991404215494885, 29.06283230251745, 29.065384928385566, 29.13077155219196, 29.118112521701523, 29.11098598904088, 28.987910630968013, 29.08804863823796, 29.287804497613006, 29.186344061957566, 29.196143595377766, 29.279388427734506, 29.36821424696186, 29.5477640787761, 29.722913275824734, 29.618092176649345, 29.609126451280513, 29.61746690538206, 29.583266872829956, 29.484074571397667, 29.534397040473227, 29.8019104003907, 30.01266615125881, 30.049628363715332, 30.18908894856783, 30.151186455620763, 30.185928683810857, 30.19691467285166, 30.183046468099082, 30.245201958550467, 30.35291917588982, 30.407301500108545, 30.507973904079886, 30.471504720052167, 30.534519449869908, 30.525202433268362, 30.590478854709335, 30.54879659016933, 30.576171196831655, 30.659862942165887, 30.601322089301373, 30.61727261013461, 30.694698418511432, 30.565322536892438, 30.56690843370232, 30.59660474989164, 30.65136244032129, 30.64415690104183, 30.665466647678063, 30.795581732855965, 30.84152187771277, 30.78360358344196, 30.860653347439342, 30.82686089409729, 30.926678127712744, 31.057994588216292, 31.227223714192803, 31.122628445095586, 31.021998087565198, 31.062518649631176, 31.216953531901137, 31.249887084961035, 31.121532864040848, 31.11807895236554, 31.01322428385428, 31.121880764431506, 31.151114569770073, 31.239202202691047, 31.283814832899413, 31.291428290473164, 31.287979125976694, 31.227345784505303, 31.239766438802175, 31.213834296332568, 31.307274034288373, 31.228606499566055, 31.259645928276996, 31.363579305013122, 31.446566772461022, 31.44137742784297, 31.414371744791747, 31.492096964518378, 31.46629265679265, 31.670658704969714, 31.633715481228382, 31.559723578559087, 31.598808458116423, 31.806524658203255, 31.898435126410714, 31.926338026258787, 31.935275946723227, 32.0084716796876, 31.825748019748364, 31.82570766872838, 31.89839477539071, 31.99403652615024, 31.88028598361556, 31.873760986328268, 32.05149807400181, 31.984505886501854, 31.928664822048706, 31.951763916015732, 31.785033501519194, 31.640363905164993, 31.63212348090288, 31.765329996744907, 31.77692701551653, 31.740107896592956, 31.672280883789103, 31.682058376736222, 31.717028130425472, 31.737784152560852, 31.653814019097336, 31.636182318793505, 31.806580268012265, 31.779283989800508, 31.7646721733942, 31.63017239040804, 31.65055033365896, 31.65126444498706, 31.52597181532131, 31.53217942979607, 31.50088772243934, 31.280857340494872, 31.39189792209214, 31.63542480468764, 31.571980794270928, 31.468591308593847, 31.43345913357217, 31.522340223524377, 31.441968451606005, 31.34026150173624, 31.335066392686695, 31.301378716363008, 31.24471299913201, 31.132865397135486, 31.22995435926661, 31.14584960937513, 30.992604234483565, 31.05297105577269, 31.11337754991335, 31.070863172743145, 31.15834825303826, 31.079265340169343, 31.23325195312509, 31.112071397569537, 31.01707695855045, 30.905151028103433, 30.906366984049594, 30.997698974609477, 30.9338840060765, 30.881794569227527, 30.850619506836022, 30.909431287977515, 30.73460422092025, 30.636432562934164, 30.750362141927173, 30.864892239040895, 30.707127888997395, 30.599790106879464, 30.64607442220057, 30.71236911349835, 30.723385620117238, 30.769804551866383, 30.786757066514856, 30.539542982313492, 30.416326904296966, 30.339423963758765, 30.339680989583446, 30.536804877387265, 30.53560757107215, 30.4518225775826, 30.406565009223186, 30.328325737847347, 30.472480604383765, 30.449706353081712, 30.340947129991417, 30.24250962999139, 30.326413981119817, 30.19736429850273, 30.10934278700095, 29.993719143337785, 30.078439331054806, 30.184228515625062, 30.13826599121101, 29.945758056640727, 29.923097398546076, 30.030872599283914, 29.98313632541247, 29.95168151855476, 29.88198547363298, 29.88316921657999, 29.82216559516068, 29.743373277452367, 29.735940890842055, 29.75814175075961, 29.799422878689352, 29.77450493706605, 29.687604777018368, 29.645821804470604, 29.601042344835168, 29.61965705023876, 29.65310024685336, 29.695698377821373, 29.726104736328278, 29.77601860894102, 29.81581895616326, 29.87146165635856, 29.903254191080805, 29.90634053548187, 29.917039998372484, 29.876656765408086, 29.77102864583344, 29.699389648437602, 29.72420518663203, 29.792438761393345, 29.744890001085157, 29.648363579644258, 29.667272610134642, 29.66733737521705, 29.694662136501872, 29.710989718967138, 29.672546725803027, 29.665411716037436, 29.649499511718734, 29.61815592447927, 29.709976874457556, 29.754328409830805, 29.769621107313412, 29.902419026692844, 29.83171793619802, 29.75927225748706, 29.713232421875073, 29.723936971028724, 29.818850029839492, 29.85426567925354, 29.801070149739775, 29.71446363661035, 29.716648695204054, 29.734756130642495, 29.8433037651911, 29.90945197211376, 29.901427544487984, 29.781699625651147, 29.727823554145075, 29.731065199110365, 29.781261867947137, 29.800472344292604, 29.791342502170153, 29.758239746093825, 29.79196980794279, 29.862940809461957, 29.8583062065973, 29.78975897894975, 29.780485365125987, 29.804941134982723, 29.78686828613297, 29.81460740831174, 29.782062445746647, 29.78092617458782, 29.834396701388943, 29.752864922417587, 29.68047417534736, 29.531031968858674, 29.556956312391605, 29.570815022786537, 29.605248345269217, 29.583265177408975]}