{"latitud": 6.8493, "longitud": -70.8356, "radiacion": [32.93818054199229, 32.98599209255656, 33.07251213921453, 33.3269599066841, 33.38943684895838, 33.29993387858084, 33.26194559733085, 33.311362372504504, 33.54169345431867, 33.51824340820318, 33.404121568467986, 33.38120930989594, 33.37342902289506, 33.682910834418465, 33.81905314127613, 33.697634548611155, 33.7196756998699, 33.737612236870746, 33.926143731011415, 33.86294691297754, 33.821943834092984, 33.84013027615028, 33.914529758029595, 34.18405253092455, 34.13223707411036, 33.97115308973529, 34.078496297200594, 34.19099290635862, 34.404795328776096, 34.41119757758256, 34.406929185655486, 34.32174343532997, 34.43106621636298, 34.7530904134116, 34.75110575358087, 34.69798278808603, 34.655420600043534, 34.71997951931436, 35.057620917426256, 35.08739759657126, 35.032279798719706, 35.076640828450685, 35.15781385633693, 35.34327799479172, 35.42107510036902, 35.43947380913636, 35.43131510416678, 35.51561075846363, 35.739854939778716, 35.71468098958341, 35.65036655002179, 35.719201660156294, 35.88516438802092, 36.066572740342984, 36.024071587456696, 35.92133789062509, 35.99791937934043, 36.062324354383804, 36.04228040907132, 36.04457872178826, 36.079055786132926, 36.18318244086381, 36.26499667697501, 36.44236551920585, 36.417723253038275, 36.373411390516615, 36.480293782552145, 36.60204806857646, 36.804188028971474, 36.79132792154956, 36.690942382812636, 36.70138956705745, 36.77545030381959, 36.934544881185026, 36.82254977756086, 36.84782341851136, 36.80450100368938, 36.68604600694457, 36.8015547010635, 36.6590579562718, 36.53614569769976, 36.592485555013106, 36.610280015733586, 36.485599772135494, 36.267153591579984, 36.198165893554744, 36.12305738661039, 36.24699740939684, 36.36182691786041, 36.24156188964853, 36.125383504231856, 36.09603915744373, 35.98615858289946, 35.87493421766501, 35.841987440321304, 35.830451117621614, 35.94283481174053, 35.85519951714417, 35.679131401909764, 35.349542236328226, 35.039354790581704, 34.955889214409844, 34.89085828993061, 34.96156548394108, 34.75509236653653, 34.38718431260861, 34.339130995008794, 34.2919257269967, 34.179453870985334, 34.087639702691035, 33.89947611490894, 33.63412509494367, 33.4061645507814, 33.321891954210194, 33.040360853407186, 32.760371568467995, 32.735594346788275, 32.56799689398881, 32.60977172851572, 32.74940117730048, 32.450193277994835, 32.27291700575097, 32.102165391710194, 32.00914476182735, 31.7450358072918, 31.416341145833467, 31.388510810004448, 31.407357788086, 31.443678792317826, 31.197259860568625, 30.799687025282214, 30.598515489366417, 30.385949707031404, 30.419074842665015, 30.408947753906336, 30.365860324435857, 30.430139838324823, 30.55160013834647, 30.633270602756188, 30.478755696614638, 30.39309726291246, 30.18595343695758, 30.15502963595935, 30.223692152235326, 29.88855217827709, 29.510545179579083, 29.386942545573064, 29.29005093044712, 29.46615837944887, 29.54612019856781, 29.4927215576173, 29.396956041124287, 29.26839396158861, 29.34610765245238, 29.324182807074767, 29.116997273763143, 28.992653062608635, 28.92748989529097, 29.036105007595534, 29.086777411566953, 28.837046305338657, 28.799993218316047, 28.70911763509128, 28.71892632378486, 28.762318250868173, 28.750130547417672, 28.69247606065549, 28.793752373589523, 28.78832194010435, 28.631580268012254, 28.678485446506176, 28.640466986762306, 28.586426459418444, 28.70122172037763, 28.862123616536547, 28.748845418294326, 28.57710978190113, 28.60251939561643, 28.670614284939404, 28.62930976019986, 28.55813835991762, 28.357686699761434, 28.36650254991336, 28.53376363118495, 28.463781738281384, 28.45592719184039, 28.299021063910672, 28.35426703559038, 28.36385735405825, 28.518508572048763, 28.391586642795193, 28.31423645019534, 28.246739705403723, 28.34295315212685, 28.414509073893328, 28.432047865126, 28.233722601996647, 28.166277398003576, 28.17899271647148, 28.242790730794322, 28.332133653428894, 28.42119547526056, 28.198778279622427, 28.382021077474104, 28.34909227159297, 28.37728237575961, 28.24723985460078, 28.324486287434983, 28.41161566840289, 28.53641357421886, 28.55903150770403, 28.60688307020418, 28.642457750108647, 28.6582499186199, 28.74826863606781, 28.643726603190185, 28.664487372504464, 28.74293823242196, 28.81124640570759, 28.84578891330305, 28.743306138780458, 28.916026814778736, 28.954699028862933, 29.054873657226683, 29.07640279134135, 29.11637030707472, 29.129459296332566, 29.096920776367295, 29.16901482476133, 29.25983649359824, 29.250870768229294, 29.289925469292637, 29.374263848198932, 29.542133585612078, 29.7079450819229, 29.682592434353392, 29.828174506293504, 29.91125929090727, 30.10037977430564, 30.1565382215713, 30.093527560763942, 30.144966973198866, 30.286402384440162, 30.438893636067803, 30.504247707790892, 30.4822214762371, 30.639877997504414, 30.777579074435835, 30.85630255805133, 31.003551228841275, 30.990539211697165, 31.102711995442764, 31.026550632053063, 31.21672465006522, 31.322901068793573, 31.222514851888167, 31.183190239800357, 31.47481011284729, 31.651735432942832, 31.547422281901135, 31.631494140625104, 31.62717285156261, 31.692833116319548, 31.95244717068154, 31.94516940646713, 32.04845784505215, 32.26736518012168, 32.35579935709649, 32.4878211127388, 32.524607001410665, 32.50096028645847, 32.6123104519315, 32.828404405382095, 32.95602756076395, 32.95457865397149, 32.881425306532186, 32.98741014268671, 33.03554043240032, 32.982541232639015, 32.89844190809472, 33.02084689670149, 33.137836032443694, 33.34131096733952, 33.31981641981349, 33.136788601345586, 33.018215603298664, 33.082479519314305, 33.03957858615462, 33.12620646158865, 33.146175469292665, 33.141578504774394, 33.10526936848968, 33.159118991428045, 33.344649251302144, 33.227915106879436, 33.11270446777356, 33.20881551106779, 33.25587632921016, 33.2478305392796, 33.15687696668846, 33.020866902669376, 33.17874959309906, 33.20948079427097, 33.15273267957916, 33.05663180881087, 33.06796129014763, 32.9471608479819, 33.02731051974833, 32.87619561089415, 32.70250752766932, 32.30439792209211, 32.33599887424051, 32.399299791124214, 32.52249247233082, 32.53927307128921, 32.29887390136732, 32.23517693413638, 32.259295315212796, 32.496635606553866, 32.40969882541244, 32.38016696506082, 32.39984402126746, 32.516480509440235, 32.63558180067283, 32.60574917263471, 32.45863817003049, 32.4120229085288, 32.29159206814247, 32.49472622341589, 32.51077779134126, 32.3822306315105, 32.460863918728364, 32.423159790039165, 32.50837741427961, 32.575701904296956, 32.55048895941851, 32.42240363227004, 32.41453755696623, 32.71274346245669, 32.666393025716275, 32.5178649902345, 32.49069892035593, 32.578822835286566, 32.76188795301658, 32.8540751139324, 32.69606289333782, 32.594303724500946, 32.62132636176227, 32.79571702745235, 32.84632670084651, 32.75315619574667, 32.73103908962685, 32.83923407660611, 33.06656765408002, 32.962102593316025, 32.85167812771277, 32.827123006185026, 32.85091111924925, 33.11254509819889, 33.011062282986266]}