{"latitud": 9.6243, "longitud": -73.1422, "radiacion": [28.120630560981017, 28.236606852213683, 28.230602688259598, 28.393807983398574, 28.23422953287771, 28.133895534939295, 28.166178046332565, 28.16044243706608, 28.21017083062073, 28.176649644639912, 28.263089667426357, 28.428103976779653, 28.28448791503922, 28.407851155599076, 28.667112562391576, 28.618415662977593, 28.610840861002675, 28.44982231987861, 28.521403333875963, 28.230241563585157, 28.394666205512255, 28.50158555772585, 28.553902859158146, 28.51853637695329, 28.565072970920273, 28.513061862521837, 28.62109103732655, 28.697097439236188, 28.767296006944566, 28.87120090060775, 28.891416761610383, 28.912845187717096, 28.810913764106015, 28.921238538954075, 29.024953206380264, 29.08659667968764, 29.202872382270055, 29.153174167209386, 29.2834903293187, 29.275643920898464, 29.39370422363292, 29.42775675455736, 29.192631022135554, 29.13790181477877, 29.270625474717956, 29.345078870985372, 29.60367194281694, 29.671185980902862, 29.655337524414183, 29.474289279513943, 29.585037909613806, 29.667738850911615, 29.79636366102447, 29.650818549262244, 29.803652954101683, 29.810463799370723, 29.955923461914193, 29.990260484483617, 29.955748494466263, 29.889351060655486, 29.98141140407999, 30.08719957139758, 30.153072781033092, 30.21416320800792, 30.180816311306558, 30.285402764214535, 30.41031222873276, 30.54230143229177, 30.580395168728348, 30.515691799587746, 30.270129733615533, 30.472902425130354, 30.543904283311686, 30.508987087673688, 30.492519463433325, 30.399983723958467, 30.494793023003563, 30.4744144015843, 30.514960734049584, 30.405832248264005, 30.49952189127608, 30.646161905924583, 30.582245551215426, 30.584592013888976, 30.50402459038641, 30.431111653645946, 30.487188042534815, 30.534656778971527, 30.615365600586, 30.33590664333779, 30.434987046983622, 30.651914808485326, 30.687896050347337, 30.76399502224399, 30.65694546169715, 30.545473225911547, 30.871565755208355, 31.0761956108942, 31.088519626193676, 31.042270914713583, 30.917281087239758, 30.643243069119006, 30.453797064887283, 30.54238450792114, 30.577806260850803, 30.660405815972297, 30.695599704318656, 30.74653828938811, 30.69138760036903, 30.508918253580855, 30.52152133517804, 30.289316134982737, 30.447839016384666, 30.358901977539215, 30.41739739312074, 30.39775153266068, 30.29856296115463, 30.383305189344714, 30.447456529405446, 30.38218892415377, 30.325797186957573, 30.405566067165864, 30.413967556423756, 30.488213433159785, 30.45248379177527, 30.50710211859816, 30.568954806857715, 30.55889044867629, 30.535498046875148, 30.591300116645073, 30.5085561116537, 30.443706936306494, 30.48225131564681, 30.461241319444508, 30.3545505099828, 30.193304104275324, 30.15840962727877, 30.26321648491758, 30.238630845811773, 30.266929117838647, 30.380970255533914, 30.37491828070752, 30.523418511284774, 30.544358656141622, 30.3250949435765, 30.129433525933255, 29.93314581977006, 29.918058268229235, 29.977725897895084, 30.02452426486556, 30.033747694227543, 30.14071519639762, 30.237396240234528, 30.30198364257829, 30.29357333713121, 30.326308865017456, 30.325878906250068, 30.400626627604296, 30.43167656792546, 30.225391642252628, 30.15391472710507, 30.165993923611193, 30.2243035210505, 30.154337565104303, 30.155868530273533, 30.199982028537438, 30.10472276475711, 30.132038370768345, 30.08345811631949, 29.963268703884637, 30.052409871419286, 30.111352539062654, 30.10604553222665, 30.16798638237852, 30.158021714952383, 30.24143134223105, 30.262129041883757, 30.411759440104294, 30.522988891601642, 30.421687147352525, 30.46654629177529, 30.381580607096414, 30.571418592665037, 30.58292168511292, 30.47256774902358, 30.436483425564386, 30.47446763780391, 30.543859863281398, 30.414014010959306, 30.333648681640682, 30.508528306749252, 30.576815795898522, 30.428829956054813, 30.546040513780422, 30.450938924153757, 30.676816813151106, 30.584026760525223, 30.65402323404955, 30.59078911675353, 30.398735555013065, 30.43209160698795, 30.691884019639815, 30.64911499023441, 30.632396104600804, 30.55868157280825, 30.6673736572266, 30.76432156032996, 30.78728332519542, 30.918073527018333, 30.78254496256513, 30.895977783203264, 30.880215115017467, 30.946831258138104, 30.91455213758682, 30.7549173990886, 30.806875271267415, 30.806527370876854, 31.09800177680135, 30.9671817355686, 30.862852308485344, 30.988885158962734, 30.983709038628604, 31.052371893988834, 30.916210259331724, 30.720157538520066, 30.875322808159847, 30.90627950032562, 30.777976142035698, 30.84597574869802, 30.726063707139833, 30.730028957790864, 30.812196858724025, 30.66381835937513, 30.730032009548705, 30.770881144205834, 30.911737060546955, 31.109628634982716, 31.146590847439352, 31.074290635850844, 30.95193990071628, 30.984164089626898, 31.020631239149413, 31.03875834147145, 30.870540025499224, 30.8489162868925, 30.844801500108648, 30.86599426269542, 30.872035047743207, 30.81591830783432, 30.783097669813497, 30.730218505859416, 30.82065633138035, 30.724975925021813, 30.655515543619913, 30.729622395833434, 30.84444919162337, 30.810488891601626, 30.60703803168421, 30.23519558376743, 30.243089803059984, 30.248755560980936, 30.289366997613, 30.17390509711379, 30.08287116156701, 30.15354037814681, 30.040908135308257, 30.2213582356772, 30.221640014648546, 30.18656548394112, 30.035219997829945, 29.840043809678928, 29.817017618815214, 29.809204779730976, 29.816418796115595, 29.642538452148546, 29.640781317816902, 29.738485039605127, 29.73605550130219, 29.560049099392472, 29.31135728624139, 29.367983669705, 29.321603393554806, 29.172006225586017, 28.91799011230476, 28.81770867241761, 28.739652167426318, 28.73917168511294, 28.509122721354306, 28.380509440104202, 28.24376118977877, 28.21154886881514, 28.159473334418504, 28.122403971354284, 28.10155232747411, 28.108851453993143, 28.110192192925428, 28.094135877821277, 28.080715264214504, 28.126946004231964, 28.027096896701476, 27.996708848741395, 28.03886684841592, 28.24284735785606, 28.008456081814355, 27.850646294487927, 27.84590521918413, 27.798887803819525, 27.83616706000443, 27.779120212131147, 27.675279744466213, 27.44082912868934, 27.482579549153723, 27.53563774956605, 27.474903361002685, 27.464062160915905, 27.501971435546977, 27.545198567708457, 27.491629028320403, 27.563425021701487, 27.631610107421977, 27.7127838134767, 27.726085747612956, 27.75453423394104, 27.603204684787443, 27.582495456271833, 27.699650743272702, 27.765450710720547, 27.7897033691407, 27.802446153428985, 27.800432332356877, 27.857516479492308, 27.933621554904658, 27.93551161024315, 27.914690823025314, 27.690685017903718, 27.736820475260497, 27.813346354166754, 27.89487508138035, 27.999955240885566, 28.00600280761728, 27.993579779731096, 27.984980604383775, 28.068503146701556, 28.062315877278706, 28.059993828667626, 28.037922498915105, 28.128425428602515, 28.168208482530456, 28.121766832139826, 28.09381069607222, 28.199191284179772, 28.356094021267534, 28.309072536892455, 28.188724433051238, 28.213073052300405, 28.201622178819587, 28.322742716471453, 28.33663092719193, 28.224084472656255, 28.09113260904951]}