{"latitud": 7.2342, "longitud": -77.8268, "radiacion": [27.831724039713663, 27.873941379123384, 27.905475192599948, 27.897783406575627, 27.937503729926334, 27.893270534939404, 27.968041314019143, 27.94964667426224, 27.94362792968762, 27.866381835937563, 27.801112535264892, 27.749479166666788, 27.672857666015698, 27.6457933213977, 27.683724297417694, 27.702254909939352, 27.54653557671452, 27.619570922851665, 27.65634562174489, 27.725597805447098, 27.62980617947058, 27.647777642144206, 27.593786282009678, 27.588174777560937, 27.554769558376815, 27.4801388210722, 27.58589782714849, 27.6200100368924, 27.599824015299607, 27.542712063259696, 27.38113572862426, 27.348128933376888, 27.447288682725798, 27.395145331488834, 27.334548611111263, 27.308832126193693, 27.265188598632943, 27.26016879611554, 27.346803792317854, 27.394528198242316, 27.463260226779653, 27.41123318142371, 27.33902553982216, 27.343562486436706, 27.41960686577706, 27.383949449327414, 27.321722073025285, 27.311362711588668, 27.35489027235248, 27.358414713541794, 27.310375637478426, 27.266365220811775, 27.269349161783996, 27.2815355088977, 27.340785386827367, 27.364085557725804, 27.41198086208779, 27.317062038845602, 27.278868272569508, 27.29751925998272, 27.291801961263204, 27.33505011664509, 27.51320495605476, 27.500069512261366, 27.443479749891576, 27.40475429958777, 27.31571180555572, 27.321168687608633, 27.34860738118501, 27.415162489149395, 27.509376017252748, 27.533799574110333, 27.565346950954943, 27.484065755208444, 27.38944057888466, 27.435830010308276, 27.593949720594804, 27.632470024956643, 27.512524753146824, 27.564536878797853, 27.606114027235282, 27.57345682779955, 27.585551961263093, 27.533561876085173, 27.46899312337253, 27.573694525824724, 27.594162326389, 27.58771938747837, 27.588735622829898, 27.599713134765768, 27.669743855794405, 27.685079956054835, 27.729224650065174, 27.73425530327694, 27.674644300672924, 27.740626017252737, 27.760843234592148, 27.677851698133793, 27.681183200412402, 27.70101996527789, 27.717028469509653, 27.74024115668423, 27.83412950303826, 27.869022962782257, 27.94291178385428, 27.91508755154092, 27.944048055013127, 28.01098937988297, 27.933150566948882, 27.916881306966292, 27.95821160210511, 27.983055962456735, 28.04425930447053, 28.05558539496538, 28.013760715060894, 28.008983696831702, 28.174622938368127, 28.169011433919355, 28.18935173882386, 28.12473551432301, 28.14853786892373, 28.232670762803917, 28.308473714192775, 28.329562377929715, 28.274719238281318, 28.298821004231854, 28.282645331488784, 28.34360453287769, 28.332038709852537, 28.26271735297318, 28.264090983073043, 28.338957044813487, 28.439098782009637, 28.376145426432405, 28.325860595703244, 28.37229037814681, 28.417797173394206, 28.385248480902927, 28.355461968316074, 28.38444925944022, 28.362672254774395, 28.317856852213595, 28.351111178928022, 28.3887030707467, 28.381716918945358, 28.398009914822143, 28.436336941189364, 28.434933132595557, 28.37254231770847, 28.322522311740574, 28.269809977213622, 28.308140733507003, 28.27898017035606, 28.257857259114605, 28.25912034776489, 28.24679124620238, 28.29238247341588, 28.284497070312568, 28.280255466037374, 28.238594902886444, 28.26628180609814, 28.24256083170584, 28.2602844238282, 28.228157891167616, 28.177414618598146, 28.204483371310843, 28.174285888671932, 28.164417521158935, 28.091765001085136, 28.090781995985328, 28.04391038682731, 28.044454616970615, 28.05079345703126, 28.051922946506238, 28.069804551866465, 28.02485588921449, 28.057576158311786, 28.064125230577343, 28.051474338107727, 27.927836100260553, 27.968201361762265, 28.024062771267438, 28.097709486219685, 28.047048611111222, 27.948962063259653, 27.964972941080834, 27.961085340711936, 27.976241387261343, 27.99083387586815, 27.912859429253597, 27.93620876736119, 27.997104899088715, 28.01816168891071, 27.986688910590413, 27.967231241862105, 27.954415554470568, 27.980844455295184, 28.014313422309154, 28.014052666558257, 27.99203694661465, 27.96950649685338, 28.023636881510527, 27.97495930989597, 28.017108832465436, 27.920162285698893, 27.92161593967029, 28.019235568576544, 28.017203776041715, 28.130260891384598, 28.023012966580023, 27.99588521321624, 28.024534437391537, 28.04932522243934, 28.027153184678884, 27.99904073079439, 28.062723117404648, 28.099981011284797, 28.119784545898483, 28.216115654839484, 28.231005181206722, 28.249054972330857, 28.225446234809073, 28.286365085178033, 28.25975680881089, 28.213568115234484, 28.24663391113293, 28.2518849690757, 28.297321912977527, 28.30519205729172, 28.330325995551295, 28.355472140842192, 28.359754435221436, 28.403685506185052, 28.384317016601717, 28.353570895724985, 28.42812466091588, 28.39671223958347, 28.438113403320376, 28.532240804036537, 28.48913269042985, 28.528674316406352, 28.53841078016501, 28.59754672580304, 28.583969794379453, 28.54198065863727, 28.584929402669427, 28.623404608832573, 28.704510837131238, 28.631893920898563, 28.624769422743153, 28.64382561577702, 28.6588439941407, 28.68392198350703, 28.704968939887312, 28.653747219509626, 28.620967949761376, 28.691286214192758, 28.700818210178113, 28.736974758572234, 28.728953382704088, 28.712634277343813, 28.714283243815203, 28.764833577474064, 28.77009379069017, 28.749447292751885, 28.766164143880342, 28.722576904296925, 28.77824707031266, 28.780208672417643, 28.775213962131243, 28.79923604329436, 28.83774583604613, 28.82505866156693, 28.81490105523009, 28.767080688476693, 28.788336859809153, 28.800724622938407, 28.83363545735686, 28.85098605685772, 28.858037312825655, 28.837806532118105, 28.80816514756951, 28.823674858941047, 28.729115464952372, 28.737516954210168, 28.728496975369012, 28.70588989257821, 28.73834330240894, 28.74887356228307, 28.686699761284785, 28.66062689887163, 28.599187893337746, 28.62430589463988, 28.603159586588635, 28.537781778971407, 28.554141913520045, 28.579537285698922, 28.621435546875073, 28.581922064887255, 28.554490152994884, 28.518320380316975, 28.501805284288306, 28.515361870659813, 28.521479288737055, 28.528579711914233, 28.45043945312513, 28.44198404947925, 28.443750339084318, 28.39357604980478, 28.431129625108593, 28.415314059787395, 28.394113498264005, 28.40070529513895, 28.405493842231067, 28.35483364529091, 28.355149671766622, 28.35743170844188, 28.258081054687597, 28.2050886366103, 28.177241685655474, 28.156443956163383, 28.202626885308252, 28.210455661349915, 28.20798577202699, 28.167445882161605, 28.164348687066024, 28.217045762803895, 28.21666734483517, 28.184826321072137, 28.182690768771845, 28.137215847439336, 28.138436550564354, 28.16368984646279, 28.151097276475728, 28.110428195529607, 28.14420301649316, 28.092365519205845, 28.08325364854606, 28.09813028971365, 28.008552720811753, 27.96970621744805, 28.007429673936713, 28.075940958658936, 28.074791463216304, 27.99741380479613, 27.987668185763994, 27.974065144856848, 27.984404161241418, 28.05772467719193, 28.0129652235244, 27.933521185981004, 27.985395304362044, 28.051908704969705, 28.013958401150244, 27.910424126519192, 27.925876871744872, 27.964295450846464, 27.963164265950606, 27.930381944444548, 27.929904174804786]}