{"latitud": 0.8825, "longitud": -70.1059, "radiacion": [27.992970106336898, 27.95928243001316, 27.86941155327702, 27.959596761067832, 28.17501458062077, 28.118840196397667, 28.09146525065114, 28.064963107639, 28.088272433810857, 28.290648057725775, 28.292940945095626, 28.232561577691058, 28.1425008138022, 28.207834201389044, 28.44668477376312, 28.41732415093327, 28.337240939670266, 28.283934190538314, 28.348094685872542, 28.549603949652845, 28.562803819444582, 28.494029066297855, 28.416133965386354, 28.505090332031426, 28.703368123372474, 28.65266960991767, 28.595847913954135, 28.657610744900335, 28.756731499566076, 28.91282246907561, 28.970573933919372, 28.84531928168415, 28.871100870768334, 29.00532769097231, 29.123796251085214, 29.09422641330309, 29.05284627278657, 28.9041154649524, 29.03063693576401, 29.25890096028657, 29.18888176812074, 29.14628668891068, 29.161128404405474, 29.211982896593025, 29.341099717882003, 29.285173543294416, 29.199258761935823, 29.267077975803073, 29.25242411295581, 29.426213582356922, 29.35236782497846, 29.22531500922317, 29.138823784722337, 29.125347561306512, 29.179022555881172, 28.993082343207618, 28.955419582790853, 28.832961697048727, 29.007690090603433, 29.082263861762254, 29.079765489366366, 28.904916042751875, 28.845510525173705, 28.885736083984494, 29.008363172743163, 28.959829033745734, 28.87567986382391, 28.747325642903792, 28.740019056532237, 28.864123196072153, 28.817569647895045, 28.72560289171012, 28.661978827582534, 28.731643337673727, 28.74484490288637, 28.674768744574692, 28.531172010633764, 28.410588243272645, 28.42304890950531, 28.510644531250136, 28.438147650824778, 28.388112725151984, 28.24483133951829, 28.264475504557367, 28.422204589843943, 28.353210110134665, 28.28622538248709, 28.337117173936747, 28.41768256293409, 28.435507880316987, 28.356585693359573, 28.25761990017374, 28.139279852973214, 28.206590101454065, 28.237775336371595, 28.15779724121099, 28.069641452365584, 28.033794148763093, 28.06491360134559, 28.03328823513465, 27.998409016927155, 27.920442030164963, 27.883079698350855, 27.86645880805126, 27.886600409613777, 27.830686781141555, 27.818689982096448, 27.74564581977006, 27.773470730251802, 27.770197550455805, 27.741508314344685, 27.709109497070397, 27.685988023546127, 27.660895453559153, 27.668693033854236, 27.663009304470602, 27.62341071234825, 27.578971693250992, 27.634042697482716, 27.64541083441856, 27.603568183051305, 27.583491007487073, 27.552031792534933, 27.573131306966275, 27.59243299696188, 27.52652655707476, 27.433730061849133, 27.36461249457479, 27.410395982530513, 27.41002231174059, 27.326849026150228, 27.40756971571193, 27.345323011610358, 27.361086018880297, 27.366204833984472, 27.3750783284507, 27.395461357964546, 27.35407036675357, 27.358464898003547, 27.34673258463556, 27.425276353624213, 27.3722381591798, 27.319598388671977, 27.2852135552302, 27.22598741319452, 27.178314548068688, 27.118198310004402, 27.085271538628604, 27.15001322428397, 27.122993638780468, 27.14633416069889, 27.14827643500443, 27.059882609049584, 27.056386311849128, 27.071300252278757, 27.091439480251818, 27.156815931532265, 27.10573425292978, 27.13570895724835, 27.101867336697165, 27.11625128852006, 27.13724195692282, 27.074311998155434, 27.06668023003486, 27.034357706705823, 27.060923936632037, 27.114585028754465, 27.09043138292113, 27.090261840820443, 27.11350572374145, 27.05532090928828, 27.08705478244362, 27.06731262207042, 26.992794121636376, 27.053549872504487, 27.11121046278222, 27.14882982042108, 27.070417277018333, 27.056028578016576, 27.044671969943693, 27.02942369249149, 26.99622395833346, 26.963799031575622, 26.987940470377737, 27.008650716145933, 27.05110710991761, 27.053453233507053, 27.03328959147143, 27.07242262098534, 27.087167019314474, 27.062528822157276, 27.143095906575613, 27.107747056749247, 27.113368733724045, 27.159222412109482, 27.148867119683207, 27.091288248697975, 27.04842122395839, 27.076694742838658, 27.102727593316065, 27.190979682074843, 27.188407050238748, 27.166388617621635, 27.18825412326402, 27.34309828016501, 27.315052286783953, 27.32615458170585, 27.31647237141931, 27.333760240343036, 27.375670030382025, 27.398624674479247, 27.455678982204915, 27.437224663628644, 27.57864006890196, 27.601757134331688, 27.625066460503547, 27.68551127115897, 27.641652086046065, 27.671100531684107, 27.75083041720931, 27.803539360894188, 27.787338595920307, 27.7760104709202, 27.82967224121097, 27.864393785264895, 27.90041503906262, 27.936549886067798, 27.977925618489735, 28.0554826524524, 28.06418762207045, 28.147519259982744, 28.12128601074234, 28.0911261664497, 28.188930935329967, 28.206815592448077, 28.23495008680565, 28.274656168619874, 28.32619154188376, 28.322704060872486, 28.333852132161535, 28.3960035536025, 28.41256442599837, 28.42258538140207, 28.382325575086895, 28.42946811252178, 28.407149590386407, 28.533637491862027, 28.56870083279091, 28.524440171983695, 28.56476643880224, 28.556593153211924, 28.54188808865032, 28.559400092231044, 28.62386610243063, 28.615231323242313, 28.618650309244895, 28.5698659261069, 28.565380520290887, 28.608407931857737, 28.685960218641565, 28.69316643608954, 28.649239095052206, 28.65769110785601, 28.598739624023512, 28.590757581922826, 28.628827921549583, 28.715280490451466, 28.732682291666777, 28.807501559787454, 28.858345540364724, 28.878800794813458, 28.85497300889769, 28.845647176106866, 28.85372653537335, 28.89896986219632, 28.93623555501311, 28.87899610731347, 28.792283799913374, 28.81882425944021, 28.877991739908982, 28.80406324598535, 28.803181287977548, 28.8363342285157, 28.867664591471435, 28.893188476562614, 28.755357869466234, 28.73930765787772, 28.6571651882597, 28.687020874023517, 28.746477254231895, 28.75156080457907, 28.70598890516506, 28.664151000976613, 28.707364230685812, 28.755312771267484, 28.70451253255216, 28.593476019965394, 28.573546006944543, 28.57320726182735, 28.54690348307302, 28.460150824652885, 28.47479315863721, 28.490064154731044, 28.50161539713552, 28.4903849283855, 28.463745456271834, 28.417155287000966, 28.370989990234495, 28.32981024848101, 28.39696078830305, 28.335088094075616, 28.231554158528752, 28.226433648003553, 28.199236382378576, 28.241199747721414, 28.158757866753508, 28.10199551052521, 28.09397854275183, 28.128966946072126, 28.168710666232737, 28.194575330946275, 28.1449256049263, 28.06349453396278, 28.11943969726576, 28.110474310981072, 28.149660237630258, 28.03848876953134, 27.92839762369803, 27.9795237223308, 28.064384969075604, 28.075148857964525, 27.90390523274753, 27.90450575086813, 27.93247375488295, 27.979266357421977, 27.942274983724058, 27.899374050564347, 27.83262329101571, 27.85645955403652, 27.95554470486123, 27.959498087565237, 27.887064954969713, 27.804922485351707, 27.85755683051222, 27.972112019856922, 27.928243001302274, 27.84697570800792, 27.772508070204044, 27.7682298448352, 27.90769755045585, 27.90878567165807, 27.80003628200967, 27.71766526963982, 27.784175618489638, 27.985929361979213, 27.90877448187943, 27.837903510199755, 27.787689208984506, 27.8604858398439, 27.99911397298183]}