{"latitud": 3.7513, "longitud": -69.8809, "radiacion": [29.9471662733291, 30.10780266655824, 30.120036824544442, 30.2329572889541, 30.295447794596498, 30.224595133463612, 30.310576375325656, 30.443792724609505, 30.544102986653723, 30.760513983832556, 30.758489651150214, 30.71235690646709, 30.645563083224886, 30.921569146050444, 31.10525817871104, 30.997248670790025, 31.007371351454122, 30.995081244574767, 31.05270351833779, 31.145572577582566, 31.180806816948934, 31.26411946614591, 31.245376925998357, 31.363946194119023, 31.428646850585967, 31.403139241536525, 31.55398898654526, 31.673296101888088, 31.827646891276135, 31.87533738878049, 31.925244818793505, 31.863345336914147, 31.983547634548717, 32.151349555121634, 32.3474599202475, 32.3606346978082, 32.2457563612197, 32.28281860351573, 32.447275797526196, 32.46100599500875, 32.43350185818159, 32.5541090223526, 32.641930135091286, 32.71596204969622, 32.8975223117406, 32.78006286621104, 32.80651041666681, 32.92888624403226, 32.8789316813152, 32.84710896809903, 32.91796502007393, 32.8420688205296, 32.6568200005427, 32.64906005859382, 32.54455871582039, 32.38755696614593, 32.273666381836016, 32.05573696560339, 32.0919338650174, 32.152523803711084, 32.17901882595495, 32.19668579101572, 32.07671237521712, 32.09860670301657, 32.20746731228305, 32.2512468126086, 32.32597825792108, 32.09543016221799, 31.982065497504397, 31.974759250217062, 31.893020290798706, 31.86093783908433, 31.585532972547885, 31.70872599283871, 31.495433892144167, 31.44664577908001, 31.261424763997564, 31.01609429253485, 31.31130947536904, 31.09591098361551, 31.0137566460505, 30.829953342013955, 30.60923733181437, 30.599625651041777, 30.573229980468835, 30.408304172092148, 30.178004625108656, 30.22152031792545, 30.411226399739615, 30.406558227539165, 30.137840101454078, 29.86165805392801, 29.670907592773542, 29.745598687066053, 29.6988359239367, 29.44451056586388, 29.27629564073368, 29.089971245659815, 29.183234659830855, 29.239074028862984, 28.979415554470602, 28.826181708441897, 28.667336697048736, 28.68545735677092, 28.835084703233615, 28.55383572048625, 28.451525878906313, 28.33072543674054, 28.331720987955805, 28.281137763129454, 28.104319593641588, 28.03488362630215, 27.97202148437509, 28.03226928710946, 28.073985799153736, 27.97153761121975, 27.914346652560862, 27.807079739040873, 27.851332600911576, 27.87949625651051, 27.807873535156357, 27.716467624240522, 27.645739067925494, 27.676685248481046, 27.66524895562077, 27.552293565538264, 27.49478861490896, 27.42813754611556, 27.46951090494802, 27.523378499349082, 27.47280409071188, 27.428496975369, 27.344534301757886, 27.38342352973099, 27.466073269314354, 27.474492051866434, 27.421944851345604, 27.341107516818642, 27.393486531575604, 27.47630615234389, 27.359046427409016, 27.303564114040853, 27.258505588107766, 27.283867051866462, 27.242093573676325, 27.191871134440248, 27.13522135416675, 27.089722696940253, 27.100902303059968, 27.131202528211833, 27.15176968044716, 27.10178087022579, 27.06027153862861, 27.059976535373384, 27.097761366102585, 27.044353230794382, 27.074339803059956, 27.052271185980924, 27.07504781087251, 27.0685211181642, 27.052895779079943, 26.98825310601137, 26.970037502712728, 26.9797770182293, 27.022794935438544, 26.96005316840289, 26.977719794379336, 26.93196682400179, 26.972041490342992, 26.99405246310772, 26.989833577474087, 26.951433987087793, 26.877808295355994, 26.943718804253574, 26.93934495713988, 26.94173380533863, 26.909568956163337, 26.857535807291658, 26.911965264214512, 26.921945868598243, 26.86175469292546, 26.820804172092153, 26.812132093641594, 26.83876681857649, 26.89614257812516, 26.88040601942286, 26.83363749186206, 26.793766615126028, 26.847642347547833, 26.86323649088556, 26.834999593099003, 26.88822258843324, 26.829910617404625, 26.85652770996103, 26.92412414550792, 26.918132866753638, 26.788462660047816, 26.80174424913207, 26.852997165256113, 26.899085150824742, 26.958400472005355, 26.942094930013127, 26.88460591634123, 26.96153971354183, 26.978420681423742, 26.980828857421916, 26.931974622938373, 26.94638671875013, 27.00431145562074, 27.129298909505312, 27.123011610243168, 27.073295084635486, 27.019823540581626, 27.139718627929785, 27.220014444987083, 27.21982760959213, 27.241045803494007, 27.238129340277908, 27.28348524305564, 27.35850287543417, 27.350087822808273, 27.317424858941113, 27.328227742513132, 27.368383110894268, 27.411700100369046, 27.424957275390778, 27.4604719373916, 27.43832465277785, 27.524301486545195, 27.558987765842158, 27.572694905599104, 27.615007527669302, 27.54807773166243, 27.691436767578256, 27.737825859917603, 27.723034667968875, 27.73204345703139, 27.769873725043528, 27.872956339518378, 27.979205661349983, 27.92076958550361, 27.92221069335947, 27.92076280381957, 27.92123887803827, 27.995266384548717, 27.944436984592073, 28.065169949001838, 28.04184638129347, 28.182286580403797, 28.304979451497463, 28.257090928819576, 28.2617492675782, 28.25028415256088, 28.459288872612944, 28.542538452148563, 28.48656853569891, 28.473952229817865, 28.546055772569517, 28.56503804524751, 28.676930067274423, 28.627403428819587, 28.611111789279636, 28.564475843641542, 28.61177673339856, 28.690372043185864, 28.662495930989774, 28.655786132812636, 28.70345323350701, 28.87503221299924, 29.078271145290937, 29.01389160156261, 29.012334865994017, 29.084432983398475, 29.109088134765745, 29.224193318685064, 29.187450832790848, 29.133576795790038, 29.062491522895055, 29.18149447970929, 29.20315687391508, 29.203409152560823, 29.202766248914998, 29.198563300238828, 29.294390190972308, 29.268481106228382, 29.17356160481781, 29.027614678277057, 28.938365681966292, 29.108927747938424, 29.173667060004448, 29.145639377170212, 29.027002970377698, 29.016793823242306, 29.031816609700645, 29.09151238335511, 28.9840335422093, 28.85832722981786, 28.80454576280395, 28.836534288194553, 28.977913072374275, 28.77316487630217, 28.780592176649424, 28.674267239040887, 28.69256388346365, 28.808885362413303, 28.73795166015636, 28.648010932074744, 28.53285454644104, 28.684662204318652, 28.66776597764772, 28.410834418402903, 28.46150071885855, 28.454539998372486, 28.582060750325695, 28.543083699544354, 28.26540798611118, 28.21945326063377, 28.23568725585949, 28.299486965603403, 28.38369717068152, 28.31864624023446, 28.288957722981877, 28.28631083170588, 28.441974216037426, 28.53458692762598, 28.424192640516594, 28.357650756836033, 28.331186930338635, 28.48728264702703, 28.54722120496973, 28.391749742296156, 28.325968763563463, 28.356212361653657, 28.553918796115543, 28.719188774956724, 28.5925591362848, 28.50856526692716, 28.468616739908953, 28.707351684570444, 28.803907267252665, 28.66208123101137, 28.708993191189354, 28.75108506944457, 28.997556220160657, 29.210568915473175, 29.01083814832907, 28.925323825412402, 28.86812540690111, 28.962350124783054, 29.190082804362117, 29.22461208767375, 29.294020589192787, 29.229900105794325, 29.415545315212757, 29.546139187283092, 29.472930569118983, 29.466499159071287, 29.509582519531307, 29.738564385308262, 29.92325303819454]}