{"latitud": 1.6141, "longitud": -73.5819, "radiacion": [27.84218648274752, 27.927988009982755, 28.0361935085722, 28.12660692003048, 28.20687459309903, 28.062092759874286, 28.0835388183595, 28.23240695529527, 28.36472100151917, 28.380500623915072, 28.206917995876818, 28.283088175455855, 28.296647474500958, 28.491232977973198, 28.55246242947059, 28.455145602756165, 28.538507419162443, 28.6345065646702, 28.669043307834254, 28.64976874457477, 28.578235202365533, 28.66094767252613, 28.75772942437074, 28.956557549370718, 28.946480984158068, 28.764015028211887, 28.860545179579162, 28.948511759440223, 29.052566189236284, 29.124691094292643, 29.077787950303883, 29.13973761664501, 29.185831366645044, 29.298282877604247, 29.393128797743106, 29.23215535481779, 29.258895195855093, 29.363616604275233, 29.575274658203213, 29.49594658745671, 29.41860114203568, 29.499715169270928, 29.637141248915082, 29.652757432725725, 29.655976019965333, 29.489498562283018, 29.64999966091591, 29.795438639323, 29.809765285915926, 29.7158613416885, 29.570974053277002, 29.54073825412335, 29.530347018771824, 29.572632853190196, 29.349675496419405, 29.091623602973204, 29.003052775065175, 29.177593655056512, 29.25718790690115, 29.269809299045317, 29.09165852864595, 29.107251315646845, 29.112803141276117, 29.076280042860333, 29.13925306532131, 29.068445502387267, 29.06825459798186, 29.114920383029624, 28.96813015407999, 28.964390733507, 28.811286078559117, 28.905867513020894, 28.871463690863873, 28.809340752495757, 28.794472588433255, 28.610664198133787, 28.536067030165043, 28.510375637478376, 28.574070570204057, 28.46336398654525, 28.34110141330304, 28.26461317274315, 28.19196675618495, 28.26716783311639, 28.312339952257048, 28.173420884874286, 28.167457411024373, 28.18106825086818, 28.235261705186815, 28.23794860839858, 28.09676988389765, 27.931477525499265, 27.847378540039188, 27.883960978190185, 27.873964775933228, 27.844594658745734, 27.791552734375102, 27.753842841254407, 27.71495496961821, 27.67333475748708, 27.587555948893357, 27.58576795789939, 27.536066351996585, 27.53025614420585, 27.55607977973106, 27.45999450683608, 27.438562350803068, 27.334826660156352, 27.30956556532131, 27.305785454644234, 27.24564073350704, 27.206901380751024, 27.152998860677183, 27.12878994411909, 27.133121744791733, 27.072387356228433, 27.01117418077261, 26.99909769694015, 27.00566541883694, 26.982318115234477, 27.002898152669427, 26.984188164605143, 26.902072821723213, 26.90820075141073, 26.87118462456611, 26.786443752712746, 26.750024753146835, 26.706285603841234, 26.720312500000073, 26.67253078884558, 26.606312391493134, 26.59518703884557, 26.540430704752662, 26.572339884440183, 26.624033949110373, 26.64299282497842, 26.650082736545226, 26.591009860568665, 26.602437337239678, 26.576989407009687, 26.551196289062585, 26.491594780816133, 26.446213107639082, 26.476683892144212, 26.43312276204436, 26.324361165364696, 26.23348219129777, 26.296309746636364, 26.299451700846458, 26.288208685981033, 26.299519517686672, 26.293708292643373, 26.229818386501808, 26.222167290581712, 26.216364542643305, 26.191739230685886, 26.253850301106876, 26.234216308593847, 26.246995713975803, 26.231665039062573, 26.227475992838645, 26.146317545573023, 26.149288262261354, 26.11329989963114, 26.11978183322492, 26.157186550564404, 26.16133422851571, 26.18803371853312, 26.185774400499252, 26.158440483941053, 26.155769517686718, 26.100069512261374, 26.07801547580308, 26.125362820095614, 26.14876946343327, 26.171844821506138, 26.13846605088983, 26.11020914713551, 26.084597439236173, 26.101306491427994, 26.10711093478746, 26.049324883355116, 26.036818101671127, 26.050272284613754, 26.072861056857732, 26.033493720160664, 26.0398400200739, 26.0624311659073, 26.05106031629782, 26.03586154513899, 26.053282674153802, 26.06952582465283, 26.014188639323095, 26.075414021810044, 26.079766845703222, 26.026386854383833, 25.946504041883795, 25.986081271701494, 26.020398288303113, 26.104187011718864, 26.122388373480987, 26.12999335394981, 26.07834065755217, 26.16294759114599, 26.128205023871633, 26.13545769585515, 26.127571275499236, 26.166376071506136, 26.174624633789204, 26.14447428385421, 26.193118625217114, 26.211535305447153, 26.23861728244371, 26.36563042534732, 26.364709811740568, 26.392781236436708, 26.373418511284854, 26.45097249348966, 26.521335177951453, 26.527405463324726, 26.541997612847315, 26.550690375434087, 26.511333889431512, 26.561783175998357, 26.578276570638156, 26.60309278700093, 26.627859157986205, 26.66378546820755, 26.74151543511287, 26.796132744683273, 26.7809434678821, 26.800739203559147, 26.848653496636416, 26.943467542860315, 26.945365736219646, 26.99866943359376, 27.053037177191925, 27.078662109375085, 27.119194878472303, 27.0698669433595, 27.12546556260863, 27.135302395290882, 27.21744995117204, 27.217967054579145, 27.20072021484388, 27.276261393229294, 27.368203396267422, 27.384955512152867, 27.392620510525244, 27.37734612358952, 27.431836954752725, 27.482479858398523, 27.472226291232744, 27.488704427083405, 27.502411905924532, 27.50691765679261, 27.520744832356872, 27.612212456597337, 27.62579922146271, 27.589765760633764, 27.605095418294393, 27.616691080729197, 27.619746907552237, 27.624679226345563, 27.581856960720604, 27.600091891818693, 27.663327365451554, 27.671721733941112, 27.8026194254558, 27.83047112358952, 27.844517686632116, 27.897031317816943, 27.935342746310805, 27.99678209092889, 27.998061116536615, 27.92436828613296, 27.99260592990466, 28.002877129448866, 28.02207709418415, 28.001829698350775, 28.054552544487947, 28.06412896050358, 28.094532606336884, 28.115240817599897, 28.108846028645928, 28.018971421983583, 27.99692891438818, 27.948737250434135, 28.05542839898008, 28.0311730278864, 28.085859171549526, 28.062450493706667, 28.003871324327367, 28.033815850151996, 28.064908854166788, 27.95274827745243, 28.003662787543515, 27.970913018120786, 27.964488050672838, 27.98245340983084, 27.857889811198067, 27.932981024848214, 27.903359307183262, 27.871904161241446, 27.883055962456663, 27.817338392469765, 27.847726101345586, 27.891829427083433, 27.79619547526052, 27.802012125651174, 27.658106486002755, 27.712554253472288, 27.756265936957522, 27.772094048394163, 27.76183132595499, 27.569592963324737, 27.55977681477871, 27.542612033420237, 27.656000434027835, 27.669818115234403, 27.58853997124578, 27.542573377821252, 27.570740085178013, 27.600946384006253, 27.62405531141502, 27.523191324869853, 27.531473117404612, 27.527924262152926, 27.546242947048768, 27.542782931857744, 27.432620578342114, 27.493672349717997, 27.497604031033102, 27.50333184136298, 27.517330593533075, 27.477041286892455, 27.450448947482755, 27.426404825846433, 27.467688327365504, 27.486000908745797, 27.329297892252725, 27.37559068467893, 27.471652899848227, 27.57356635199659, 27.665944756402023, 27.509556070963566, 27.501479085286594, 27.507157728407226, 27.572602335612086, 27.652654690212824, 27.58128831651489, 27.588810560438485, 27.59652811686209, 27.77602640787776, 27.696453857421943, 27.62515496148014, 27.680827840169417, 27.7313547770183, 27.884204101562677, 27.943972778320415]}