{"latitud": 5.6775, "longitud": -71.1406, "radiacion": [33.627819146050435, 33.6980136447483, 33.82137891981338, 34.00435689290373, 34.086461385091205, 34.006348673502735, 33.98631829155827, 34.01766866048181, 34.25648532443582, 34.25481703016508, 34.24120415581613, 34.212709893120724, 34.15939195421017, 34.39386121961818, 34.59995388454879, 34.55671657986121, 34.5855984157987, 34.578152126736185, 34.716573079427235, 34.66294216579871, 34.607424587673655, 34.67901102701838, 34.68883836534292, 34.847411770290954, 34.86626485188814, 34.67381998697929, 34.81226399739594, 34.935277981228374, 35.041251288520016, 35.11551344129784, 35.187073771158964, 35.17950032552096, 35.20202467176654, 35.45372856987857, 35.554801432291775, 35.51860995822498, 35.475109524197116, 35.49629584418415, 35.659377034505304, 35.74467061360684, 35.76181030273451, 35.819226074218896, 35.89608561197927, 36.046007622612954, 36.12082451714423, 36.153677029079994, 36.23030327690983, 36.27786831325968, 36.30029093424488, 36.29996914333779, 36.274502563476666, 36.39640096028652, 36.4863925509984, 36.581050279405474, 36.47115105523011, 36.35035434299052, 36.37508578830303, 36.3966522216798, 36.33334520128047, 36.26923251681856, 36.24082675509997, 36.36358846028653, 36.460924614800454, 36.61793145073801, 36.68279045952704, 36.69470553927965, 36.85835469563815, 36.88601921929264, 36.92206115722659, 36.84749382866761, 36.68292677137591, 36.64257778591592, 36.51456332736558, 36.62564832899316, 36.66366678873709, 36.627992078993145, 36.58514777289503, 36.59473944769976, 36.66882459852442, 36.38768005371103, 36.238845486111245, 36.152901204427145, 36.030789862738835, 35.82477383083773, 35.58212144639765, 35.30629408094628, 35.163607788086004, 35.135504828559135, 35.36584540473101, 35.22398715549051, 34.905685424804744, 34.77264607747403, 34.54898308648014, 34.577297634548735, 34.503574286566995, 34.26384819878482, 34.193422444661564, 33.908939276801256, 33.76781785753053, 33.59072231716584, 33.201608276367324, 32.99926554361988, 32.742184787326515, 32.68233439127624, 32.683322143554754, 32.413902113172846, 32.29813435872404, 32.124600219726666, 32.05290696885862, 31.86002061631954, 31.53874715169273, 31.48428819444456, 31.3036210801867, 31.26137457953568, 31.08633185492634, 30.83359307183167, 30.85452813042544, 30.720895724826523, 30.754746839735315, 30.806276787651978, 30.56577589246973, 30.33005947536905, 30.22066277398017, 30.125504557291777, 30.187780422634642, 29.987148030599087, 29.99246419270842, 29.94417894151491, 29.916280110677178, 29.898920355902913, 29.72492574055991, 29.702815755208405, 29.532094658745773, 29.493715413411525, 29.566028171115573, 29.506125556098198, 29.582627020941953, 29.496746148003542, 29.569801500108614, 29.577106730143328, 29.475634765625085, 29.3335055881077, 29.282276068793504, 29.340498521593005, 29.27023247612857, 28.945512559678857, 28.832941012912386, 28.752146402994892, 28.889078097873305, 29.00489671495232, 28.954713948567797, 28.86417982313384, 28.70532192654097, 28.73281589084212, 28.78136325412341, 28.681945461697126, 28.643738810221425, 28.522474839952377, 28.59035441080738, 28.676381429036553, 28.529471164279624, 28.487565443251032, 28.45344373914948, 28.53216281467027, 28.587322319878577, 28.572752549913275, 28.48235846625448, 28.51494886610256, 28.514113362630287, 28.431234741211085, 28.36753370496973, 28.322882758246653, 28.275457424587803, 28.417335679796093, 28.508613755967986, 28.4597357855903, 28.407940673828247, 28.39862670898452, 28.429685804579094, 28.43826565212684, 28.303606499566076, 28.10569898817289, 28.208464558919314, 28.376299031575588, 28.32918497721361, 28.2732415093317, 28.18248460557743, 28.20320705837683, 28.32101101345495, 28.44114312065979, 28.397518242730143, 28.328278944227538, 28.278399658203227, 28.29832458496109, 28.36404452853738, 28.43420410156263, 28.345355563693676, 28.246664428711046, 28.244425116645118, 28.281211005316948, 28.358190239800404, 28.39211256239162, 28.299899291992233, 28.467532009548638, 28.43443400065115, 28.449438137478428, 28.30983513726134, 28.38919779459644, 28.42867804633261, 28.601961941189284, 28.574302164713725, 28.625779554579044, 28.638380262587003, 28.745836046007, 28.82491522894973, 28.77196417914509, 28.75889010959213, 28.828977796766576, 28.85617133246537, 28.930209350586058, 28.881512790256206, 28.89384290907128, 28.90054863823798, 29.09386528862863, 29.148718939887186, 29.140147908528757, 29.181321885850803, 29.135912746853382, 29.15752665201838, 29.204820081922907, 29.228761800130314, 29.276420762803923, 29.302016533745718, 29.483517116970592, 29.623037719726728, 29.603796047634678, 29.64034729003917, 29.714752536349994, 29.869873385959277, 29.977384101020068, 29.885473632812534, 29.969595675998335, 30.027102661132858, 30.056867133246595, 30.112461344401126, 30.177118598090374, 30.27395867241762, 30.34270663791248, 30.415226236979304, 30.59805569118936, 30.575906372070392, 30.703355577257053, 30.627667914496598, 30.823681301540887, 30.94915534125448, 30.795721435547005, 30.795972018771824, 31.028397962782282, 31.113578626844685, 31.152033827040025, 31.17986212836388, 31.155603027343847, 31.198235744900312, 31.30000915527353, 31.347071329752637, 31.428603108724, 31.54045274522578, 31.691864352756188, 31.839899020724904, 31.915609063042684, 31.97141960991769, 32.00563930935336, 32.18543531629789, 32.3662597656251, 32.50300530327701, 32.41842583550355, 32.48216111924919, 32.47083299424927, 32.42152642144108, 32.432900661892404, 32.5505737304689, 32.71855706108956, 32.72641092936211, 32.77327609592029, 32.67877977159299, 32.52096896701399, 32.580304972330815, 32.404490152994924, 32.51987779405391, 32.53522813585075, 32.66003858778222, 32.69290873209646, 32.63852030436211, 32.73237202962249, 32.74415995279958, 32.67307230631523, 32.6727718777128, 32.662941148546054, 32.719784206814325, 32.66972486707906, 32.56681959364158, 32.68380737304695, 32.63335774739593, 32.53004319932734, 32.528679063585095, 32.54973890516502, 32.4574127197267, 32.44219122992632, 32.34608154296878, 32.29381578233521, 31.99381747775622, 32.012065972222274, 32.03560858832475, 32.278548177083415, 32.340116712782184, 32.09640129937073, 31.94626193576401, 31.941219414605104, 32.101247829861165, 32.05981479220922, 32.05445997450092, 32.16661003960511, 32.2162265353733, 32.37629123263897, 32.43969353569884, 32.31376546223976, 32.28628845214854, 32.20428297254782, 32.324894205729244, 32.37461920844191, 32.31324666341161, 32.36667683919285, 32.39022318522143, 32.56644049750442, 32.680761040581636, 32.6390845404732, 32.5714355468751, 32.56711764865461, 32.78552890353736, 32.84647216796882, 32.73190070258257, 32.70151299370667, 32.74117126464855, 32.94165445963544, 33.101325819227476, 33.07438320583778, 33.026603868272694, 33.01104702419724, 33.11862386067721, 33.22714708116325, 33.284041341145915, 33.29646843804263, 33.30589192708347, 33.47570427788636, 33.467647637261315, 33.35994974772145, 33.37701110839854, 33.36381361219628, 33.59566006130649, 33.6001461452909]}