{"latitud": 1.7674, "longitud": -78.3713, "radiacion": [29.056785074869936, 29.131265258789185, 29.08615247938383, 29.04391377766939, 28.928843858507054, 29.05490519205743, 29.103157552083456, 29.10280931260856, 29.089973958333488, 29.141924709744107, 29.23031311035163, 29.293521457248385, 29.325134955512244, 29.25779418945325, 29.148192342122496, 29.269424777560875, 29.35471462673623, 29.354835679796096, 29.34886576334647, 29.307535807291742, 29.374627685546955, 29.393423800998352, 29.241951836480137, 29.26680094401047, 29.24403618706604, 29.335861884223203, 29.32902899848104, 29.422758653428918, 29.409971788194444, 29.19726562500013, 29.325151570638145, 29.3591413709853, 29.386678738064365, 29.41859775119364, 29.426005384657213, 29.552243041992273, 29.494235568576528, 29.486885579427224, 29.459118313259655, 29.39096815321193, 29.484736124674516, 29.485411580403763, 29.454890272352504, 29.43748338487423, 29.350479125976637, 29.396743774414137, 29.508823310004498, 29.48967556423624, 29.389233398437607, 29.318033515082657, 29.397389390733608, 29.439638604058246, 29.276679144965367, 29.27792188856343, 29.23803168402789, 29.274387613932372, 29.283680555555634, 29.183579169379453, 29.10363464355483, 29.104664103190164, 29.14969482421886, 29.210369873046925, 29.244343397352548, 29.187706502278747, 29.161946275499208, 29.23680725097671, 29.375315348307407, 29.37989807128916, 29.278638712565208, 29.22713690863721, 29.13231099446627, 29.24076538085946, 29.202095879448887, 29.14312405056438, 29.08272298177091, 29.105429077148568, 28.97671305338552, 28.918281046549605, 28.880748155382076, 28.904844495985362, 28.94750128852009, 28.86959838867197, 28.925157674153734, 28.82102728949663, 28.897117445204078, 28.96397671169721, 28.88923814561643, 28.885360039605114, 28.89414605034733, 29.031027221679796, 29.106699964735373, 29.011035834418596, 28.97750345865893, 28.93917338053393, 28.822317165798765, 28.832092963324765, 28.930127970377725, 28.957942708333487, 28.90352681477871, 28.98044704861123, 29.022215779622496, 28.92848409016932, 28.876668972439347, 29.012241617838622, 28.964069620768424, 29.012825859917655, 28.962685818142443, 28.933792453342107, 28.897863091362996, 28.973907131618983, 29.01080356174055, 29.04390767415373, 29.02802191840283, 29.07173665364587, 29.116005452474024, 29.173062472873386, 29.177654690212748, 29.272535875108606, 29.226745605468807, 29.200564236111177, 29.288690863715413, 29.363916693793517, 29.383429633246653, 29.41781344943585, 29.38740132649745, 29.408082750108633, 29.417884996202304, 29.4232560899524, 29.431194729275244, 29.43092210557732, 29.61708882649752, 29.687076144748417, 29.608161078559153, 29.528206380208434, 29.471575249566058, 29.497242906358583, 29.464248318142477, 29.488834974500946, 29.522273084852543, 29.513565402560875, 29.57745259602869, 29.563857014974076, 29.58739691840289, 29.55356004503051, 29.535853068033955, 29.54000651041677, 29.50846320258258, 29.53683369954437, 29.531880357530458, 29.628375244140745, 29.703358629014833, 29.755178493923722, 29.748421902126818, 29.78055386013462, 29.749519856770974, 29.783267211914126, 29.664670817057452, 29.676529608832556, 29.68156467013902, 29.68939751519103, 29.75795728895406, 29.671013047960134, 29.67070719401052, 29.70564846462683, 29.677954779730992, 29.75339423285601, 29.76272447374144, 29.81483459472666, 29.698798963758804, 29.712828911675405, 29.72415262858084, 29.57945421006959, 29.618327840169325, 29.59513922797318, 29.599318779839525, 29.7217044406468, 29.65207756890199, 29.635689290364628, 29.596258205837785, 29.47569207085507, 29.560895792643333, 29.52908494737424, 29.546320258246624, 29.507485622829943, 29.62405497233082, 29.657260131836, 29.536649576823038, 29.468832736545323, 29.465871514214502, 29.58265889485686, 29.631624009874184, 29.61959567599835, 29.61602783203142, 29.624337090386422, 29.651663886176266, 29.709549289279604, 29.672374810112938, 29.64615139431434, 29.581345960829122, 29.563623385959357, 29.743893093533114, 29.751795111762235, 29.66880221896709, 29.677834743923736, 29.676232571072166, 29.70691596137158, 29.737354532877685, 29.79516771104605, 29.791127861870795, 29.764921061198056, 29.852256266276186, 29.82031589084204, 29.7809295654298, 29.72793748643672, 29.815918986002732, 29.86960279676659, 29.87840779622407, 29.862974717882064, 29.844854736328216, 29.883554416232737, 29.931661987304796, 29.87703687879785, 29.817324150933302, 29.75576477050792, 29.752715725369075, 29.894550238715336, 29.967418755425417, 29.9469319661459, 29.87718844943585, 29.864728800455833, 29.967545572916663, 29.94926317003048, 29.954947577582598, 29.93828023274754, 29.89268493652355, 29.90463358561209, 29.849762641059176, 29.877537367079128, 29.938024902343898, 29.796931627061724, 29.88658209906697, 29.953061930338645, 29.866772800021767, 29.818275621202304, 29.814448716905492, 29.881057739257944, 29.95796644422751, 29.960052151150233, 29.89822523329002, 29.737545437283075, 29.767633056640722, 29.722408718533078, 29.704554239909026, 29.741162787543526, 29.72825283474403, 29.775239732530526, 29.788788519965426, 29.745855034722315, 29.74096408420151, 29.668134901258743, 29.665390353732807, 29.620412529839502, 29.625980292426373, 29.681108940972383, 29.549715508355103, 29.60660196940114, 29.643021647135487, 29.653688557942775, 29.753421359592192, 29.719610256619035, 29.70686035156255, 29.756796603732727, 29.626168145073848, 29.620691257052993, 29.592747667100753, 29.605642700195443, 29.586728922526145, 29.56333245171453, 29.525457763671984, 29.403836059570455, 29.528646511501847, 29.491238742404636, 29.57696770562077, 29.61202663845499, 29.56228400336376, 29.361155531141645, 29.394539048936718, 29.427638414171156, 29.381041463216206, 29.267215643988852, 29.314264594184163, 29.21728719075537, 29.128072441948916, 29.252422078450632, 29.19418572319889, 29.18715277777784, 29.200905693902012, 29.134789021809922, 29.077954440646824, 29.184690687391612, 29.183869425455878, 29.17130126953138, 29.18919440375451, 29.173623996310862, 29.239558919270923, 29.213000488281295, 29.19851515028218, 29.243233913845586, 29.226435682508793, 29.091950141059232, 29.051240370008845, 29.060064697265773, 29.04995761447492, 29.12508714463989, 29.210229831271835, 29.108376736111193, 29.013042873806512, 29.002618408203265, 29.027825249566035, 29.016745673285698, 29.116828748914998, 29.098505655924516, 29.089056396484448, 29.070919460720543, 29.080565728081712, 29.11537000868063, 29.126174248589525, 29.063033040364683, 29.038211398654557, 28.980495537651976, 28.993914116753576, 29.00702548556872, 28.9366756863065, 28.91243659125439, 28.951001993815265, 28.9447553846573, 28.997017415364763, 29.00352681477877, 28.975403849283907, 28.952429199218898, 28.935580783420278, 28.968678453233547, 28.953274197048717, 28.996405707465403, 29.0018724229602, 29.140354071723152, 29.085173204210246, 29.02560526529965, 28.953123982747552, 29.01184522840714, 29.12838609483519, 29.232973564995707, 29.201315646701516, 29.04609985351571, 29.028679063585173, 29.060793728298677, 29.042195977105166, 29.053819783528734, 29.080936008029582, 29.0019989013673]}