{"latitud": 8.7596, "longitud": -75.8179, "radiacion": [33.88975151909741, 34.00567660861561, 33.96788160536031, 33.84532809787331, 33.73995937771277, 33.82958238389764, 33.8242411295574, 33.91780293782559, 33.920230441623325, 33.81653137207038, 34.01956617567286, 34.11123521592892, 34.04680684407558, 33.906364610460194, 33.817565917968885, 33.99381306966154, 34.019361368815204, 34.09525960286468, 34.03625115288639, 33.87406005859386, 33.92765706380211, 34.050461493598256, 34.04234856499577, 34.036186726888126, 33.97933349609391, 34.12725185818149, 34.250775824652884, 34.338319566514905, 34.37112901475708, 34.36319681803392, 34.62349887424053, 34.60543755425365, 34.55675218370241, 34.58888380262592, 34.53206007215723, 34.771802775065204, 34.789938693576495, 34.71324835883265, 34.7614227294923, 34.66650797526055, 34.79372829861118, 34.82812703450526, 34.661838785807355, 34.49144151475705, 34.45570848253046, 34.706864081488824, 34.779635959201414, 34.81295539008255, 34.75599738227002, 34.61581285264765, 34.700803629557356, 34.786794704861244, 34.83242153591592, 34.777202351888114, 34.738157823350754, 34.933038669162386, 35.026240030924555, 35.06930711534301, 35.11401706271704, 34.96982252332913, 35.06068013509124, 34.98844672309036, 35.078569200303946, 35.19862908257388, 35.26451009114601, 35.58411356608085, 35.760029771592976, 35.72169426812078, 35.51855773925789, 35.4001770019532, 35.42715555826834, 35.501410590277885, 35.5680613199871, 35.55019972059466, 35.40660909016941, 35.49221733940976, 35.58094889322928, 35.66319105360255, 35.57114325629345, 35.35347798665375, 35.51789415147579, 35.522394137912464, 35.553106011284854, 35.53801337348102, 35.44367438422322, 35.472456529405456, 35.51055230034731, 35.59077996148005, 35.5068745930991, 35.34747890896282, 35.47848375108513, 35.57790968153224, 35.7165883382163, 35.6973110622831, 35.54402601454003, 35.646203613281386, 35.78148668077264, 35.779245334201505, 35.76149970160598, 35.721267700195384, 35.79913703070756, 35.60278252495667, 35.48776380750875, 35.489168294270975, 35.49046698676229, 35.72016940646713, 35.7886844211155, 35.784120686849064, 35.659669664171076, 35.51623636881519, 35.55635172526053, 35.502292887369926, 35.47850375705309, 35.5869394938152, 35.59674411349838, 35.71201375325535, 35.70823465983074, 35.70828653971364, 35.80153605143236, 35.716967095269275, 35.83277486165372, 35.817920600043486, 35.884942626953205, 35.928773668077405, 35.765649753146796, 35.84037068684906, 35.89568108452704, 35.960978529188445, 35.95577290852867, 35.710597398546156, 35.6880296495227, 35.609977891710194, 35.651076931423724, 35.47391696506086, 35.40405171712251, 35.40593770345066, 35.50523715549053, 35.56735772026921, 35.454314507378534, 35.4398444281685, 35.61531100802963, 35.671199544270905, 35.633176337348175, 35.59596354166678, 35.4751464843751, 35.41068013509126, 35.25175374348968, 35.25275268554699, 35.26671786838119, 35.23488023546022, 35.29878302680131, 35.353354220920245, 35.47127651638457, 35.41714443630652, 35.39648776584213, 35.5110239664715, 35.54054701063378, 35.473443603515726, 35.45259094238289, 35.36672770182296, 35.3639183892145, 35.40224168565544, 35.394464450412364, 35.339371744791755, 35.27470262315552, 35.424972873264004, 35.3979570176867, 35.51524047851581, 35.409546915690235, 35.19845750596799, 35.385683525933246, 35.43408474392362, 35.45898607042113, 35.428752644856836, 35.448118082682434, 35.743452962239644, 35.68968200683605, 35.810952419704925, 35.916114976671054, 35.837988959418546, 35.93735317654081, 35.922231716579994, 36.10693834092891, 36.17536349826401, 35.990012274848176, 36.06052076551661, 36.202983601888114, 36.20238477918847, 36.11625264485688, 36.03347947862422, 36.209750366211004, 36.351001315646805, 36.324793497721465, 36.15880059136297, 36.01993577745236, 36.00394354926222, 35.984093221028694, 36.08656378852012, 36.104159206814366, 35.8778174506294, 36.04244893391937, 36.195738728841285, 36.2722646077475, 36.2877770317927, 36.00827840169281, 36.12022026909724, 36.30596347384994, 36.3812557644315, 36.38686286078564, 36.16435784233958, 36.22628343370233, 36.261390855577325, 36.329592895507936, 36.33918219672318, 36.02907036675354, 35.99063720703132, 36.041882663303056, 36.25997450086817, 36.26663343641508, 36.031419542100856, 36.058989800347376, 36.15799187554261, 36.14564819335948, 36.04021063910602, 35.75966050889766, 35.89488220214855, 35.890178765191116, 35.87632785373273, 35.70866767035602, 35.50777011447491, 35.614453464084306, 35.56781107584641, 35.48676045735692, 35.57950880262596, 35.51140882704004, 35.738909912109456, 35.87799004448792, 36.017435709635514, 35.91302761501745, 35.5310133192275, 35.48673265245234, 35.473929850260504, 35.46903415256088, 35.412127346462775, 35.20062086317281, 35.2355963812935, 35.11343180338556, 35.065999348958464, 35.12720133463554, 35.00485331217455, 35.085393608941104, 34.862843153211884, 34.90870123969196, 35.0824364556208, 35.032846069336095, 35.020521714952395, 34.9408247205947, 34.73874104817719, 34.493088785807366, 34.28320651584215, 34.31140306260861, 34.439187622070484, 34.46167670355904, 34.33000590006524, 34.06262783474401, 34.14571634928393, 34.21385057237429, 34.338416883680644, 34.160571967230965, 33.875707668728445, 33.85810038248699, 33.72087877061648, 33.625935872395985, 33.520936075846485, 33.483891805013094, 33.64035407172315, 33.60954013400622, 33.57974616156704, 33.49659559461812, 33.29897833930132, 33.24727545844195, 33.1616387261285, 33.06847568088123, 33.11518792046454, 32.96590067545577, 32.85004950629345, 32.70396457248279, 32.74826185438379, 32.77443135579438, 32.52499525282125, 32.396666802300466, 32.3924767388239, 32.45900539822062, 32.55469021267371, 32.503697713216205, 32.64145033094629, 32.68373480902788, 32.607080078125115, 32.53288167317722, 32.42270880805133, 32.51916775173618, 32.505552503797844, 32.67001987033435, 32.63908623589418, 32.398002454969685, 32.45617438422325, 32.405240546332585, 32.39798244900184, 32.322435506184945, 32.177725558810856, 32.2317399766711, 32.21506144205741, 32.22320251464853, 32.337286037869035, 32.226081339518295, 32.19018724229613, 32.21523166232637, 32.294128417968885, 32.406168958875945, 32.4783142089845, 32.603665161132916, 32.71056349012598, 32.75426567925361, 32.67319166395407, 32.488217841254446, 32.56071811252184, 32.64628160264772, 32.68365715874577, 32.65017022026918, 32.525201416015726, 32.55111423068585, 32.669783528645915, 32.759621175130256, 32.74192335340721, 32.72073805067286, 32.741875542534785, 32.723992241753535, 32.60707363552532, 32.7781945122614, 32.82939724392372, 32.97225986056861, 32.96980116102443, 33.02955152723539, 32.98887295193149, 32.96694505479608, 33.12422315809474, 33.212781778971454, 33.32373250325537, 33.20388387044278, 33.20879584418416, 33.4238681369359, 33.60207349989164, 33.659369913737066, 33.47766316731785, 33.3735660129124, 33.42906867133257, 33.576085069444524, 33.65831875271275, 33.54844326443157, 33.44740939670152]}