{"latitud": 10.4168, "longitud": -75.0163, "radiacion": [33.63651902940544, 33.70745374891502, 33.67125481499583, 33.577845933702314, 33.44623921712256, 33.62131245930997, 33.600419447157265, 33.62314114040811, 33.589942084418475, 33.48996819390195, 33.72544725206179, 33.83404914008256, 33.77949693467885, 33.760202704535665, 33.637113783094776, 33.84678955078132, 33.89681159125447, 33.87537773980049, 33.735714382595596, 33.5353091769749, 33.67227071126308, 33.81545444064682, 33.87865668402791, 33.92214796278222, 33.82601725260425, 33.986754014757025, 34.08884684244803, 34.090291341145985, 34.19867926703565, 34.17711622450101, 34.38944668240028, 34.341628689236245, 34.280996025933256, 34.456109619140726, 34.398210313585196, 34.66753540039067, 34.69825914171016, 34.63735249837246, 34.651070827908086, 34.643270874023564, 34.76192525227873, 34.79820522732219, 34.73594394259995, 34.6339253743491, 34.54899698893242, 34.87469448513465, 34.994918145073825, 35.0007408989801, 35.04283379448797, 34.88829820421017, 35.11488206651487, 35.218146430121635, 35.262824503580816, 35.23442925347233, 35.14512227376309, 35.3574273003473, 35.41682467990457, 35.49565599229616, 35.51177334255652, 35.40953030056429, 35.61526489257826, 35.609370930989655, 35.69087965223529, 35.77085503472235, 35.77577616373708, 36.01816236707909, 36.12307162814684, 36.15942891438817, 36.12779574924061, 35.98336622450097, 36.107702975803136, 36.106252373589484, 36.10617336697053, 36.11124844021282, 35.9076117621529, 36.04796515570757, 36.11583387586819, 36.11254204644106, 36.14488593207477, 36.00804612901491, 36.21840989854608, 36.29140760633695, 36.28317328559033, 36.294071112738834, 36.19259847005211, 36.220214165581716, 36.21461012098539, 36.236088053385515, 36.2362046983508, 36.05616726345496, 36.242564561632, 36.35731065538209, 36.44551628960513, 36.500260077582595, 36.42648111979185, 36.53272467719197, 36.61319546169716, 36.763395860460115, 36.834314643012284, 36.68406982421883, 36.70067749023443, 36.50290459526923, 36.32004597981793, 36.465634494357715, 36.440977986653785, 36.63028767903652, 36.611402723524385, 36.51091512044277, 36.526025051540934, 36.32981431749143, 36.46163024902347, 36.32169426812069, 36.19539862738725, 36.3140079074437, 36.25570576985691, 36.35438401963982, 36.38460184733086, 36.38210991753482, 36.49438815646715, 36.45583089192716, 36.58481784396707, 36.581496514214486, 36.48996446397579, 36.55043233235684, 36.45877278645842, 36.56058892144114, 36.613251410590294, 36.62644348144545, 36.62113952636734, 36.39860839843762, 36.457236056857745, 36.33307698567718, 36.27409057617194, 36.27835456000446, 36.04542270236552, 36.0588416205513, 36.09371439615895, 36.18276841905396, 36.172846815321215, 36.068723890516516, 36.33534613715286, 36.38364291720929, 36.37466634114588, 36.34468451605915, 36.18669569227436, 36.13616604275177, 36.025088840060896, 36.02733086480041, 36.06877136230484, 35.93087497287337, 36.05330878363723, 36.087520684136415, 36.28599582248273, 36.331570773654654, 36.264825100369, 36.50318332248281, 36.34654507107217, 36.232065158420255, 36.235130818685, 36.0690093994142, 36.1568220350478, 36.15621371799057, 36.16255560980907, 36.16198560926656, 35.982210286458404, 36.18988071017808, 36.099639214409855, 36.17569817437076, 36.23736029730909, 35.935907660590374, 36.25224745008686, 36.309949747721454, 36.214579264323014, 36.28961147732218, 36.26231045193155, 36.617612033420166, 36.64474690755217, 36.58473103841161, 36.705040486653765, 36.60489841037338, 36.80654364691848, 36.85757107204868, 36.86604105631515, 36.921012369791775, 36.71792873806432, 36.84053005642371, 36.832711791992246, 36.8587958441841, 36.77103678385428, 36.476355997721406, 36.805843777126825, 36.80190497504344, 36.74468892415373, 36.65927090115025, 36.55246582031259, 36.72301228841155, 36.69057210286472, 36.71157803005648, 36.66966111924927, 36.36476236979172, 36.56575080023881, 36.602928670247444, 36.526751708984456, 36.56758626302095, 36.27935282389338, 36.6209930419923, 36.643744574652864, 36.67536417643237, 36.7497399224176, 36.5298095703126, 36.73667805989593, 36.72558288574222, 36.73062472873278, 36.692885335286554, 36.36261528862858, 36.50853508843331, 36.62531161838118, 36.750009494357734, 36.64763556586384, 36.385366482204994, 36.53037380642371, 36.56942715115031, 36.548636881510525, 36.38620978461379, 36.120534600152006, 36.24837103949665, 36.22153252495669, 36.15713060167119, 36.153457980685914, 35.91491868760863, 36.09616936577701, 36.09529452853743, 35.96485222710519, 36.1085293240018, 35.98612874348962, 36.26900193956171, 36.3528174506294, 36.402073838975774, 36.36489732530396, 36.044286770290874, 36.205243937174565, 36.14899597167977, 36.10697157118066, 36.02956068250874, 35.82833692762595, 36.01478746202266, 35.88087327745237, 35.80800408257394, 35.76852010091159, 35.69178704155828, 35.80720384385861, 35.715327962239655, 35.622875298394185, 35.701223076714484, 35.656603325737954, 35.91668531629781, 35.736962551540955, 35.40001966688377, 35.08277248806437, 34.97131517198363, 35.14883626302094, 35.196623399522686, 35.07748752170145, 35.02206624348969, 34.812767876519196, 34.931204901801344, 35.088666449652784, 35.14076605902792, 34.93491312662769, 34.7129048665366, 34.75104912651915, 34.59743041992192, 34.491842312283076, 34.32302110460079, 34.241714138454974, 34.42537841796883, 34.45875311957474, 34.36912434895847, 34.21115485297321, 34.020254177517394, 33.99714287651923, 33.91955735948361, 33.840981377495744, 33.73131713867201, 33.59569193522151, 33.61842414008256, 33.37899949815551, 33.06904330783433, 33.06074490017369, 32.828367784288254, 32.852506849500934, 32.84491712782125, 32.83352627224409, 32.74852091471356, 32.7334357367622, 32.85743442111552, 32.8083947075739, 32.83657565646708, 32.84564548068587, 32.852711317274405, 32.923745388454996, 32.869146728515695, 32.93589816623273, 32.9989423963759, 32.74293077256954, 32.85289543999571, 32.796327718098986, 32.730311754014814, 32.64362182617193, 32.421867201063435, 32.43186882866763, 32.36117418077267, 32.37103407118067, 32.316995578342166, 32.209988742404654, 32.34423489040804, 32.39054158528654, 32.268620130750925, 32.40094061957475, 32.54716661241332, 32.70512525770412, 32.85830112033424, 32.87245585123702, 32.77049526638467, 32.54546847873272, 32.717522176106876, 32.766511366102556, 32.70440538194456, 32.69954087999141, 32.638840060764004, 32.87092115614157, 32.891063774956706, 32.940898640950685, 32.87190450032565, 32.798451402452336, 32.948219468858575, 32.95947672526054, 32.87613694932736, 32.96164618598093, 33.000754462348176, 33.24594014485683, 33.25026279025616, 33.27066514756954, 33.229908582899384, 33.054957411024304, 33.295888264974074, 33.39468790690114, 33.402448866102624, 33.32055087619373, 33.31123894585505, 33.52641228569888, 33.56773749457479, 33.57400851779522, 33.45974900987428, 33.281626044379436, 33.449683295355975, 33.54896138509122, 33.61594712999149, 33.53467508951834, 33.306399536132936]}