{"latitud": 0.8313, "longitud": -77.6544, "radiacion": [13.679567464192852, 13.635450236002706, 13.603438991970583, 13.592012193467989, 13.694266425238803, 13.669750976562568, 13.665709092882006, 13.625197347005289, 13.69278937445758, 13.702189466688443, 13.628287421332573, 13.595034111870723, 13.563353135850718, 13.65061645507823, 13.724496459961037, 13.730373128255374, 13.78920728895404, 13.704278564453226, 13.718844265408109, 13.71746826171892, 13.879892306857753, 13.804929945204135, 13.800305514865515, 13.794746907552167, 13.829175143771806, 13.873379516601707, 13.86063469780826, 13.92412075466588, 13.939298502604304, 13.975451660156333, 13.95383470323361, 13.885539754231862, 13.837894354926334, 13.81589965820323, 13.974986436632017, 13.974960327148494, 13.905080498589504, 13.975052218967127, 14.06346367730049, 14.118372938368205, 14.161238606770914, 14.221085272895058, 14.149772135416754, 14.1797166612414, 14.26136711968322, 14.382661607530508, 14.459109157986328, 14.50959337022573, 14.411717054579071, 14.532031928168484, 14.556127251519229, 14.600152926974943, 14.708548312717085, 14.537315199110331, 14.534787665473194, 14.653036159939385, 14.650283135308294, 14.653296237521772, 14.604618665907234, 14.518709988064359, 14.561995781792577, 14.642147827148563, 14.591938951280497, 14.700531005859508, 14.583283487955802, 14.657548014323007, 14.628933715820438, 14.598013644748354, 14.666435072157242, 14.654613579644149, 14.75357191297754, 14.715136379665921, 14.7198693169489, 14.671900770399398, 14.727409532335116, 14.648496161566944, 14.693088446723193, 14.738159518771775, 14.704064941406367, 14.748459540473144, 14.793226453993197, 14.690774197048711, 14.719888983832638, 14.718883938259694, 14.675940958658922, 14.646472507053053, 14.535449218750065, 14.453997463650259, 14.427086385091286, 14.546522691514875, 14.514266628689333, 14.470575290256173, 14.436341010199726, 14.483602566189404, 14.449061414930554, 14.451458401150242, 14.30244920518671, 14.264506361219746, 14.25299716525611, 14.340254041883858, 14.327276950412397, 14.240812852647707, 14.288939412434994, 14.309659830729364, 14.239432779948023, 14.118037584092994, 14.155246310763971, 14.089530775282205, 14.012006971571319, 13.978881835937614, 13.973917643229186, 13.971486409505268, 13.886640082465325, 13.93837924533426, 13.972554524739678, 13.83788113064251, 13.831360202365564, 13.883581542968878, 13.825589328342138, 13.784657796224053, 13.78004930284296, 13.68277689615896, 13.78294067382823, 13.83366088867198, 13.736640082465462, 13.619499715169374, 13.55664435492624, 13.519595675998366, 13.482323879665861, 13.436915757921156, 13.44276733398444, 13.493639119466232, 13.417911105685903, 13.492631700303924, 13.53004455566412, 13.56077440049925, 13.545787896050436, 13.475108167860336, 13.421892971462777, 13.426314629448958, 13.39845750596796, 13.383516438802227, 13.364097425672847, 13.391922675238789, 13.414891560872531, 13.387348429362113, 13.241980319553022, 13.240715535481835, 13.142224121093895, 13.078080240885527, 13.02951151529957, 12.992250569661545, 13.096312120225775, 13.126738145616343, 13.073335774739709, 13.081804063585215, 13.133583916558223, 13.074816894531352, 13.018874443902027, 13.102156575520914, 13.05368448893237, 12.986911349826547, 12.995729573567795, 12.96478983561199, 12.946812947591221, 12.943717447916773, 12.762327067057376, 12.775785997178938, 12.762201944987055, 12.844872029622536, 12.894119601779531, 12.869189114040884, 12.71456366644973, 12.809598456488876, 12.836063300238834, 12.684343465169377, 12.612808905707615, 12.624838935004446, 12.706030612521696, 12.672457546658052, 12.518587239583496, 12.457629394531352, 12.47926635742194, 12.529376559787408, 12.513340589735321, 12.571798706054778, 12.602248467339544, 12.51022915310341, 12.453819105360404, 12.41942782931869, 12.370029364691959, 12.475428941514886, 12.424177381727532, 12.424129909939419, 12.40791897243929, 12.371466403537474, 12.392873806423742, 12.34672478569892, 12.270165676540955, 12.329550170898623, 12.329706488715374, 12.443261379665898, 12.40884399414072, 12.358701239691925, 12.36543579101569, 12.389217800564325, 12.386541748046966, 12.400651041666682, 12.390997314453216, 12.555126614040867, 12.565497504340442, 12.482864379882889, 12.480279201931522, 12.563636271159018, 12.573031955295201, 12.544318644205816, 12.56844753689245, 12.584797498915009, 12.66647576226137, 12.869213528103407, 12.741495090060786, 12.745880805121638, 12.686075168185843, 12.589403957790864, 12.724119398329075, 12.754606119791788, 12.805708143446205, 12.739821370442806, 12.79524909125441, 12.90613267686651, 12.837212117513124, 12.826694403754422, 12.916288248698038, 13.062629191080816, 13.2361419677736, 13.145778740777116, 13.184394666883842, 13.306006537543512, 13.277402750651182, 13.253320651584298, 13.276089477539186, 13.213013712565177, 13.217573716905498, 13.214821370442811, 13.2119222005209, 13.289138454861265, 13.513270060221393, 13.602957492404641, 13.509310574001859, 13.574833509657196, 13.734552001953338, 13.712172783745773, 13.777266777886345, 13.847786119249273, 13.925290256076494, 13.882767740885564, 13.907788085937584, 13.950651041666768, 13.977863226996627, 14.090656873915066, 14.105292087131184, 14.095929294162431, 14.05742594401056, 14.040103827582621, 14.055577596028721, 14.053008694119038, 14.148985120985364, 14.234383138020974, 14.371406724717984, 14.341239420573023, 14.411175537109424, 14.485560438368092, 14.593498060438455, 14.699302842882124, 14.639787122938458, 14.630232747395931, 14.537698364257912, 14.620677354600806, 14.69480048285599, 14.657104492187614, 14.704840426974934, 14.765158081054778, 14.7377163357206, 14.72352837456602, 14.746764458550407, 14.641947089301349, 14.67274746365024, 14.544875759548725, 14.708582221137286, 14.751541137695407, 14.71739162868935, 14.61184929741764, 14.667543199327346, 14.688596259223175, 14.722575887044362, 14.6842295328777, 14.682316080729322, 14.71727871365031, 14.678953043619856, 14.615562608507048, 14.600577460395053, 14.626210191514891, 14.703137885199794, 14.561835734049604, 14.737908257378573, 14.719185384114704, 14.595719740125958, 14.599911499023525, 14.558104451497476, 14.434154595269186, 14.527811686197992, 14.485342746310835, 14.498399861653658, 14.416073608398525, 14.474607679579131, 14.43669297960084, 14.40927124023447, 14.381862046983636, 14.433193291558268, 14.462951660156364, 14.524847412109521, 14.4084872775609, 14.337943861219648, 14.386914740668487, 14.278186035156372, 14.267706637912413, 14.297479587131173, 14.334782918294442, 14.336118910047881, 14.32016872829873, 14.357142808702443, 14.222596571180608, 14.235622829861276, 14.211208089192818, 14.296985202365533, 14.289761013455026, 14.129302978515776, 14.09505649142803, 14.137550523546148, 14.161677381727563, 14.070069037543533, 14.044706556532219, 14.010516018337796, 13.932924397786602, 14.060981580946285, 13.971226331922821, 13.946531507704075, 14.04178704155826, 13.943776787652041, 13.947356499566126, 14.014969550238769, 13.948609076605976, 14.028392537434948, 14.01039801703566, 14.017575412326531, 14.002680460612055, 13.858711751302204, 13.86472846137161, 13.880272759331715, 13.88968302408866]}