{"latitud": 3.9826, "longitud": -72.5185, "radiacion": [33.368432617187615, 33.48475613064244, 33.726379733615566, 33.81291232638896, 33.875871446397746, 33.77665506998712, 33.80784030490463, 33.94530198838989, 34.06954277886299, 34.08665432400187, 34.083372667100775, 34.137713283962775, 34.16485697428391, 34.257498847113766, 34.33308580186639, 34.30307820638029, 34.39946119520406, 34.51758151584206, 34.579223971896816, 34.51078287760432, 34.554557630750956, 34.62897406684035, 34.69558885362422, 34.781160481770975, 34.7164184570313, 34.646715291341245, 34.770737711588616, 34.92383795844196, 34.94004753960511, 35.004274495442814, 35.00894165039072, 35.05832587348109, 35.18218858506956, 35.42480773925784, 35.41793585883255, 35.40661315917979, 35.3737721761069, 35.44333394368499, 35.587369113498404, 35.56225755479613, 35.55144110785602, 35.57720370822494, 35.80881279839421, 35.94430135091159, 35.87574530707474, 35.85410630967893, 35.9321543375652, 36.11269497341586, 36.10253533257389, 35.89628533257386, 35.896730550130236, 35.96920945909297, 35.954122585720576, 35.91652560763898, 35.66662394205741, 35.444151475694525, 35.43819376627611, 35.44954901801221, 35.42729831271718, 35.22604844835079, 35.18171013726144, 35.34991183810772, 35.426153564453195, 35.41268107096361, 35.297866821289176, 35.40691189236122, 35.56105346679698, 35.58719957139766, 35.37470770941851, 35.11678365071621, 35.00007527669279, 34.98856506347672, 34.88945210774756, 34.86788363986559, 34.852282036675454, 34.69645521375876, 34.59050598144538, 34.54778476291241, 34.60358412000878, 34.34519788954002, 34.02934299045156, 34.0505591498482, 33.88824327256962, 33.67262742784296, 33.49585300021715, 33.34094136556005, 33.24343159993496, 33.13481784396712, 33.263099161783906, 33.20918104383694, 32.91599053276917, 32.74396497938384, 32.53384772406692, 32.53944939507388, 32.510385470920255, 32.30487331814243, 32.18352288140202, 31.969401380750924, 31.916828409830828, 31.889594523112066, 31.61556735568585, 31.531157769097337, 31.263611857096446, 31.21776156955305, 31.165228610568686, 31.06718851725272, 30.925906711154653, 30.760181003146766, 30.718825954861206, 30.612477620442785, 30.39968465169282, 30.40506252712682, 30.220302327474048, 30.163865831163225, 30.133412679036592, 30.03017815483952, 30.042303466796984, 29.94387953016502, 29.922251722547873, 29.9281351725261, 29.874395073784797, 29.68100416395409, 29.588474867079054, 29.569060601128587, 29.541689385308246, 29.442657131619058, 29.397326660156313, 29.34290635850702, 29.3221974690757, 29.350271606445364, 29.32362467447926, 29.265375094943693, 29.1798743353951, 29.092503865559973, 29.146782090928962, 29.151596747504396, 29.167183091905503, 29.117449273003558, 29.13420511881522, 29.18514472113721, 29.072019449869874, 29.027656385633843, 28.951359727647628, 28.922949896918528, 28.857653469509614, 28.54607984754777, 28.500509982639, 28.516669379340367, 28.538265991211052, 28.58230285644542, 28.590143839518344, 28.523752848307385, 28.386092800564313, 28.355880737304876, 28.462599012586946, 28.387172444661587, 28.340924750434095, 28.23226725260427, 28.191598849826487, 28.31519300672751, 28.171357557508827, 28.143054538302994, 28.153010050455805, 28.193621148003597, 28.255550469292643, 28.24649590386294, 28.19645996093764, 28.216545613606836, 28.215558539496595, 28.153679063585116, 28.05134345160599, 28.074938964843835, 28.038636949327344, 28.06895378960515, 28.142862616645047, 28.143233574761343, 28.157769097222268, 28.150534396701516, 28.140220472547885, 28.14163648817284, 28.04954698350707, 27.94463161892374, 27.968435668945403, 28.071349080403746, 28.098488362630253, 28.061456976996624, 27.95972357855921, 27.99983452690979, 28.089085218641575, 28.07236192491329, 28.10106268988729, 28.122392442491485, 28.107483249240545, 28.031511773003558, 28.10525410970062, 28.10612996419273, 28.089470079210148, 28.072029283311696, 28.064722357856017, 28.144096544053923, 28.189361911349902, 28.242598130968002, 28.17702907986118, 28.25215962727873, 28.298735215928918, 28.27638041178392, 28.269103664822165, 28.236601087782233, 28.3697787814671, 28.402153523763065, 28.34140184190549, 28.437190755208462, 28.41886461046016, 28.54016587999149, 28.63753831651485, 28.543224080403792, 28.621576266818654, 28.683016289605195, 28.738410101996653, 28.79021436903226, 28.782949829101653, 28.734103393554772, 28.767048475477548, 28.901304456922844, 28.997201877170255, 28.995566134982727, 29.019963921441065, 29.027055528428914, 29.060510253906386, 29.063529798719774, 29.133183119032253, 29.21861470540367, 29.204123263889, 29.34209662543415, 29.4140916612414, 29.413809543185852, 29.501884969075604, 29.56211208767371, 29.573685370551345, 29.673190646701528, 29.660458374023563, 29.669722154405424, 29.719484795464513, 29.701836140950622, 29.748358832465385, 29.818744913737078, 29.95853271484384, 29.991746351454115, 30.0517595079211, 30.11954616970496, 30.152343071831694, 30.25157335069453, 30.209502834744058, 30.30281643337683, 30.381585015190996, 30.299861992730143, 30.29201863606778, 30.445734998915082, 30.49663153754354, 30.580675252278752, 30.6210008409289, 30.610223388672026, 30.594649590386343, 30.65532633463546, 30.641727701823033, 30.706748453776147, 30.776053873698004, 30.853766886393316, 31.017478434244897, 31.231025865342986, 31.2112053765192, 31.307799275716246, 31.471682739257897, 31.54481099446629, 31.622443644205834, 31.6523695203994, 31.773998345269188, 31.74618530273449, 31.70629543728313, 31.710811021593013, 31.752220662434922, 31.87963663736993, 31.98209431966158, 31.93979356553835, 31.83638576931433, 31.757382880316943, 31.731317477756154, 31.613435194227577, 31.687610541449732, 31.734928724500907, 31.902732340494897, 31.972684393988857, 31.952936130099925, 31.853788248698, 31.879439629448864, 31.834336005316914, 31.72500101725268, 31.717644246419393, 31.69388359917544, 31.711081610785754, 31.72966274685344, 31.79225667317716, 31.741704983181517, 31.67094353569892, 31.56597730848527, 31.655819363064406, 31.577123345269154, 31.717365519205828, 31.591294013129414, 31.472104899088702, 31.334825981987972, 31.289183553059974, 31.31764695909298, 31.443472290039136, 31.509598795573027, 31.424674140082555, 31.346415201823053, 31.2717590332032, 31.379291788737095, 31.423246256510442, 31.427925618489667, 31.407167222764908, 31.415930175781323, 31.57176920572927, 31.599319118923745, 31.535801866319503, 31.50379808213978, 31.508271620008813, 31.58134290907132, 31.66567721896712, 31.672416178385486, 31.735813395182486, 31.860241021050456, 31.994438001844742, 31.987375217013987, 31.971496242947165, 32.06546563042542, 32.095710245768295, 32.27487928602441, 32.223986138237954, 32.15986429850268, 32.22717658148887, 32.31530083550357, 32.447011650933256, 32.49646199544279, 32.52863125271269, 32.598216078016584, 32.63130764431435, 32.66846686469196, 32.76347757975276, 32.82274373372411, 32.97555236816411, 33.01462470160599, 33.062827555338664, 33.04059143066421, 33.06857164171023, 33.08347846137159, 33.17226223415813, 33.30568372938378, 33.278710259331625]}