{"latitud": -1.8465, "longitud": -72.6591, "radiacion": [27.975470648871635, 27.956578233507003, 27.961663140191092, 27.966754489474948, 28.125426907009665, 28.0921847873265, 28.070574612087764, 28.078519694010556, 28.045994059244872, 28.23238050672751, 28.195251803928084, 28.1847198486329, 28.098620605468813, 28.127511596679806, 28.292413330078205, 28.31650322808171, 28.30401509602882, 28.22092183431001, 28.23887430826831, 28.398319837782196, 28.417048475477486, 28.375713094075632, 28.3619730631511, 28.387391832139922, 28.54928724500873, 28.498468017578205, 28.485179985894206, 28.46764560275621, 28.47832166883694, 28.610608249240556, 28.67709554036469, 28.623863050672828, 28.622185262044393, 28.627974446614626, 28.802194552951544, 28.80086127387163, 28.820214843750154, 28.734376695421176, 28.71468098958341, 28.91672498914939, 28.921737670898576, 28.932736884223214, 28.90347832573796, 28.859253268771813, 28.973333401150303, 28.950815497504436, 28.906730482313492, 28.91154852973104, 28.908979288737044, 28.966798570421076, 28.899901665581734, 28.81121351454006, 28.743541124132037, 28.69796379937071, 28.791208563910725, 28.705575561523574, 28.600907050238845, 28.537515936957544, 28.515872870551277, 28.564791870117364, 28.677691311306546, 28.599165852864648, 28.57134908040378, 28.537226019965374, 28.64670376247841, 28.66775953504784, 28.67645941840296, 28.462153795030492, 28.377997843424566, 28.4862396240235, 28.481961398654636, 28.508573404948, 28.43468865288632, 28.388941446940198, 28.45003594292545, 28.365255398220615, 28.38315565321191, 28.28066236707906, 28.299968465169247, 28.346463012695455, 28.271110704210134, 28.214281209309963, 28.1276106092666, 28.168844943576477, 28.139302910698877, 28.152660454644224, 28.14633890787773, 28.109624226888116, 28.199514770507903, 28.26138882107216, 28.170286729600775, 28.159132215711963, 28.075028483073027, 28.01433546278228, 28.091159735785634, 28.06321004231781, 28.01851433648015, 27.99083896213125, 27.9646131727432, 28.03470933702268, 27.862763807508827, 27.87516242133256, 27.867112562391583, 27.80552910698795, 27.79308132595494, 27.807981024848193, 27.743312242296156, 27.754892645941897, 27.68475884331603, 27.65746053059898, 27.655433485243123, 27.647161526150303, 27.555288696289153, 27.59456583658863, 27.5564300537111, 27.57334832085519, 27.566486952040027, 27.54555189344622, 27.501585896809996, 27.55999281141501, 27.551077948676266, 27.560286797417614, 27.471937052408943, 27.471824137369897, 27.411481391059073, 27.396309407552206, 27.39117601182744, 27.311926947699686, 27.27759128146708, 27.252707248264, 27.291576131185007, 27.248845079210145, 27.235125393337796, 27.213672214084283, 27.25596313476571, 27.34553561740457, 27.35079718695759, 27.328106350369012, 27.261421034071248, 27.259843953450588, 27.273933241102537, 27.210003662109518, 27.232329305013156, 27.133371649848147, 27.159193589952395, 27.126628282335123, 27.15757921006953, 27.110076904297006, 27.07689615885433, 27.07443813747841, 27.09266323513471, 27.0364095052084, 27.036431545681523, 26.966422865125953, 26.98591579861134, 26.998292711046094, 27.077101643880326, 27.065301174587812, 27.055626763237985, 27.088566080729304, 27.09015536838113, 27.080245971679826, 26.96833665635857, 27.015263197157157, 27.03050198025191, 27.09248555501318, 27.07432013617635, 27.021637980143264, 26.994389851888098, 27.017312282986172, 27.041160413954078, 27.046584065755383, 26.978035142686718, 26.973196072048722, 27.007231309678883, 26.985380045573, 27.047123209635515, 27.022300211588668, 26.979231431749195, 26.99362386067719, 26.964338514540017, 26.95053134494367, 26.931816270616405, 26.90549655490463, 26.9469356960722, 26.908876207139865, 26.92040439181873, 26.964365641276192, 26.95505065917983, 26.972513834635475, 27.0582706027562, 27.024899631076426, 27.021072048611202, 27.023657565646772, 27.046598985460164, 27.03805270724837, 27.001566229926308, 26.98959418402787, 27.03227030436206, 27.03006049262162, 27.01774698893244, 27.07906087239589, 27.10089111328142, 27.10342271592886, 27.172476874457555, 27.216284179687687, 27.259655761718875, 27.225045776367285, 27.28652852376312, 27.271591525607732, 27.42381896972667, 27.433319430881127, 27.48606431749141, 27.486611260308262, 27.51260206434472, 27.624925740560002, 27.61984727647574, 27.60173102484818, 27.644007025824838, 27.726798841688435, 27.677479044596485, 27.70985616048191, 27.69593098958344, 27.751042683919348, 27.74856194390198, 27.82578531901055, 27.808334689670232, 27.81708238389774, 27.850358412000976, 27.94096306694894, 28.018562825520917, 27.98543395996099, 27.981942409939318, 28.063265991211097, 28.10414903428826, 28.168127102322142, 28.24380120171448, 28.252363077799544, 28.131986490885538, 28.285889689127732, 28.32407531738291, 28.326522148980057, 28.349429321289165, 28.33692796495234, 28.411803181966302, 28.504264322916754, 28.62015109592026, 28.60873819986989, 28.516613430447137, 28.53597954644103, 28.562065294053884, 28.641651746961955, 28.66269327799489, 28.68012661404083, 28.698236423068636, 28.732539537217956, 28.67026807996977, 28.74996643066413, 28.745180935329984, 28.793710327148517, 28.816956922743145, 28.75673048231344, 28.730239868164176, 28.674132622612944, 28.669836086697103, 28.767007446289185, 28.827377658420193, 28.908250257704083, 28.941292995876797, 28.89688585069454, 28.921320936415004, 28.99206915961372, 28.992443508572137, 28.966129218207566, 28.995928276909826, 29.042432657877725, 29.034042697482757, 28.987972005208462, 28.91404893663207, 28.924811469184096, 28.954700724283914, 28.964032321506163, 29.014709811740527, 28.98299933539501, 28.970952012803917, 28.883893839518255, 28.819398328993163, 28.81291809082042, 28.7557610405817, 28.769242011176306, 28.819566175672872, 28.806989881727564, 28.824845377604277, 28.80855407714856, 28.780133395724892, 28.758321804470558, 28.782853529188515, 28.760987006293515, 28.660637749566053, 28.68276875813814, 28.65450676812073, 28.608065795898522, 28.57706875271286, 28.524500189887267, 28.50452304416234, 28.54391343858515, 28.54134589301223, 28.495824178059973, 28.516433376736188, 28.47164781358515, 28.453929646809968, 28.39057990180125, 28.37235887315545, 28.32737426757825, 28.33710259331616, 28.27603081597232, 28.254550509982746, 28.207285224066936, 28.244322035047883, 28.224134318033958, 28.22374979654965, 28.210816446940196, 28.171816338433246, 28.126735093858617, 28.16398891872842, 28.193582831488794, 28.119929334852543, 28.05584479437948, 28.075302463107715, 28.059254625108622, 28.039668443468013, 28.030635240342992, 27.99144965277789, 28.00494079589853, 28.045950317382864, 28.03960333930134, 27.998669094509676, 27.94966091579867, 27.9109317355687, 27.978397284613777, 27.953779771593002, 27.98837822808171, 27.96729295518666, 28.017766994900285, 28.050293307834295, 27.988731214735406, 28.004819742838624, 27.922142537435075, 27.87383558485247, 27.9752570258248, 28.009608968099105, 27.996454535590317, 27.933834499783075, 27.880042521158945, 27.975095282660636, 28.00222371419274, 27.97817416720936, 27.949871487087762, 27.977016194661573, 28.116035630968003]}