{"latitud": 10.3041, "longitud": -74.0482, "radiacion": [32.12991706000448, 32.165716213650285, 32.082214016384626, 32.08747287326395, 31.967577446831683, 31.986396620008787, 31.881962754991406, 31.827099609375125, 31.853644476996635, 31.748279825846396, 31.97236056857645, 32.03009948730477, 31.991654798719708, 32.10995110405822, 32.160267808702315, 32.069262356228364, 32.08604770236553, 32.03786756727442, 31.879719034830753, 31.659852430555627, 31.83803066677528, 31.863366021050506, 32.08860270182297, 31.965560574001852, 31.927858818901978, 32.13537631564674, 32.14236823187942, 32.235164388020905, 32.3328976101346, 32.29409891764332, 32.484135606553956, 32.418807644314406, 32.3237633599176, 32.380685085720664, 32.352803209093, 32.63606499565983, 32.71690911187081, 32.73018052842891, 32.69880540635861, 32.63053792317718, 32.724553087022606, 32.79697740342889, 32.729495578342096, 32.59337768554693, 32.548990546332526, 32.88865966796883, 32.91725260416674, 32.99797871907566, 32.94948391384563, 32.793181016710115, 32.98023613823799, 33.06694675021714, 33.14022047254783, 33.185083007812615, 33.08227132161468, 33.344459364149394, 33.45579833984385, 33.51947767469625, 33.457498508029666, 33.42721388075097, 33.664783732096474, 33.65658298068583, 33.759651014540076, 33.73019476996543, 33.75673929850276, 34.09980265299489, 34.08032938639334, 34.03243069118931, 34.026987033420234, 34.06835869683164, 34.17715793185778, 34.198708428277016, 34.21831698947494, 34.263079494900296, 34.15086296929267, 34.15140279134124, 34.13011237250445, 34.13175557454434, 34.18112623426657, 34.09893290201836, 34.267318047417575, 34.343253580729275, 34.46403571234814, 34.400001017252656, 34.19120483398444, 34.18737487792972, 34.1716159396702, 34.25963372124577, 34.31929287380651, 34.000666300455826, 34.14574618869367, 34.2082841661242, 34.41009860568588, 34.42818942599835, 34.38144429524749, 34.3587988959419, 34.54324510362418, 34.61890835232214, 34.721664428710994, 34.58745930989596, 34.453476630316956, 34.30223931206606, 34.305901082356876, 34.426893107096475, 34.2679667154949, 34.48215806749145, 34.53353441026487, 34.45250786675359, 34.43959757486988, 34.3949225531685, 34.4712432861329, 34.32562391493061, 34.26569892035601, 34.30434095594626, 34.33412034776487, 34.44893764919715, 34.41146511501753, 34.52860955132386, 34.64323086208773, 34.638453165690294, 34.61172485351574, 34.660816446940146, 34.70320231119806, 34.68252834743934, 34.70295579698357, 34.7427222357857, 34.75363125271275, 34.773953247070516, 34.82096252441416, 34.62091132269975, 34.68903367784295, 34.62987738715293, 34.61626078287774, 34.653541395399465, 34.615863037109385, 34.50833095974402, 34.40253601074221, 34.565303209092974, 34.60142110188809, 34.59047919379352, 34.811659071180635, 34.81525472005217, 34.94420030381955, 34.93515896267373, 34.764785766601655, 34.58606330023878, 34.427407497829925, 34.4729156494142, 34.632850816514896, 34.687173122829925, 34.78821885850706, 34.855114067925456, 34.97853529188384, 34.99710625542546, 34.90214199490032, 35.04520399305568, 34.99051717122406, 34.969991726345576, 34.82381930881087, 34.64227701822921, 34.63109910753051, 34.67364671495236, 34.74328036838119, 34.69044494628923, 34.73585408528646, 34.70415140787768, 34.59219835069456, 34.79008178710941, 34.69345635308169, 34.51580234103741, 34.63180508083777, 34.64192199707045, 34.71666022406691, 34.70956692165813, 34.87729661729611, 34.93492431640632, 34.96278889973968, 34.88105943467887, 35.009692382812624, 35.15156962076829, 35.01864115397145, 35.13827073838985, 35.01065979003916, 35.02156372070323, 35.01170315212678, 35.08495619032126, 35.11377393934473, 35.088651529947995, 35.07114257812515, 34.98561977810342, 35.05117153591592, 35.112052747938456, 35.12132297092029, 34.98963317871105, 34.99376559787337, 34.944703165690214, 35.09272800021713, 34.95078057183169, 34.847583007812624, 34.83321533203131, 34.86311543782566, 34.92179090711818, 34.965537855360424, 34.979431491428066, 34.782816908094695, 34.90821940104178, 34.94973958333344, 35.18939446343328, 35.14486762152787, 35.091538492838595, 35.08332044813371, 35.0543365478517, 35.2778784857857, 35.16733025444896, 34.929563734266594, 34.95278795030396, 34.97657640245237, 35.297399563259695, 35.228981187608575, 34.972985161675446, 35.07408515082466, 35.12969868977874, 35.135993109809114, 35.0053822835287, 34.76811319986988, 34.797325642903786, 34.73311733669717, 34.73209431966156, 34.807393052843, 34.688722059461874, 34.77500033908427, 34.73407253689245, 34.617449273003565, 34.84262525770405, 34.79266357421883, 34.99441663953996, 35.01248881022146, 35.07596605088986, 35.06021898057738, 34.83895195855049, 34.79524875217023, 34.83101365831169, 34.85378350151924, 34.77486673990899, 34.649931504991436, 34.814776950412444, 34.61338738335519, 34.623985799153765, 34.69207594129792, 34.69698757595495, 34.695517306857745, 34.499307929145004, 34.48824700249575, 34.46870625813815, 34.61629638671891, 34.76383463541672, 34.70507168240024, 34.3918806287978, 34.179771253797846, 34.119757758246614, 34.2292917887371, 34.11169060601134, 34.01220737033437, 34.05611402723533, 33.965925089518315, 33.979432169596485, 33.98972880045577, 34.072283596462796, 33.97264980740027, 33.81814982096369, 33.76428900824669, 33.633028157552154, 33.566550360785676, 33.32028435601139, 33.26519436306436, 33.411839124891664, 33.4552215576173, 33.30508422851572, 33.18631930881088, 33.06326904296882, 33.12717285156261, 33.064736260308244, 33.019234551323926, 32.741290622287465, 32.64773763020846, 32.667767333984465, 32.490246242947194, 32.21575249565982, 32.17585754394539, 31.909138997395946, 32.15045708550359, 32.23839416503921, 32.05051439073361, 31.89398634168843, 31.96078626844627, 32.045174153645895, 31.979785834418504, 32.06185133192283, 32.11695997450098, 32.18986273871542, 32.089417860243145, 32.06129896375874, 32.208598158094695, 32.167949761284866, 31.80517137315553, 31.82918294270841, 31.72922939724405, 31.686835055881147, 31.68620639377178, 31.48526543511296, 31.43400404188382, 31.264645724826494, 31.381206258138093, 31.159325154622497, 31.139975653754465, 31.313161553276988, 31.252022976345625, 31.24447903103311, 31.42861565483952, 31.63825920952699, 31.756287977430684, 31.882803344726614, 31.973143174913275, 31.794059583875974, 31.614307996961884, 31.738139851888118, 31.76129421657991, 31.598768785264856, 31.579758368598164, 31.548087904188417, 31.744368150499174, 31.698176405165043, 31.801588948567844, 31.877012803819486, 31.79271274142798, 31.762257554796065, 31.742533026801272, 31.697932603624185, 31.893566216362956, 31.837513902452354, 31.890073988172844, 31.908388264974025, 31.913250732422, 31.825522528754448, 31.726287841796932, 31.86390889485686, 31.911934746636366, 31.915130954318727, 31.9725969102649, 32.03227505154092, 32.11388549804699, 32.020909627278776, 32.03132290310348, 31.93745964898011, 31.761327107747416, 31.829157172309085, 31.919602796766583, 31.95574239095066, 32.01671447753919, 31.78554077148446]}