{"latitud": -0.4403, "longitud": -74.0046, "radiacion": [27.48409016927091, 27.466998630099926, 27.47757602267806, 27.60127699110249, 27.795770263671955, 27.67397562662768, 27.652692667643294, 27.682809448242306, 27.75870429144972, 27.907428995768328, 27.84003974066847, 27.773628404405446, 27.66651746961814, 27.77672220865892, 28.017352634006176, 27.96275397406693, 27.921937391493145, 27.915677558051318, 28.017526584201505, 28.11945461697053, 28.062040879991475, 28.036731635199754, 28.013930935330013, 28.159395684136467, 28.29304877387162, 28.16128573947488, 28.20606452094192, 28.238291761610373, 28.307993231879436, 28.40896911621104, 28.41650017632395, 28.366712103949755, 28.409211222330836, 28.534372626410704, 28.685440741645056, 28.63108893500447, 28.564509752061685, 28.513930257161558, 28.71326158311636, 28.806237792968904, 28.71943935818153, 28.72284478081612, 28.734948052300393, 28.79154459635428, 28.782677883572145, 28.772787136501904, 28.74635586208774, 28.746596950954977, 28.768558417426352, 28.876384480794304, 28.78113233778218, 28.62373487684469, 28.56521335177958, 28.619927300347342, 28.531693183051306, 28.361145019531364, 28.236278279622507, 28.286083306206763, 28.401910739474904, 28.485252210829117, 28.434039645724965, 28.35318230523016, 28.296338229709267, 28.295712619357726, 28.402445814344716, 28.407421875000164, 28.27140672471798, 28.154530164930673, 28.140252685546994, 28.201673380533975, 28.099660237630356, 28.065799967448015, 28.04771050347233, 28.063426378038248, 28.087909613715357, 28.053961859809096, 28.036508178710978, 28.004664781358617, 27.989506361219735, 27.99379747178824, 27.892940945095575, 27.779899427625974, 27.73815884060345, 27.7852929009332, 27.854246351454094, 27.7986151801216, 27.738172403971515, 27.81737094455305, 27.84442274305567, 27.884169854058225, 27.805669148763098, 27.74574890136731, 27.653429836697246, 27.672989908854294, 27.67544657389332, 27.63890109592029, 27.56088935004351, 27.549273342556603, 27.542303127712746, 27.57249789767809, 27.485500420464536, 27.50157436794717, 27.477833048502703, 27.458888075086957, 27.46090935601139, 27.390764702691076, 27.382242838541718, 27.34682990180134, 27.284662882487073, 27.275916544596384, 27.25980631510428, 27.256248643663337, 27.17483011881518, 27.14482964409723, 27.174250623915043, 27.195265367296127, 27.12023145887591, 27.112992011176345, 27.111185031467112, 27.12015821668848, 27.127645534939308, 27.12992011176222, 27.049850802951443, 27.008513726128587, 26.965568033854236, 26.975592719184174, 26.89387783474399, 26.88234490288644, 26.853660413954135, 26.846863132052988, 26.8116946750218, 26.827345106336963, 26.80329657660597, 26.778009033203244, 26.835351901584318, 26.88164062500012, 26.915671793619953, 26.84923434787339, 26.814027235243163, 26.81942681206607, 26.8019426133899, 26.759045071072155, 26.70391574435776, 26.668521796332527, 26.64925604926223, 26.65855814615901, 26.645948961046106, 26.656885782877737, 26.600571695963634, 26.57929823133689, 26.614355807834347, 26.59751146104607, 26.55577562120241, 26.516088528103392, 26.49409993489589, 26.499493069119012, 26.583989800347315, 26.588072374132025, 26.5748602973091, 26.61645473904095, 26.61769951714412, 26.568673706054785, 26.519150119357732, 26.555784098307374, 26.537229749891594, 26.55862867567284, 26.62471550835515, 26.528984578450622, 26.518803236219714, 26.581895277235372, 26.555225287543465, 26.523126220703244, 26.465203518337773, 26.448411051432384, 26.51763170030394, 26.50938890245239, 26.47264539930571, 26.512272135416783, 26.507019721137244, 26.52866109212249, 26.449368964301282, 26.50952996148008, 26.493405490451476, 26.497365315755285, 26.470164320204102, 26.454640367296104, 26.452309841579922, 26.47113376193583, 26.44314134385856, 26.477962917751828, 26.464694552951528, 26.446667141384598, 26.461052788628532, 26.514956325954984, 26.52756924099407, 26.496466064453177, 26.456272040473152, 26.422529093424618, 26.50320366753482, 26.53741997612862, 26.502996826172005, 26.546868896484472, 26.533047485351688, 26.55917731391067, 26.57836032443591, 26.626185777452367, 26.609502495659854, 26.546284315321316, 26.615272352430697, 26.644886610243173, 26.7467414008248, 26.770283338758798, 26.77085469563815, 26.809134250217102, 26.82247856987855, 26.92666965060774, 26.92873874240462, 26.941881306966234, 27.01181538899749, 27.053552246093847, 26.98618435329871, 27.03783196343331, 26.98259311252184, 27.064632839626807, 27.113569810655463, 27.13227979871967, 27.11337178548187, 27.109701538086068, 27.177628919813404, 27.257963053385556, 27.306950887044326, 27.265221150716247, 27.280712551540905, 27.3502404106989, 27.365598551432395, 27.420366753472347, 27.493689982096498, 27.48146701388896, 27.502568562825633, 27.566220431857726, 27.608409288194576, 27.629321628146823, 27.636610921224076, 27.644162326388994, 27.67246602376315, 27.731516859266645, 27.823401896158924, 27.794391886393328, 27.741232299804796, 27.789210340711936, 27.833596801757892, 27.869928317599943, 27.926858181423793, 27.93049485948357, 27.947551472981804, 27.926898193359495, 27.931028238932452, 27.98403862847236, 28.007806735568636, 28.058480495876854, 28.05496419270842, 28.06300625271274, 28.029528130425394, 27.966834513346498, 28.017578125000057, 28.038014390733622, 28.098255750868173, 28.12813110351571, 28.175030517578268, 28.159535725911535, 28.200424533420232, 28.25072597927529, 28.227387491862107, 28.260176255968002, 28.301400756836035, 28.36343858506952, 28.339621649848198, 28.32032097710516, 28.326297336154635, 28.31826917860252, 28.329598999023535, 28.30137261284733, 28.360863918728416, 28.31972045898442, 28.380614217122456, 28.291192287869006, 28.192830064561708, 28.16850484212252, 28.24147169325094, 28.22618747287341, 28.276270548502698, 28.307848442925472, 28.295858764648546, 28.29384053548186, 28.331548733181553, 28.207803683810823, 28.199100070529653, 28.180117797851683, 28.121263970269222, 28.183163113064378, 28.140808105468864, 28.129154798719735, 28.048028564453205, 28.023870510525267, 28.04526401095931, 28.012041558159826, 28.05026312934037, 28.076839531792587, 28.037544420030446, 28.01987474229613, 27.903470526801296, 27.907213338216195, 27.927630276150182, 27.919238959418504, 27.925317721896857, 27.85105794270847, 27.814864434136343, 27.77497151692715, 27.798767768012226, 27.79674682617203, 27.722116088867267, 27.702626546224014, 27.728357950846487, 27.744792683919343, 27.79552408854177, 27.734153578016617, 27.679397922092164, 27.616450330946332, 27.631127590603416, 27.64139472113726, 27.57271965874577, 27.591978285047787, 27.56931355794279, 27.56493631998713, 27.610568237304808, 27.60484856499579, 27.5161454942492, 27.430337863498398, 27.47604132758255, 27.552543809678898, 27.459907362196248, 27.478135511610315, 27.453349473741508, 27.506789143880308, 27.59895053439679, 27.546380954318618, 27.528512912326544, 27.38785603841154, 27.397884792751842, 27.487668863932452, 27.508421495225814, 27.418971082899436, 27.37389322916677, 27.486983913845638, 27.580058119032255, 27.50236952039944, 27.420548841688497, 27.426420762803918, 27.550262451172006, 27.65904744466161]}