{"latitud": 9.1463, "longitud": -75.7687, "radiacion": [33.287427435981066, 33.32540893554697, 33.251480102539176, 33.111279296875125, 33.037616644965375, 33.14640638563378, 33.10913594563806, 33.16576334635423, 33.15793457031261, 33.162091742621634, 33.286183675130324, 33.3484219021268, 33.28273417154958, 33.17142503526484, 33.098126898871605, 33.28746032714855, 33.262512885199726, 33.32531433105481, 33.23061998155384, 33.104562038845565, 33.13858100043414, 33.21928100585942, 33.21555277506527, 33.20926954481348, 33.17431572808167, 33.36121317545578, 33.448787773980165, 33.48224724663638, 33.52732611762159, 33.56563585069455, 33.823361884223175, 33.77299804687508, 33.659088134765796, 33.69543762207039, 33.69229532877623, 33.89224073621974, 33.92711927625879, 33.84788309733085, 33.89109191894541, 33.83800048828132, 33.949634806315146, 33.97456427680129, 33.81319715711817, 33.66457892523888, 33.652158949110344, 33.87930365668412, 33.915167575412376, 33.90705634223099, 33.87675374348978, 33.77361891004788, 33.8917741563586, 33.95028415256085, 33.978583441840364, 33.87712063259564, 33.93779602050794, 34.14342414008254, 34.16298726399748, 34.23032463921451, 34.2642927381728, 34.170993041992325, 34.27153455946194, 34.19571126302094, 34.22452596028658, 34.34723239474838, 34.44711608886737, 34.79008416069888, 34.93191799587688, 34.860004679362056, 34.678569200303876, 34.566239420573005, 34.591789754231876, 34.690243191189346, 34.70466986762161, 34.73501756456168, 34.62131856282565, 34.680423312717096, 34.78558044433604, 34.894958835178066, 34.78565979003912, 34.59715203179261, 34.73701137966598, 34.72656046549491, 34.71796841091591, 34.725398084852564, 34.6670406765409, 34.714875623915056, 34.77262607150624, 34.793768310546966, 34.73274230957039, 34.59637993706605, 34.75657789442281, 34.85635511610252, 34.99137403700096, 34.93282504611559, 34.82359822591153, 34.967047797309135, 35.04246148003489, 35.065043470594674, 35.02400614420579, 34.95568678114157, 35.05449863009998, 34.93815273708774, 34.80650193956175, 34.827050103081696, 34.85780673556866, 35.131255425347376, 35.19790276421454, 35.18806762695319, 35.047497897678035, 34.9050625271268, 34.95718858506956, 34.928613281250136, 34.84891832139762, 35.016188557942804, 35.05674268934473, 35.14560173882385, 35.20153706868501, 35.18154500325537, 35.29250556098094, 35.26096700032563, 35.40222405327705, 35.3680687798395, 35.408503214518305, 35.39125027126746, 35.34391513400618, 35.456799994574716, 35.47226494683167, 35.504563734266625, 35.529286702474074, 35.279835340711884, 35.25443793402794, 35.235616048177235, 35.25727030436203, 35.13696695963559, 35.07090386284735, 35.0299570719402, 35.12109035915811, 35.17536519368499, 35.07110222710514, 35.06097785102005, 35.23735453287776, 35.252690633138116, 35.235690985785745, 35.19817640516504, 35.07084316677534, 35.0918212890626, 34.98070576985689, 34.96082831488718, 34.96678670247402, 34.90580885145414, 34.94542338053395, 35.04995320638026, 35.20206570095496, 35.198348659939306, 35.132656521267506, 35.27824537489155, 35.221986219618145, 35.2262379964194, 35.17371080186638, 35.121943834092995, 35.102230495876825, 35.07335272894979, 35.032465616862034, 35.01432664659294, 34.93860609266509, 35.107462904188424, 35.07944810655391, 35.17500474717891, 35.08829447428394, 34.8796325683594, 35.082715861002704, 35.137991333007925, 35.08261244032129, 35.0736399332683, 35.10819193522144, 35.42796325683603, 35.40337490505654, 35.54800211588552, 35.63181287977437, 35.52278578016495, 35.676184421115614, 35.73190511067721, 35.85739474826403, 35.922335137261406, 35.71884494357655, 35.81745537651917, 35.99982333713115, 36.05773281521281, 35.92542351616763, 35.7956804063586, 36.05418226454005, 36.091184149848196, 36.051833428276986, 35.86598849826404, 35.76856180826835, 35.792037285698804, 35.77929484049489, 35.86371900770413, 35.88692050509985, 35.73096991644974, 35.812916395399384, 35.94513719346801, 35.977690294053936, 35.988840399848165, 35.74435255262595, 35.85449896918421, 36.05614725748709, 36.19282735188805, 36.135593668619855, 35.928961520724954, 36.04351637098532, 35.989297824435845, 35.96970553927965, 35.987414889865555, 35.726486545138975, 35.6787536621095, 35.70589057074659, 35.95620320638022, 35.92059597439246, 35.734168158637225, 35.8081370035808, 35.88784823947483, 35.903684828016594, 35.67065497504351, 35.43989122178829, 35.588500976562564, 35.592744954427175, 35.56875406901057, 35.387381320529606, 35.15663791232655, 35.30365566677526, 35.31255323621972, 35.16676432291674, 35.31180046929268, 35.30091756184904, 35.45465528700098, 35.58800116644975, 35.67634311252174, 35.55203857421888, 35.20430569118937, 35.162261284722376, 35.20688307020407, 35.18234219021266, 35.10070393880218, 34.921674262152884, 35.01563415527354, 34.88211737738734, 34.803677029080006, 34.87775641547315, 34.774565972222376, 34.828190104166765, 34.666953870985346, 34.67287936740458, 34.80601738823799, 34.73183017306868, 34.78919847276487, 34.69579705132389, 34.517745632595584, 34.2241641574437, 34.02014973958344, 34.098201497395905, 34.197948540581784, 34.21114841037331, 34.05666436089414, 33.82661946614595, 33.950433349609455, 34.010822211371625, 34.09737854003919, 33.869135538737076, 33.63387790256089, 33.62197096082911, 33.45298088921451, 33.446355183919344, 33.277463446723154, 33.23175693088118, 33.32227715386292, 33.314940728081694, 33.277450561523516, 33.140144856770895, 33.01057569715721, 32.99678853352875, 32.96915249294718, 32.81245795355911, 32.87198045518674, 32.718778143988835, 32.6462887234159, 32.542994859483635, 32.553643798828226, 32.57542792426225, 32.307694159613845, 32.21125352647581, 32.22836981879345, 32.24063924153656, 32.226702541775296, 32.235497368706696, 32.404135810004426, 32.42541775173621, 32.35092637803831, 32.35261840820325, 32.256914265950684, 32.291149902343854, 32.278853013780484, 32.4324039035374, 32.414164564344695, 32.19736904568153, 32.28505316840282, 32.244379679362076, 32.23034362792981, 32.161564127604265, 31.971274481879487, 32.01636522081166, 32.017108154296956, 32.03004896375876, 32.08075595431868, 31.971133422851626, 31.96416931152343, 32.01966179741762, 32.09962259928403, 32.26078762478306, 32.299742635091285, 32.435095893012225, 32.56277804904528, 32.53938429090723, 32.435799492730176, 32.26409539116764, 32.352725897895006, 32.38719957139765, 32.40670810275615, 32.33672926161031, 32.252230834961004, 32.31364407009571, 32.41205003526486, 32.46221618652353, 32.465364583333404, 32.415412055121614, 32.37762281629788, 32.321205308702304, 32.20780470106348, 32.37977362738724, 32.477981567382905, 32.58821173773881, 32.6100318060982, 32.64946526421445, 32.58573608398452, 32.52975497775619, 32.65222405327702, 32.71811523437511, 32.854264662000936, 32.74106106228311, 32.80915391710079, 32.93799641927095, 33.05158928765203, 33.10409105088985, 32.99045308430997, 32.856708102756194, 32.89528639051658, 32.97478502061642, 33.0448255750869, 32.97121853298618, 32.89503885904958]}