{"latitud": 6.7036, "longitud": -73.4574, "radiacion": [26.008832804362083, 26.09495069715723, 26.117776489257874, 26.128417290581712, 25.925322129991457, 26.06523234049494, 25.912464396158914, 26.008598158094703, 26.03962877061639, 26.02561611599403, 26.160248141818595, 26.34657830132384, 26.46580878363724, 26.27909715440548, 26.160449218750102, 26.263985188802152, 26.335681830512215, 26.275273301866395, 26.283410644531404, 26.175170898437575, 26.30505710177967, 26.392820909288236, 26.391179402669426, 26.42265625000012, 26.40005967881956, 26.506672837999265, 26.658499823676305, 26.763060845269234, 26.947165934244953, 26.775694105360362, 26.96655442979606, 26.96760999891497, 26.91800808376746, 26.90983140733516, 26.93568725585944, 27.195976087782185, 27.267900594075588, 27.073609076606015, 27.265308634440192, 27.229407077365522, 27.269686550564362, 27.216767374674607, 27.288015407986148, 27.048079766167632, 27.034908040364712, 27.279178534613834, 27.314225938585157, 27.40022684733081, 27.288037109375125, 27.093405490451516, 27.11688639322921, 27.154170057508775, 27.219645860460123, 27.353580729166726, 27.350637478298736, 27.41505703396278, 27.524717542860344, 27.542060343424527, 27.617353990342966, 27.53358561197926, 27.513670518663314, 27.462583414713645, 27.635186428494023, 27.702298990885538, 27.692517768012298, 27.814625718858583, 27.981373765733604, 28.171244303385492, 28.17902560763893, 28.074965413411537, 28.007258097330904, 28.024692450629516, 28.202202690972246, 28.158993869357758, 27.93780076768678, 27.77772691514762, 27.781014675564297, 27.867243787977618, 28.0091969807944, 27.6579837375218, 27.805192396376015, 27.82578362358953, 28.015444268120763, 27.983755493164267, 27.85733574761298, 27.794710286458457, 27.900876532660714, 27.957073974609443, 27.97471652560777, 27.707060411241457, 27.594842190212734, 27.611396620008748, 27.690822686089486, 27.801746622721435, 27.590856255425518, 27.695680067274413, 27.71450398763032, 27.871700032552138, 27.746535237630383, 27.494469536675428, 27.44589402940547, 27.424441528320397, 27.243959893120802, 27.247974989149384, 27.057612101237037, 27.107752482096448, 27.176774427625997, 27.27056410047764, 27.340318128797833, 27.17515292697493, 27.19858500162769, 26.997823757595615, 26.93321397569457, 26.938973320855137, 26.84732801649314, 26.874324883355104, 26.79456244574658, 26.91193339029954, 26.81607598198796, 26.751463148329094, 26.763322618272696, 26.825302124023533, 26.807670762803905, 26.78775838216156, 26.578370496961895, 26.588152058919377, 26.62624037000876, 26.617385525173727, 26.687803480360344, 26.48286471896709, 26.419490559895923, 26.41316528320319, 26.383722941080805, 26.24824829101571, 26.21306254069024, 26.168920898437616, 26.31569349500876, 26.41325005425358, 26.427664184570478, 26.427980550130314, 26.292722235785675, 26.23578965928827, 26.2890906439888, 26.260067409939367, 26.139160495334238, 26.133300103081655, 25.847828504774384, 25.844798448350787, 25.746657307942787, 25.75408291286908, 25.861747911241448, 25.94521586100276, 25.910455661349868, 25.893203057183275, 25.764208645290882, 25.93708496093755, 25.8411261664498, 25.791684638129425, 25.7519934760201, 25.812746514214496, 25.934070841471527, 25.83403998480914, 25.71859639485687, 25.661128743489673, 25.606765747070387, 25.7001156277128, 25.68785298665377, 25.744707912869007, 25.83438720703136, 25.732385253906386, 25.67889675564241, 25.476814100477554, 25.686483425564347, 25.630118476020034, 25.657276068793408, 25.773641967773546, 25.776748996310932, 25.725723944770078, 25.82916022406702, 25.920040893554756, 25.93716362847228, 25.83914761013466, 25.773197428385533, 25.9264197455513, 25.9176300048829, 25.86741638183605, 25.89981791178396, 25.7853179931642, 25.877102661132938, 25.872064208984472, 26.005906507704122, 26.002931382921094, 25.954408094618184, 25.843172878689327, 25.884547254774418, 25.90832282172329, 25.929279242621664, 25.86081475151919, 25.83935139973973, 25.84422505696627, 25.769300672743118, 25.865974595811732, 25.78799404568154, 25.829572550455907, 25.923287285698922, 25.945977105034824, 25.80858798556866, 25.843261718750114, 25.88332316080736, 25.876477728949734, 25.775554741753528, 25.847975328233627, 25.826367865668526, 25.905518256293476, 25.897902764214507, 25.903652954101705, 25.788900078667666, 25.803830973307413, 25.775273301866452, 25.626518419053962, 25.58056504991337, 25.53345167371977, 25.54696756998705, 25.485968017578216, 25.43985154893674, 25.532600233290093, 25.523605007595602, 25.56430867513031, 25.531968519422758, 25.448901367187563, 25.447907850477538, 25.38329128689251, 25.323417154947986, 25.331430731879475, 25.338401624891617, 25.42166849772144, 25.464112684461952, 25.55561625162767, 25.445245022243984, 25.449212985568693, 25.406225585937648, 25.486627875434124, 25.429061889648533, 25.443249172634637, 25.361967298719705, 25.3068698459202, 25.22363620334215, 25.265961032443652, 25.318906995985362, 25.29306267632387, 25.36941426595064, 25.286900838216223, 25.30521477593328, 25.311545138888977, 25.259762573242256, 25.367502509223225, 25.319877115885543, 25.19209018283429, 25.244016520182353, 25.18601243760861, 25.29948323567716, 25.335576714409893, 25.311023966471396, 25.22742004394542, 25.20121934678832, 25.147957017686718, 25.304349093967136, 25.406197102864706, 25.35274183485251, 25.22526719835078, 25.219540066189342, 25.058378770616496, 25.021028645833496, 25.03480970594626, 25.00856187608512, 25.15274319118944, 25.136798434787426, 25.152360365125958, 25.11147732204868, 24.862323676215414, 24.81576944986989, 24.90216776529964, 24.79387885199664, 24.81311543782571, 24.787182278103444, 24.71250813802097, 24.701243760850804, 24.700393676757944, 24.621179877387192, 24.546368408203154, 24.56936035156258, 24.451710679796104, 24.51948004828567, 24.419662475586033, 24.540743001302133, 24.43787570529516, 24.526173570421083, 24.551728312174532, 24.519767252604254, 24.447042168511416, 24.449603271484477, 24.49168599446629, 24.50687662760428, 24.44672444661457, 24.51115214029964, 24.51866455078139, 24.46070963541676, 24.5249450683595, 24.50932651095934, 24.328530544704922, 24.270438639322986, 24.26943223741328, 24.22659844292544, 24.206784396701494, 24.185648261176286, 24.329902479383804, 24.413098144531336, 24.47812194824229, 24.62437167697493, 24.58525356716594, 24.68412136501748, 24.736075507270055, 24.710815429687575, 24.785371907552232, 24.75207349989159, 24.918138292100803, 24.996465386284815, 24.93412204318592, 24.903083292643373, 24.831043836805634, 24.820186021592974, 25.04480048285596, 25.111892022027007, 25.12565273708771, 25.012699042426352, 25.020988972981893, 25.09554646809907, 25.091886732313526, 25.072802734375102, 25.13221910264762, 25.191459825303905, 25.245350138346435, 25.395168050130298, 25.39961886935775, 25.3613772922093, 25.325632052951523, 25.355215115017497, 25.463694254557385, 25.441918945312654, 25.40147942437079, 25.51439276801231, 25.614934963650285, 25.540888807508754, 25.51487189398881, 25.438237169053895, 25.559463161892534, 25.66068047417544, 25.6057315402561, 25.70578918457043, 25.648265245225804]}