{"latitud": 0.7259, "longitud": -76.825, "radiacion": [26.07157016330304, 26.142077636718795, 26.232875908745726, 26.22776455349405, 26.310672336154596, 26.487729220920283, 26.56398552788636, 26.586115858290082, 26.598611450195392, 26.716853841146, 26.79622768825961, 26.891497802734516, 26.802328152126844, 26.765513441297873, 26.80608418782566, 26.930867173936747, 26.974949815538327, 27.060890028211873, 27.00743577745239, 27.07718031141506, 27.192676459418482, 27.215551757812616, 27.188321601020068, 27.073646375868123, 27.137137858073004, 27.225742255317, 27.367932128906308, 27.3940511067709, 27.323475816514833, 27.341511705186747, 27.455145602756186, 27.695339287652, 27.6176903618707, 27.610731675889856, 27.706593153211887, 27.834631686740504, 27.846307712131154, 27.794562106662493, 27.70235290527353, 27.72653978135863, 27.830909898546185, 27.924889797634666, 27.98093668619803, 27.753875393337793, 27.657130940755337, 27.77449747721363, 27.816735161675485, 27.96874355740029, 27.767298380533912, 27.73398267957907, 27.771909925672862, 27.74898274739591, 27.628498331705867, 27.33800116644981, 27.028634304470547, 26.88162638346368, 26.7297790527345, 26.901993815104277, 26.8089935302735, 26.773808458116434, 26.769494628906386, 26.953981865776957, 26.782897610134643, 26.693120998806535, 26.833825683593805, 26.90909254286032, 26.835359022352563, 26.73303968641498, 26.502312554253574, 26.472106933593846, 26.428260972764903, 26.441655476888098, 26.306251356336873, 26.206512112087808, 26.18557976616758, 26.23435228135857, 26.272900390625068, 26.27372470431868, 26.160307142469737, 26.0671793619793, 25.92290649414076, 25.72720981174054, 25.658135986328244, 25.61718207465293, 25.657808091905526, 25.56781684027779, 25.566426595052217, 25.56422526041676, 25.61374782986125, 25.617716132270136, 25.48850674099403, 25.352453274197178, 25.32344190809469, 25.359445190429767, 25.265312703450643, 25.168565877278734, 25.107992892795306, 25.113806152343898, 24.96976725260428, 25.04232618543847, 24.96086290147582, 24.94331190321189, 24.86374579535597, 24.751606580946277, 24.784533352322153, 24.73717481825101, 24.691706678602525, 24.58829379611554, 24.53865932888463, 24.49174058702268, 24.47854071723098, 24.45790134006084, 24.38215196397573, 24.33105841742641, 24.366333685980976, 24.293074883355132, 24.283381144205844, 24.266666666666765, 24.241321818033953, 24.270552910698882, 24.24417453342022, 24.189213731553917, 24.132184516059095, 24.05949571397578, 23.99049716525616, 23.96360677083347, 23.92179226345496, 23.87616136338981, 23.837173122829938, 23.768731689453148, 23.782660929362084, 23.741213311089535, 23.71116400824667, 23.708820597330803, 23.798751831054858, 23.83321499294715, 23.903029378255308, 23.811671278211936, 23.803654310438464, 23.81945699056, 23.678648206922862, 23.704173787435007, 23.60148349338118, 23.667613728841257, 23.64169548882389, 23.49936048719627, 23.439756605360305, 23.481246948242244, 23.425957573784824, 23.463496568467892, 23.42943556043851, 23.438022867838622, 23.361582099066975, 23.411205376519206, 23.34859551323798, 23.336991712782226, 23.36406894259996, 23.34492899576833, 23.36881306966158, 23.402386135525262, 23.409039984809112, 23.29422709147144, 23.340831841362956, 23.415036349826476, 23.352543809678895, 23.304249064127685, 23.34374898274753, 23.376540120442808, 23.342249213324767, 23.342630004882967, 23.305851915147613, 23.2301506890192, 23.27511834038633, 23.33980305989593, 23.362374538845568, 23.259276326497496, 23.23249003092461, 23.219760810004402, 23.23883599175362, 23.126845635308275, 23.065870157877743, 23.077078925238805, 23.108838907877743, 23.132460530599005, 23.147585720486195, 23.16401265462253, 23.11081102159297, 23.10082227918851, 23.132241821289103, 23.1126976860895, 23.110641818576443, 23.168150499131986, 23.207949829101665, 23.181340874566104, 23.14724392361118, 23.117936876085214, 23.186400689019234, 23.10168490939685, 23.126969061957556, 23.189867485894183, 23.205989244249242, 23.26988694932743, 23.1870198567709, 23.179816351996653, 23.21330837673626, 23.154203626844737, 23.08069932725711, 23.181538899739735, 23.253890991210994, 23.310312567816954, 23.29930453830305, 23.301700507270027, 23.452972751193688, 23.454406399197126, 23.447654893663245, 23.4330145941841, 23.520397271050456, 23.588737996419372, 23.577996826171955, 23.616212632921115, 23.599920654297023, 23.5292365180123, 23.546781073676282, 23.64021674262159, 23.674401855468844, 23.633406236436787, 23.679486423068607, 23.70285034179699, 23.832183498806575, 23.844460720486236, 23.884940931532224, 23.930640326606028, 23.93613213433171, 24.02479654947926, 24.064756944444582, 24.141095648871637, 24.200272284613845, 24.20296393500439, 24.25013834635422, 24.24117329915377, 24.226008775499167, 24.222712198893323, 24.262404717339507, 24.343821546766605, 24.31362304687514, 24.42025316026485, 24.54570176866332, 24.541110229492272, 24.501104397243996, 24.48043891059039, 24.653239271376, 24.72811245388465, 24.847311062283115, 24.849174329969703, 24.878382703993186, 24.866624620225778, 24.864263916015734, 24.963405015733656, 25.064128282335215, 25.050497097439365, 25.058047824435864, 24.980665079752765, 25.02645263671883, 24.952893405490574, 25.001595391167672, 25.06570773654524, 25.1423621283638, 25.175413682725832, 25.25515713161902, 25.282694498697996, 25.368029785156352, 25.458133951823054, 25.510709974501026, 25.51487053765199, 25.468201361762265, 25.50984836154525, 25.582921346028797, 25.638608805338624, 25.64939880371105, 25.70118713378916, 25.740659925672787, 25.642476399739753, 25.75504998101142, 25.70839436848964, 25.693974812825576, 25.591036987304808, 25.50731235080305, 25.491185506185047, 25.527498711480103, 25.601707967122497, 25.67802632649746, 25.65442335340718, 25.64878913031691, 25.636977810330055, 25.662048000759587, 25.584398396809963, 25.62430555555564, 25.622160508897707, 25.442257351345592, 25.43262396918423, 25.441921997070455, 25.40587565104177, 25.432671440972285, 25.392033216688503, 25.361023627387265, 25.40916442871105, 25.424002075195403, 25.42502746582045, 25.32860141330305, 25.274693128797878, 25.240870157877655, 25.255311075846482, 25.29959038628478, 25.16269497341587, 25.25502488878044, 25.200878567165926, 25.15818617079005, 25.178293524848225, 25.097611490885527, 25.191530015733672, 25.13504740397141, 25.16918741861984, 25.22360059950097, 25.16691453721802, 25.111398654514023, 25.131532796224064, 25.131576199001852, 25.094851684570397, 25.141102091471414, 25.180252753363828, 25.165810139974045, 25.204898410373385, 25.216441853841257, 25.114990573459334, 25.15604417588982, 25.197346666124265, 25.172612847222336, 25.102937147352463, 25.136284722222303, 25.13731858995241, 25.121484035915916, 25.166512383355172, 25.2004672580296, 25.20402492947058, 25.266654459635486, 25.404203626844645, 25.387979125976674, 25.36211615668414, 25.34358011881523, 25.39124518500442, 25.385942586263113, 25.5224890814888, 25.55339931911908, 25.53728976779527, 25.62137688530832, 25.665591091579984, 25.70909864637601, 25.794854058159803, 25.81551310221361, 25.88033447265633]}