{"latitud": 9.5559, "longitud": -75.9144, "radiacion": [29.910761515299594, 29.894346788194486, 29.80462646484388, 29.760808987087803, 29.676139322916736, 29.636217922634653, 29.558512708876, 29.56773173014335, 29.61833563910602, 29.61833767361126, 29.581862725152025, 29.568197970920306, 29.50388047960079, 29.506529405381986, 29.439071316189295, 29.411630927191936, 29.37253485785601, 29.458839246961855, 29.415905083550456, 29.252981906467124, 29.224283854166742, 29.24557325575095, 29.30410766601572, 29.26982014973966, 29.28328823513463, 29.352115207248307, 29.272309705946324, 29.238946872287443, 29.3162872314453, 29.415568372938463, 29.476025729709338, 29.45279405381956, 29.343030463324776, 29.40802137586813, 29.40995449490028, 29.438960096571275, 29.45833028157557, 29.42777438693584, 29.363543362087793, 29.327753363715374, 29.349751451280554, 29.352857801649446, 29.25210774739592, 29.247434828016594, 29.287162611219685, 29.267560153537413, 29.192572021484466, 29.177005683051277, 29.1899881998699, 29.18465304904521, 29.18640577528218, 29.19674343532995, 29.205880059136366, 29.150870429145, 29.26906094021272, 29.379034084744053, 29.354898071289142, 29.355613878038355, 29.40604078504784, 29.434020996093864, 29.40065273708778, 29.230030992296065, 29.259847005208467, 29.390122138129453, 29.542752753363857, 29.652173190646806, 29.722912258572176, 29.621222601996596, 29.477624511718847, 29.44480014377181, 29.41255594889327, 29.47758043077272, 29.503063625759694, 29.560362752278746, 29.59041544596361, 29.498516845703268, 29.51049363878055, 29.558141750759585, 29.572108968099048, 29.53155483669707, 29.50139227973102, 29.508768378363925, 29.501106431749196, 29.5021165635852, 29.54711032443589, 29.53025004069023, 29.53739047580304, 29.635622151692814, 29.58754340277784, 29.486511569553084, 29.50644904242627, 29.5507198757597, 29.625065104166765, 29.675879923502652, 29.69461839463988, 29.75528903537338, 29.76298353407134, 29.724912855360362, 29.70454169379347, 29.721053398980114, 29.813905843099025, 29.793034193250964, 29.761830308702354, 29.827552286783902, 29.85245090060774, 29.970320298936787, 30.132750108506983, 30.067090182834345, 30.064402940538287, 30.063969251844696, 30.041909450954957, 29.959980943467997, 29.97718675401482, 30.147578599717917, 30.28270670572931, 30.311465115017484, 30.4088717990453, 30.38052639431432, 30.420090399848203, 30.464319864908948, 30.453062947591246, 30.499092949761387, 30.543257988823864, 30.555185614691936, 30.637993367513047, 30.57220730251756, 30.625007459852558, 30.663694932725775, 30.698374430338617, 30.633438788520078, 30.61051839192722, 30.673469373915015, 30.664916992187596, 30.60106065538209, 30.644037882487094, 30.64988810221369, 30.68622707790816, 30.651542494032224, 30.618551974826456, 30.653907606336855, 30.69009975857216, 30.760883246527936, 30.784115600586023, 30.767028469509714, 30.82806905110681, 30.80435282389332, 30.830514865451487, 30.970626831054762, 31.03444146050364, 30.97617865668413, 30.950465562608617, 30.939624701605926, 31.043382771810002, 31.060066731770934, 31.059263780382043, 31.07153964572494, 30.985743204752698, 31.02102355957045, 31.001886325412443, 31.069657050238828, 31.1191643608942, 31.131404622396005, 31.116344536675438, 31.08876274956604, 31.128115166558302, 31.09380255805138, 31.163033379448848, 31.166456095377725, 31.178053792317844, 31.164670817057452, 31.225084771050415, 31.2945661756728, 31.219464789496588, 31.20729844835078, 31.271515231662516, 31.40231357150617, 31.34941134982652, 31.383850097656325, 31.414227973090362, 31.52675103081604, 31.561453925238826, 31.609222073025325, 31.622560967339513, 31.70577901204433, 31.61604580349403, 31.5725304497614, 31.67138705783422, 31.764449734158102, 31.65658467610687, 31.693304782443573, 31.747431776258754, 31.73155042860255, 31.7552605523004, 31.670535278320415, 31.579896036784003, 31.5485944959853, 31.59873725043417, 31.630308702257043, 31.658815171983576, 31.664118787977543, 31.604089694553085, 31.588337537977495, 31.624386257595575, 31.689518568250985, 31.625969102647673, 31.588574557834306, 31.69210035536035, 31.741367255316973, 31.710195244683252, 31.585412597656347, 31.617027452257048, 31.602202690972376, 31.522546386718847, 31.568268161349824, 31.488098483615563, 31.31080966525614, 31.375022718641542, 31.596185980902874, 31.557567003038226, 31.43295355902787, 31.449457126193654, 31.557997639974072, 31.548575168185835, 31.41728956434476, 31.36437004937083, 31.369326104058285, 31.408999972873385, 31.347386338975813, 31.34804823133686, 31.26583421495235, 31.193801879882887, 31.279883490668528, 31.280892605251818, 31.343237643771772, 31.393720499674526, 31.382514444987066, 31.451119316948848, 31.395692613389922, 31.330639309353405, 31.243902926974897, 31.190930175781357, 31.247167968750073, 31.259049479166777, 31.240076700846505, 31.211300659179795, 31.231891208224965, 31.149647013346453, 31.079707166883793, 31.148644680447187, 31.21014404296888, 31.10427280002185, 31.058560858832568, 31.089805433485292, 31.1389400906034, 31.155454508463663, 31.14204237196189, 31.12877604166677, 30.99965684678826, 30.85165947808173, 30.778906589084315, 30.786524454752698, 30.88233846028658, 30.937265692816954, 30.92002258300793, 30.841364203559124, 30.76655578613287, 30.871045600043526, 30.887572903103415, 30.75290866427959, 30.66880425347235, 30.705364990234518, 30.654350789388086, 30.657863701714504, 30.543272230360344, 30.534481133355087, 30.676019965277874, 30.611550903320392, 30.522537909613828, 30.495675998264005, 30.494628567165915, 30.468827989366407, 30.43039652506519, 30.383624267578227, 30.357748752170252, 30.329469807942797, 30.28482699924054, 30.289481608073043, 30.270866902669393, 30.357327609592193, 30.301457044813446, 30.149851142035725, 30.12228291829437, 30.135692681206706, 30.153088378906375, 30.154622056749208, 30.211000569661564, 30.248637220594674, 30.260725911458394, 30.253389824761445, 30.271612548828216, 30.340426974826567, 30.318874104817855, 30.34262966579873, 30.325968085395004, 30.225774129231848, 30.168143717448043, 30.157752143012242, 30.10630527072497, 30.100682915581704, 30.089392089843823, 30.091347927517486, 30.081570095486217, 30.076208835178022, 30.088874647352537, 30.04410400390634, 30.02412889268673, 29.995291815863766, 29.986261325412404, 30.06008809407562, 30.122253417968793, 30.10747307671454, 30.23959621853307, 30.22793138292106, 30.19566175672759, 30.097350735134665, 30.06449991861992, 30.14173075358083, 30.204673258463625, 30.173915947808325, 30.066552395290937, 30.047806464301292, 30.075558810763994, 30.15763346354178, 30.206359185112984, 30.19522433810776, 30.10215250651053, 30.07780151367196, 30.063524712456644, 30.084166802300484, 30.093223063151168, 30.10757921006954, 30.087249755859506, 30.110133531358617, 30.17475687662767, 30.145070054796047, 30.08354593912774, 30.104234483507017, 30.1302788628473, 30.113882785373374, 30.159740532769206, 30.128322007921103, 30.11688300238721, 30.158517795139062, 30.125971137152874, 30.048654174804764, 29.908774481879487, 29.904048326280474, 29.933239067925417, 29.941914198133777, 29.9107944064671]}