{"latitud": 6.7801, "longitud": -72.2444, "radiacion": [14.239455498589487, 14.242080688476676, 14.188323296441014, 14.128214857313424, 14.141151936849042, 14.168686591254376, 14.109756130642458, 14.102244737413324, 14.054959106445418, 14.062936401367324, 14.1411590576173, 14.135810343424604, 14.10122104220928, 14.217633395724912, 14.35390930175788, 14.27706400553395, 14.046929253472285, 13.990541246202346, 14.061026000976577, 14.201645236545248, 14.34114278157559, 14.40992668999572, 14.39735785590286, 14.329456244574752, 14.322321234809179, 14.393095567491498, 14.523035685221485, 14.474061754014807, 14.434035237630306, 14.516964043511337, 14.472786797417712, 14.333130560981052, 14.413975694444616, 14.468092176649463, 14.520339287651987, 14.613771904839494, 14.623119439019186, 14.652528889974048, 14.724067857530448, 14.7262247721355, 14.711162990993971, 14.73288913302965, 14.697893948025275, 14.764196777343898, 14.903724500868199, 15.041767713758816, 15.054895019531367, 15.109435696072145, 15.074532402886424, 15.104953342013951, 15.173142496744921, 15.215828450520954, 15.151309882270084, 15.270190090603478, 15.284426540798696, 15.375762600369058, 15.454047987196228, 15.370334201388987, 15.30427958170577, 15.321878729926311, 15.47287021213117, 15.44336005316857, 15.413740370008782, 15.400124782986287, 15.427931043836926, 15.404216172960238, 15.403145684136328, 15.484490627712757, 15.545099894205785, 15.592822604709227, 15.769765896267472, 15.753504774305725, 15.748803032769217, 15.756347317165895, 15.781009928385478, 15.867152913411587, 15.86851196289077, 15.81801893446188, 15.78572184244799, 15.83803609212246, 15.858906046549501, 15.95766330295148, 15.841877237955808, 15.88394843207478, 15.93093532986118, 15.930171373155511, 16.00398966471361, 16.010441080729283, 15.953512573242278, 15.872224595811721, 16.056674194336097, 16.01438395182305, 16.01273193359384, 16.072340901692826, 16.14932793511298, 16.08178880479615, 15.994098917643365, 15.939100138346438, 15.955986870659785, 15.92525906032995, 15.97648857964422, 15.974260118272733, 15.933410644531383, 16.003320990668595, 16.020523410373357, 15.977597384982781, 16.03635389539939, 16.061907958984552, 16.0094255235461, 15.970524088541708, 15.96848110622843, 16.081985134548706, 16.019782850477537, 16.06613599989161, 15.992507595486245, 16.04763760036904, 16.017894829644206, 16.0250389946832, 16.069002617730195, 16.08334045410159, 16.073619249132054, 16.13084750705309, 16.1931389702692, 16.299589029948038, 16.30942009819889, 16.304641384548763, 16.319648912218003, 16.277303059895967, 16.383450317382938, 16.418611314561815, 16.5334611680773, 16.58251444498713, 16.615677218967182, 16.637048000759666, 16.540718926323866, 16.501901923285647, 16.403546481662413, 16.342762247721453, 16.392617458767422, 16.403401692708467, 16.518732367621606, 16.421731567382892, 16.45863511827264, 16.514122856987985, 16.425071885850855, 16.47232869466156, 16.484269544813476, 16.460213216145917, 16.474258083767495, 16.368604871961907, 16.431089952257025, 16.500656127929783, 16.410942247178884, 16.396641370985378, 16.45126715766069, 16.409786648220535, 16.40512491861989, 16.50715705023879, 16.506123521593054, 16.35958387586813, 16.39437967936205, 16.46554497612857, 16.41771002875443, 16.33497755262592, 16.260771348741418, 16.317246839735315, 16.260683525933228, 16.188719346788314, 16.178012763129516, 16.21349114312079, 16.174246554904602, 16.095673285590408, 16.059278700086963, 16.09641248914937, 16.022895982530486, 16.07601555718325, 16.112059529622513, 16.01193033854177, 16.024311319987174, 15.935630967882124, 15.99631076388899, 15.971238878038264, 15.995404730902862, 15.99764946831605, 15.93929511176223, 16.01040072970928, 16.05642700195324, 16.094785563151163, 16.082311672634642, 16.154409450954955, 16.109124755859494, 16.063849216037397, 16.11351860894111, 16.133549669053878, 16.135720825195392, 16.194513617621606, 16.234923299153724, 16.188174099392445, 16.240015665690198, 16.214595201280492, 16.18514811197927, 16.214918687608645, 16.088371785481836, 16.2056060791017, 16.238088989257903, 16.223134697808273, 16.174166870117272, 16.30787489149323, 16.310546535915915, 16.263598293728403, 16.270164659288337, 16.218775092231, 16.185937500000136, 16.228778754340397, 16.265220133463703, 16.237065972222315, 16.258988444010527, 16.18480563693591, 16.25384521484388, 16.230610487196277, 16.26681823730483, 16.264775254991452, 16.235286119249242, 16.29815368652345, 16.189253743489683, 16.26931152343758, 16.304270765516623, 16.29137844509567, 16.235449218750166, 16.305423312717135, 16.257198757595614, 16.296499294704972, 16.211988321940225, 16.290771484375114, 16.21334533691415, 16.27432149251314, 16.232794189453273, 16.281495836046076, 16.394183010525257, 16.289799669053934, 16.36168721516943, 16.299022081163326, 16.33994988335515, 16.32158711751316, 16.313745117187636, 16.424056328667593, 16.456681654188458, 16.353889634874236, 16.334679836697187, 16.29224819607212, 16.23366699218762, 16.272781032986227, 16.19545118543844, 16.32083875868064, 16.195876397026968, 16.24049818250876, 16.17288750542546, 16.175005425347308, 16.269462754991405, 16.261004638672016, 16.2598076714411, 16.18896145290815, 16.276551988389865, 16.315596177843002, 16.244298638238018, 16.2962778727214, 16.355397542317803, 16.353046671549595, 16.454104953342096, 16.363272094726614, 16.307369995117295, 16.282929484049532, 16.321391465928986, 16.22067498101139, 16.264356146918505, 16.246110365125976, 16.274448310004498, 16.277406819661564, 16.37436353895411, 16.316644287109437, 16.247309705946275, 16.194195895724874, 16.20370890299489, 16.2456332736546, 16.240611436632037, 16.240174018012244, 16.256633504231843, 16.27872348361556, 16.26381123860686, 16.117780897352493, 16.24836120605471, 16.160699801974925, 16.15307718912779, 16.185529242621612, 16.22715013292111, 16.28950297037767, 16.225907728407226, 16.124745686849053, 16.093691677517466, 16.044666544596453, 16.056832885742267, 16.10290730794289, 15.989334445529627, 16.00013834635435, 16.064717271593015, 16.01292419433609, 16.014554850260556, 15.962336222330824, 15.957428656684158, 15.96528455946185, 15.902317640516591, 15.844923909505326, 15.756490410698916, 15.693562486436804, 15.732005818685005, 15.722267320421073, 15.693272230360302, 15.787531195746567, 15.745864189995851, 15.692361450195449, 15.675875515408128, 15.656305270724943, 15.559357028537457, 15.61057128906261, 15.654456583658979, 15.521514892578258, 15.513926188151117, 15.421216498481064, 15.455691189236214, 15.38380906846792, 15.433443874783128, 15.322285630967997, 15.212543402777934, 15.193663194444545, 15.14193657769105, 15.099820285373369, 15.070467122395959, 14.988097466362982, 15.064883083767446, 15.014275444878573, 15.015930175781344, 14.970920138889028, 14.921486070421091, 14.909910413954057, 14.790280151367332, 14.681459893120783, 14.732202148437636, 14.75103759765642, 14.696656968858592, 14.778556993272693, 14.685973103841226, 14.592483859592107, 14.541046820746658, 14.514127943251045, 14.539204915364698, 14.554756673177167, 14.528199259440155, 14.49392564561642, 14.448699273003589, 14.330010308159766]}