{"latitud": 9.1985, "longitud": -74.5725, "radiacion": [34.35772806803393, 34.511050075954984, 34.688745456271874, 34.609638807508816, 34.40142550998272, 34.35067104763467, 34.39241672092023, 34.609010484483576, 34.61915656195756, 34.52999199761299, 34.44144795735684, 34.67238532172316, 34.85207451714418, 34.88912489149313, 34.83421461317281, 34.79859754774316, 34.86286858452697, 34.98780721028652, 34.92028435601134, 34.65953267415373, 34.68747219509561, 34.822177802191995, 35.00477193196625, 35.06067538791242, 34.9431013319228, 34.983140055338616, 35.151768324110286, 35.318528917100764, 35.464314439561726, 35.4046040852866, 35.50264214409733, 35.566008843316034, 35.54127163357214, 35.73860032823357, 35.55633036295588, 35.56535881890196, 35.78072645399319, 35.74712795681442, 35.93631557888466, 35.847906155056535, 35.816583930121645, 35.898141818576484, 35.98595886230487, 35.93079189724401, 35.887976074218784, 35.97442525227876, 36.08552415635862, 36.26102769639766, 36.26712985568588, 36.06445414225269, 36.08204447428398, 36.24397549099399, 36.38216315375445, 36.39125569661477, 36.3960266113282, 36.45529954698363, 36.5357754177518, 36.71835869683171, 36.704566107856046, 36.54379001193585, 36.61268344455309, 36.705799696180634, 36.90985412597664, 36.98945651584203, 36.90670945909293, 37.00135158962674, 37.21786058213987, 37.3381900363499, 37.28446417914507, 37.151044718424565, 37.20499267578138, 37.32838270399319, 37.358283827040076, 37.42100965711811, 37.214548068576505, 37.109154256185, 37.14210238986548, 37.29469638400618, 37.40806850857209, 37.14671190049921, 37.211770968967095, 37.409572686089525, 37.46342807345928, 37.457043796115556, 37.27286580403656, 37.16886528862858, 37.23525865342896, 37.320437282986155, 37.37962307400187, 37.10409817165809, 37.22837151421447, 37.47175699869808, 37.616078016493155, 37.60338609483517, 37.446713935004404, 37.47679782443587, 37.74631924099405, 37.92046881781698, 37.85128377278661, 37.595512559678944, 37.4506954616971, 37.350177680121625, 37.33237982855915, 37.35804816352006, 37.2860297309029, 37.365659247504404, 37.362017822265784, 37.5224097357858, 37.41710103352873, 37.21516350640204, 37.10716756184903, 36.94762844509555, 36.99828253852011, 37.16675109863289, 36.973147922092096, 36.94257676866331, 37.02434149848102, 37.208659193250945, 37.19693942599832, 37.025429958767496, 36.885540093316045, 36.90436265733516, 37.14392361111118, 37.281404622395904, 36.97066413031691, 36.9897986518013, 37.122180514865555, 37.275565931532206, 37.30264790852876, 37.014401584201515, 36.81359795464417, 36.84059278700099, 36.89468078613296, 36.74609985351574, 36.57437947591152, 36.390015665690214, 36.534293619791754, 36.77634718153221, 36.67842881944453, 36.58587103949668, 36.61733330620672, 36.77657606336817, 36.8477071126303, 36.7971479627822, 36.611452907986255, 36.38010592990463, 36.294782511393315, 36.46829528808598, 36.51912027994803, 36.28176947699666, 36.22911139594191, 36.454615953233656, 36.62096455891939, 36.55354444715721, 36.60915629069026, 36.67195875379783, 36.63433803982216, 36.718394300672855, 36.574694824218874, 36.396815999349066, 36.35070665147574, 36.41287502712684, 36.481231350369, 36.313282267252724, 36.240877956814394, 36.408556789822114, 36.49449428982215, 36.73276265462247, 36.67613694932739, 36.368048434787475, 36.38727789984824, 36.49910210503475, 36.533232286241436, 36.52518073187942, 36.50808817545576, 36.67539537217897, 36.82251722547753, 36.907996961805644, 36.989830525716265, 36.90432942708338, 36.90580512152784, 37.03684556749143, 37.20867513020844, 37.37512953016502, 37.203623114691915, 37.17628139919717, 37.22699347602005, 37.321117485894185, 37.22601996527796, 37.03778720431865, 37.15823465983092, 37.264365980360346, 37.45029127332907, 37.30118645562078, 37.06889004177526, 36.99850531684035, 37.123688422309044, 37.28816426595065, 37.213266330295234, 36.99568108452701, 36.96466776529959, 37.21398451063387, 37.339526367187624, 37.37547132704003, 37.12285936143673, 37.16728820800794, 37.33006049262161, 37.57766587999142, 37.644467841254404, 37.37483283148879, 37.36293165418842, 37.49039815266932, 37.5789021809897, 37.599557495117324, 37.316992526584315, 37.132336425781375, 37.29078301323792, 37.55404188368069, 37.55165574815552, 37.303162977430645, 37.341775851779666, 37.35593329535603, 37.55502658420151, 37.28436177571621, 37.00574171278223, 36.91554531521274, 37.055737304687625, 37.129333157009604, 37.06086934407555, 36.81173366970487, 36.808539157443626, 36.76486511230478, 36.82058376736122, 36.86507500542543, 36.800506252712765, 36.80622219509555, 37.06899041069886, 37.18708970811641, 37.20412021213112, 36.74389444986988, 36.73796657986122, 36.90627170138902, 36.93638034396711, 36.91599121093759, 36.64170294867633, 36.56540968153221, 36.46685180664074, 36.600683593750055, 36.59616360134557, 36.50424228244369, 36.49496358235681, 36.50298563639338, 36.55409715440552, 36.57641838921446, 36.40565049913206, 36.4364657931859, 36.49140218098967, 36.26186455620664, 35.90651041666678, 35.63493957519546, 35.67596808539503, 35.753004286024385, 35.83822157118067, 35.78285115559904, 35.33052707248279, 35.306704033745724, 35.55857781304267, 35.77725457085514, 35.5638783772788, 35.257312689887215, 35.102022298177225, 34.940379503038265, 34.98795335557734, 34.9503699408638, 34.83627895779091, 34.80995246039502, 34.865557522244025, 34.86337009006089, 34.676857164171146, 34.40973036024317, 34.314903767903765, 34.255476548936734, 34.201801554362135, 34.182391696506194, 34.061575656467085, 33.792534044053944, 33.669568888346454, 33.66368747287339, 33.60717129177524, 33.315505642361224, 33.1394568549263, 33.201343451605965, 33.308583577474074, 33.30741678873708, 33.294860161675466, 33.29112413194448, 33.28322279188374, 33.320563422309114, 33.26430087619362, 33.19975789388028, 33.03442721896713, 33.10715094672321, 33.27755059136291, 33.2744238959419, 32.95277438693588, 32.929832967122444, 32.8535427517362, 32.878968302408964, 32.843827989366446, 32.56547207302527, 32.38570251464855, 32.51495869954439, 32.68241204155822, 32.700041368272686, 32.62457241482218, 32.491881646050444, 32.69639383951835, 32.77479960123708, 33.046267022026974, 33.01626213921446, 33.08232998318152, 33.266748725043485, 33.25327148437513, 33.19826626247842, 33.01895785861558, 33.00600992838552, 33.11624213324666, 33.27097371419277, 33.27890150282129, 33.10307617187501, 33.04103834364154, 33.19810384114597, 33.33595920138902, 33.391419474283964, 33.18245408799919, 33.097584364149384, 33.26743808322493, 33.27517598470058, 33.46144951714418, 33.48690558539505, 33.499138387044354, 33.572310384114644, 33.695064968533075, 33.731582302517495, 33.59812995062938, 33.59808959960958, 33.769651624891615, 34.01627807617202, 33.982556491428035, 33.85379367404522, 33.82285902235257, 34.03954230414511, 34.183440483941034, 34.13862982855915, 33.880485365125956, 33.90136922200535, 34.07378811306436, 34.24152187771271, 34.28563028971363, 34.11567450629351]}