{"latitud": 1.3253, "longitud": -72.7771, "radiacion": [27.433795505099926, 27.437063937717216, 27.537707519531352, 27.628010389540027, 27.731260172526106, 27.65329149034301, 27.657358466254397, 27.73280537923186, 27.867440795898574, 27.962072414822142, 27.866673787434966, 27.84701707628051, 27.804508124457623, 27.976051839192888, 28.140645345052146, 27.988203599717995, 28.018192884657157, 28.095030042860344, 28.16862284342456, 28.20513916015638, 28.184161716037426, 28.15539618598096, 28.212636311849092, 28.412048000759643, 28.48500162760426, 28.351449584961074, 28.351796129014833, 28.414049614800415, 28.500777859158063, 28.653401014540048, 28.608978610568688, 28.624366590711873, 28.631056043836924, 28.774191284179835, 28.84646775987424, 28.730973985460135, 28.722106255425484, 28.763198174370814, 28.968566894531325, 28.96889207628048, 28.8790703667536, 28.957530721028718, 29.07225172254785, 29.115243869357716, 29.031475151909813, 28.92475925021707, 29.039671834309996, 29.163899400499247, 29.155494859483554, 29.133810763888963, 29.028191460503535, 28.97589280870237, 28.953182305230143, 28.926212226020027, 28.7972679985895, 28.556870185004488, 28.47608167860248, 28.599664645724925, 28.661665513780502, 28.666222127278747, 28.541187879774345, 28.554634602864667, 28.48485276963993, 28.4459530300565, 28.571005927191987, 28.449620903863018, 28.381764390733604, 28.361554294162413, 28.35739949544285, 28.387233140733656, 28.264713202582566, 28.17978142632389, 28.18667975531694, 28.14729071723097, 28.179169379340408, 28.087858751085133, 27.97632819281692, 27.915857950846505, 27.96927320692282, 27.93822191026489, 27.84116109212245, 27.70438808865019, 27.64486287434907, 27.72635023329002, 27.81470065646708, 27.693137953016578, 27.67394544813376, 27.726434665256175, 27.735485839843815, 27.823071628146778, 27.72992519802521, 27.580263604058263, 27.460970052083514, 27.470768568250985, 27.492267184787426, 27.428953043619913, 27.422855970594735, 27.36379970974402, 27.38821953667548, 27.40494384765634, 27.337712266710184, 27.301704576280525, 27.30064900716157, 27.296659003363818, 27.29305792914509, 27.209256998698, 27.184850056966223, 27.125563897027007, 27.092960611979247, 27.099146525065237, 27.06949937608518, 27.067943996853444, 27.0072316487631, 26.981281534830828, 26.971356201171982, 26.95095113118498, 26.89254387749581, 26.86445990668413, 26.907186550564347, 26.876519775390705, 26.901436360677167, 26.87148573133688, 26.839501274956735, 26.797611829969696, 26.79030320909298, 26.742849053276984, 26.684625583224925, 26.615989854600798, 26.66116604275184, 26.618911064995814, 26.608320448133743, 26.57967732747407, 26.551580810546948, 26.58127509223097, 26.582013956705868, 26.60359971788203, 26.627769300672792, 26.559946017795216, 26.587626478407206, 26.579103936089513, 26.570250786675427, 26.523846435547018, 26.465494791666703, 26.450068155924612, 26.433405219184106, 26.362769911024373, 26.273428683810895, 26.292060682508822, 26.317338053385527, 26.312328423394188, 26.307384575737938, 26.330421278211873, 26.260462782118186, 26.260232543945392, 26.263786485460173, 26.22814331054703, 26.303163316514844, 26.266638861762164, 26.303296915690186, 26.2757805718317, 26.29246690538203, 26.217179022895095, 26.200915527343795, 26.179491509331665, 26.159077962239735, 26.21945156521277, 26.22008056640639, 26.243608601888166, 26.224875217013942, 26.231341552734477, 26.228576660156346, 26.212459988064342, 26.1229522705079, 26.157295396593046, 26.194747924804783, 26.20765245225702, 26.1916944715713, 26.16942206488727, 26.19285447862423, 26.197045220269178, 26.13724093967024, 26.129102240668526, 26.091966756184984, 26.137368435330018, 26.16510484483513, 26.146670871310942, 26.122575887044434, 26.151847669813492, 26.152635023329065, 26.150698174370746, 26.155309041341223, 26.151305813259683, 26.16288011338986, 26.181951904296948, 26.189711846245775, 26.16170789930565, 26.0852627224394, 26.097985161675492, 26.14016079372838, 26.196586100260543, 26.226340060764034, 26.216853841145888, 26.191775173611234, 26.24461195204005, 26.25428636338987, 26.30698174370671, 26.301217990451544, 26.307510715060914, 26.288400607638966, 26.286324055989684, 26.363047620985338, 26.386374240451516, 26.40274963378918, 26.53080613878052, 26.532521565755285, 26.577019246419468, 26.5639682345921, 26.611819797092114, 26.66948581271716, 26.679179212782174, 26.702846272786513, 26.689928521050433, 26.703590223524447, 26.693781534830823, 26.726260036892484, 26.763902113172907, 26.798817952474113, 26.820050387912357, 26.900607977973266, 26.94430948893235, 26.990713840060852, 26.924073961046115, 26.973393419053917, 27.07256334092894, 27.06644422743066, 27.0647423638239, 27.08756747775622, 27.17050272623709, 27.169618394639826, 27.17234259711383, 27.21292148166242, 27.218491278754396, 27.270088026258787, 27.291515096028775, 27.25528394911034, 27.32377692328568, 27.429131062825604, 27.413290744357727, 27.410492960612128, 27.404879760742272, 27.379393513997474, 27.40205925835509, 27.468750678168494, 27.473129950629414, 27.482476128472342, 27.474297078450608, 27.505599975586033, 27.527370537652, 27.56078152126742, 27.53599650065117, 27.514555528429014, 27.52652452256954, 27.547752888997497, 27.53952297634561, 27.51413133409299, 27.579935031467112, 27.579500664605103, 27.59677564832909, 27.706569417317798, 27.75906270345064, 27.780541992187654, 27.771588134765732, 27.774754503038253, 27.83163621690547, 27.8630910237632, 27.843078613281346, 27.832716200086924, 27.831919352213692, 27.866298760308343, 27.90585564507391, 27.899585978190128, 27.91207817925361, 27.898151652018385, 27.966590033637203, 27.95153401692723, 27.889987860785684, 27.824752129448864, 27.737711249457504, 27.861827256944537, 27.88149888780394, 27.907581922743116, 27.86330261230476, 27.786591932508752, 27.86380038791242, 27.91164754231782, 27.788004557291725, 27.726982625325622, 27.720102606879475, 27.750928412543526, 27.778941853841218, 27.694103325737938, 27.692471991645075, 27.68941107855913, 27.686224026150285, 27.69157240125882, 27.624390665690196, 27.61685553656692, 27.649368964301345, 27.662206692165892, 27.642867702908063, 27.53549770779087, 27.501101006401996, 27.526558770073905, 27.53842196994367, 27.580385674370728, 27.42056342230914, 27.38525153266073, 27.38000488281257, 27.449703979492273, 27.496400960286582, 27.42319844563815, 27.349212307400308, 27.33028598361551, 27.332304890950656, 27.44612833658863, 27.360349867079133, 27.317054578993123, 27.25832858615462, 27.318602159288275, 27.2855587429472, 27.232332695855177, 27.178600056966275, 27.19658610026058, 27.220829942491417, 27.27823384602876, 27.241447279188453, 27.176962958441933, 27.094395616319584, 27.12460564507387, 27.178950330946236, 27.06089579264331, 27.04424235026052, 27.07566867404529, 27.204280598958444, 27.30989786783863, 27.150538126627662, 27.108259412977514, 27.089707438151077, 27.131271023220624, 27.27121615939679, 27.172468397352606, 27.17663540310342, 27.114631822374275, 27.301026068793533, 27.277575344509597, 27.247384643554767, 27.24089898003481, 27.256548733181564, 27.405230373806585, 27.512237209744]}