{"latitud": 1.811, "longitud": -77.1084, "radiacion": [21.871123589409876, 21.894655354817854, 21.823543633355143, 21.779270765516614, 21.781105211046093, 21.859846666124213, 21.736840820312636, 21.66462741427959, 21.680785793728393, 21.816791110568644, 22.06088222927529, 21.935770670573067, 21.84813571506089, 21.739307996961998, 21.75455830891936, 21.868409898546172, 21.823592461480132, 21.754585096571287, 21.748550415039194, 21.842109171549605, 21.8631842719185, 21.881332736545232, 21.73646274142804, 21.72952982584644, 21.754351128472308, 21.86260816786042, 21.849601236979385, 21.870375569661558, 21.899176364474936, 21.92515089246973, 22.162655978732726, 22.127306450737933, 22.01494784884996, 21.981058078342112, 22.001095581054795, 22.298827446831694, 22.247457546658115, 22.003509860568688, 22.05831231011295, 22.026000976562575, 22.203700425889835, 22.037473890516576, 21.95939059787331, 22.02715386284738, 22.081971571180702, 22.206135050455867, 22.20927497016068, 22.14548577202703, 22.019269816080755, 21.935168117947132, 22.05679558648012, 21.98581441243501, 21.992301432291715, 22.116682603624287, 22.12313808865029, 22.19498494466158, 22.160692681206683, 22.05349121093754, 22.083900282118123, 22.097852579752708, 22.128283691406295, 22.10433858235683, 22.218509589301334, 22.146820746527908, 22.185802883572233, 22.29618360731348, 22.316449991862118, 22.30208909776485, 22.296674262152806, 22.179891628689308, 22.14394938151052, 22.253857760959306, 22.22262641059037, 22.113062540690223, 22.032870144314344, 22.087358262803946, 22.12098863389772, 22.07331305609817, 22.109929063585184, 22.120528496636457, 22.155567084418504, 22.089069281684164, 22.160277981228376, 22.105217149522712, 22.08834262424051, 22.146367051866452, 22.032194010416806, 22.02488369411905, 22.041915554470545, 22.197499932183234, 22.23083970811649, 22.109105088975827, 22.160492960612128, 22.09408806694891, 22.135208468967125, 22.150810750325604, 22.14455600314678, 22.08042161729607, 22.031429714626825, 22.092914157443676, 22.105726114908993, 22.090273708767445, 22.023553466796972, 22.024421522352537, 22.088645765516635, 22.10377570258252, 22.05268520779089, 21.975954522026978, 22.04187961154524, 22.128224012586884, 22.166525268554796, 22.113965521918544, 22.16068488227006, 22.22024807400182, 22.27039320203998, 22.313960774739673, 22.29777052137598, 22.359625922309135, 22.315012274848186, 22.38530544704874, 22.5281263563369, 22.48503790961384, 22.597691175672878, 22.521281602647758, 22.53875020345063, 22.70664978027359, 22.599024454752698, 22.646744452582556, 22.624328613281346, 22.623760647244012, 22.767096964518355, 22.735355631510554, 22.58018256293413, 22.592876858181473, 22.45371229383691, 22.599512057834318, 22.65363939073357, 22.56570570204006, 22.558230590820397, 22.611169433593886, 22.680938720703164, 22.6204040527345, 22.571346706814342, 22.581084865994058, 22.54637383355045, 22.652639770507903, 22.717527601454094, 22.678820122612933, 22.491954888237956, 22.447512139214535, 22.617236667209283, 22.631561279297028, 22.455902099609506, 22.604192437066086, 22.674913533528734, 22.74555528428827, 22.700575425889838, 22.592506917317888, 22.5427527533638, 22.520114135742308, 22.78598022460945, 22.686169433593875, 22.690597534179783, 22.572046237521857, 22.5460517035591, 22.681591457790812, 22.66324395073794, 22.62799513075098, 22.642599148220558, 22.60550028483082, 22.624275716145934, 22.475100029839513, 22.479889255099938, 22.557385932074776, 22.691824001736183, 22.695236206054783, 22.620232815212734, 22.563321601020107, 22.64412909613723, 22.623558553059997, 22.776777818467963, 22.733705308702365, 22.717531331380258, 22.666916571723146, 22.542474026150273, 22.604712253146772, 22.680288696289153, 22.68333774142805, 22.59293043348534, 22.621292114257894, 22.79519585503482, 22.81750217013905, 22.770638359917655, 22.83267279730914, 22.763555230034815, 22.871101209852537, 22.927732001410657, 22.888828531901066, 22.840196058485333, 22.78409762912338, 22.91091918945322, 23.03324754503048, 22.952274576823033, 23.008915540907235, 23.01200222439248, 23.082774183485316, 22.999979994032213, 23.025378757053033, 23.0395921495227, 23.12973734537769, 23.265003458658953, 23.119502766927194, 23.150487263997434, 23.10691392686641, 22.958334689670266, 23.133487616645045, 23.123662990994035, 23.012197536892486, 23.01546664767805, 23.10773315429701, 23.18240254720058, 23.117265150282208, 23.022502305772722, 23.075236002604242, 23.043512980143305, 23.314644707573887, 23.142103746202377, 23.17378336588551, 23.09320644802527, 23.111075168185852, 23.14665629069019, 23.13777601454001, 23.06893581814245, 23.131807454427246, 23.10329861111118, 23.218013509114694, 23.242678493923716, 23.097761366102493, 23.069452921549537, 22.961625162760544, 23.1018490261503, 23.09708014594196, 23.071255493164113, 23.17424621582042, 23.06607123480912, 23.089669121636366, 23.002762518988828, 23.02985500759561, 23.08817308213986, 22.93808932834213, 22.86058451334649, 22.904916381836, 22.998890177408896, 23.036268107096436, 23.085941569010497, 23.138517930772707, 22.979862128363816, 22.85735812717026, 22.885633002387276, 22.860892740885586, 22.85964931911902, 22.812703450520903, 22.87797919379354, 22.765217420790048, 22.72469177246101, 22.71561991373706, 22.77433234320758, 22.75698106553826, 22.71261257595491, 22.643567233615517, 22.464147610134678, 22.553005303277004, 22.37593960232213, 22.344684516059147, 22.430470445421083, 22.468814765082545, 22.319389512803884, 22.27878384060337, 22.281515163845597, 22.16343485514339, 22.26727057562948, 22.141094970703268, 22.07033114963114, 22.076499091254465, 21.977726236979283, 21.867331271701534, 21.81742655436206, 21.83764919704875, 21.737184990777035, 21.77434692382828, 21.66899210611992, 21.715677218967112, 21.656528388129402, 21.761166720920205, 21.718943277994867, 21.721643744574767, 21.660084364149345, 21.606462266710157, 21.61856757269976, 21.554912651909813, 21.679588148329135, 21.67957424587691, 21.679943847656357, 21.509995185004453, 21.57212219238291, 21.638509792751886, 21.547234429253592, 21.458749389648556, 21.4323988172744, 21.359919908311724, 21.343238321940174, 21.326360744900267, 21.31563890245233, 21.231599256727538, 21.348348999023585, 21.398786078559095, 21.30854085286465, 21.42066955566416, 21.575634087456724, 21.568966335720557, 21.76509535047751, 21.69734497070319, 21.635757107204956, 21.533961317274418, 21.524501885308286, 21.60539245605484, 21.626512315538264, 21.42990281846795, 21.40682000054265, 21.315299140082516, 21.487014092339546, 21.54961412217898, 21.46655002170151, 21.5340901692709, 21.55844794379351, 21.579871283637186, 21.56595221625446, 21.545418294270917, 21.678319973415984, 21.757601250542603, 21.723108927408912, 21.691529337565214, 21.707112630208446, 21.627709960937562, 21.60322808159729, 21.676823933919422, 21.70008816189242, 21.643018934461903, 21.61287773980045, 21.635768975152036, 21.74093967013901, 21.83059861924924, 21.732186889648556, 21.613390435112933, 21.642577785915837, 21.72125515407991, 21.71022542317712, 21.705509779188446, 21.570989312066047, 21.632063123914993]}