{"latitud": -2.0634, "longitud": -70.124, "radiacion": [28.60838487413207, 28.586924235026103, 28.629960801866464, 28.643674384223193, 28.690518866645068, 28.649830457899423, 28.712499660915892, 28.71290927463116, 28.670718044704966, 28.7815239800348, 28.78086107042107, 28.817781914605064, 28.775284830729277, 28.778813680013155, 28.817883639865574, 28.845357937283097, 28.846202256944554, 28.821115790473204, 28.811135186089505, 28.899710083007843, 28.930598958333444, 28.94553120931001, 28.91548088921449, 28.934494357638982, 29.033822631836042, 28.973281182183275, 28.967842610677184, 28.998905097113777, 29.0538726806642, 29.138430107964535, 29.162947930230228, 29.138119506836023, 29.11025797526048, 29.149624633789205, 29.257712809244804, 29.295075819227538, 29.284123399522645, 29.15787285698792, 29.192985365125935, 29.302184041341263, 29.34375610351566, 29.32311469184039, 29.336056179470614, 29.404338243272623, 29.436070081922804, 29.38269653320324, 29.349282158745762, 29.38677164713552, 29.379615275065248, 29.438501654731, 29.420524766710134, 29.393747287326487, 29.261845906575576, 29.18202412923186, 29.27096184624573, 29.25130581325965, 29.170180596245757, 29.106415812174593, 29.127741834852582, 29.159589640299615, 29.170291137695433, 29.121231079101715, 29.114870198567797, 29.124935234917587, 29.18308614095065, 29.21688334147139, 29.15952657063811, 29.099454752604306, 29.037143961588658, 29.094621785481838, 29.09493984646277, 29.16893208821627, 29.046550157335105, 29.003350151909768, 28.998028225369012, 28.960821533203234, 28.982740953233627, 28.881050618489724, 28.829271782769183, 28.887686157226653, 28.80148349338121, 28.85115729437943, 28.687414550781416, 28.678611924913337, 28.739598592122487, 28.68141852484816, 28.675273640950667, 28.623369004991464, 28.689032660590403, 28.751658799913248, 28.639232381185025, 28.562870958116395, 28.552513292100816, 28.55834554036473, 28.52606540256083, 28.547124565972315, 28.440268283420178, 28.43271653917111, 28.42121819390199, 28.416758558485373, 28.376598103841275, 28.273049587673693, 28.229554918077344, 28.22164442274315, 28.21499294704874, 28.17601386176227, 28.163665093316112, 28.111133490668465, 28.08871968587249, 28.081211344401044, 28.086448160807397, 28.052062988281325, 27.952199639214598, 27.972889879014776, 27.984026760525296, 27.961845906575622, 27.93345879448799, 27.908487277560823, 27.924272664388088, 27.90762837727874, 27.864732869466234, 27.870928955078252, 27.870341322157174, 27.85530632866759, 27.82709723578567, 27.729409111870705, 27.72445983886729, 27.693881903754384, 27.637208048502696, 27.64504258897576, 27.629684448242227, 27.63531392415369, 27.57596028645842, 27.607538519965374, 27.563864135742335, 27.632836235894235, 27.626426188151147, 27.583012220594696, 27.565525648329146, 27.57223951551657, 27.570708550347337, 27.504297214084335, 27.580886162652064, 27.4693010118274, 27.465773518880326, 27.453455946180686, 27.40920376247838, 27.429468112521818, 27.444508870442746, 27.426358710395032, 27.403273857964525, 27.385295613606843, 27.323990207248396, 27.307433742947108, 27.32559102376312, 27.365810479058286, 27.378289116753553, 27.37955864800358, 27.377757432725787, 27.339602322048695, 27.351000976562602, 27.316842312283068, 27.257696194118978, 27.302593315972256, 27.33498128255212, 27.374955240885487, 27.35337660047753, 27.359597778320467, 27.418878851996624, 27.447741360134653, 27.402951049804773, 27.39118211534293, 27.366777886284808, 27.329480658637237, 27.362248738606905, 27.36697319878478, 27.40494147406694, 27.32607116699226, 27.33840128580738, 27.308379448784837, 27.331725056966246, 27.312209065755287, 27.307369995117313, 27.192939927843003, 27.24130486382384, 27.298295762803964, 27.298041788737084, 27.33351508246538, 27.36887478298623, 27.35798882378479, 27.441689385308297, 27.402518378363766, 27.347532484266633, 27.431936984592085, 27.47325642903657, 27.46046820746534, 27.387845526801357, 27.37622036404095, 27.38335266113289, 27.457949490017427, 27.538893975152007, 27.55110337999139, 27.49779900444891, 27.584475368923677, 27.6538275824653, 27.67983500162768, 27.693247138129493, 27.68361850314678, 27.710316297743095, 27.728884548611177, 27.840128241645086, 27.84845309787337, 27.92304382324225, 27.9470598008899, 27.9769660101998, 28.096423000759653, 28.12281934950094, 28.08534240722666, 28.136525472005264, 28.233051215277882, 28.152528889974082, 28.242381795247525, 28.239060126410703, 28.259036593967135, 28.308774481879443, 28.387834676106877, 28.420051405165015, 28.398712836371658, 28.413552178277012, 28.543039618598204, 28.649072265625176, 28.614128282335212, 28.64999762641071, 28.650951809353348, 28.688746812608656, 28.718553670247463, 28.793078274197118, 28.765068901909785, 28.775421820746715, 28.88957044813378, 28.93987901475712, 28.916332668728444, 28.99141710069453, 28.92941216362861, 28.952753363715374, 29.078755018446333, 29.15005832248276, 29.155284288194537, 29.06833733452699, 29.116273668077422, 29.126083713107672, 29.153804863823876, 29.25724758572062, 29.265582614474965, 29.24709743923624, 29.292796495225844, 29.21816236707906, 29.261049736870746, 29.225759887695364, 29.275636800130275, 29.279674275716257, 29.333920966254553, 29.278186035156352, 29.166273668077377, 29.19273749457479, 29.298185899522668, 29.358832126193647, 29.426523166232812, 29.460396321614628, 29.46043938530831, 29.525634426540915, 29.500030517578296, 29.475444539388093, 29.500527615017443, 29.536820814344708, 29.599687364366446, 29.53554992675788, 29.56374613444014, 29.517927042643446, 29.46366238064246, 29.52357686360686, 29.446714274088645, 29.482858615451544, 29.487289767795232, 29.430645751953254, 29.377266777886366, 29.385729302300433, 29.32146063910602, 29.266217041015732, 29.318916490343003, 29.406193372938414, 29.275642564561636, 29.313192070855166, 29.318343438042593, 29.229969957139854, 29.232171630859472, 29.17795342339421, 29.129014078776112, 29.17758822970933, 29.15083211263025, 29.12540317111554, 29.03877529568153, 29.092046780056553, 29.02348090277788, 28.960138956705862, 29.00923428005647, 28.960737440321264, 28.93294779459647, 28.95917087131092, 28.880518934461993, 28.80099012586813, 28.679689873589496, 28.774918619791702, 28.67156473795588, 28.731324937608615, 28.680781724718, 28.6012190077041, 28.595510186089502, 28.58373209635433, 28.622104560004473, 28.674700927734463, 28.646239556206734, 28.617140706380287, 28.623211669921943, 28.587885877821236, 28.600944010416793, 28.52400614420577, 28.485097927517455, 28.520812310112927, 28.47983567979607, 28.444560411241394, 28.476086425781336, 28.506786431206706, 28.492336357964536, 28.509298027886377, 28.50537719726576, 28.479314846462785, 28.433703952365477, 28.48505961100265, 28.456573147244058, 28.459115261501836, 28.46415066189246, 28.470942857530474, 28.523790486653713, 28.500935872395985, 28.489934624566104, 28.498426649305696, 28.43173183865027, 28.436166042751854, 28.498292371961934, 28.54648980034733, 28.512213473849936, 28.5118804931642, 28.489433797200547, 28.562206692165926, 28.593183051215362, 28.547979397244003, 28.534871758355127, 28.589390394422878, 28.609620836046094]}