{"latitud": 1.6571, "longitud": -73.9942, "radiacion": [27.98840298122847, 28.1082773844402, 28.246895005968003, 28.28715922037772, 28.33846978081611, 28.229231770833433, 28.29685363769541, 28.460499742296104, 28.514430745442798, 28.54500969780827, 28.37383660210507, 28.476680162218013, 28.52061903211815, 28.63934495713985, 28.709654066297826, 28.65965949164511, 28.77732170952703, 28.85009528266073, 28.84904005262598, 28.814100816514877, 28.777038913303045, 28.881876288520044, 29.00513034396712, 29.135305107964502, 29.09819403754339, 28.941423543294395, 29.0980305989584, 29.18931545681433, 29.21504482693147, 29.281663343641622, 29.237402343750073, 29.35699869791671, 29.404286702474035, 29.498530748155435, 29.589531114366462, 29.437639363606838, 29.476303778754488, 29.574964396158936, 29.75097554524744, 29.71890631781696, 29.618276638454898, 29.698743014865574, 29.871889919704966, 29.829891967773563, 29.834732055664173, 29.697044542100816, 29.869086710612084, 30.03369208441846, 30.025325859917626, 29.922529093424583, 29.77194417317717, 29.792672390408104, 29.77498643663199, 29.803356594509676, 29.52670254177529, 29.290019056532213, 29.268676079644212, 29.405310736762278, 29.444958157009676, 29.455612182617244, 29.312787882487083, 29.34303453233522, 29.37924940321189, 29.31310797797325, 29.38587849934902, 29.322683376736222, 29.28347744411904, 29.325532362196288, 29.154413519965374, 29.162175496419405, 29.049632771810007, 29.093871392144194, 29.08612331814241, 28.987246025933246, 29.013635932074806, 28.816327921549618, 28.771432156033104, 28.69079216851141, 28.762958780924503, 28.647168307834306, 28.56099616156691, 28.494889662001015, 28.38789435492629, 28.446775987413332, 28.47601623535169, 28.346147664388127, 28.29427015516501, 28.308303833007887, 28.40610521104611, 28.385604519314427, 28.254412841797016, 28.06509636773012, 27.979761420356056, 28.005238850911514, 27.997432793511393, 27.943371921115556, 27.87193705240899, 27.877669609917614, 27.782044813368202, 27.777728610568715, 27.67278103298624, 27.65878397623709, 27.6200480143231, 27.57297736273883, 27.60177849663639, 27.48153550889765, 27.44839952256956, 27.35899726019979, 27.33540106879352, 27.315692138671977, 27.274083116319503, 27.250340101454128, 27.171263292100814, 27.133700222439284, 27.130557250976647, 27.059041680230152, 27.029280938042632, 27.002947998047034, 27.01418999565982, 26.983108859592164, 27.01602715386296, 26.993231879340346, 26.891686672634666, 26.879659695095615, 26.820874023437607, 26.774860975477527, 26.69595811631956, 26.672252739800438, 26.67847764756958, 26.620819091796914, 26.557118733724053, 26.535877143012215, 26.514360215928907, 26.524481201171984, 26.54342820909297, 26.574177381727534, 26.607049221462756, 26.549519517686715, 26.54696892632387, 26.526808675130344, 26.497195434570415, 26.417978922526135, 26.388004896376003, 26.41848178439676, 26.36916842990458, 26.239138454861216, 26.138438924153775, 26.223713514540027, 26.20059136284728, 26.21943969726571, 26.248234049479304, 26.22477213541676, 26.16764356825098, 26.14966939290368, 26.153632609049584, 26.109932793511387, 26.156411404079943, 26.12045254177527, 26.128925916883777, 26.128809271918517, 26.122259182400228, 26.031858317057353, 26.03426581488725, 26.004825507270045, 26.0446329752606, 26.078323703342125, 26.074609035915916, 26.112160576714547, 26.108445570204122, 26.035146416558234, 26.05423719618068, 25.991058010525233, 25.987190077039998, 26.0274780273439, 26.076253933376865, 26.069817437066074, 26.05311754014772, 26.017588636610395, 25.996552191840426, 25.995561048719782, 26.014525689019234, 25.94775424533429, 25.937760755750997, 25.957350667317826, 25.983693101671083, 25.924486626519258, 25.925700208876, 25.941213311089484, 25.949699571397712, 25.94631076388902, 25.961737399631172, 25.964828491211012, 25.928405083550388, 25.985932752821288, 25.9913635253907, 25.91658257378479, 25.82925448947496, 25.885059611002777, 25.90199788411466, 26.003200954861217, 26.028037177191965, 26.04782748752179, 25.99106886121973, 26.093437703450622, 26.031659952799583, 26.040815565321243, 26.011835734049637, 26.0510657416451, 26.073738606770917, 26.053385077582544, 26.07766418457038, 26.14567735460082, 26.186830308702383, 26.277678087022725, 26.281170315212837, 26.305231051974925, 26.28877597384989, 26.364505343967114, 26.43473205566416, 26.46844007703997, 26.47292378743502, 26.4825710720487, 26.426530626085196, 26.499591742621664, 26.54270256890203, 26.55142550998276, 26.579667154948044, 26.6042707655166, 26.672725084093013, 26.725591023763098, 26.738116455078153, 26.78106214735247, 26.83125576443149, 26.928309122721505, 26.93342386881517, 26.9938486735027, 27.077317301432384, 27.09361436631959, 27.112712605794382, 27.07282511393233, 27.129716322157304, 27.155620998806512, 27.2188981797961, 27.236087375217114, 27.23239407009559, 27.288508436415043, 27.413551500108625, 27.417740885416773, 27.41465115017371, 27.416388278537493, 27.46962110731344, 27.511304728190265, 27.540692816840362, 27.54202168782564, 27.549673800998374, 27.528750271267388, 27.57182142469628, 27.671752251519194, 27.70804578993068, 27.703791978624206, 27.69448106553828, 27.67668457031264, 27.688979085286576, 27.70882127549923, 27.669120958116423, 27.65589362250451, 27.763191392686736, 27.755372789171115, 27.881959703233594, 27.911160617404658, 27.90750834147144, 28.001912434895967, 28.05391303168422, 28.10319281684042, 28.097581312391583, 28.021871948242296, 28.113334486219724, 28.10282457139766, 28.12455715603312, 28.0986680772571, 28.128092108832487, 28.19133843315988, 28.21873440212683, 28.203315904405503, 28.175977579752686, 28.15196567111559, 28.087813313802275, 28.076583184136382, 28.19503445095495, 28.158264499240563, 28.19407585991763, 28.18923068576392, 28.15314568413646, 28.159300401475775, 28.207859971788235, 28.1156280517579, 28.150765313042616, 28.115619574652897, 28.098924763997488, 28.09229295518668, 27.9950232611763, 28.061059231228437, 28.05497097439246, 27.98234286838118, 28.0216135660808, 27.98756442599836, 28.000755818684997, 28.040442572699835, 27.92336663140202, 27.92535468207471, 27.824960327148574, 27.899927775065162, 27.944237942166012, 27.925399441189388, 27.885413614909037, 27.701920233832556, 27.71587558322498, 27.705648464626865, 27.77342495388469, 27.83629116482219, 27.707491387261353, 27.701507229275308, 27.72708672417542, 27.763490804036483, 27.755002848307395, 27.666188218858604, 27.657894558376785, 27.661068386501864, 27.708316040039126, 27.71213853624147, 27.608757866753574, 27.667189195421088, 27.677475992838634, 27.662975735134655, 27.65085449218763, 27.631176418728444, 27.618570285373398, 27.61055772569453, 27.640205552843025, 27.62294311523444, 27.479696994357784, 27.54146389431433, 27.624603610568695, 27.72513427734386, 27.80620795355914, 27.6427229139541, 27.693427191840385, 27.691850789388127, 27.768865288628565, 27.790669080946277, 27.74723985460078, 27.79293246799055, 27.812485419379474, 27.92270406087249, 27.843757459852593, 27.768689303928095, 27.865289984809124, 27.96354505750878, 28.036102294922046, 28.09823269314245]}