{"latitud": 4.4232, "longitud": -70.6416, "radiacion": [33.59609747992632, 33.7373738606772, 33.882197401258814, 33.97140367296017, 34.052429199218885, 33.98814731174053, 33.988656955295255, 34.060782538520094, 34.23045179579003, 34.37233852810342, 34.3296017116971, 34.3538041856555, 34.26730889214421, 34.49502054850268, 34.649196709527, 34.59895901150185, 34.63257039388026, 34.69417860243065, 34.718835449218865, 34.73867594401052, 34.74499884711378, 34.91225111219626, 34.896531168619866, 35.00684983995237, 35.03419358995234, 34.97731323242201, 35.12216322157125, 35.18047688802093, 35.201681857638995, 35.361825561523496, 35.41012505425357, 35.381703016493226, 35.46248948838985, 35.6738681369359, 35.73439873589418, 35.68948465983082, 35.652516343858586, 35.72962883843322, 35.83571946885854, 35.8491658528647, 35.901534016927144, 35.92568596733954, 36.01420321994368, 36.23181932237427, 36.301210530599064, 36.30517713758697, 36.3290008544923, 36.33785230848537, 36.302766248915056, 36.1577585856121, 36.26229994032127, 36.37702399359822, 36.23043416341151, 36.123923407660776, 35.955423651801254, 35.75658637152791, 35.6969479031034, 35.574761284722285, 35.625230577257035, 35.56607259114594, 35.5137017144099, 35.718733384874234, 35.64850090874571, 35.563785807291744, 35.61310763888897, 35.74681193033871, 35.872923448350775, 35.74398566352003, 35.67588331434471, 35.43526204427091, 35.29912753634991, 35.31918741861993, 35.1810753716364, 35.146360270182356, 35.09704589843759, 34.907064480251826, 34.85778706868501, 34.69810282389333, 34.79504733615463, 34.56028679741767, 34.24057515462247, 34.19189385308167, 33.93756781684033, 33.72298617892809, 33.57429436577704, 33.25289442274317, 33.07296244303387, 32.988249376085186, 33.22912394205739, 33.11032240125875, 32.77951558430997, 32.56177571614595, 32.31979912651921, 32.43399692111558, 32.286490885416775, 32.038173421224066, 31.76528320312508, 31.464459228515675, 31.518026394314386, 31.575534057617272, 31.266126166449737, 31.1041392008464, 30.808585951063503, 30.929934353298677, 30.955912950303894, 30.698144531250097, 30.505267333984445, 30.387563408745773, 30.37668524848097, 30.282059393988863, 30.028831312391656, 30.00733608669712, 29.898187594943693, 29.970102945963657, 29.91624145507821, 29.735868665907237, 29.660790337456774, 29.562398274739696, 29.64694993760857, 29.683686659071327, 29.588487752278734, 29.54945949978304, 29.38584459092893, 29.415714857313485, 29.382275051540926, 29.245310465494942, 29.19309353298621, 29.117141723632926, 29.18531968858512, 29.20747782389327, 29.111682467990516, 29.08395080566417, 29.00670505099841, 28.999004448784774, 29.091504584418505, 29.105163913303006, 29.0940294053821, 29.00403476291238, 29.094945271809973, 29.118215942382903, 29.00842047797323, 28.911688232421948, 28.830940755208474, 28.885696750217164, 28.777939860026112, 28.598994276258832, 28.494318983290004, 28.453292168511364, 28.508729383680684, 28.5881734212241, 28.61014336480044, 28.538146633572165, 28.447748141818693, 28.457510715060895, 28.469994099934997, 28.403103298611217, 28.40864156087245, 28.300513712565248, 28.36239624023447, 28.374822319878604, 28.27342461480049, 28.235372924804775, 28.266214667426254, 28.250734456380275, 28.291319783528746, 28.274336073133743, 28.254254828559187, 28.236240980360378, 28.221821424696277, 28.218565877278724, 28.147911919487985, 28.14541727701834, 28.01445041232652, 28.124397786458456, 28.14969007704002, 28.170564100477595, 28.14853379991335, 28.125561862521806, 28.128342352973224, 28.150872463650256, 28.084481133355155, 27.974024115668556, 27.98919982910172, 28.07401190863726, 28.05815768771718, 28.065915256076455, 27.964731852213617, 27.92659098307301, 28.019175211588635, 28.040958319770066, 27.98003099229616, 28.042128160264838, 28.001187811957607, 27.986946614583417, 28.08665839301227, 28.117065768771795, 27.984800211588663, 27.96010911729614, 27.970898776584345, 28.025749376085173, 28.132209947374292, 28.07683241102444, 28.02867668999581, 28.206400892469713, 28.18819817437075, 28.19858907063815, 28.131125895182397, 28.13670111762165, 28.23173285590292, 28.34715372721367, 28.331030273437587, 28.29800550672752, 28.319344414605098, 28.434844631619, 28.519180636935932, 28.53437601725267, 28.51812472873276, 28.58872341579875, 28.602676730685896, 28.697409057617296, 28.6961971706815, 28.67186313205305, 28.656133355034797, 28.780425008138064, 28.880449761284826, 28.92577141655831, 28.927345445421242, 28.891065131293544, 28.996922132704128, 29.009027099609494, 29.07731187608522, 29.170750257704185, 29.101471964518282, 29.29656778971368, 29.381162177191925, 29.383004421658047, 29.4140726725261, 29.433247884114717, 29.620001559787454, 29.721836344401122, 29.67753906250012, 29.765892537434997, 29.76877339681001, 29.798286946614763, 29.855856323242335, 29.86934848361555, 30.018012491862066, 29.992842271593094, 30.132911173502748, 30.293203735351653, 30.304563395182395, 30.412903510199744, 30.33923475477437, 30.536161634657294, 30.684076266818636, 30.581311035156393, 30.599194335937593, 30.71613193088122, 30.770643107096458, 30.848863050672833, 30.804613579644144, 30.795755683051272, 30.76888936360689, 30.816819932725803, 30.895074801974943, 30.907121446397678, 30.883843315972303, 30.993373955620765, 31.15497673882402, 31.38046976725269, 31.365554470486263, 31.384159342448015, 31.518998887803964, 31.66382242838552, 31.815673149956638, 31.75998569064686, 31.719678751627725, 31.584300740559982, 31.734599134657213, 31.737772962782213, 31.765627712673673, 31.836689249674595, 31.838466389974126, 31.916600545247547, 31.805091349283924, 31.638581000434083, 31.563974338107716, 31.380944824218847, 31.60516662597674, 31.651954481336833, 31.7661427815756, 31.71861775716157, 31.588980102539136, 31.573249647352537, 31.63870273166238, 31.565926106770956, 31.474586317274355, 31.456415812174537, 31.467665947808353, 31.517137654622463, 31.333248562283114, 31.340340847439354, 31.230037434895866, 31.23399115668413, 31.33019782172327, 31.437073771158925, 31.243300374349076, 31.14089592827702, 31.199604966905458, 31.133559163411558, 30.88038533528656, 30.898151991102512, 30.979610866970535, 31.12942335340722, 31.20841573079436, 30.997642347547828, 30.82370164659297, 30.785289849175438, 30.826059299045212, 30.919026353624286, 30.974543253580844, 30.96628790961383, 30.997330390082556, 31.160535685221436, 31.274678548177217, 31.196512179904573, 31.139210679796083, 31.134872097439352, 31.22884114583337, 31.254855346679715, 31.20372789171019, 31.22433539496535, 31.27658928765203, 31.496045939127686, 31.542651367187563, 31.559963650173756, 31.65438944498705, 31.571044243706694, 31.731217787000944, 31.868412611219654, 31.83477952745231, 31.927062310112944, 31.936568196614683, 32.1490722656251, 32.41554328070754, 32.36521606445325, 32.33245273166241, 32.250910101996624, 32.34003736707914, 32.60154012044279, 32.7981218126086, 32.94057888454872, 32.867405531141685, 32.94724155002177, 33.064285617404664, 33.00379435221364, 33.07411499023448, 33.095338270399395, 33.32685953776056, 33.418441433376906]}