{"latitud": 0.7003, "longitud": -76.6175, "radiacion": [27.79865146213113, 27.94660068088122, 27.970141262478347, 28.020075480143248, 28.075446234809096, 28.14351162380649, 28.300681898329078, 28.39640638563378, 28.424658881293453, 28.51290961371539, 28.52524346245669, 28.64009094238291, 28.682473415798686, 28.599612765842135, 28.641343519422872, 28.79845038519979, 28.942001003689295, 28.99971110026051, 28.98031921386733, 28.92385152180996, 28.946539306640716, 29.02347785102006, 29.08539903428827, 29.005230373806512, 29.071964179145123, 29.13198920355912, 29.254285007053056, 29.368991767035595, 29.302479383680673, 29.22084757486984, 29.370936414930686, 29.54110005696627, 29.528012763129464, 29.529864841037483, 29.55887858072928, 29.623539564344753, 29.64843173556871, 29.671665106879402, 29.680631849501008, 29.611987982856004, 29.70784776475701, 29.931137084961033, 29.955850558810823, 29.75142720540377, 29.660645887586952, 29.7698045518664, 29.895271470811753, 29.987042914496687, 29.88020189073355, 29.759210883246592, 29.653511216905486, 29.697455512152846, 29.5913489447701, 29.39766201443153, 29.000380113389838, 28.821353488498364, 28.769813028971516, 28.93388637966592, 28.781524997287438, 28.725453355577375, 28.76419304741764, 28.911036173502737, 28.85756225585946, 28.751434665256244, 28.77597351074229, 28.80536566840283, 28.773929511176316, 28.599710422092148, 28.471245998806566, 28.447018771701494, 28.357502916124247, 28.343082004123428, 28.26973707411035, 28.135142347547838, 28.06412319607216, 28.082856580946384, 28.075954861111217, 27.988745456271772, 27.944264051649366, 27.81102125379789, 27.721918741862016, 27.594973415798695, 27.543964979383816, 27.49076063368068, 27.482406616211012, 27.380498589409854, 27.40152791341156, 27.42449679904526, 27.499441528320435, 27.540042792426316, 27.344668918185903, 27.164870876736227, 27.118955824110305, 27.2180616590713, 27.09830220540374, 26.964420572916783, 26.875657823350725, 26.873547702365574, 26.826452636718802, 26.80138176812079, 26.799920993381235, 26.795758056640693, 26.76572265625009, 26.65855577256953, 26.650404866536558, 26.546872626410693, 26.492650010850753, 26.494970364040892, 26.385473632812666, 26.416890462239678, 26.33798319498709, 26.32039828830303, 26.24288397894971, 26.203556654188485, 26.309545898437566, 26.141020033094758, 26.140625339084295, 26.169311523437596, 26.140980699327297, 26.123237440321272, 26.126588609483594, 26.081305609809153, 25.994443427191925, 25.94923943413632, 25.872253417968782, 25.81854688856343, 25.755286322699735, 25.76891547309039, 25.71252034505225, 25.610192192925467, 25.627861192491462, 25.603213500976626, 25.587618679470513, 25.599509684244936, 25.691294691297855, 25.722583007812602, 25.781148952908115, 25.717737494574788, 25.686817762586923, 25.66917249891507, 25.541354031033148, 25.49675835503486, 25.457643636067775, 25.520601060655565, 25.508187188042598, 25.35939127604168, 25.337131076389046, 25.392140367296122, 25.28792182074659, 25.33158671061214, 25.329404364691925, 25.272608778211975, 25.23252054850271, 25.298752848307384, 25.19827507866764, 25.162413194444582, 25.232677544487938, 25.24447123209639, 25.268094211154636, 25.306792195638042, 25.3080159505209, 25.15799187554266, 25.187497965494913, 25.267312961154573, 25.251410590277903, 25.17007208930126, 25.189039442274368, 25.2399102105036, 25.18662177191847, 25.216807047526213, 25.165352037217946, 25.146390448676318, 25.162676662868964, 25.18051045735683, 25.249655151367318, 25.141714138454955, 25.094136555989678, 25.0672858344185, 25.09010348849834, 24.96530253092459, 24.906867133246653, 24.93717787000878, 24.97768351236998, 24.991010538737118, 24.986205376519212, 24.992301771375974, 24.97725592719191, 24.966076660156318, 24.953992716471415, 24.98500162760426, 24.97785678439679, 25.035220336914165, 25.03551567925361, 25.061603461371607, 25.089144219292717, 25.02984415690118, 25.073652479383725, 25.003224012586923, 25.017119344075656, 25.10246344672318, 25.042998250325677, 25.07921651204437, 25.031086222330845, 25.05502251519107, 25.052595011393368, 24.977358330620785, 24.989684041341246, 25.10587599012594, 25.164508056640745, 25.206116739908964, 25.188897026909824, 25.194470893012276, 25.306710476345625, 25.31563076443153, 25.319771660698887, 25.334451972113715, 25.430579630533902, 25.508182440863795, 25.565274047851688, 25.599061414930684, 25.491883002387226, 25.527221340603393, 25.45510219997838, 25.542526245117262, 25.58197801378039, 25.577462768554806, 25.612124294704945, 25.66345384385856, 25.74509277343759, 25.806796264648543, 25.795243665907247, 25.885486857096435, 25.930986870659826, 26.012168375651147, 26.03970811631952, 26.027433946397633, 26.131545003255365, 26.125500488281393, 26.177406480577343, 26.135733371310817, 26.14109429253487, 26.20545213487414, 26.26071336534301, 26.260733371310852, 26.221795993381175, 26.325380791558246, 26.445143636067808, 26.46684434678836, 26.449473402235316, 26.424450344509676, 26.53334181043842, 26.65064053005661, 26.711700100368983, 26.731915283203232, 26.72891710069454, 26.707838948567844, 26.73454657660602, 26.85043131510427, 26.973679945204065, 26.94309726291239, 26.981400553385544, 26.94591403537339, 26.928834025065253, 26.861452907986234, 26.8788292778864, 26.899088541666817, 27.055972968207566, 27.072586737738845, 27.146923489040905, 27.151501125759676, 27.25436909993495, 27.37219068739165, 27.405710856119924, 27.429123263889, 27.448361884223157, 27.432690429687568, 27.50739847819023, 27.62532992892801, 27.6534847683378, 27.638650173611186, 27.68806287977439, 27.652029079861148, 27.741462198893334, 27.760350206163366, 27.651621839735395, 27.584534708658964, 27.556302897135478, 27.562193806966224, 27.636419338650303, 27.607856580946265, 27.682202487521824, 27.655320231119845, 27.7240241156685, 27.715529378255287, 27.72604132758259, 27.603625827365533, 27.624929131402023, 27.589517211914124, 27.4958957248265, 27.428227742513076, 27.406915283203244, 27.440717909071264, 27.45608011881525, 27.455938381618978, 27.426066758897623, 27.405232747395928, 27.43088446723101, 27.46536797417544, 27.350325859917593, 27.292785305447165, 27.199563598632874, 27.28373107910166, 27.356223212348183, 27.210809665256154, 27.19343363444015, 27.10964999728738, 27.109641181098223, 27.135045369466315, 27.057004123263994, 27.103205023871606, 27.064818318685013, 27.111079237196236, 27.160862223307372, 27.117593383789167, 27.023873901367267, 27.000767347547878, 27.030486382378587, 27.037244669596475, 27.11061435275614, 27.072248331705776, 27.0374820285374, 27.066644626193693, 27.135317314995746, 27.06908026801231, 27.07163933648015, 27.169950018988818, 27.144321356879402, 27.107333374023522, 27.138896687825532, 27.061775716145934, 27.063676622178985, 27.120349460178016, 27.153205702040054, 27.15723639594192, 27.17153082953566, 27.237835693359482, 27.317172580295278, 27.307640584310054, 27.274927435980985, 27.25461120605473, 27.28361884223104, 27.453190782335202, 27.464944118923654, 27.42424180772578, 27.43533189561644, 27.483745998806555, 27.533595784505298, 27.648179456922833, 27.623605007595604, 27.636681450738006]}