{"latitud": 8.2928, "longitud": -73.4853, "radiacion": [28.25830688476579, 28.202761501736234, 28.26713935004354, 28.33139648437509, 28.2323272705079, 28.249292670356056, 28.195095486111256, 28.313037448459266, 28.261914740668526, 28.333635118272678, 28.484800550672805, 28.50606214735251, 28.51624891493064, 28.559695095486216, 28.71725836859821, 28.75758633083777, 28.54297451443146, 28.646770562066024, 28.498098754882864, 28.430585394965345, 28.53135002983949, 28.615357123480994, 28.627975463867283, 28.68617926703566, 28.61043023003485, 28.639741346571327, 28.795280626085173, 28.926135932074754, 29.0078481038412, 29.058538818359484, 29.193969048394212, 29.1725175645617, 29.15620218912767, 29.202269829644194, 29.275292629665824, 29.409378729926306, 29.405702718099064, 29.426255967882053, 29.419549560546994, 29.484540812174654, 29.594423082139826, 29.549164835612014, 29.460064697265732, 29.401568942599926, 29.407409667968846, 29.569995117187563, 29.626153903537347, 29.69705810546884, 29.78187154134116, 29.703798421224047, 29.722656928168533, 29.77211608886722, 29.8633395724828, 29.927196248372507, 29.898418511284827, 29.945974731445386, 29.974862670898556, 30.01432223849842, 29.98548753526482, 29.928580390082498, 30.06931016710077, 30.09800008138029, 30.23489278157564, 30.246309746636353, 30.23782891167546, 30.415910847981877, 30.508519490559916, 30.56191033257386, 30.516789754231866, 30.466879272461046, 30.536765204535623, 30.601888020833446, 30.667760891384678, 30.616888427734423, 30.545045640733615, 30.49295145670582, 30.518822903103455, 30.471176486545257, 30.53253818088116, 30.413843790690198, 30.590532769097326, 30.656491088867273, 30.63076171875018, 30.676461113823866, 30.593512980143277, 30.548278808593807, 30.524181111653732, 30.528195529513976, 30.500614759657235, 30.24039408365898, 30.454206678602606, 30.606911553276934, 30.695199584961035, 30.723867119683252, 30.592182413737003, 30.619146389431478, 30.796812269422883, 30.939394124349064, 30.981703355577338, 30.769548882378576, 30.71528795030387, 30.47115919325095, 30.38291490342893, 30.38852945963555, 30.353731960720552, 30.49949374728743, 30.50406460232216, 30.498507351345665, 30.46108127170152, 30.288838026258833, 30.35029568142367, 30.09795294867634, 30.135031806098215, 30.15042215983082, 30.030925835503542, 29.956419203016633, 29.954518636067842, 30.0134874131946, 30.123096381293497, 30.155308024088622, 30.167125108507094, 30.08677198621969, 30.196103244357726, 30.178330145941857, 30.04840935601131, 30.15263943142376, 30.129298570421156, 30.200592380100034, 30.190398830837847, 30.18848910861554, 30.24600931803396, 30.09573567708342, 29.97701551649321, 29.966686333550456, 29.82291395399316, 29.810445149739603, 29.89767388237855, 29.94158630371108, 29.988893296983537, 30.068230523003553, 30.20089586046011, 30.128823174370837, 30.15394660102004, 30.09252658420157, 29.794813368055696, 29.576984320746686, 29.471855333116423, 29.598091295030468, 29.5623928493924, 29.533825005425495, 29.673710801866417, 29.678334214952354, 29.639664713541833, 29.66834954155824, 29.878068033854294, 29.863214111328357, 29.932419162326443, 29.87709893120666, 29.9004319932727, 29.74112040201834, 29.680903795030492, 29.59816148546012, 29.46635233561206, 29.377678087022655, 29.508232964409842, 29.60997958713123, 29.68540106879351, 29.79794718424489, 29.7696584065756, 29.632955254448934, 29.62914089626751, 29.71177232530386, 29.639232720269206, 29.68758036295581, 29.728488837348266, 29.904797024197176, 29.917835828993116, 30.003917100694594, 30.087261284722345, 30.286146036783993, 30.217774454752714, 30.33838161892375, 30.296826171875125, 30.372668117947132, 30.296325683593864, 30.409058634440214, 30.3305813259549, 30.196557617187597, 30.23506571451831, 30.17965562608515, 30.177630276150296, 30.230080159505253, 30.285512627495734, 30.050692409939302, 30.067200046115527, 30.147977362738818, 30.124638875325616, 30.25623643663204, 30.267924669053894, 30.096637641059107, 30.024304538303017, 30.2327094184029, 30.348926120334365, 30.340572781033092, 30.21541646321623, 30.27878553602443, 30.273485310872502, 30.397301567925467, 30.50400017632391, 30.38787231445319, 30.47720438639332, 30.56765747070324, 30.466829766167603, 30.40770365397145, 30.272518920898523, 30.118287828233615, 30.202571614583444, 30.365044826931562, 30.41314561631952, 30.359492323133793, 30.28548244900183, 30.295327758789217, 30.31230367024754, 30.137186347113794, 29.985982937283136, 30.126791381836103, 30.22563917371978, 30.191894870334295, 30.018978542751785, 29.88169047037771, 29.82840915256088, 29.738102213541747, 29.7407579210071, 29.867173597547815, 29.774293687608576, 29.995056152343825, 29.99323323567715, 30.2073825412327, 30.156372409396894, 29.93483039008254, 29.985617065429796, 29.92335883246534, 29.969539388020888, 29.930827162001023, 29.756164211697183, 29.77524549696193, 29.521117824978415, 29.640754191080816, 29.667564561632144, 29.73538343641506, 29.66650288899757, 29.544322035047855, 29.44815233018672, 29.542425537109466, 29.552282714843898, 29.69603068033869, 29.54338141547318, 29.380188327365563, 29.100015936957618, 29.027225409613852, 28.982558865017477, 29.143327840169437, 29.047693888346526, 29.036649237738857, 28.795275878906427, 28.784236992730126, 29.00841064453139, 28.991297743055625, 28.841124810112962, 28.833440823025228, 28.718366834852514, 28.581422932942782, 28.534487236870746, 28.479451836480127, 28.50472920735687, 28.610251871744918, 28.46217719184038, 28.332886420356033, 28.264359537760527, 28.26305508083779, 28.220139567057384, 28.143360392252685, 28.03286132812512, 27.886302693685025, 27.83489990234388, 27.762041558159808, 27.60238104926221, 27.42305636935775, 27.41443447536896, 27.374202813042643, 27.28501078287769, 27.370599704318636, 27.382932535807395, 27.30927191840283, 27.364687432183285, 27.29560750325523, 27.219759453667677, 27.346829223632863, 27.27452019585517, 27.245432874891605, 27.202783542209335, 27.276055569119023, 27.346525743272668, 27.187950981987854, 27.19432373046889, 27.179945543077398, 27.111719089084392, 27.147119818793556, 27.03434007432738, 26.978312174479203, 26.89907531738292, 26.979563734266566, 26.975068495008827, 26.97080010308169, 26.901495700412454, 26.953071763780468, 26.985928005642467, 27.05319247775621, 27.202162339952338, 27.20366753472238, 27.335636732313485, 27.341018676757983, 27.256282212999224, 27.254385715060852, 27.189067925347292, 27.310254923502725, 27.32278238932298, 27.229930962456724, 27.32265828450532, 27.332464938693743, 27.46068522135427, 27.44800211588559, 27.426007419162413, 27.43846944173191, 27.42690124511726, 27.42282647026921, 27.363987223307372, 27.329719712999196, 27.370843166775273, 27.46126607259127, 27.52512715657565, 27.486838446723198, 27.59977315266936, 27.680939737955786, 27.72201877170147, 27.76164313422322, 27.846608479817785, 27.962097846137283, 27.933065117730127, 27.95164794921887, 28.04337395562078, 28.12515055338552, 28.12066548665382, 28.005802747938464, 27.934315999349035, 28.065719943576482, 28.088142225477554, 28.189929877387254, 28.156893920898483, 28.071844821506165]}