{"latitud": 2.6154, "longitud": -68.3241, "radiacion": [29.350158013237927, 29.360310533311747, 29.366374715169375, 29.594659084743963, 29.768869018554824, 29.627976142035703, 29.61887919108081, 29.651215955946288, 29.77399902343755, 29.957795206705896, 29.97998318142371, 29.833272298177217, 29.76613532172316, 30.086021253797824, 30.223023478190196, 30.14053514268674, 30.128195529514016, 30.159037950303873, 30.17893303765207, 30.30049336751311, 30.353979831271754, 30.267049492730127, 30.28497212727878, 30.41407809787339, 30.63445807562948, 30.574750773112083, 30.56312628852004, 30.679859076606004, 30.86473151312943, 30.964479912651978, 30.937448798285704, 30.91183437771277, 30.86929423014334, 31.157843356662436, 31.248434109158136, 31.184196641710134, 31.05787217881948, 31.073988850911515, 31.335363091362964, 31.35499708387592, 31.293122355143357, 31.340791490342966, 31.34721035427528, 31.585263400607687, 31.569712999132054, 31.521622382270113, 31.512760755750985, 31.472704739040903, 31.567535739474902, 31.6743459065756, 31.645462714301363, 31.439160156250107, 31.383149549696288, 31.37845662434906, 31.375291612413264, 31.193419731987962, 30.9802717420791, 30.798970540364753, 31.030775960286576, 31.008260430230127, 30.961221991645044, 30.761095174153713, 30.780395168728376, 30.931904093424578, 30.893434651692775, 30.958507622612974, 30.83409356011299, 30.76090799967456, 30.748656548394194, 30.80432264539938, 30.76541103786904, 30.60675794813373, 30.434938557942775, 30.417209879557348, 30.485929022895107, 30.22298583984383, 29.97862481011295, 29.91512654622403, 30.095025634765705, 30.090536159939365, 30.097584364149384, 29.903455946180696, 29.695012410481848, 29.648628065321304, 29.734903632270022, 29.65434672037776, 29.56478101942285, 29.478519694010533, 29.60530463324659, 29.646873304579085, 29.507234700520936, 29.273990207248307, 29.090650770399407, 29.12194247775616, 29.119758097330816, 28.971128336588624, 28.870528835720602, 28.74901665581598, 28.707872178819475, 28.758223470052183, 28.57693413628486, 28.436587185329945, 28.401654730902862, 28.39415384928397, 28.412682427300425, 28.31733534071192, 28.178076171875166, 28.116519165039165, 28.18600226508255, 28.183591037326476, 28.102682156033154, 28.019051445855116, 28.019278632270055, 27.999103800455867, 27.998889838324715, 28.00326029459643, 27.96653713650183, 27.975347900390698, 27.998039076063492, 27.974475436740573, 27.920453219943642, 27.916445922851725, 27.87390475802958, 27.87104390462245, 27.815015326606005, 27.80075751410601, 27.69310811360693, 27.649713473849943, 27.71591559516069, 27.68559672037772, 27.646614583333434, 27.657028876410664, 27.591576809353437, 27.584061686198027, 27.645098876953227, 27.676500786675433, 27.654859754774424, 27.580874633789183, 27.613224283854247, 27.61503567165808, 27.600734456380394, 27.56608412000882, 27.47990010579436, 27.51402214898015, 27.489389038086056, 27.428817070855132, 27.361929321289097, 27.324089558919358, 27.351058620876888, 27.368233235677167, 27.366104465060932, 27.388743082682385, 27.30069546169712, 27.25797254774316, 27.31268107096368, 27.33707546657996, 27.32564900716157, 27.34707811143676, 27.36060553656692, 27.331740654839546, 27.342599148220604, 27.307241821289193, 27.259286159939354, 27.217216322157203, 27.263188680013098, 27.26200527615032, 27.2683115641277, 27.272188652886353, 27.29330783420149, 27.29031812879784, 27.299318101671133, 27.270669555664142, 27.258317057291737, 27.2383375379776, 27.24307047526052, 27.24118008083779, 27.277885945638108, 27.23774007161478, 27.301703219943665, 27.286258612738852, 27.25204366048189, 27.185327826606024, 27.19440850151915, 27.205354139540034, 27.254751586914153, 27.243460761176266, 27.241083780924594, 27.217571682400244, 27.305290730794354, 27.314467366536608, 27.306904432508777, 27.324407280816065, 27.326463148329026, 27.32220085991766, 27.367995537651968, 27.37759874131956, 27.29874640570756, 27.291941324869867, 27.374808417426266, 27.358810424804783, 27.43517422146283, 27.439483981662494, 27.431553819444485, 27.478246392144246, 27.49274936252179, 27.530716281467107, 27.49222412109388, 27.509625922309187, 27.566485256619103, 27.61167195638033, 27.674256727430627, 27.66041666666672, 27.615545654296966, 27.73321838378915, 27.85479397243938, 27.893497382270045, 27.926476372612893, 27.887336900499196, 27.938334147135453, 27.981090291341218, 28.01843431260865, 27.94068705240892, 27.993004014757105, 28.044120619032167, 28.07481926812083, 28.110591973198837, 28.131184556749172, 28.14972737630215, 28.257671101888075, 28.283480495876862, 28.305363294813407, 28.29863213433178, 28.242134263780542, 28.357028876410634, 28.38145209418413, 28.41159193250881, 28.41586168077261, 28.481972249349084, 28.57108357747408, 28.624315388997484, 28.59187215169275, 28.610405815972342, 28.63583374023447, 28.65012207031263, 28.723015679253592, 28.679588826497422, 28.805933295356, 28.8297553168404, 28.887794325086944, 28.953547837999263, 28.87627258300792, 28.84421725802963, 28.86806369357646, 29.033133612738784, 29.08267618815114, 29.090303887261356, 29.061638047960173, 29.03170505099833, 29.125161404080057, 29.21297844780823, 29.255362616645034, 29.19516771104611, 29.129795328776122, 29.18466695149751, 29.25331861707912, 29.15473971896722, 29.198757256401944, 29.31388108995232, 29.439267306857744, 29.51716342502175, 29.554469468858624, 29.525590345594747, 29.556284586588713, 29.54381171332481, 29.589607747395874, 29.555312093099076, 29.491089884440175, 29.48943176269542, 29.56620076497404, 29.581855265299584, 29.47713182237419, 29.45852559407564, 29.540327284071225, 29.592413330078198, 29.590620252821356, 29.48838127983956, 29.333387586805657, 29.320386759440186, 29.409416707356936, 29.466530015733554, 29.37190551757819, 29.291674804687563, 29.24721204969626, 29.29923299153656, 29.338942464192808, 29.25106438530827, 29.120181952582545, 29.112219577365504, 29.165076022678022, 29.152405124240527, 28.98325297037779, 28.94882710774749, 28.941303168402865, 28.914791531033075, 28.919203355577395, 28.854388427734495, 28.85658908420146, 28.843559773763147, 28.837914699978455, 28.831059773763155, 28.659998575846473, 28.566478135850826, 28.522065226237114, 28.623403930664193, 28.544770304362014, 28.35482313368065, 28.311292182074812, 28.315929836697137, 28.38196512858086, 28.51781344943582, 28.420410156250114, 28.322210693359427, 28.34378458658864, 28.456167941623374, 28.478592936197995, 28.428364054362078, 28.345050387912394, 28.28108961317281, 28.33176269531259, 28.456165568034027, 28.315363226996606, 28.17874416775184, 28.19113532172319, 28.30399678548184, 28.389326985677204, 28.310504150390745, 28.289239501953336, 28.195668199327276, 28.38846096462684, 28.431989203559056, 28.36480102539076, 28.324273342556506, 28.367665608724053, 28.634982638888953, 28.677044338650262, 28.612369113498364, 28.44835510253917, 28.437554931640705, 28.574199083116486, 28.74269443088116, 28.706403605143368, 28.73712293836814, 28.62821282280828, 28.838980102539153, 29.02160203721803, 28.935125054253604, 28.831237792968807, 28.86117994520407, 29.052763536241457, 29.19020351833778]}