{"latitud": 7.8866, "longitud": -76.73100000000002, "radiacion": [28.562972683376845, 28.609231567382892, 28.650238376193744, 28.578445095486245, 28.62204454210079, 28.509882948133797, 28.57517259385861, 28.68006286621109, 28.664094712999184, 28.65734252929705, 28.650453016493163, 28.70175001356343, 28.75040622287338, 28.74640842013893, 28.746514214409803, 28.73773498535172, 28.727348158094685, 28.84409450954873, 28.795964898003508, 28.72701721191413, 28.66443752712678, 28.824876912434984, 28.896773613823882, 28.915182834201456, 28.904237874349082, 28.92207505967904, 29.048836263021013, 29.114707438151147, 29.144965955946287, 29.132469007704078, 29.124342854817826, 29.164969211154624, 29.26059977213555, 29.26389702690985, 29.23312513563381, 29.31091952853738, 29.379326714409824, 29.427926296658125, 29.408773464626872, 29.424086846245718, 29.419121975368984, 29.53158874511729, 29.459182400173763, 29.389876302083433, 29.356365288628542, 29.46915045844196, 29.495953369140732, 29.59476487901482, 29.64045850965719, 29.56072794596368, 29.53321567111554, 29.61021525065117, 29.715469360351676, 29.709921603732727, 29.714939371744947, 29.664755249023546, 29.848505316840413, 29.882397800021824, 29.888093397352502, 29.702716403537448, 29.74284464518244, 29.75512729220927, 29.96304796006956, 30.0014773898655, 29.99435831705743, 29.991482543945324, 30.06751776801218, 30.10688544379347, 30.078380669487956, 30.042643568251, 30.05209011501741, 30.17379591200095, 30.283212280273556, 30.26681416829439, 30.197804429796083, 30.159513007270125, 30.318014865451477, 30.385917833116405, 30.312859429253574, 30.313621690538355, 30.327243381076453, 30.38768446180569, 30.469454616970648, 30.387229749891578, 30.338087632921088, 30.24211222330744, 30.355756293402848, 30.416485256618994, 30.389537556966292, 30.25511711968329, 30.316822984483547, 30.452491251627748, 30.569236924913298, 30.594493611653743, 30.552582126193695, 30.533447265625075, 30.674004109700604, 30.702445136176284, 30.728765530056496, 30.737079874674503, 30.60604824490027, 30.601694742838674, 30.58437906901054, 30.575219387478455, 30.550973171658068, 30.52653469509558, 30.549190606011393, 30.619206068250964, 30.573847113715374, 30.643937174479316, 30.57767910427528, 30.636479695638155, 30.727051120334256, 30.757723999023597, 30.771608479817832, 30.753081936306483, 30.730898030599104, 30.77445475260426, 30.77985432942715, 30.832757568359416, 30.78420545789938, 30.855452134874266, 30.95550062391503, 30.917546929253604, 30.87710706922748, 30.845591566297816, 30.98801845974403, 30.997981092665004, 30.859739176432388, 30.686327107747445, 30.750382147895056, 30.80589701334649, 30.88802015516499, 30.73923645019541, 30.663529120551328, 30.60960049099403, 30.71779852973096, 30.714783053928084, 30.633590698242227, 30.634271240234416, 30.70018208821629, 30.67880520290811, 30.78685302734391, 30.73098788791238, 30.649600219726683, 30.56517639160167, 30.565136379665905, 30.586325073242318, 30.642186143663213, 30.496949937608615, 30.41479729546454, 30.504434882270157, 30.548745727539142, 30.440233018663246, 30.53709106445325, 30.4083353678386, 30.51388617621539, 30.59004550509987, 30.513428412543515, 30.4481031629775, 30.38011847602009, 30.494406467014034, 30.42402920193152, 30.380029635959374, 30.352928670247497, 30.270340304904607, 30.262135484483547, 30.331343926323957, 30.390621270073854, 30.269240993923727, 30.240090264214512, 30.23957655164939, 30.32011413574232, 30.305787150065328, 30.393078274197098, 30.395521036783936, 30.355072021484503, 30.412578667534813, 30.492913140191092, 30.418890380859448, 30.389659288194537, 30.491692776150312, 30.54252794053828, 30.57887946234814, 30.408468288845558, 30.376861233181558, 30.4901479085287, 30.445480685763965, 30.436397976345557, 30.39804687500009, 30.490983751085214, 30.598425292968898, 30.479366726345575, 30.46738857693153, 30.38501654730908, 30.35742662217888, 30.323756239149436, 30.349543592665004, 30.451925320095558, 30.392868720160607, 30.25972730848531, 30.33370191786039, 30.425819566514843, 30.503868272569587, 30.436391872829972, 30.408302137586873, 30.494438001844742, 30.527825588650312, 30.593405490451516, 30.557057359483547, 30.40303480360251, 30.354812282986245, 30.37360432942718, 30.39266899956605, 30.23837449815545, 30.05210673014331, 30.177244398329133, 30.24361334906691, 30.206299845377714, 30.05965949164505, 30.0130930582683, 30.146903143988823, 30.13550652398008, 30.017807345920307, 29.952270507812596, 29.970765177408964, 30.005617607964478, 30.03059217664948, 29.9779134114584, 29.89608256022147, 29.839960734049555, 29.85106065538207, 29.8333869086372, 29.918282063802184, 29.86295030381956, 29.885043334961114, 29.9204522026911, 29.970045301649368, 29.878847588433285, 29.76959465874565, 29.727490234375107, 29.62266608344201, 29.525665283203182, 29.625121392144177, 29.567800225152002, 29.440234714084283, 29.435409206814313, 29.47336188422317, 29.516353013780474, 29.448770141601642, 29.462161593967082, 29.387783474392467, 29.411197238498385, 29.508169216579955, 29.505059814453187, 29.434035237630287, 29.434211561415054, 29.380126274956734, 29.297101508246687, 29.140138414171094, 29.18857625325529, 29.175684950086804, 29.21053025987419, 29.196967909071343, 29.174804009331734, 29.14607035319017, 29.191415405273574, 29.195596313476646, 29.105297173394224, 29.149896240234455, 28.91654357910168, 28.91976216634123, 28.82490336100267, 28.83859219021277, 28.973995632595518, 28.907178412543505, 28.893395657009666, 28.940866767035725, 28.9483944363065, 28.82896830240897, 28.820543416341252, 28.75984768337679, 28.684731377495766, 28.711783175998296, 28.596791246202297, 28.54686550564249, 28.533419799804808, 28.474821641710175, 28.5126234266494, 28.371827189127714, 28.39517415364594, 28.3606102837457, 28.36204562717025, 28.41942884657125, 28.337048678928056, 28.35293884277358, 28.47033284505223, 28.442838202582607, 28.51096360948365, 28.48714735243065, 28.52976142035605, 28.47226053873709, 28.61013149685334, 28.638742404514005, 28.60577731662342, 28.583868408203255, 28.5485765245226, 28.523742336697143, 28.478270806206677, 28.49911770290811, 28.42858344184039, 28.386749945746658, 28.43028700086819, 28.50734625922318, 28.47129007975271, 28.420374213324845, 28.477616034613842, 28.540097045898545, 28.607468668619827, 28.690741305881186, 28.780504692925472, 28.781802029079966, 28.810705905490597, 28.785792711046117, 28.666652425130263, 28.674626329210145, 28.7550347222223, 28.781220499674603, 28.77634141710079, 28.716859266493202, 28.616603936089536, 28.763177151150256, 28.787774658203222, 28.813578965928855, 28.768982272678063, 28.69115058051231, 28.659533013237972, 28.65037231445321, 28.772360568576463, 28.681283569336074, 28.572464328342107, 28.63522915310345, 28.705109998915077, 28.706091986762278, 28.65583258734817, 28.562906901041725, 28.621956719292694, 28.604754299587853, 28.604587131076432, 28.58139478895404, 28.535332912869062, 28.613722737630326, 28.709005737304796, 28.590038045247525, 28.500868055555696, 28.43015306260861, 28.55869276258689, 28.562446763780503, 28.633120049370785, 28.481997341579984]}