{"latitud": 6.0688, "longitud": -68.4936, "radiacion": [35.96804504394546, 36.027163696289186, 36.117450629340375, 36.22250094943583, 36.190965779622424, 36.094529554579175, 36.05944451226134, 36.16063910590284, 36.28124050564245, 36.24419894748272, 36.29775831434474, 36.33140936957481, 36.34338141547321, 36.53611958821625, 36.63252495659742, 36.611207071940214, 36.586602444119, 36.50546603732643, 36.59489847819028, 36.50768568250876, 36.494780815972284, 36.49165513780387, 36.569868977864665, 36.710741509331704, 36.62565443250876, 36.58438144259998, 36.734368896484455, 36.83797912597665, 36.89679294162338, 36.93269449869803, 36.92384101019977, 36.966809082031354, 37.00998636881519, 37.1493374294706, 37.1763129340279, 37.21016947428391, 37.18427937825525, 37.28370802137598, 37.39010518391933, 37.39651760525184, 37.47799919976137, 37.42499966091589, 37.475477430555635, 37.67446594238288, 37.68995293511298, 37.71082255045588, 37.705209350585996, 37.76580674913208, 37.85877244737426, 37.82266642252616, 37.826922607421885, 37.89485846625439, 38.00911288791241, 38.09012349446618, 38.065885755750934, 38.00788201226146, 37.97032470703135, 37.948371717665, 37.980390760633746, 37.99598083496102, 38.04779595269107, 38.18914862738725, 38.31363288031696, 38.41361660427526, 38.355948893229254, 38.39888407389327, 38.49400702582477, 38.56360677083348, 38.64690314398879, 38.585390557183246, 38.50151672363288, 38.51938815646707, 38.4803809271919, 38.57969597710519, 38.52384202745234, 38.48997429741765, 38.497807481553934, 38.46572638617632, 38.44847039116765, 38.30234307183165, 38.32097066243498, 38.41309950086816, 38.26911146375875, 38.115930514865546, 37.91855943467883, 37.75620761447497, 37.66782633463549, 37.76633741590725, 37.73571302625879, 37.56643575032566, 37.45549994574666, 37.39679022894984, 37.31104227701828, 37.35568813747839, 37.325619845920244, 37.283947414822194, 37.33921847873279, 37.171403333875936, 36.970881483289986, 36.63083055284297, 36.40582444932735, 36.30492519802527, 36.052870347764916, 35.96963704427096, 35.89829915364586, 35.78686896430131, 35.67471788194458, 35.480008273654526, 35.351691691080816, 35.150833468967164, 34.916448296441125, 34.705596584744, 34.600219726562614, 34.522544352213664, 34.285486178928046, 34.06883070204001, 33.979025268554814, 33.83795199924053, 33.8396304660375, 33.739378187391615, 33.53461405436203, 33.55467427571623, 33.32708604600706, 33.14750230577268, 32.97757466634132, 32.71029222276483, 32.643814086914155, 32.62732543945325, 32.49650166829432, 32.18878546820756, 31.904317898220558, 31.651086086697187, 31.41882358127184, 31.524768066406335, 31.52476196289075, 31.635055881076482, 31.75828484429263, 31.859380086263098, 31.846716986762278, 31.69973314073358, 31.521896362304783, 31.392628648546083, 31.223075697157203, 31.22892388237858, 30.94388563368072, 30.620378621419437, 30.421191067165864, 30.353286064995775, 30.526260036892438, 30.66762491861988, 30.550920613606895, 30.469302029079966, 30.44117533365892, 30.495797390408068, 30.306598239474965, 30.122011311849104, 29.962570529514025, 29.895062255859425, 30.00362786187077, 29.973658243815198, 29.775056287977502, 29.71548088921446, 29.771917046441065, 29.89871419270842, 29.80544840494802, 29.78622809516069, 29.805364312066047, 29.911155192057418, 29.92190144856782, 29.79303249782991, 29.752309163411535, 29.77900967068149, 29.816617838541728, 29.93706258138036, 29.9400177001954, 29.859695773654664, 29.843607584635535, 30.00765516493065, 30.110848320855155, 29.979487101237094, 29.82650451660167, 29.707461886935807, 29.700069851345614, 29.88778483072925, 29.793018256293482, 29.706811184353416, 29.64071858723967, 29.65902133517801, 29.836778089735372, 29.81359524197063, 29.702047729492296, 29.652136230468845, 29.664691840277897, 29.748520575629414, 29.738693576389, 29.629997762044393, 29.50359361436644, 29.479182264540004, 29.522844441731877, 29.563243611653718, 29.649054633246596, 29.710931057400217, 29.756225925021777, 29.87130296495239, 29.827829318576523, 29.83679741753474, 29.903835042317723, 29.818077935112964, 29.924405246310886, 30.01481526692717, 30.077519734700672, 30.135726589626756, 30.278977796766544, 30.42577039930569, 30.53403489854613, 30.40427144368495, 30.487589179144987, 30.65156148274755, 30.776312594943665, 30.74065077039948, 30.729028998480942, 30.72293701171888, 30.774082777235265, 30.938490804036594, 31.037771945529602, 30.960127088758764, 31.052215915256166, 31.096126302083388, 31.22171190049926, 31.303240627712793, 31.280345662434986, 31.393860202365545, 31.55053439670157, 31.682793172200604, 31.828186035156346, 31.854295518663264, 31.988949245876842, 32.09340515136726, 32.35398390028225, 32.361069742838616, 32.137511528862866, 32.40061238606783, 32.545146687825614, 32.59390394422754, 32.52205166286908, 32.49112040201828, 32.654484049479244, 32.90444064670154, 33.155924140082526, 33.21391432020406, 33.175329928928114, 33.30106404622408, 33.37368943956172, 33.56874050564242, 33.56855875651049, 33.550320434570416, 33.57664150661899, 33.809145439995746, 33.87830030653223, 33.827719116211064, 33.785885959201494, 33.901232571072114, 33.88750644259992, 34.00451388888897, 33.91323818630648, 33.881809149848266, 34.10681898329, 34.41124131944457, 34.596551513671955, 34.6041473388673, 34.61754455566412, 34.791544935438445, 35.00194159613725, 35.20124850802963, 35.19552171495235, 35.04868910047755, 35.16942070855041, 35.15398423936638, 35.08337402343759, 34.92047729492193, 35.05001491970497, 35.230025227864665, 35.24135233561208, 35.45112609863287, 35.13712090386294, 34.84943779839417, 34.929238552517496, 34.763411458333486, 34.859923299153785, 34.835018581814346, 34.85326911078564, 34.936953057183246, 34.872132025824726, 34.958916219075604, 34.94418979220925, 34.934567938910675, 34.96905144585514, 34.918975151909855, 34.944358317057414, 34.78161078559034, 34.6760810004341, 34.85330980088984, 34.88978712293846, 34.77634209526919, 34.73396097819015, 34.72711961534295, 34.59443223741329, 34.619653320312615, 34.62854139539941, 34.46034037272138, 34.2694186740452, 34.26012098524312, 34.258185153537454, 34.434890407986224, 34.48623894585504, 34.29474894205737, 34.177766248915056, 34.27188076443148, 34.340433078342166, 34.307841322157174, 34.3223107231989, 34.47983059353309, 34.54667256673181, 34.62958407931868, 34.526357014973996, 34.444792344835186, 34.47043185763899, 34.53817443847663, 34.674218071831696, 34.647572835286496, 34.677446831597365, 34.80727030436204, 34.88760104709212, 35.04551323784731, 35.0268812391494, 35.08170471191414, 35.13812493218327, 35.22356703016504, 35.425861273871625, 35.332629394531295, 35.267684258355054, 35.29207153320317, 35.39729478624137, 35.45321926540803, 35.44071926540806, 35.47438863118506, 35.47852037217891, 35.53362223307298, 35.63491244845926, 35.6875271267362, 35.745064629448926, 35.80177510579441, 35.84667324490022, 35.852564154731056, 35.79261711968329, 35.74612257215724, 35.78527289496535, 35.86222262912336, 35.999045138888995, 35.91346808539504]}