{"latitud": 1.0271, "longitud": -69.262, "radiacion": [28.175732421875107, 28.202753363715356, 28.12137485080306, 28.24397345648879, 28.467443847656323, 28.38301662868929, 28.35452880859386, 28.3012854682075, 28.348980712890732, 28.566645643446293, 28.561512925889854, 28.482917277018373, 28.36607496473539, 28.49906989203572, 28.71910569932731, 28.690452745225873, 28.62908935546888, 28.551243082682408, 28.60196906195756, 28.831888834635475, 28.825755818684986, 28.734877522786558, 28.684990437825547, 28.7644175211589, 28.939435153537392, 28.862464396158902, 28.81056789822058, 28.905492824978392, 28.995454576280547, 29.172156439887278, 29.182744004991395, 29.124083116319564, 29.14415079752611, 29.28074849446629, 29.399753824869872, 29.35003899468326, 29.310496690538283, 29.18735385470929, 29.350051540798688, 29.495807902018328, 29.468626573350807, 29.408707343207595, 29.40129394531262, 29.49437323676227, 29.635191514756986, 29.603148396809996, 29.46356777615021, 29.534476725260504, 29.57464396158868, 29.681834581163287, 29.633541191948893, 29.468169487847263, 29.419362046983622, 29.474296739366384, 29.57388848198796, 29.350747341580018, 29.285528564453273, 29.11532287597663, 29.326168145073893, 29.418870035807426, 29.390969170464512, 29.238116794162448, 29.189557562934155, 29.21803894042972, 29.294156222873408, 29.321791246202356, 29.21838107638907, 29.121348741319576, 29.164010959201505, 29.30338202582476, 29.224509006076477, 29.196996731228392, 29.09195624457472, 29.085503133138122, 29.1260362413196, 29.09842461480042, 28.915515475803073, 28.819027709960988, 28.86143018934477, 28.902594672309096, 28.84130215115029, 28.81062927246101, 28.730315483941112, 28.7029201931425, 28.83485141330304, 28.74762505425362, 28.690353393554783, 28.729792277018323, 28.79580518934472, 28.79660068088117, 28.736212836371635, 28.60350341796887, 28.488066270616383, 28.52111816406254, 28.517743259006256, 28.476948716905536, 28.43054640028227, 28.350755140516526, 28.330687120225775, 28.353395589192854, 28.263847859700604, 28.189980740017422, 28.136004299587814, 28.12960374620233, 28.149720594618145, 28.08660888671885, 28.015199449327383, 27.992131551106883, 28.017024061415025, 27.991463216145934, 27.979674275716302, 27.913588121202395, 27.905888875325616, 27.906797620985362, 27.881471082899356, 27.89322035047752, 27.854631212022678, 27.82124057345938, 27.880546400282203, 27.833392673068698, 27.82486470540376, 27.81196831597225, 27.80796983506959, 27.81024271647152, 27.798887464735362, 27.746014065212744, 27.649525282118116, 27.646099514431512, 27.631567043728392, 27.653262329101647, 27.569835408528736, 27.64339023166241, 27.565466647678022, 27.601361083984518, 27.60919867621533, 27.618698120117283, 27.615427652994867, 27.575290934244947, 27.60232984754788, 27.560357666015687, 27.60297953287767, 27.588177490234482, 27.546650865343015, 27.508600192599868, 27.439712524414215, 27.401181708441907, 27.33322584364159, 27.321784125434096, 27.349198404948083, 27.348933580186763, 27.335577731662436, 27.356217787000976, 27.249655829535698, 27.276498074001875, 27.300882636176254, 27.301805284288264, 27.370594278971435, 27.31490376790377, 27.352213880750963, 27.31476881239153, 27.32919887966597, 27.356981065538246, 27.302019924587796, 27.22001376681868, 27.261897447374242, 27.26096225314681, 27.299482896593002, 27.288445705837717, 27.286451212565208, 27.310366821289147, 27.294742160373403, 27.262993367513122, 27.27403191460517, 27.20359903971367, 27.282283867730182, 27.32680731879348, 27.324481540256198, 27.289771525065177, 27.262343682183218, 27.233955552843003, 27.223399522569554, 27.226915486653752, 27.193224419487933, 27.237997775607653, 27.245619710286558, 27.301779174804796, 27.311118231879465, 27.255117458767415, 27.291571723090367, 27.304967922634585, 27.3117987738716, 27.34312065972233, 27.354823811849048, 27.33906046549483, 27.368686591254402, 27.381794908311786, 27.341242133246606, 27.31797180175795, 27.362616305881165, 27.360832044813474, 27.43863118489594, 27.454907904730987, 27.435549248589496, 27.47502983940988, 27.595217556423734, 27.555738321940186, 27.56330261230484, 27.588879055447133, 27.60172899034302, 27.65598992241765, 27.675546942816936, 27.71196390787774, 27.725264824761343, 27.834851074218836, 27.84842631022144, 27.92891337076827, 27.97073194715722, 27.95666639539934, 27.959955851237073, 28.03866136338981, 28.081223212348238, 28.0548451741537, 28.09037339952266, 28.119039916992296, 28.170133802625944, 28.189995320638104, 28.25225016276052, 28.290496148003644, 28.363766479492313, 28.369375271267433, 28.405313110351624, 28.421127997504446, 28.380460272895125, 28.471537611219734, 28.466739908854265, 28.492968410915882, 28.578768920898582, 28.600659857855987, 28.61406860351582, 28.64415317111555, 28.66692708333341, 28.710559760199754, 28.725465901692832, 28.711050754123317, 28.716606309678852, 28.733524237738816, 28.872633870442808, 28.86349080403653, 28.826421101888098, 28.8850524902345, 28.87923821343323, 28.85518358018673, 28.84373575846371, 28.93166910807302, 28.951482137044326, 28.97395426432303, 28.935496690538326, 28.93937377929704, 28.950422498914993, 29.04604763454868, 29.020187038845638, 28.998030938042593, 29.0116448296442, 28.952217949761422, 28.95848999023457, 29.031928168402846, 29.05667995876748, 29.101518758138166, 29.17789306640638, 29.222893948025256, 29.264191012912363, 29.240778266059124, 29.220320638020933, 29.223730129665892, 29.312872992621617, 29.270828586154682, 29.22709418402788, 29.14705980088981, 29.186897108290072, 29.234486558702333, 29.126753404405463, 29.171369425455907, 29.167773437500085, 29.249017673068693, 29.243222724066925, 29.086616346571265, 29.088902791341297, 29.0350073920357, 29.047283935546982, 29.093783569336022, 29.0763556586373, 29.01707390679269, 28.984502495659854, 29.01912367078997, 29.091151936849087, 29.020375569661535, 28.95238817003053, 28.889316813151158, 28.913428412543457, 28.869974772135567, 28.76205274793845, 28.801110161675467, 28.81909010145415, 28.73190544976133, 28.74712558322496, 28.7148603651259, 28.672320217556507, 28.660907321506134, 28.639051988389877, 28.67987162272152, 28.62373826768673, 28.494406467014056, 28.48227064344631, 28.47707248263896, 28.45882873535165, 28.364631144205834, 28.302609931098175, 28.304861111111197, 28.3592736138239, 28.410749647352514, 28.403878445095568, 28.391742621527857, 28.330317179362112, 28.34157036675364, 28.3384229871963, 28.317586602105127, 28.234306165907217, 28.167556084527007, 28.201112535264826, 28.2948750813803, 28.263179863823876, 28.142745632595524, 28.127104695638064, 28.130766465928918, 28.210781521267524, 28.12228630913639, 28.106266276041804, 28.02349412706178, 28.101364474826482, 28.151643202040038, 28.14129638671894, 28.063949584961012, 28.00837063259553, 28.108604261610328, 28.211135864257965, 28.168147786458423, 28.056438869900262, 27.98486667209217, 28.01634046766507, 28.168859863281398, 28.14457160102008, 28.038576592339464, 27.94599270290809, 28.067562527126807, 28.237351142035646, 28.154842122395962, 28.05831570095495, 28.064538574218847, 28.130430772569568, 28.25320265028222]}