{"latitud": 4.8713, "longitud": -68.5777, "radiacion": [34.406889173719684, 34.49836052788638, 34.58806864420575, 34.64188537597668, 34.69288669162339, 34.68819037543417, 34.696190049913334, 34.761367797851634, 34.89057413736989, 34.937784491645004, 35.04561971028659, 35.06393873426655, 35.03237711588556, 35.21805623372406, 35.291514756944515, 35.28060438368059, 35.33700120713993, 35.31109551323792, 35.373337131076504, 35.44839545355914, 35.50236646864165, 35.570126681857744, 35.57875027126742, 35.67247789171015, 35.62763434516074, 35.68623725043409, 35.797785441080805, 35.789519246419424, 35.892639499240566, 35.97418450249577, 36.06269734700529, 36.0917256673178, 36.07867465549049, 36.21878865559902, 36.38950398763031, 36.376052178276986, 36.285952758789186, 36.2826494004992, 36.474025811089554, 36.549523247612946, 36.64928385416679, 36.60941942003054, 36.73457200792109, 36.858771769205795, 36.8668063693577, 36.92259284125445, 36.93662482367631, 36.94027303059905, 36.93518066406258, 36.96844007704002, 37.03462863498277, 37.04019266764328, 36.919114854600785, 36.85139329698361, 36.80998602973102, 36.611160956488845, 36.537493557400275, 36.43753255208346, 36.50329115125876, 36.502736409505246, 36.557396443685, 36.634961954752704, 36.4929619683161, 36.55758056640633, 36.65151468912766, 36.836120605468885, 36.863858371310904, 36.56748826768679, 36.54072604709207, 36.352106730143326, 36.29713507758256, 36.32955084906687, 36.15242953830307, 36.26891072591155, 36.17406582302527, 36.0480109320747, 35.94878404405396, 35.86386956108947, 36.049120076497445, 35.68730434841589, 35.49501173231346, 35.3809841579862, 35.11059773763029, 34.845410495334285, 34.65400865342898, 34.392877197265726, 34.282644314236244, 34.405648803711074, 34.46201544867633, 34.27679748535176, 34.07551642523885, 33.87638312445756, 33.593015204535696, 33.775463189019206, 33.55834587944889, 33.290071614583454, 33.19035780164942, 32.82231479220923, 32.85362548828139, 32.764960394965364, 32.51457180447062, 32.21257968478744, 31.843195597330862, 32.04493849012599, 31.98935207790809, 31.864095730251865, 31.648655531141667, 31.547280883789217, 31.47142367892805, 31.291642591688476, 31.007071261935874, 30.78335096571188, 30.664299519856836, 30.69222140842025, 30.679781765408126, 30.573238457573893, 30.383467271592963, 30.297506035698884, 30.335607910156266, 30.310194227430674, 30.20168965657562, 30.05284695095499, 29.868004014757048, 29.92446017795146, 29.834055582682424, 29.658689371744988, 29.56398484971798, 29.496892293294348, 29.549358113606825, 29.44591200086819, 29.274659898546094, 29.132590738932397, 28.966026136610385, 29.020267401801373, 29.13486565483953, 29.2115790473091, 29.198767089843823, 29.16452636718761, 29.19703572591152, 29.18913133409302, 29.041736857096453, 28.933724975586017, 28.780240546332493, 28.81269870334209, 28.639689127604225, 28.490588039822153, 28.433028496636364, 28.40609842936207, 28.466226196289217, 28.55481669108084, 28.520246717665046, 28.43897332085521, 28.43250834147142, 28.377879163954105, 28.407487996419338, 28.28571506076395, 28.2334370930991, 28.179654608832568, 28.27537333170585, 28.234666273329083, 28.113412136501818, 28.06737569173191, 28.108953857422005, 28.151223754882945, 28.151953125000123, 28.162861124674617, 28.17734205457907, 28.20749952528223, 28.240892537435027, 28.205926852756132, 28.147404310438464, 28.088921780056523, 28.106237453884678, 28.225386216905502, 28.194646877712767, 28.141986083984477, 28.15462307400183, 28.196005588107727, 28.3063191731772, 28.210710313585235, 28.12575920952698, 28.032841322157196, 28.087786526150257, 28.18478020562075, 28.217467583550505, 28.134291246202356, 28.063126288520078, 28.05825398763024, 28.21394992404521, 28.230001152886434, 28.171878390842096, 28.119016181098157, 28.11301032172321, 28.185863579644188, 28.257858954535703, 28.170907253689336, 28.019504801432408, 28.04960394965292, 28.090422566731814, 28.108664618598144, 28.1902469211156, 28.22335340711813, 28.25882534450966, 28.35282830132392, 28.34048665364594, 28.36545511881521, 28.323191663954088, 28.315850151909874, 28.414803738064354, 28.48807474772148, 28.527889675564364, 28.51137288411466, 28.623867797851673, 28.76945156521278, 28.870695326063508, 28.812549845377685, 28.880557250976608, 29.04268561469191, 29.060087754991457, 29.1236887613933, 29.137790595160705, 29.024283175998335, 29.06514824761297, 29.300844319661582, 29.343210517035743, 29.323913574218864, 29.310668606228433, 29.289719984266622, 29.46968994140637, 29.482446628146832, 29.523205227322155, 29.610688612196288, 29.654904174804795, 29.850516425238823, 30.002229817708386, 30.0063646104601, 30.04495273166248, 30.165853881836046, 30.41753133138032, 30.36326090494801, 30.215298800998465, 30.38559909396709, 30.435188462999196, 30.530045572916794, 30.49718899197059, 30.408701578776178, 30.550918918185857, 30.74202338324659, 31.065116034613784, 31.087220255534003, 31.077951049804767, 31.081139119466304, 31.1461652967666, 31.392688666449768, 31.36031087239591, 31.306716240777025, 31.307398478190198, 31.486844550238818, 31.581543646918494, 31.56183132595496, 31.52466464572493, 31.569722154405515, 31.525583563910704, 31.620357259114712, 31.714189656575627, 31.525637478298695, 31.6135494656034, 31.704445393880196, 32.0301951090496, 32.105351426866456, 32.162836710612055, 32.23054097493499, 32.45740322536898, 32.62076110839854, 32.57571343315984, 32.42125515408001, 32.48986884223103, 32.39764607747404, 32.43598666720927, 32.4178622775608, 32.501424492730145, 32.538811916775295, 32.60880364312076, 32.821409098307335, 32.49171515570767, 32.264286634657196, 32.27400037977437, 32.081709798177165, 32.21869710286469, 32.29745449490031, 32.312317911783985, 32.33297559950089, 32.252611965603386, 32.33588799370667, 32.342850070529586, 32.32671508789078, 32.19478047688809, 32.15973341200098, 32.24664984809033, 32.22186584472664, 32.024287584092995, 32.08470492892807, 32.142386542426266, 32.1186591254341, 32.08533901638458, 31.996834648980116, 31.95766533745666, 31.988208007812602, 32.100924682617325, 31.808279079861222, 31.61841871473534, 31.64604797363292, 31.662063259548706, 31.846210734049617, 31.839002821180657, 31.64279140896279, 31.505052015516565, 31.55710822211385, 31.635668945312563, 31.71862589518243, 31.67061699761295, 31.766247897678017, 31.808468288845575, 32.00838792588985, 32.029467434353386, 31.91756625705303, 31.953461710612128, 31.95214402940553, 32.13418240017372, 32.07130635579434, 32.14078674316414, 32.23860609266499, 32.25976189507384, 32.39797973632818, 32.4109412299263, 32.51889275444885, 32.59534674750446, 32.56589219835081, 32.70557590060772, 32.71371934678829, 32.69063686794717, 32.782104831271766, 32.9366763644749, 33.02979804144974, 33.20496046278222, 33.232645670573014, 33.229699367947184, 33.207805040147605, 33.366279771592964, 33.47280714246966, 33.64194166395407, 33.75536872016071, 33.75555386013466, 33.84161919487866, 33.835860527886325, 33.87882520887598, 33.86879136827266, 33.945974053277006, 34.06589423285599, 34.19374050564244]}