{"latitud": 2.8417, "longitud": -75.3173, "radiacion": [21.377491251627703, 21.35447150336381, 21.404799058702377, 21.458615112304773, 21.45445929633263, 21.58178236219631, 21.52773810492634, 21.583252970377714, 21.687724812825635, 21.668846638997522, 21.689747111002664, 21.70183376736126, 21.831735568576487, 21.905295477973215, 21.928609890408058, 21.961784193250917, 22.00017564561644, 22.077428860134585, 22.0326178656685, 22.05915968153217, 22.22856072319894, 22.19636603461379, 22.243477037217968, 22.318896145290864, 22.426647949218857, 22.322906833224938, 22.341671074761393, 22.398762681749172, 22.415415106879436, 22.47652689615897, 22.452696397569508, 22.448310343424527, 22.493026394314274, 22.66640150282124, 22.704369778103302, 22.73828158908439, 22.868509250217148, 22.901844957139872, 22.986433580186713, 22.946243286132926, 22.860960896809974, 22.975948757595535, 22.979690551757965, 22.954724121093836, 22.98173217773446, 23.05525987413203, 23.10381130642374, 23.015249294704972, 23.05069478352876, 23.027120971679853, 22.93771192762593, 22.94949306911902, 22.897610134548643, 22.889340209961006, 22.924142795139023, 22.956529744466234, 23.000505235460157, 23.063785129123403, 23.140803697374263, 23.16372172037768, 23.088684082031307, 23.123188951280536, 23.07291463216156, 23.00194905598973, 22.963505723741395, 22.997044881185047, 23.07970818413642, 23.118051486545294, 22.979653930664174, 22.812223646375987, 22.8621802435981, 22.782854207356877, 22.674485270182426, 22.584865315755412, 22.497398885091247, 22.51681688096799, 22.396778021918482, 22.340220133463635, 22.349634806315198, 22.422794257270027, 22.480536566840346, 22.48160027398014, 22.44057549370666, 22.359436035156307, 22.40358479817714, 22.337702094184106, 22.239469740126026, 22.18782552083341, 22.069462415907235, 21.9885816786025, 21.935477023654567, 21.845139567057362, 21.771604749891598, 21.717122734917684, 21.6816840277779, 21.63268771701405, 21.61379733615462, 21.613714599609427, 21.603938802083405, 21.55069681803396, 21.496793619791756, 21.458132595486216, 21.447987196180634, 21.419432237413314, 21.454850260416816, 21.50277879503045, 21.348149617513133, 21.34835984971795, 21.33601311577695, 21.332740275065174, 21.279292805989655, 21.22476230197492, 21.18893907335085, 21.121787855360328, 21.145476277669328, 21.085308159722295, 20.99379170735686, 20.990209621853335, 20.970120239257955, 21.0256513807509, 20.99013129340288, 20.96268446180564, 20.906241522894984, 20.861632961697183, 20.875118679470592, 20.822894626193698, 20.793526882595643, 20.773053995768333, 20.720473225911594, 20.71255120171452, 20.712475585937568, 20.661251831054773, 20.680248345269188, 20.57138841417107, 20.609433322482726, 20.668462117513155, 20.644656372070415, 20.588226657443652, 20.50628153483088, 20.511417643229265, 20.476932779948033, 20.448243204752732, 20.443118625217096, 20.424657524956746, 20.403878784179806, 20.368049452040054, 20.36447584364161, 20.37922261555995, 20.351541815863833, 20.3336493598091, 20.260482449001756, 20.251706271701494, 20.14804043240029, 20.141845703125096, 20.179780069987032, 20.149330308702417, 20.085625542534785, 20.064413452148546, 20.087750922309112, 20.068316989474926, 20.057134331597354, 20.059452989366417, 20.011800130208467, 20.015450371636405, 20.005076429579105, 19.990004475911576, 19.99650336371538, 20.032788425021806, 20.078638712565198, 20.03897298177092, 19.97355109320756, 19.966381835937682, 19.938122897678074, 19.95254007975272, 19.93588935004351, 19.898237779405463, 19.88625962999144, 19.868611653645985, 19.947197808159785, 19.90242580837683, 19.917036268446264, 19.857180447048773, 19.90600619845935, 19.935333930121583, 19.879886542426274, 19.864745076497474, 19.917442491319566, 19.87947319878479, 19.90324673122844, 19.907339477539097, 19.86385871039505, 19.860729302300417, 19.88836432562948, 19.84463941786032, 19.893146091037426, 19.895919799804762, 19.899759250217187, 19.919344414605195, 19.88223605685776, 19.885230509440152, 19.926701185438464, 19.913571166992295, 19.852763875325653, 19.937451510959285, 20.005730523003574, 19.973007202148533, 19.961912367079133, 20.00388590494805, 20.034640163845626, 19.9595798068577, 20.043881225586023, 20.021190049913248, 20.052453613281386, 20.009268866645016, 20.0735100640192, 20.165785386827377, 20.195849270290864, 20.24997728135865, 20.175149875217112, 20.249661254882955, 20.35887349446629, 20.41889953613291, 20.40267910427525, 20.38610093858517, 20.35628221299923, 20.39012010362423, 20.465337117513172, 20.573765394422896, 20.55376112196194, 20.557624647352593, 20.50600857204866, 20.554251776801284, 20.621929931640732, 20.569053819444566, 20.550001017252743, 20.571474541558267, 20.61592576768675, 20.721852281358604, 20.764014350043492, 20.818772718641526, 20.838649156358617, 20.82813585069459, 20.91812099880652, 20.970597330729294, 21.006410047743163, 21.042488945855137, 21.085700819227515, 21.06529269748275, 21.16615905761726, 21.17408752441416, 21.238149007161535, 21.282823689778734, 21.19688042534733, 21.172353447808216, 21.190675523546133, 21.233958943684986, 21.286060926649423, 21.40722283257395, 21.435420057508793, 21.470031060112962, 21.43678961859816, 21.408415391710168, 21.459494357639, 21.487227037218002, 21.564839002821298, 21.601028781467125, 21.664439561632076, 21.66454332139767, 21.642531670464525, 21.67545098198796, 21.603279961480116, 21.618512641059112, 21.682798597547844, 21.705027940538248, 21.687035793728437, 21.660168457031318, 21.715732489691884, 21.690826416015778, 21.723899671766635, 21.646029663086097, 21.64724968804264, 21.697440931532185, 21.72670321994364, 21.68109537760425, 21.716493733724064, 21.653429497612972, 21.67093404134126, 21.5987972683378, 21.61661580403658, 21.68092481825092, 21.63711208767368, 21.64409756130658, 21.671922471788303, 21.697181532118197, 21.605287679036582, 21.64679260253917, 21.60263400607649, 21.58702256944459, 21.556001790364675, 21.566960991753565, 21.568552992079102, 21.54312133789072, 21.493276638454933, 21.46878221299926, 21.506536526150267, 21.50173272026916, 21.518998887803907, 21.541271294487938, 21.47599283854176, 21.473948160807367, 21.415259128146847, 21.398625691731866, 21.3702643500435, 21.389568074544382, 21.351875135633787, 21.281926133897702, 21.308709716796972, 21.27518717447928, 21.285573323567842, 21.318899197048683, 21.260084025065208, 21.19641621907556, 21.16405164930565, 21.15645412868937, 21.165909830729237, 21.089413113064325, 21.08977457682302, 21.095689561632053, 21.054148017035704, 21.066636149088627, 21.102342393663225, 21.048505316840362, 21.007981024848146, 20.965514119466246, 20.952400377061736, 21.002686225043476, 21.02226799858954, 21.054832288954117, 20.959215630425472, 20.942924669053923, 21.074003092448038, 20.993798149956678, 21.04889017740889, 20.9744842529297, 20.99183756510422, 20.979764472113857, 20.910346137152846, 20.867930433485355, 20.860621134440237, 20.900094604492285, 21.003115166558285, 21.03452758789075, 21.032083468967148, 21.0702406141494, 21.099171278211923, 21.1140547010635, 21.156828477647668, 21.21867133246542, 21.218327162000907, 21.177281019422804]}