{"latitud": 10.0121, "longitud": -74.8694, "radiacion": [30.767021348741483, 30.833298068576497, 30.838858032226653, 30.791736178928108, 30.597176106770934, 30.77542995876746, 30.68530341254355, 30.647476874457613, 30.687192450629443, 30.58930969238291, 30.896419270833405, 30.924302503797872, 30.90281507704005, 30.88210177951396, 30.621530490451487, 30.896915351020066, 30.916544257270022, 30.86601596408434, 30.868362426757926, 30.61655036078571, 30.861737060546986, 30.893434990776957, 30.95199144151481, 31.101331583658993, 30.99738532172317, 31.162665134006165, 31.294942220052274, 31.261926269531347, 31.309744262695386, 31.17537943522147, 31.519436984592062, 31.56582539876314, 31.45980902777785, 31.404509480794427, 31.336920166015773, 31.82860412597667, 31.873657904731033, 31.83664042154955, 31.906307983398488, 31.786384412977515, 32.04578857421884, 32.07747497558603, 32.06352844238285, 32.056933593750124, 32.01582573784733, 32.1694881863065, 32.21225450303825, 32.31893174913207, 32.29057074652786, 32.09409518771713, 32.43352491590724, 32.55909661187079, 32.569396972656364, 32.63394809299054, 32.513600328233586, 32.770819769965385, 32.72759331597234, 32.743138970269136, 32.72116665310339, 32.71016811794713, 32.860904269748346, 32.84567396375879, 32.77959832085511, 32.78597106933605, 32.74100816514768, 32.9810787624784, 33.0310055202909, 32.96293233235682, 32.911234537760514, 32.872587415907184, 33.047130669487935, 33.08700934516063, 33.14082709418409, 33.06020507812516, 32.942787000868144, 33.199385579427165, 33.28000623914941, 33.33998989529084, 33.36619228786899, 33.205444675021795, 33.31590542263464, 33.32765197753921, 33.339300198025285, 33.37414008246535, 33.21722479926226, 33.36049838595932, 33.31837192111558, 33.307974921332594, 33.21625366210949, 33.04689839680996, 33.15309244791683, 33.15546908908434, 33.236210462782196, 33.22578531901053, 33.11921386718757, 33.38917609320756, 33.41336737738726, 33.43290778266072, 33.28199869791678, 33.085789320204036, 33.157896931966185, 33.17480875651048, 33.1551937527128, 33.006474473741434, 32.81759236653661, 33.02984822591154, 32.90827874077703, 32.93745320638035, 32.81186252170147, 32.66954650878913, 32.88950432671447, 32.79097256130649, 32.82817891438814, 32.89237670898448, 32.86315104166679, 32.88999633789075, 32.9614315456815, 32.949826049804756, 32.8453681098091, 32.610970391167655, 32.846472846137225, 32.771978759765716, 32.571122233073005, 32.57879231770846, 32.54432271321625, 32.58943006727446, 32.58634202745238, 32.3853990342883, 32.32264336480048, 32.292844645182356, 32.37843933105478, 32.438124593099, 32.29554341634124, 32.16507229275182, 31.937744479709334, 32.067562188042665, 32.0829518636069, 32.17678392198362, 32.167219712999234, 32.000323825412444, 32.12300754123273, 32.045135837131205, 31.886055840386444, 31.73595648871539, 31.76707560221365, 32.02863023546022, 32.129093763563425, 31.884753417968852, 31.859390258789176, 31.732854885525246, 31.945611572265744, 32.22842949761292, 32.25892367892808, 32.103145005967995, 31.94225124783001, 31.978562418619884, 31.982362874349025, 31.91617363823792, 31.98589307996974, 31.83474188910598, 31.996829562717057, 31.917539469401106, 31.908638848198944, 31.71531168619803, 31.48269348144542, 31.857472398546104, 31.824949476454076, 31.8506466335722, 32.02633599175355, 32.145809936523506, 32.358115641276164, 32.35732998318152, 32.19431254069021, 32.35262078179255, 32.40266689724405, 32.52892761230481, 32.513663058810835, 32.645494588216216, 32.7717542860244, 32.71999579535598, 32.84682617187508, 32.926712375217086, 32.98118455674929, 32.82579515245237, 32.65180697970934, 32.83454759385862, 32.79025709364157, 32.90545586480052, 32.851814439561785, 32.77523091634125, 32.94269917805999, 32.986082288954115, 32.98481445312503, 32.99204305013021, 32.95999755859388, 33.15023871527785, 33.06833902994807, 33.03439839681007, 32.99182535807307, 32.909769694010514, 33.212447441948974, 33.287889268663356, 33.26436937120243, 33.16571350097659, 32.96442735460073, 33.15512322319889, 33.099734157986255, 32.993827989366444, 33.11822611490891, 32.86509026421455, 32.68573404947929, 32.527399698893305, 32.51566128200968, 32.54053751627612, 32.67947658962678, 32.77485588921443, 32.896406046549544, 32.87883707682297, 32.81739366319456, 32.60004747178831, 32.777148776584305, 32.86337280273449, 33.05884331597232, 32.96308288574229, 32.74472486707909, 32.81896497938383, 32.69931945800786, 32.62829725477441, 32.686400689019194, 32.573622639974, 32.60383266872839, 32.58834330240899, 32.56227247450092, 32.53134087456609, 32.23363817003042, 32.44521518283435, 32.40165201822932, 32.45491468641509, 32.438039822048665, 32.24259067111556, 32.40765923394107, 32.13164469401056, 32.007338799370835, 31.92534790039076, 31.79781731499573, 31.775407240125976, 31.69063178168405, 31.673537529839525, 31.678176540798706, 31.605822075737972, 31.714234415690214, 31.82047492133258, 31.776728651258832, 31.668579101562614, 31.407087198893407, 31.534184773763098, 31.383802286783936, 31.22039489746095, 31.05402560763895, 30.876967366536576, 30.808803643120807, 30.759998914930634, 30.581677585178017, 30.461204698350837, 30.33946295844193, 30.57749192979613, 30.736391872829984, 30.671807861328205, 30.506331380208433, 30.38597276475711, 30.539886813693727, 30.28754950629345, 30.185007731119867, 30.11696200900614, 30.06046176486556, 30.156307644314364, 30.13371988932302, 30.050664265950598, 30.015725029839473, 29.96465318467894, 30.051089138454984, 29.98256462944882, 29.875415378146744, 29.765608045789993, 29.57746480305995, 29.715529717339546, 29.77483147515204, 29.741815185546972, 29.58954603407132, 29.434207153320376, 29.46444837782131, 29.57100423177091, 29.50031772189679, 29.518524509006113, 29.40695359971797, 29.41500651041677, 29.450679863823876, 29.3353644476998, 29.25598042805994, 29.06366238064247, 29.26357625325532, 29.217357042100787, 29.045813666449778, 29.01538153754355, 28.977411905924598, 29.10459628634997, 29.24647725423186, 29.18233439127611, 29.070924546983576, 29.06949564615896, 29.161612616645016, 29.179852634006163, 29.14359537760426, 29.085224066840354, 28.88273993598104, 29.078916083441943, 29.07250230577269, 29.05155877007394, 29.15529920789938, 29.108232625325645, 29.275602213541806, 29.26198594835074, 29.265258110894177, 29.342168511284836, 29.382066175672815, 29.60092841254361, 29.67347039116758, 29.571699693467924, 29.44480319552963, 29.467788357204995, 29.82351481119798, 29.785532972547855, 29.71085510253918, 29.79411722819024, 29.749562242296065, 30.111096530490517, 30.06206224229616, 29.96359625922319, 29.951641167534813, 29.86620449490029, 30.049473063151158, 30.143052842882113, 30.056102159288304, 30.044422743055673, 29.99074469672316, 30.250414360894258, 30.267546929253587, 30.291566636827365, 30.310365804036525, 30.20497266981344, 30.483993530273608, 30.533644273546106, 30.548109944661558, 30.74644504123275, 30.72359246148015, 30.741680908203154, 30.699286905924584, 30.796240573459368, 30.77659403483081, 30.61814168294283]}