{"latitud": 9.2193, "longitud": -72.9888, "radiacion": [25.95530225965727, 26.160818481445347, 26.378838433159768, 26.305801052517456, 26.151195949978444, 26.006157430013122, 26.124939303928027, 26.158449639214513, 26.22502204047322, 26.042463853624213, 26.088028293185857, 26.29410061306436, 26.427920193142484, 26.357529364691988, 26.188590833875992, 26.16088901095922, 26.33308614095057, 26.354978434244856, 26.29014146592895, 26.182134331597297, 26.0231004503039, 26.181094021267484, 26.296443006727504, 26.40485297309038, 26.292863294813458, 26.202995130750974, 26.291614786783935, 26.405813598633, 26.5748558892145, 26.496831597222293, 26.49756028917115, 26.735051812066164, 26.75943162706174, 26.824818589952297, 26.776552666558207, 26.675723605685864, 26.923283555772645, 26.878471883138143, 26.90119594997847, 26.917465549045215, 26.86654425727005, 27.111046006944495, 27.188049994574687, 27.155771891276117, 27.08016933865029, 27.11752997504345, 27.19331325954875, 27.298234049479316, 27.379907565646857, 27.250189548068608, 27.192123413086012, 27.51358846028656, 27.718304443359482, 27.685290866427994, 27.662719726562614, 27.610603841145956, 27.706794569227537, 27.789338853624276, 27.685566541883798, 27.674348619249184, 27.54650166829441, 27.529230075412404, 27.635446166992267, 27.76994967990464, 27.67673678927959, 27.624459499783104, 27.801628960503518, 27.8414913601347, 28.05127665201826, 27.863417561849037, 27.74582553439681, 27.89133232964423, 28.023433430989673, 28.027479044596515, 27.956158447265725, 27.91586812337251, 28.051079305013122, 28.170359632704145, 28.247489759657203, 28.13922492133253, 28.074557495117194, 28.185818142361256, 28.177362399631253, 28.207759602864694, 28.29654269748274, 28.17216186523446, 28.272520955403802, 28.262403021918505, 28.2898186577692, 28.372468397352538, 28.22941182454436, 28.26094360351569, 28.316023084852514, 28.359535725911524, 28.356107245551318, 28.39193352593325, 28.665261162651973, 28.788183932834272, 28.678256903754427, 28.491942681206655, 28.49169854058175, 28.482193671332556, 28.55073242187505, 28.561782497829956, 28.413594224717958, 28.444933064778734, 28.461112806532203, 28.53784857855915, 28.493168131510497, 28.497545708550472, 28.498230997721446, 28.40806443956177, 28.525674099392493, 28.538046264648546, 28.434751044379386, 28.40194668240029, 28.523007202148523, 28.62831488715288, 28.642016601562602, 28.423852199978416, 28.435674370659836, 28.479868570963635, 28.52800903320326, 28.546231418185886, 28.42111138237857, 28.31626112196189, 28.314243910047878, 28.44355027940549, 28.464847140842096, 28.307141452365556, 28.206850179036564, 28.24903700086814, 28.370004272461017, 28.391005452474058, 28.22012261284732, 28.02852308485249, 28.157026841905502, 28.357529364691914, 28.30352545844191, 28.302283393012242, 28.296883138020934, 28.29092237684468, 28.18233133951831, 28.105753919813463, 28.119498358832534, 28.168892415364684, 28.306046210395113, 28.334609985351676, 28.232427639431517, 28.038376193576408, 28.147909206814347, 28.40977138943153, 28.55074903700096, 28.46384819878485, 28.330769178602548, 28.166018337673695, 28.298153686523545, 28.350355360243157, 28.342793443467922, 28.157744004991425, 28.100911797417627, 28.166492716471414, 28.34059143066412, 28.197385321723214, 28.059089152018373, 28.12243414984818, 28.135579087999208, 28.122163221571288, 28.20857238769541, 28.104790242513122, 27.96591288248707, 28.129715304904625, 28.054527452257087, 28.168943277994895, 28.2444085015192, 28.26578470865898, 28.244854397244012, 28.30086703830307, 28.37442525227874, 28.353583441840424, 28.171331108941086, 28.378092108832618, 28.362333848741418, 28.403398980034904, 28.29379814995669, 28.064368353949703, 28.25662672254782, 28.400816853841206, 28.556818305121624, 28.31449788411466, 28.266500176323916, 28.43747660319021, 28.448685370551306, 28.47477586534298, 28.37753160264769, 28.44832695855041, 28.543409220377708, 28.539114379882903, 28.60341322157124, 28.51866624620239, 28.500591023763075, 28.699741278754427, 28.848666381836097, 28.736004299587762, 28.61977403428826, 28.74026862250444, 28.674977620442807, 28.622748480902903, 28.669613308376785, 28.579674953884666, 28.39364963107651, 28.27928907606351, 28.38638271755652, 28.51863505045581, 28.40769246419279, 28.55043402777792, 28.659608289930684, 28.67837015787772, 28.736630927191907, 28.497093370225798, 28.527265421549505, 28.73110215928826, 28.80384996202264, 28.832078043619884, 28.69781765408, 28.597906155056535, 28.61475185818146, 28.828134155273574, 28.844010416666777, 28.570261976454162, 28.54904310438381, 28.616026814778706, 28.798626030816024, 28.826347859700565, 28.434837510850766, 28.502041625976705, 28.59731547037772, 28.74094441731783, 28.820975070529567, 28.683646647135543, 28.66927659776483, 28.681841362847308, 28.57426452636732, 28.612354193793507, 28.41464470757383, 28.48195800781254, 28.499160427517513, 28.547450425889906, 28.640650092231038, 28.590645005967946, 28.527785915798727, 28.565254041883765, 28.623929850260442, 28.646502685546977, 28.446186319987135, 28.373226250542643, 28.28349711100272, 28.28207295735687, 28.205369398329065, 28.05306498209643, 28.049754503038304, 28.089049953884643, 28.05293341742629, 28.041934882270027, 27.870229424370805, 27.968136257595592, 28.02928941514769, 28.087166341145917, 28.10957607693153, 27.98642272949233, 27.99697672526052, 27.818905978732705, 27.813874986436684, 27.62838982476139, 27.425324164496676, 27.382329644097297, 27.37680799696191, 27.52413499620231, 27.463923814561763, 27.38762105306004, 27.430297173394194, 27.471051025390732, 27.42480468750013, 27.254947916666765, 27.115417480468903, 27.061550564236214, 27.27896660698796, 27.259295654296995, 27.214065890842164, 27.015451049804767, 26.930052354600793, 27.019682820638177, 27.034863281250068, 27.021251085069483, 26.79137132432739, 26.73884311252173, 26.73419731987853, 26.721113416883743, 26.672492472330834, 26.515395779079977, 26.407460869683216, 26.576360066731883, 26.542772759331722, 26.419646538628626, 26.24129333496103, 26.220648193359448, 26.45026923285597, 26.46946377224403, 26.414652506510475, 26.258234659830844, 26.144482082790926, 26.202717081705845, 26.197882419162436, 26.197306654188463, 26.175998602973152, 26.07423197428392, 25.993020968967112, 26.084837849934974, 26.143296983506996, 25.98452114529088, 25.79234890407999, 25.960021294487962, 26.176041327582613, 26.29299858940986, 26.12762993706612, 26.0029466417101, 26.23435295952699, 26.29286465115028, 26.23080952962249, 26.23489685058608, 26.163785129123386, 26.384029812283075, 26.334469943576433, 26.313335842556473, 26.304058159722292, 26.20411309136288, 26.3276574028864, 26.355675930447187, 26.355651177300444, 26.225103420681517, 26.08762546115463, 26.28640882704002, 26.307439168294422, 26.194363064236217, 26.1316365559897, 26.056009250217148, 26.175565931532162, 26.43334859212253, 26.368449232313406, 26.07278611924922, 25.9971113416885, 26.21390686035166, 26.360410224066925, 26.415609063042666, 26.38089870876746, 26.250644259982778, 26.339874945746697, 26.514941406250134, 26.41930440266941, 26.246393839518362]}