{"latitud": 1.4866, "longitud": -69.8511, "radiacion": [24.800054253472315, 24.722532484266633, 24.63193257649749, 24.732995944553068, 24.866529337565186, 24.906515842014056, 24.885736083984437, 24.83377821180566, 24.888403998481028, 24.952689276801323, 24.943792724609427, 24.850657823350748, 24.82028605143235, 24.952758110894177, 25.067692396376003, 25.029214477539238, 24.97040947808165, 24.93776380750874, 25.02547234429265, 25.23497789171016, 25.202602810329967, 25.120453219943688, 25.061904229058218, 25.145800781250102, 25.345106336805642, 25.264458550347303, 25.161547851562563, 25.084189181857692, 25.183169216579984, 25.3414605034723, 25.33790724012593, 25.254696655273545, 25.192505560981015, 25.33360358344197, 25.451608276367324, 25.424927435981033, 25.343149481879454, 25.337081909179727, 25.438631863064376, 25.592632717556494, 25.532065158420135, 25.465782674153804, 25.494718763563508, 25.56248033311645, 25.752578057183218, 25.650942654079945, 25.583194308810846, 25.487451850043524, 25.560081312391578, 25.65298936631956, 25.685814412434997, 25.606382581922862, 25.59457194010423, 25.646002536349915, 25.762169392903747, 25.677978176540915, 25.678359307183218, 25.660075887044343, 25.824117702908058, 25.94871554904525, 25.857517496744872, 25.705934312608633, 25.676261732313492, 25.68871086968333, 25.813086954752674, 25.752034166124247, 25.681300523546156, 25.613843112521824, 25.625706990559973, 25.723147243923734, 25.709795125325645, 25.6877899169923, 25.578930324978387, 25.59182942708342, 25.684291924370694, 25.698163180881124, 25.604664103190203, 25.523493787977504, 25.52927958170585, 25.593771701388956, 25.563673570421127, 25.549782986111193, 25.488273790147748, 25.53202989366336, 25.598893229166794, 25.562240261501927, 25.507131279839523, 25.497996012369907, 25.46840684678828, 25.513103230794382, 25.445433892144194, 25.414645385742308, 25.350291951497525, 25.386034478081722, 25.454740058051325, 25.441098022461045, 25.44576924641939, 25.369149102105116, 25.379831949869885, 25.41030069986988, 25.397919718424628, 25.367296685113008, 25.324600558810896, 25.307438829210128, 25.398381212022727, 25.343445841471464, 25.269774034288314, 25.259720865885527, 25.283168538411605, 25.284504530165048, 25.25637274848098, 25.233950127495763, 25.17960679796018, 25.192381117079112, 25.166289944119132, 25.138706461588665, 25.07291429307733, 25.029882812500148, 25.03398844401052, 25.031761678059997, 25.013016764323044, 25.012198893229254, 24.916052246093784, 24.949990166558223, 24.9338694254558, 24.94644809299054, 24.870664808485383, 24.887685818142433, 24.829987589518396, 24.88558654785165, 24.845434909396804, 24.816545613606838, 24.770121595594656, 24.809419420030547, 24.824993218316095, 24.809639485677167, 24.79147677951397, 24.755020480685932, 24.763196818033958, 24.743559434678996, 24.709856160481895, 24.73367818196628, 24.67062377929697, 24.652987331814284, 24.63046027289505, 24.641789076063464, 24.614682685004443, 24.55454406738293, 24.56234164767797, 24.621144951714502, 24.58115200466587, 24.60496724446631, 24.520835706922767, 24.484858194987073, 24.466565958658993, 24.40525614420585, 24.47677510579437, 24.435510253906315, 24.38476528591597, 24.381178792317844, 24.37432590060777, 24.32023179796018, 24.31882459852439, 24.292056274414183, 24.313407389323004, 24.365834214952372, 24.37284918891068, 24.36608886718763, 24.376617092556597, 24.3745832655167, 24.366788397895032, 24.353560045030502, 24.395461357964525, 24.356699625651117, 24.352217271593002, 24.28184238009995, 24.295290120442814, 24.258589002821264, 24.224475436740533, 24.27610744900183, 24.283495415581626, 24.290642293294372, 24.297276814778723, 24.315576171875097, 24.348853556315174, 24.255681355794405, 24.231618584527027, 24.258901638454972, 24.28330213758693, 24.30179612901488, 24.288334825303973, 24.28525865342891, 24.33058437771274, 24.33223266601577, 24.30197279188377, 24.284414333767472, 24.30892198350701, 24.306168619791777, 24.365247260199723, 24.38197089301227, 24.392257690429783, 24.424090915256176, 24.407755533854186, 24.44186028374575, 24.480981106228413, 24.520522393120718, 24.486287434895946, 24.489878675672838, 24.52023281521279, 24.496706475151996, 24.596376546224047, 24.55099012586813, 24.528395589192844, 24.57945251464855, 24.63772888183604, 24.667322116428092, 24.710166761610328, 24.666064453125063, 24.721124267578205, 24.811935424804705, 24.852580769856882, 24.8971262613933, 24.88499450683605, 24.899411010742295, 24.9481506347657, 25.01431918674056, 25.034130181206667, 25.065249633789108, 25.053909979926306, 25.090170288086068, 25.135676066080823, 25.143579779731095, 25.15981987847236, 25.13730604383689, 25.18265211317282, 25.230966186523535, 25.28937988281257, 25.37822028266068, 25.40266723632821, 25.4209214952258, 25.43161519368501, 25.452150132921094, 25.448598564995752, 25.532465955946197, 25.550030517578268, 25.59614020453571, 25.60458204481343, 25.61522318522149, 25.64256727430569, 25.690690443250958, 25.679922485351653, 25.69069790310336, 25.658218044704995, 25.696995035807408, 25.726506212022723, 25.727427503797824, 25.68534206814246, 25.701013183593847, 25.74234788682738, 25.788194105360358, 25.774262830946288, 25.75430535210523, 25.781774902343802, 25.811878797743173, 25.861251831054783, 25.80969611273889, 25.83244730631524, 25.843243747287392, 25.82235955132389, 25.860248819987078, 25.794695705837796, 25.80486992730039, 25.8047407362198, 25.815811835395056, 25.814989556206722, 25.772769843207623, 25.82470126681871, 25.815583292643264, 25.8207054985895, 25.84665188259561, 25.77946539984818, 25.780457221137244, 25.778034464518353, 25.781243218316053, 25.781850518120773, 25.76653510199664, 25.770029025607755, 25.698119439019198, 25.71467319064679, 25.65483534071194, 25.71752760145402, 25.737507459852534, 25.678795369466286, 25.65903523763029, 25.718419392903755, 25.649518161349935, 25.665072970920246, 25.645749579535693, 25.70619608561204, 25.652519395616423, 25.59544982910167, 25.564162868923706, 25.573804728190186, 25.577462090386422, 25.58446451822927, 25.56437072753916, 25.559200710720592, 25.54624735514335, 25.501813761393347, 25.47482028537335, 25.47057291666681, 25.384819200303923, 25.40585293240029, 25.40307583279088, 25.396288045247484, 25.3367180718317, 25.355499606662477, 25.303001912435036, 25.26318359375013, 25.31790568033864, 25.35690544976137, 25.238597276475844, 25.239659627278723, 25.188047620985383, 25.23085428873704, 25.20233866373701, 25.17292209201395, 25.10417819552964, 25.180727471245763, 25.189194403754396, 25.138183593750114, 25.12753702799493, 25.0199581570097, 25.081688096788316, 25.097583346896823, 25.08760545518669, 24.97056240505653, 24.969095865885492, 24.962769232855994, 24.99013027615024, 25.04489271375881, 24.965216742621635, 24.85184902615032, 24.89708014594193, 24.950998263888987, 24.911836073133827, 24.78391316731785, 24.693106418185952, 24.738378567165835, 24.843656412760463, 24.80233832465287, 24.747988213433263, 24.657973225911558, 24.732463582356843, 24.855678643120783, 24.825910780165014, 24.70334777832043, 24.62932535807302, 24.69903869628914, 24.809493679470567]}