{"latitud": 2.6138, "longitud": -75.1363, "radiacion": [17.14531622992636, 17.221517605251865, 17.091131591796966, 17.0664320203994, 17.110056220160647, 17.105863104926396, 17.081971232096446, 17.16092258029526, 17.258125474717968, 17.33229471842454, 17.26462063259561, 17.18408474392366, 17.327147759331655, 17.390146552191954, 17.43393656412771, 17.43454895019543, 17.417663913303045, 17.385267808702373, 17.41319885253917, 17.45939432779956, 17.528731282552183, 17.552207777235367, 17.684298706054772, 17.699076334635492, 17.663534884982784, 17.5887546115452, 17.663293457031347, 17.71018235948365, 17.64407857259124, 17.786708238389906, 17.75695563422323, 17.6864420572918, 17.732246568468003, 17.878833346896783, 17.87121649848101, 17.844774712456704, 17.963983154296937, 17.948028225368983, 18.09626193576401, 18.154047987196275, 18.076526217990533, 18.16353590223535, 18.26926744249145, 18.172990926106916, 18.30817803276913, 18.31028306749145, 18.316769070095575, 18.369083658854283, 18.375128173828234, 18.41588745117207, 18.300362141927184, 18.36777615017369, 18.40502861870675, 18.5546240912545, 18.554498630099925, 18.411994086371617, 18.369639078776157, 18.485710991753553, 18.50949232313375, 18.556377495659792, 18.508236016167643, 18.555683729383816, 18.50599297417536, 18.55789388020842, 18.504725138346526, 18.58466186523441, 18.636553276909847, 18.7392673068577, 18.612803141276157, 18.506281534830862, 18.571993679470513, 18.561475626627686, 18.621523708767484, 18.598994276258775, 18.606273057725847, 18.533083767361234, 18.604242960612055, 18.565410698784792, 18.501663547092125, 18.598438517252685, 18.55437452528228, 18.558504231770883, 18.53220723470069, 18.426640150282157, 18.439585028754436, 18.41540561252172, 18.512749226888126, 18.674871148003586, 18.628278605143368, 18.63250122070326, 18.603404066297816, 18.569756401909768, 18.58536580403654, 18.58540683322487, 18.629750230577333, 18.49832628038204, 18.63798794216594, 18.669199625651135, 18.59281141493066, 18.597751871744908, 18.53690422905828, 18.513632541232766, 18.489679294162443, 18.55798305935345, 18.585032823350787, 18.584940592447992, 18.47588161892374, 18.49288397894973, 18.490120442708495, 18.633905368381154, 18.44197625054261, 18.41623704698361, 18.470972018771818, 18.35782335069456, 18.361748589409803, 18.284244452582545, 18.26944139268672, 18.204058498806507, 18.205872938368163, 18.34649386935776, 18.266127861870757, 18.19357910156261, 18.14371473524316, 18.20681864420584, 18.212608167860406, 18.137866889105965, 18.139108954535647, 18.07894761827261, 18.04477471245673, 18.095578002929756, 18.006303914388145, 18.08464355468762, 18.012696329752732, 17.94472554524752, 17.99628126356343, 17.98081665039075, 17.99978264702696, 17.93910217285175, 17.86887783474405, 17.909171549479215, 17.89720831977009, 17.823977322048734, 17.852605523003547, 17.84633653428826, 17.870303344726704, 17.759590996636444, 17.830357869466262, 17.7533396402996, 17.747752888997486, 17.725652058919405, 17.736627536349943, 17.749075995551284, 17.576970418294383, 17.634540134006176, 17.654746500651147, 17.683635118272644, 17.59737277560771, 17.652966986762237, 17.581685384114678, 17.619943915473186, 17.572759670681517, 17.58244764539944, 17.52901170518665, 17.469000583224915, 17.55337117513028, 17.51478339301222, 17.555102878146783, 17.59451124403218, 17.664188978407235, 17.599744669596493, 17.482316419813497, 17.561274888780417, 17.499254692925415, 17.604415215386364, 17.600417073567844, 17.49888441297753, 17.47110358344192, 17.479885864257977, 17.50888739691847, 17.529698689778723, 17.53291829427087, 17.555942789713622, 17.580356174045203, 17.503877766927133, 17.430827840169304, 17.40240478515638, 17.42921278211806, 17.493038262261354, 17.492967732747484, 17.47273796929265, 17.40105997721359, 17.447277153862956, 17.5034457736546, 17.41481797960078, 17.452201334635504, 17.402548895941948, 17.427754041883777, 17.4021308051216, 17.48079393174923, 17.44280463324664, 17.414449395073916, 17.490559556749247, 17.404134792751904, 17.53644782172317, 17.539420912000953, 17.440810139974058, 17.56351216634124, 17.50095926920581, 17.507439507378535, 17.478145005967956, 17.469562445746664, 17.599837917751813, 17.523325941297816, 17.53364020453567, 17.626237996419338, 17.60422837999147, 17.695837063259642, 17.64835408528656, 17.708943684895946, 17.67004360622845, 17.70847981770841, 17.777275594075604, 17.80867648654525, 17.739508734809096, 17.764344618055663, 17.818298339843846, 17.782129584418477, 17.927820841471448, 17.84330376519112, 17.836618041992324, 17.793757459852543, 17.794677734375153, 17.93364359537776, 17.857937961154636, 17.797210015191087, 17.871349419487974, 17.83748745388463, 17.96108296712252, 18.014530436197976, 18.075756496853348, 18.00705702039941, 17.99814588758691, 18.032394748263943, 18.060683186849037, 18.097542317708434, 18.123355441623403, 18.155491468641628, 18.13042365180138, 18.188439941406347, 18.150210571289126, 18.180982801649424, 18.208550008138122, 18.13479580349404, 18.20397101508261, 18.132560560438435, 18.092887369791793, 18.17294955783429, 18.23153822157131, 18.324449666341252, 18.325560167100814, 18.25774637858088, 18.19239569769972, 18.25923597547747, 18.257695176866434, 18.356907145182372, 18.33243272569456, 18.426255289713556, 18.3540164523655, 18.328752983941076, 18.399836900499224, 18.397327677408914, 18.27735968695754, 18.353018188476693, 18.37013719346798, 18.462799411349938, 18.34164428710947, 18.40543450249578, 18.377349853515664, 18.46841905381954, 18.458130560981015, 18.368431939019203, 18.46011386447496, 18.422127956814318, 18.37808464898016, 18.398896620008788, 18.34500359429262, 18.35025533040374, 18.343132866753553, 18.37992248535166, 18.34519042968763, 18.268987698025285, 18.373783026801277, 18.398656209309934, 18.325178697374234, 18.30756530761721, 18.358538140191058, 18.305658976237073, 18.391058010525267, 18.300605265299605, 18.26590643988722, 18.281348673502748, 18.346707831488857, 18.27723049587686, 18.265963406033144, 18.267339409722336, 18.22677781846801, 18.273598225911503, 18.29599541558169, 18.288109673394217, 18.22945454915379, 18.123624674479156, 18.115189954969726, 18.089761352539142, 18.15859239366324, 18.141749064127737, 18.064793904622473, 18.027232869466275, 18.064264255099904, 18.089363606770956, 18.180161200629453, 17.946945190429805, 17.872125922309106, 17.911715359158052, 17.95582648383252, 17.952006700303915, 17.754891628689354, 17.777730984158097, 17.710197957356893, 17.69672648111989, 17.710584174262276, 17.656625027126836, 17.618647257487112, 17.543252902560823, 17.45808953179265, 17.443616400824755, 17.41984965006522, 17.44516838921449, 17.436943562825604, 17.31930914984817, 17.32695278591592, 17.320751274956706, 17.229864501953234, 17.255381266276192, 17.229919094509665, 17.190865071614667, 17.149448649088583, 17.12120090060777, 17.049511718750068, 16.95462409125444, 17.020616319444553, 17.01508856879347, 16.967304484049595, 17.100637478298722, 17.158082411024356, 17.193390909830878, 17.04325086805572, 17.078949313693652, 17.196710883246606, 17.12515597873276, 17.098573811849025]}