{"latitud": 6.9958, "longitud": -70.2233, "radiacion": [29.23383483886734, 29.286188422309205, 29.391289944119098, 29.546390448676277, 29.538402642144206, 29.467291259765698, 29.560915798611195, 29.71704271104612, 29.954660712348172, 30.00180426703571, 29.89611985948362, 29.90309312608512, 29.955724080403627, 30.158530680338668, 30.2132768419055, 30.03643188476576, 30.08442348904087, 30.141905721028763, 30.340770806206745, 30.472375488281347, 30.488408406575616, 30.52231106228307, 30.46786058213981, 30.517558458116394, 30.54342888726137, 30.518383449978312, 30.612097846137278, 30.68393113878045, 30.902996148003563, 30.933697848849874, 30.865791490343028, 30.83457065158429, 31.024686347113782, 31.227027723524447, 31.342852783203323, 31.275307888454943, 31.308143446180697, 31.352960883246677, 31.54360656738292, 31.508719550238784, 31.491858588324703, 31.532966444227498, 31.6125946044923, 31.769813368055697, 31.85513407389332, 31.846629503038304, 31.81417338053397, 31.84639417860251, 31.954424031575684, 31.962488810221487, 31.933542548285704, 31.941164143880332, 32.04277106391072, 32.27548353407121, 32.28687099880648, 32.23048977322054, 32.1157606336807, 32.32883775499143, 32.62098253038209, 32.688784790039165, 32.64475606282563, 32.587952677409, 32.6162414550782, 32.71733567979616, 32.75086296929263, 32.71893920898441, 32.78806457519545, 32.72175598144539, 32.7782538519966, 32.74729444715723, 32.83077969021275, 32.846510484483645, 32.814223564995835, 32.88909132215726, 32.873590087890726, 32.88471272786463, 32.85061713324668, 32.89758232964416, 32.988151380750956, 32.96091512044279, 32.75663587782126, 32.57034064398882, 32.56269361707914, 32.63476494683167, 32.66390414767801, 32.39043375651045, 32.3586931016711, 32.31992831759993, 32.31041531032995, 32.21279161241328, 32.08298068576403, 31.8729515923395, 31.92004733615464, 31.808352661132897, 31.758005777994867, 31.823785739474943, 31.73550448947488, 31.64505886501746, 31.56214430067278, 31.31728651258688, 31.08668823242194, 30.884605916341247, 30.84636094835082, 30.990682983398546, 31.061533270941954, 30.945726521810098, 30.827860853407287, 30.841477457682387, 30.75644429524753, 30.53682793511287, 30.265455796983627, 30.132777913411587, 29.844849650065214, 29.709494018554835, 29.50909389919722, 29.25254075792104, 29.036871676974915, 29.02416992187517, 29.113231065538344, 28.956326972113818, 28.617822265625122, 28.392122056749297, 28.2480899386937, 28.27302958170581, 28.31916809082037, 28.153201633029635, 27.995287068684963, 27.806454128689325, 27.78575507269977, 27.731767781575627, 27.635810004340367, 27.573249308268355, 27.495522732204964, 27.435599433051284, 27.365238104926295, 27.12790798611121, 27.051728312174607, 27.09884643554697, 27.034161716037413, 26.78026326497407, 26.495537651909938, 26.44897867838559, 26.434322781033114, 26.57398546006961, 26.580964152018357, 26.516407945421104, 26.412665473090424, 26.371953328450598, 26.488241916232727, 26.42435404459648, 26.280090671115527, 26.148792521158953, 26.03034498426653, 26.07303941514768, 26.05953708224835, 25.99946763780389, 25.844011433919302, 25.866014268663246, 25.91942613389769, 25.904006279839432, 25.79904954698363, 25.6351704915366, 25.712468126085145, 25.715646023220568, 25.721739705403706, 25.745388793945477, 25.659924655490652, 25.657533772786564, 25.629821099175444, 25.65573323567719, 25.701758151584233, 25.58393622504347, 25.53104553222666, 25.582294718424595, 25.521307373046984, 25.39680853949663, 25.33399759928392, 25.393459743923774, 25.39823371039506, 25.55613606770849, 25.450253634982705, 25.406520928277, 25.375841267903752, 25.418268839518305, 25.399106852213645, 25.31623874240459, 25.343235270182447, 25.404030015733667, 25.46382378472227, 25.44326951768674, 25.40211385091148, 25.456485663520066, 25.421488783094674, 25.402557712131244, 25.47958611382391, 25.448804389106026, 25.473652140299617, 25.474559868706724, 25.48916354709208, 25.468203735351647, 25.485727267795237, 25.4608567979602, 25.542868041992335, 25.55361701117626, 25.615721299913275, 25.54389580620663, 25.455027601454105, 25.382456122504436, 25.431565348307384, 25.4604797363282, 25.412717692057413, 25.415685356987883, 25.499589369032133, 25.573362562391555, 25.587190077040038, 25.588567097981883, 25.56138136121975, 25.610419379340403, 25.656327989366446, 25.759652709961, 25.811284383138133, 25.84172159830744, 25.772481621636377, 25.881422932942808, 25.87024129231774, 25.832803344726628, 25.844107394748377, 25.86098870171452, 25.87118767632389, 25.98721483018672, 26.035810004340362, 26.059028116862123, 26.05566677517375, 26.060803561740595, 26.089614189995757, 26.204080539279612, 26.204598320855116, 26.240415785047805, 26.300279066297907, 26.300228881836052, 26.278919474283935, 26.40684271918417, 26.490605333116434, 26.550776502821254, 26.571369425455867, 26.68007303873706, 26.677749972873375, 26.819495985243126, 26.89419114854608, 26.899872843424664, 26.913320244683195, 26.966569349500976, 27.053151109483597, 27.211445448133777, 27.22244974772148, 27.147176106770967, 27.077074178059984, 27.154659016927212, 27.19684956868493, 27.31350131564678, 27.374269612630297, 27.396616956922816, 27.44395650227879, 27.527880859375085, 27.630254787868978, 27.75815802680133, 27.79895663791247, 27.811604817708467, 27.89807400173616, 27.912514919705, 27.691216023763143, 27.756269327799583, 27.88503587510864, 27.900887383355197, 27.907765367296104, 27.951630316840408, 28.017505560980982, 27.963741726345614, 27.97978651258696, 28.07318454318583, 27.991298421224087, 27.94079895019549, 27.949617852105103, 28.116098700629397, 28.168336995442832, 28.06719563802093, 28.21176588270409, 28.078757052951516, 28.125795830620746, 28.1649773491755, 28.08931410047751, 28.15149027506516, 28.20381876627611, 28.112867567274407, 28.19968092176661, 28.173612806532237, 28.13371175130222, 28.045131429036605, 27.989956665039188, 27.92076653374583, 27.909769015842073, 27.846877712673745, 27.731870863172826, 27.816540527343818, 27.973887803819537, 27.887291124132048, 27.890638563368174, 27.90447455512164, 27.81687486436641, 27.684699503580873, 27.682810465494907, 27.744699096679767, 27.77433268229178, 27.792238362630332, 27.71928473578568, 27.704277886284842, 27.740609063042616, 27.692738511827333, 27.690641954210207, 27.788163587782226, 27.727524142795364, 27.78180168999575, 27.875126478407196, 27.886867607964465, 27.730602688259655, 27.64238959418414, 27.788451131184974, 27.920472208658907, 28.04022793240029, 28.132165527343904, 28.126798841688412, 28.05910542805998, 28.11349114312075, 28.2966284857857, 28.261726548936696, 28.22710062662776, 28.283772786458446, 28.306671820746583, 28.393736436632043, 28.48962266710085, 28.475695800781295, 28.512395222981883, 28.58925916883688, 28.682147894965357, 28.644920857747536, 28.5091983371312, 28.441972520616407, 28.494973076714473, 28.660027737087734, 28.731566365559956, 28.618027750651134, 28.656816609700552, 28.710802205403713, 28.900743950737915, 29.01450500488295, 28.886441379123386, 28.89104953342026, 28.925659518771813, 29.02333611382386, 29.071903483073033]}