{"latitud": 4.146, "longitud": -72.0938, "radiacion": [29.16548868815111, 29.24053446451838, 29.404423014322997, 29.533598497178918, 29.585325113932374, 29.565610419379464, 29.63498806423621, 29.781411404079922, 29.820981852213645, 29.710250854492305, 29.657384914822142, 29.716869439019188, 29.87352769639769, 30.00967780219192, 30.07597927517376, 30.113154771592917, 30.202899848090414, 30.21470336914071, 30.314590793185797, 30.371871609158077, 30.362397257487146, 30.371640353732783, 30.448956298828175, 30.56343519422749, 30.592708672417626, 30.646422661675444, 30.71238742404525, 30.75668368869367, 30.82907036675357, 30.796065945095602, 30.728039211697098, 30.76894226074228, 30.901388888889, 31.068786960178045, 31.147691853841213, 31.27370062934041, 31.315079413520152, 31.31096700032566, 31.290584988064307, 31.242996893988828, 31.274543931749196, 31.274668714735355, 31.346262953016566, 31.35458814832909, 31.31345893012163, 31.281572469075627, 31.29928690592455, 31.327447509765666, 31.307697889540105, 31.253830634223164, 31.10991075303832, 31.031127590603447, 30.943675740559986, 31.03069932725702, 31.045152452257014, 31.113813951280445, 31.206489732530503, 31.373013983832582, 31.445157877604327, 31.319078233507014, 31.216447618272657, 31.198478868272748, 31.187133449978393, 31.241387939453222, 31.102819824218855, 30.903137885199726, 30.77208591037343, 30.891125149197176, 30.941759236653784, 30.735583157009632, 30.56887410481782, 30.511586168077354, 30.420390489366373, 30.382880995008843, 30.268755425347308, 30.152500406901158, 30.038655938042666, 30.008932495117296, 29.98908996582035, 29.91794230143239, 29.785652669270956, 29.815852864583423, 29.882010904948007, 29.880948893229288, 29.66354098849835, 29.360671318902007, 29.127054511176294, 29.019997829861172, 28.92880791558169, 28.681078423394258, 28.477898830837734, 28.36594238281261, 28.24255371093754, 28.26828613281261, 28.21302558051227, 28.01772969563814, 27.912268744574817, 27.930111016167643, 28.04221937391503, 27.972130330403747, 27.78231743706605, 27.65789964463981, 27.744796074761364, 27.741431003146772, 27.861439683702315, 27.69238823784732, 27.564101155599037, 27.528102620442855, 27.515697224935007, 27.57159695095491, 27.41822475857218, 27.31147291395405, 27.23539191352006, 27.2326785617406, 27.257705010308257, 27.142345852322162, 26.99744093153218, 26.95208333333348, 27.034513007270068, 27.088498263889033, 26.969619411892456, 26.825560845269138, 26.667514377170182, 26.58547871907564, 26.6607771131728, 26.693540785047844, 26.63245171440987, 26.507006157769222, 26.511080932617347, 26.56907925075971, 26.53305392795144, 26.448135036892513, 26.420451863606825, 26.438778347439307, 26.502997843424566, 26.5415330674914, 26.45260823567715, 26.42280748155389, 26.349484592013994, 26.32247687445759, 26.256669786241407, 26.15329657660601, 26.042199707031386, 26.119429185655537, 26.120378960503615, 26.05533040364592, 25.96758490668414, 25.945327419704938, 26.01271464029952, 26.093324110243184, 26.049102783203278, 25.940604315863784, 25.75903489854609, 25.70668911404088, 25.720015123155502, 25.681228637695465, 25.608993191189352, 25.62579142252618, 25.60780843098962, 25.700239732530463, 25.542006429036558, 25.460147433810903, 25.42403225368933, 25.517697821723157, 25.6134284125435, 25.576770358615608, 25.510546875000102, 25.41699896918406, 25.474162801106882, 25.474725002712812, 25.42092047797325, 25.34751519097233, 25.344724527994913, 25.38829650878917, 25.40788675944024, 25.30079922146272, 25.289301215277913, 25.341681247287436, 25.353603786892393, 25.35922715928831, 25.33397894965293, 25.322174411349938, 25.350724622938497, 25.281320190429767, 25.28747897677958, 25.248776584201437, 25.338720703125222, 25.314628431532167, 25.295459323459283, 25.36400756835945, 25.386341010199754, 25.394923909505263, 25.305933295356017, 25.336859469943686, 25.36764797634557, 25.402472262912454, 25.433622572157145, 25.494364759657287, 25.468078274197165, 25.50742628309469, 25.468445163303063, 25.439982774522623, 25.51552836100268, 25.53842739529087, 25.54163750542543, 25.554797363281313, 25.566707356770905, 25.575639173719708, 25.55342746310779, 25.6113667805991, 25.641063435872486, 25.642905341254448, 25.66000671386725, 25.66763644748272, 25.665247260199774, 25.758299424913236, 25.72021891276044, 25.73478461371538, 25.73694152832034, 25.846458265516635, 25.858099026150285, 25.943243069119035, 25.98882649739598, 25.941384548611186, 26.029517957899373, 26.01136915418844, 26.0631391737197, 26.018798828125096, 26.12295362684468, 26.094484117296115, 26.041517469618118, 26.12737392849408, 26.192200385199765, 26.11727600097665, 26.057809448242292, 26.197819349500907, 26.275642225477498, 26.329072401258845, 26.376233588324737, 26.435228135850764, 26.432797580295226, 26.472847154405503, 26.440269639757087, 26.459881591796943, 26.56468878852009, 26.634646945529635, 26.64267001681871, 26.5958702935114, 26.655945163303045, 26.70888163248712, 26.76083306206607, 26.778662448459272, 26.74644198947497, 26.77262980143233, 26.850697157118134, 26.864411756727502, 26.809871419270944, 26.835016886393305, 26.867795477973193, 26.982190280490503, 26.940000067816943, 26.936758761935817, 26.950866021050427, 27.065238783094703, 27.15335828993064, 27.23422003852001, 27.188347032335155, 27.218633694119035, 27.308464558919354, 27.351733737521783, 27.260069783528763, 27.279876708984414, 27.28515726725279, 27.350829060872496, 27.402035522460963, 27.43991597493499, 27.46267937554264, 27.43856709798185, 27.438140190972263, 27.418264431423722, 27.420958794487905, 27.442215304904646, 27.460660807291788, 27.518395996093854, 27.60525817871108, 27.487109375000028, 27.47495049370669, 27.43910725911464, 27.557664998372502, 27.646662394205844, 27.584978230794395, 27.61746012369802, 27.633811781141578, 27.549146864149407, 27.619473266601688, 27.586562093099094, 27.556759643554795, 27.469628567165955, 27.58563944498705, 27.658045111762267, 27.6014424641928, 27.492136637369885, 27.443325805664205, 27.509216986762265, 27.586477322048722, 27.58894382052957, 27.591680569118996, 27.618246120876844, 27.586754353841286, 27.595926242404612, 27.513306003146795, 27.574104139540054, 27.58175455729173, 27.556478542751847, 27.5658206515843, 27.549142795139005, 27.574881659613805, 27.58241950141068, 27.58999701605914, 27.598706054687643, 27.651858859592096, 27.60123867458782, 27.605410766601647, 27.631861029731, 27.67739291720928, 27.6560550265843, 27.779820081922917, 27.874410332573877, 27.82681206597236, 27.82311028374581, 27.902564832899373, 27.966676161024377, 28.045401679145016, 28.034000990126078, 28.042177666558263, 28.0640896267362, 28.10621812608512, 28.092991129557372, 28.227655368381097, 28.275460137261422, 28.3416212293838, 28.44857076009129, 28.470319959852475, 28.497434488932395, 28.4547424316407, 28.434567599826437, 28.38621317545585, 28.43340996636302, 28.491156684027903, 28.553879462348146, 28.55528055826831, 28.598518880208434, 28.561406114366434, 28.574148898654546, 28.630798000759626, 28.677318318685, 28.724917602539147, 28.87092590332041, 28.928094482421937, 28.96153327094197]}