{"latitud": 9.0678, "longitud": -73.4003, "radiacion": [24.602846272786525, 24.72873433431001, 24.773898315429772, 24.700720214843916, 24.70356004503047, 24.62481214735256, 24.576776462131136, 24.63070678710949, 24.763020155165027, 24.75682406955309, 24.925953504774366, 24.882910834418492, 24.917483181423716, 24.809707302517495, 24.811852010091247, 24.823045857747463, 24.980106947157214, 24.864963107638914, 24.922432793511348, 24.86126946343332, 24.832101101345625, 24.868491956922885, 24.989157443576477, 24.97086113823796, 25.056991238064295, 25.008857896593, 25.122221204969758, 25.167753092448077, 25.213524034288316, 25.111461724175438, 25.26838344997837, 25.330288018120786, 25.359743584527077, 25.349309285481848, 25.341230265299544, 25.522427368164113, 25.57089945475273, 25.565994601779625, 25.71340772840718, 25.727587890625102, 25.71940138075094, 25.704046969943647, 25.901544528537425, 25.90077548556864, 25.799075995551352, 25.79369642469635, 25.878089057074742, 26.006366644965357, 26.011637369791746, 26.029136488172753, 26.041505262586952, 26.185629272461046, 26.227905612521813, 26.340527343750143, 26.15078125000012, 26.19612087673617, 26.274092610677226, 26.3291439480253, 26.43491075303829, 26.450097317165973, 26.345460340711952, 26.30208367241759, 26.355550808376904, 26.356028578016588, 26.391798909505326, 26.506512451172, 26.56329515245231, 26.522684393988772, 26.572893948025314, 26.52371249728742, 26.440686713324737, 26.603822835286564, 26.592950439453222, 26.453547498915004, 26.456568739149436, 26.64393073187942, 26.6498969184029, 26.910218302408925, 26.859091525607727, 26.739220513237967, 26.72248738606777, 26.670435248480942, 26.66287672254782, 26.755752563476637, 26.711183336046115, 26.664805094401174, 26.747616577148563, 26.723766411675438, 26.697945488823887, 26.67861802842894, 26.639755588107715, 26.68556179470492, 26.76365559895847, 26.78599955240901, 26.770022583007897, 26.940743679470547, 27.067140706380314, 27.11249796549483, 26.900647989909015, 26.81477593315979, 26.741089545356033, 26.733702256944564, 26.761826917860358, 26.725721232096475, 26.718954806857766, 26.6954240587023, 26.75525377061639, 26.771807861328245, 26.725666300455828, 26.68088751898885, 26.71575995551221, 26.697377861870734, 26.737501017252743, 26.749529351128558, 26.70798882378483, 26.509178331163298, 26.679307725694553, 26.719609578450672, 26.668414306640766, 26.50615132649756, 26.64665832519546, 26.639883083767415, 26.586894734700667, 26.614186604817785, 26.544733683268362, 26.519172159830777, 26.56423577202702, 26.427329169379373, 26.43395114474839, 26.488285997178917, 26.44124552408861, 26.34341464572488, 26.41392381456173, 26.2584611680774, 26.09004041883688, 26.04702589246968, 26.161294555664217, 26.2574930826824, 26.218080647786564, 26.228256903754453, 26.241989474826482, 26.160111829969747, 25.933975219726694, 25.817701212565186, 25.85385097927529, 25.915261501736172, 26.00852152506521, 25.988020494249188, 25.984511990017477, 25.91486612955737, 26.13368564181866, 26.30763888888892, 26.36221177842894, 26.300775824652916, 26.203008355034854, 26.215655517578245, 26.2075453016494, 26.20782097710516, 26.15609266493065, 26.10227796766505, 26.08571777343762, 26.063465033637254, 26.12170952690987, 25.853872680664193, 25.944292195638127, 25.969491577148574, 25.877991739908946, 25.921839057074788, 26.049187893337734, 26.14229634602871, 26.23890279134116, 26.100886705186742, 25.99280225965718, 26.175713772244006, 26.222304958767438, 26.319833713107716, 26.193882921006985, 26.091624959310007, 26.21666022406693, 26.394489203559186, 26.41423882378488, 26.476319376627654, 26.516338094075667, 26.405087958441964, 26.252561442057356, 26.25261298285604, 26.2634769015843, 26.373083157009717, 26.515335083007944, 26.405066257052965, 26.449486626519256, 26.583497450086913, 26.593729654948017, 26.472660997178895, 26.388689168294338, 26.551796807183262, 26.586791653103337, 26.598151312934117, 26.58160671657991, 26.604929267035647, 26.738934326171925, 26.760627577040072, 26.75503811306434, 26.78366190592457, 26.811784193250976, 26.915331013997463, 26.830153740777025, 26.78012864854607, 26.809084065755297, 26.69395005967895, 26.47830471462686, 26.281602647569553, 26.447717624240568, 26.571283298068693, 26.480886840820457, 26.41185404459649, 26.62801954481345, 26.686692301432405, 26.758530002170215, 26.593431939019222, 26.632040744357727, 26.73241271972667, 26.70595397949226, 26.71117214626751, 26.692560831705823, 26.593072170681523, 26.597908189561753, 26.744387478298716, 26.71373697916677, 26.635752699110316, 26.60268724229608, 26.59188639322925, 26.70397033691425, 26.545419989691954, 26.401512654622522, 26.352049763997513, 26.43966844346797, 26.43996988932298, 26.497272406684186, 26.287564086914205, 26.195112440321243, 26.139329359266565, 26.159140692816965, 26.26845092773444, 26.185624525282208, 26.182699245876865, 26.1394436306425, 26.186597357856044, 26.122088283962828, 26.25984225802959, 26.225942993164193, 26.196153089735372, 26.36180352105045, 26.309559800889833, 26.081549750434117, 26.111163330078245, 25.92843458387593, 25.97983161078567, 25.881745741102538, 25.68014322916675, 25.588937038845604, 25.652290174696304, 25.436338636610305, 25.297832912868994, 25.31714036729612, 25.368089803059984, 25.378949991862118, 25.379911973741358, 25.4158206515843, 25.268162367079054, 25.290348985460202, 25.265907457139843, 25.18191087510856, 25.198028903537438, 25.129578653971482, 25.18151346842463, 25.187187703450622, 25.14260932074662, 25.11276618109821, 25.138984171549623, 25.031926812066104, 25.068078613281347, 25.09922926161035, 24.915351698133765, 24.837457614474925, 24.83255716959644, 24.9205793592666, 24.813474188910636, 24.736684841579933, 24.65032111273884, 24.61176249186205, 24.69624294704867, 24.67202080620666, 24.65808648003484, 24.59957444932731, 24.63230590820325, 24.584772406684085, 24.599806722005344, 24.570320977105116, 24.549847412109518, 24.60539923773884, 24.60526326497404, 24.454030015733604, 24.424325222439336, 24.43898044162334, 24.38675299750444, 24.463477579752652, 24.47757500542544, 24.430947875976646, 24.395213148329145, 24.351518419053928, 24.45878668891072, 24.430264960395032, 24.435024346245825, 24.346192762586895, 24.370358276367295, 24.400846354166806, 24.348535834418517, 24.421824815538344, 24.373763359917593, 24.295829264323043, 24.300716824001807, 24.319305419922006, 24.361567857530474, 24.25083923339857, 24.290429009331678, 24.366112263997497, 24.373984442816948, 24.36673719618064, 24.369612969292632, 24.399497816297867, 24.305736287435007, 24.447573852539183, 24.404353502061742, 24.432038709852502, 24.363556247287345, 24.369389173719696, 24.44118550618498, 24.42954576280395, 24.43014492458777, 24.376695760091252, 24.477891031901134, 24.503473239474943, 24.32735934787335, 24.363650173611216, 24.463373480902856, 24.495355902777874, 24.536569552951487, 24.487603081597285, 24.269540405273556, 24.42331068250873, 24.52547200520837, 24.60322265625005, 24.67168138292114, 24.783172268337733, 24.72843390570758, 24.714737277560932, 24.77939758300793, 24.68066304524748, 24.62776455349403]}