{"latitud": 5.2912, "longitud": -73.4053, "radiacion": [12.026665920681637, 11.972433132595617, 12.00908508300794, 11.95809800889765, 11.902412245008824, 12.007805379231874, 12.149114651150304, 12.15184088812947, 12.03709038628481, 12.204156155056467, 12.325036282009629, 12.202201334635523, 12.24376525878921, 12.14594251844625, 12.132419162326508, 12.212768215603395, 12.178999498155479, 12.284868367513184, 12.20834113227003, 12.278897094726744, 12.384471978081686, 12.436665513780497, 12.460895114474908, 12.410640801323893, 12.482852511935846, 12.559284803602623, 12.618482801649405, 12.682934570312606, 12.595716010199794, 12.616462537977478, 12.778023274739686, 12.762839762369879, 12.84890882704004, 12.762001546224061, 12.917749023437636, 13.039650811089453, 13.09421827528223, 13.06917487250441, 13.029125637478424, 13.062959459092951, 13.188219197591271, 13.346491156684161, 13.357324557834355, 13.32527364095055, 13.436248101128589, 13.57570631239158, 13.495668538411564, 13.526324462890727, 13.535852389865548, 13.51664123535168, 13.542401123046924, 13.558120049370833, 13.625851779513956, 13.676907687717176, 13.7528350830079, 13.713484700520988, 13.804408094618225, 13.883800252278737, 13.908533393012268, 13.938089667426292, 14.001804606119947, 14.109327189127763, 14.124021742079114, 14.04307725694457, 14.154016452365548, 14.148387993706706, 14.182358127170309, 14.30272996690553, 14.269081624349079, 14.25687493218326, 14.218602498372396, 14.178705851237092, 14.244607543945373, 14.093949042426402, 14.098067220052199, 14.12483249240455, 14.098208279079946, 14.079073418511351, 14.095934719509634, 14.157582939995791, 14.221445041232698, 14.159166124131994, 14.124154663086074, 13.999281819661556, 14.077091132270064, 14.096500651041765, 14.04717237684478, 14.090019056532242, 14.086739434136424, 14.100840250651155, 14.08071017795148, 14.060695732964518, 14.155255466037355, 14.031235080295195, 14.063118489583397, 14.09617309570323, 14.11514655219194, 14.106008572048703, 14.044969346788227, 13.99538642035598, 13.997489420572947, 14.021801418728371, 13.992444525824794, 13.980142211914199, 14.001129150390758, 13.981111992730177, 13.908482191297841, 13.918308512369927, 13.917198011610386, 13.886350843641575, 13.95917121039514, 13.882037692599944, 13.802905273437622, 13.730235460069517, 13.791917249891563, 13.788386027018305, 13.77860243055568, 13.729446750217145, 13.739154052734458, 13.679829576280477, 13.634710354275265, 13.63429565429692, 13.650944688585184, 13.643944295247556, 13.616066148546091, 13.612072753906299, 13.552825927734526, 13.501797146267506, 13.519219970703242, 13.508102756076482, 13.523195732964515, 13.487880791558212, 13.47530619303395, 13.496415201823064, 13.4917456732857, 13.449554443359451, 13.445507473415944, 13.42070956759998, 13.369446139865564, 13.39586791992201, 13.406051296658044, 13.397776285807405, 13.440692138671958, 13.36833970811646, 13.292192247178852, 13.293438042534794, 13.25862426757819, 13.215592787000977, 13.1364891899957, 13.205727810329998, 13.15923394097238, 13.16845770941859, 13.189177449544347, 13.153486463758744, 13.165545315212777, 13.144547186957595, 13.067154947916777, 13.058803643120731, 12.982803005642458, 12.96746690538212, 12.904405721028715, 12.926085747612964, 12.896631198459394, 12.889254082573908, 12.870542738172844, 12.97975836859816, 12.95841200086816, 12.991438802083394, 12.970495266384603, 12.922170681423703, 12.987302313910675, 12.970653618706725, 12.901824273003589, 12.930535549587736, 12.893433634440212, 12.854340955946347, 12.768391587999227, 12.791846720377654, 12.803960164388192, 12.855493164062617, 12.819175889757068, 12.756080118815191, 12.766390652126859, 12.785624864366412, 12.749291314019255, 12.735604180230078, 12.754954359266586, 12.763650512695335, 12.766822984483687, 12.703180609809143, 12.78840060763897, 12.864983113606892, 12.847683037651981, 12.87919752332914, 12.79072604709224, 12.798759290907205, 12.74091457790801, 12.751382446289105, 12.758979288737104, 12.841310967339476, 12.862708875868236, 12.85166151258693, 12.843913777669323, 12.867949422200658, 12.93398912217888, 12.918941582573913, 12.93472290039072, 12.942043389214518, 12.851588948567837, 12.89843275282137, 12.890905083550422, 12.917253960503594, 12.937188381618986, 13.01600002712682, 13.02262132432732, 13.055342949761382, 12.994701131184968, 12.970599704318582, 12.987460666232778, 13.040406629774376, 13.082085503472342, 13.134955851237104, 13.115561252170247, 13.103602091471467, 13.140485975477532, 13.190253024631167, 13.181355794270948, 13.185460408528817, 13.254005940755254, 13.2739668104385, 13.225441826714492, 13.249474758572129, 13.334065077040085, 13.25889519585517, 13.220491875542583, 13.237531873915012, 13.254578653971484, 13.279455566406321, 13.343194919162348, 13.398075018988814, 13.34953308105482, 13.304393853081743, 13.327946302625984, 13.345467800564299, 13.404584079318738, 13.488655598958417, 13.439029608832584, 13.416174655490522, 13.489468383789188, 13.581110297309124, 13.560995144314328, 13.571943834092982, 13.465226236979314, 13.535776435004456, 13.548326280381994, 13.519800821940217, 13.54696519639767, 13.609442477756241, 13.648458862304835, 13.718293931749258, 13.690282524956709, 13.586185370551297, 13.565971204969742, 13.653889295790046, 13.669982571072126, 13.73819376627612, 13.743630981445392, 13.688508436414963, 13.665329318576559, 13.716751437717184, 13.717532348632915, 13.68081054687508, 13.704376220703258, 13.644375271267469, 13.682281494140645, 13.669802517361235, 13.571741739908967, 13.669824896918499, 13.677816094292686, 13.68423597547754, 13.634427558051376, 13.571448771159035, 13.503820461697197, 13.502261691623383, 13.579665120442789, 13.491544596354288, 13.503370157877649, 13.424959648980215, 13.461330498589518, 13.450184122721453, 13.414993964301308, 13.420330471462762, 13.377344089084318, 13.3678249782987, 13.517980957031321, 13.531750149197174, 13.443800862630326, 13.396492513020936, 13.33968234592019, 13.40482516818586, 13.445567491319556, 13.362378268771769, 13.285706244574726, 13.310544162326474, 13.340607706705839, 13.29915941026483, 13.305868191189328, 13.311247083876026, 13.226062011718795, 13.281735568576474, 13.21929253472238, 13.185505845811727, 13.22031385633691, 13.181240166558247, 13.156930202908084, 13.135164388020955, 13.040493096245806, 13.049675835503573, 13.006884765625045, 12.967019653320373, 12.914236450195403, 12.854775661892424, 12.7972700330947, 12.723144531250133, 12.680568440755374, 12.60856696234824, 12.658887736002688, 12.538730197482797, 12.515141126844677, 12.576001993815263, 12.611912367079128, 12.479748535156375, 12.372920396592994, 12.250900268554878, 12.346642727322168, 12.342507595486191, 12.324910481770965, 12.286448160807444, 12.196652899848212, 12.304656304253626, 12.250910780164986, 12.199632093641602, 12.118848334418544, 11.994105699327443, 12.047452799479307, 12.086886596679753, 12.069679090711949, 12.035599772135507, 11.899886745876833, 11.848022121853433, 11.924779595269191, 11.980440266927227, 12.016984388563534, 12.008020697699749, 12.0601016574437, 11.965995279948023, 11.95413445366764, 11.914244249132063, 11.88919067382822, 11.87114088270416]}