{"latitud": 0.7602, "longitud": -71.1593, "radiacion": [24.84573499891502, 24.75996738009997, 24.693937174479288, 24.75042012532568, 24.906601969401095, 24.89285990397148, 24.87552218967026, 24.850902981228444, 24.88621690538203, 24.960314263237894, 24.948570760091286, 24.899577501085204, 24.86889139811208, 24.93533969455308, 25.091362847222342, 25.071398925781313, 25.027163696289204, 24.985847642686753, 25.041431681315164, 25.227454630533998, 25.20456915961385, 25.17260131835953, 25.087176174587814, 25.133233303494062, 25.322286987304796, 25.279159884982732, 25.167792765299584, 25.139609442816987, 25.187523396809997, 25.33630167643247, 25.299476793077286, 25.278195868598193, 25.243367513021024, 25.32859564887165, 25.462227715386348, 25.36320699056006, 25.329456922743134, 25.332860310872466, 25.36244676378044, 25.532061089409808, 25.47120971679696, 25.381620958116457, 25.38332010904958, 25.43391621907561, 25.566227213541783, 25.53760104709204, 25.442862277560852, 25.396596611870734, 25.42898525661904, 25.544923231336913, 25.52560255262593, 25.455969577365597, 25.472999064127652, 25.479942152235367, 25.58638610839857, 25.5314439561633, 25.51852789984821, 25.521414184570443, 25.65358344184034, 25.74129197862426, 25.628292507595614, 25.4926008436416, 25.496743435329947, 25.429809909396813, 25.57237514919721, 25.485750664605177, 25.432246568467974, 25.426493326823035, 25.438626776801318, 25.479012383355155, 25.436666531033097, 25.454580688476693, 25.315449693468054, 25.33417561848974, 25.428973388671977, 25.42017245822497, 25.347506713867272, 25.27191908094621, 25.34293619791684, 25.387781439887288, 25.3273186577692, 25.300411309136337, 25.289046902126813, 25.312015448676295, 25.395349121093883, 25.32926839192716, 25.266554429796113, 25.23557807074663, 25.240993584527075, 25.265701293945387, 25.249794514974074, 25.243617078993186, 25.176251559787335, 25.20390794542116, 25.23165995279959, 25.187456597222365, 25.234230889214512, 25.180954657660664, 25.163501315646858, 25.202035522461074, 25.186377631293492, 25.140388319227572, 25.114676581488826, 25.142580498589513, 25.21581285264769, 25.163791910807408, 25.07648044162333, 25.056766425238834, 25.08060506184908, 25.114372422960116, 25.09176567925355, 25.031848144531313, 24.979675632053006, 24.967835150824744, 24.942048814561677, 24.93712938096803, 24.87077433268242, 24.821045939127753, 24.851197984483672, 24.827612982855992, 24.830203247070433, 24.795425075954963, 24.7116939968534, 24.73333265516506, 24.76078389485686, 24.761599392361195, 24.711297946506118, 24.63278571234819, 24.62981397840726, 24.69275275336372, 24.63877766927091, 24.6294260660808, 24.576414320204133, 24.592827690972268, 24.60767957899314, 24.606146918402846, 24.582786051432397, 24.551800537109468, 24.58494771321627, 24.547566731770946, 24.518990410698866, 24.533116658528797, 24.469647894965362, 24.44796244303397, 24.434982977973224, 24.39074232313381, 24.397525702582602, 24.357313028971458, 24.367991807725883, 24.392370266384642, 24.409688313802178, 24.417110188802194, 24.30080803765198, 24.31762966579876, 24.28457336425792, 24.247922092014047, 24.260640123155422, 24.200437079535714, 24.18936021592886, 24.207129584418585, 24.222873942057408, 24.126400417751842, 24.118425157335178, 24.088055419921943, 24.140345594618186, 24.16380140516509, 24.200893147786584, 24.18293050130215, 24.198518202040038, 24.21984456380225, 24.184877522786604, 24.15621541341157, 24.17795545789943, 24.164090304904658, 24.213743082682374, 24.14009501139329, 24.131215752495716, 24.042932807074823, 24.09059583875872, 24.10936279296891, 24.13676757812514, 24.190387980143345, 24.16132880316845, 24.14784613715288, 24.128635999891554, 24.11813184950093, 24.08214789496539, 24.111098225911576, 24.14037882486984, 24.09764404296889, 24.124040391710178, 24.133216688368105, 24.121899414062625, 24.18076205783431, 24.149875217013953, 24.12877875434039, 24.132081434461877, 24.118429904514034, 24.141852145724936, 24.162656656901163, 24.210117255316977, 24.197302585178022, 24.173299492730166, 24.21095547146287, 24.24382222493504, 24.28159111870671, 24.210195583767398, 24.182929484049566, 24.28036804199229, 24.274715847439325, 24.338152398003654, 24.305794609917655, 24.318245103624218, 24.35965813530831, 24.384032864040858, 24.396727837456694, 24.402315606011353, 24.38089735243066, 24.42136094835081, 24.506145562066006, 24.55545145670582, 24.533276028103426, 24.626448228624252, 24.581087917751915, 24.633527628580833, 24.677484809027874, 24.650340101454123, 24.676215277777885, 24.736862521701557, 24.69742533365898, 24.776456027560926, 24.79916992187511, 24.841801283094735, 24.768933783637237, 24.87387322319893, 24.92123887803829, 25.004072401258743, 24.98240661621105, 25.019903225369017, 25.027960883246617, 25.05961134168852, 25.030452134874242, 25.103379652235372, 25.119800143771783, 25.131531439887226, 25.250842624240533, 25.221877034505287, 25.23429734971806, 25.254373508029612, 25.353652615017438, 25.337796020507994, 25.352854749891566, 25.312036471896857, 25.318180338541747, 25.371823798285693, 25.393586900499184, 25.334663560655486, 25.38191731770837, 25.37801547580301, 25.455319892035693, 25.49289957682301, 25.46422085232217, 25.461867607964525, 25.485469224718013, 25.575810072157196, 25.560776095920215, 25.621966213650314, 25.560126749674527, 25.571167670355994, 25.585668267144154, 25.563182576497486, 25.553422376844747, 25.54130859375016, 25.58313191731784, 25.607317097981902, 25.615086195204185, 25.609493679470575, 25.600610351562654, 25.565597534179783, 25.65694240993933, 25.564893595377725, 25.60933871799053, 25.617598809136457, 25.604965549045232, 25.6050225151911, 25.550472005208462, 25.551265123155513, 25.5141587999132, 25.530341932508765, 25.55198194715725, 25.57609388563382, 25.58595750596798, 25.510301378038264, 25.55342508951831, 25.540597873264044, 25.501189846462733, 25.516103786892455, 25.51399773491761, 25.539533487955833, 25.51094733344191, 25.452804565429762, 25.421598646376008, 25.437414211697178, 25.475790066189347, 25.48006523980041, 25.493950398763086, 25.46537679036466, 25.421370103624245, 25.39413180881077, 25.405852932400308, 25.401263766818715, 25.279143269856927, 25.33547261555994, 25.332527669270934, 25.320374891493184, 25.25423651801225, 25.248941040039124, 25.195642089843815, 25.228711615668526, 25.286420355902862, 25.291981336805616, 25.23259548611124, 25.216515435112985, 25.163371107313406, 25.12924126519103, 25.13964029947927, 25.12028944227444, 25.073706732855953, 25.132022094726665, 25.17551405164939, 25.109133911132915, 25.081231350369023, 25.013974677191943, 25.049374050564285, 25.07664388020841, 25.096762763129465, 24.99419318305129, 24.937843492296167, 24.93924187554264, 25.02379150390641, 25.038413153754465, 24.975925360785652, 24.89622599283862, 24.88777770996101, 24.987236531575622, 24.932741631402028, 24.856852891710123, 24.78259243435343, 24.8053134494359, 24.866019354926284, 24.82092115614169, 24.798076375325632, 24.747673204210155, 24.813810560438487, 24.879817369249224, 24.861587185329956, 24.774559529622504, 24.685775078667557, 24.700125800238784, 24.848745727539153]}