{"latitud": 10.1577, "longitud": -74.4583, "radiacion": [31.181668429904636, 31.23715684678831, 31.23699578179266, 31.209286499023506, 30.97405429416246, 31.221532864040892, 31.107554796007076, 31.026921929253586, 31.173091973198837, 31.06243794759119, 31.31295979817719, 31.292729695638172, 31.295914374457613, 31.288473510742296, 31.0449601915149, 31.37659912109376, 31.348747762044336, 31.250025770399418, 31.329573906792707, 31.045933702256985, 31.329290771484526, 31.323864067925417, 31.411564466688503, 31.613234795464507, 31.4007853190105, 31.599531046549544, 31.733294677734495, 31.714240858290054, 31.797310723198922, 31.612196180555674, 31.98991088867196, 32.05395473904093, 31.95607096354176, 31.929678005642455, 31.8481770833334, 32.309201727973196, 32.35656500922314, 32.266975572374214, 32.315218438042656, 32.22896864149315, 32.56113789876313, 32.60209282769106, 32.56393025716159, 32.62840745713985, 32.5496229383682, 32.73203701443151, 32.72653266059039, 32.81644829644106, 32.7942674424915, 32.602981228298724, 32.92186245388459, 33.056996324327315, 33.08418511284733, 33.151490275065235, 33.019489542643306, 33.31254882812507, 33.2601874457466, 33.30705396864158, 33.33005913628481, 33.230598280165, 33.3999081081815, 33.4094930013022, 33.35042521158859, 33.329212782118134, 33.3123063829211, 33.59348754882825, 33.632615492079104, 33.557682630750925, 33.51865641276047, 33.45623881022141, 33.678503417968805, 33.69167277018234, 33.69731106228312, 33.638456217448, 33.517485555013046, 33.76685384114597, 33.85116068522141, 33.90138753255212, 33.90086568196625, 33.75504252115894, 33.840706719292655, 33.83621249728748, 33.83083733452704, 33.8902682834202, 33.72172037760424, 33.88454589843758, 33.80342068142367, 33.76513298882386, 33.68717447916678, 33.5393524169923, 33.70901048448354, 33.67808532714853, 33.7155066596139, 33.74910108778224, 33.6871836344402, 33.89733039008257, 33.90508049858952, 33.88919643825966, 33.76450263129349, 33.49014078776046, 33.66636420355917, 33.658702596028796, 33.64830288357221, 33.49239773220495, 33.23101433648012, 33.46741163465723, 33.396000501844696, 33.3834472656251, 33.35609198676227, 33.16977844238297, 33.33436075846362, 33.307389322916755, 33.2517147488065, 33.32736239963117, 33.315570746527875, 33.40785115559911, 33.523498535156364, 33.51939425998273, 33.45043470594635, 33.17827046712248, 33.35484754774319, 33.23383416069896, 33.1135596381294, 33.12462361653659, 32.98393283420145, 33.152021620008746, 33.11000061035162, 32.93302408854178, 32.85387132432735, 32.81732720269107, 32.86934848361551, 32.906594170464494, 32.78089870876742, 32.709071858724066, 32.49920756022144, 32.59078742133253, 32.60921461317283, 32.74190979003919, 32.735315619574806, 32.513703748915056, 32.62606777615025, 32.57769402398018, 32.44986911349836, 32.306817287869045, 32.34700385199657, 32.56454332139771, 32.63316379123273, 32.4419063991971, 32.40257975260423, 32.224264865451424, 32.50168423122846, 32.7723554823134, 32.78921949598532, 32.67298075358087, 32.51534966362859, 32.515910847981864, 32.493112521701484, 32.46781107584648, 32.54075554741761, 32.32559848361558, 32.46126166449661, 32.5025672064888, 32.5389187282988, 32.29156934950098, 32.00728658040375, 32.318656751844664, 32.33975931803392, 32.38613450792118, 32.53749254014765, 32.63299424913206, 32.824056667751826, 32.82509087456608, 32.73814425998271, 32.805188666449716, 32.93415730794285, 33.12590603298622, 33.058426920573005, 33.13013678656682, 33.24124247233078, 33.21034206814246, 33.31711018880219, 33.40058458116329, 33.489150661892495, 33.30652872721365, 33.11783854166678, 33.213429090711905, 33.20174221462685, 33.34817911783864, 33.279631551106796, 33.20165676540804, 33.36110975477442, 33.4890458848742, 33.484644232856, 33.50853576660163, 33.38692999945757, 33.66334703233522, 33.57377726236992, 33.41254102918847, 33.400399780273595, 33.391356743706716, 33.66048889160171, 33.710016886393326, 33.68937377929698, 33.68576761881527, 33.466832478841205, 33.5990614149307, 33.598226589626755, 33.52600708007818, 33.67957933213986, 33.42650214301225, 33.215213690863756, 33.040968153211885, 33.04586791992199, 33.073815917968865, 33.16432732476138, 33.283523220486224, 33.445570882161554, 33.3871022542319, 33.41463351779529, 33.25162387424056, 33.36976725260431, 33.47169562445754, 33.56521911621106, 33.52404785156258, 33.28149414062509, 33.36185641818583, 33.26815761990023, 33.16443583170584, 33.23560214572492, 33.1093183729385, 33.11375495062945, 33.066730753580906, 33.08901333279092, 33.01517673068596, 32.80686679416243, 32.9254862467449, 32.91101481119794, 33.03171386718761, 33.04366861979177, 32.83449435763907, 32.958556450737944, 32.753215535481864, 32.527013481987886, 32.437464735243225, 32.30975443522143, 32.367692735460196, 32.235338677300376, 32.38041178385422, 32.311385769314334, 32.152715386284854, 32.26787753634994, 32.43659566243499, 32.39894510904958, 32.29828525119361, 31.989491441514833, 32.147210693359476, 32.01557685004343, 31.83058505588116, 31.704017130533927, 31.47354736328134, 31.463977050781352, 31.425454711914124, 31.209159003363784, 31.088721042209347, 30.893109130859518, 31.148303561740537, 31.28018154568152, 31.21304762098532, 31.05785895453573, 30.915443250868083, 31.081028917100827, 30.880767483181483, 30.733891465928895, 30.58155076768668, 30.49929538302962, 30.664301554362094, 30.60971442328571, 30.48411322699663, 30.419275241428068, 30.39683464898015, 30.543947686089535, 30.481657579210168, 30.347028605143333, 30.20626797146279, 29.988044908311775, 30.15168219672326, 30.274117363823905, 30.185852728949765, 30.04241570366766, 29.861412896050467, 29.869934760199765, 29.893713717990522, 29.93556484646278, 29.89816419813377, 29.746277533637226, 29.864330376519302, 29.85228542751749, 29.710363769531302, 29.669827609592176, 29.42096116807738, 29.53834635416675, 29.564346652560914, 29.406581285264906, 29.396635267469662, 29.307581244574788, 29.505254787869035, 29.565105862087723, 29.49703640407993, 29.484754435221436, 29.323976982964552, 29.49691942003049, 29.476698811849037, 29.427940199110328, 29.370813666449692, 29.215041436089525, 29.421918063693663, 29.38797709147144, 29.320815022786615, 29.454259914822142, 29.3716250949437, 29.57649366590719, 29.525579155816047, 29.54403211805565, 29.678178575303985, 29.644802856445477, 29.96494649251311, 29.98606906467025, 29.930066257053056, 29.815734185112905, 29.809433661566914, 30.1762101915148, 30.16748046875013, 30.095181274414173, 30.20640801323795, 30.112479994032224, 30.481741333007903, 30.39046054416239, 30.295357598198922, 30.299265882704074, 30.26675652398016, 30.53542141384558, 30.56185946994363, 30.470755004882903, 30.47354566786036, 30.400802951388982, 30.71003248426655, 30.68753696017806, 30.657599216037397, 30.78880242241767, 30.60610419379348, 30.92546318901924, 30.917388916015756, 30.92148946126311, 31.165116712782226, 31.12189975314675, 31.2078928629558, 31.125847371419354, 31.199990166558223, 31.202814398871595, 30.97592942979607]}