{"latitud": 2.2758, "longitud": -75.7991, "radiacion": [18.696690199110304, 18.678344048394138, 18.753967624240545, 18.714463297526134, 18.738944837782185, 18.852443440755298, 18.86342468261726, 18.85209655761734, 18.88438991970501, 18.851125759548665, 19.013923136393373, 18.955307006835994, 18.958783298068624, 18.940104166666647, 18.963137817382915, 19.064035034179785, 19.032157389322986, 19.041694132487123, 19.028915066189274, 19.173829820421076, 19.258195665147582, 19.21677720811645, 19.288027954101665, 19.269802856445438, 19.30832383897577, 19.37008802625881, 19.294752671983627, 19.30104234483512, 19.323785061306506, 19.357237074110344, 19.370183648003508, 19.329763454861205, 19.325329928928095, 19.452443101671122, 19.422684054904533, 19.56757168240028, 19.60409715440551, 19.600613403320512, 19.59083285861554, 19.567262437608576, 19.63839518229175, 19.624052259657223, 19.548953586154614, 19.562527804904636, 19.67869059244805, 19.81220906575527, 19.829308742947074, 19.743605889214525, 19.686943562825643, 19.73515794542114, 19.756436835395032, 19.58818834092894, 19.610379028320384, 19.68491414388031, 19.691773139105976, 19.717472330729226, 19.785712687174527, 19.861955769856895, 19.946127997504448, 19.944294908311747, 19.980527411566943, 19.90244344075535, 19.856689453125096, 19.88581848144541, 19.81013251410597, 19.832602945963647, 19.871110704210214, 19.882990519205766, 19.821079508463583, 19.760048082139843, 19.792911444770102, 19.715346950954995, 19.68076714409733, 19.569698418511376, 19.636303032769224, 19.650920274522736, 19.554665459527012, 19.505502997504475, 19.46816168891066, 19.551467217339525, 19.585251532660664, 19.516895209418504, 19.44608866373714, 19.388978407118202, 19.467466566297844, 19.4700032552084, 19.380001491970592, 19.372726101345602, 19.29856296115459, 19.324274020724943, 19.26610276963989, 19.200282118055707, 19.192458767361227, 19.105096096462734, 19.17198384602879, 19.083119710286535, 18.983522542317797, 19.03184305826839, 19.097368028428946, 19.09487372504348, 18.992333645290916, 18.944110446506176, 19.025494384765732, 19.01021321614589, 18.96338636610251, 18.94570990668412, 18.879922146267422, 18.839259168836957, 18.856185574001813, 18.840217081705756, 18.766913180881147, 18.72565816243502, 18.67067159016936, 18.62454562717024, 18.606365966796925, 18.61300930447059, 18.538874986436742, 18.470032077365527, 18.46847873263897, 18.455614217122463, 18.447128634982732, 18.395785522461058, 18.39470384385864, 18.32583991156692, 18.38553331163206, 18.260481431749174, 18.312079874674584, 18.276453653971448, 18.254615953233706, 18.233089192708405, 18.247935994466236, 18.17772928873713, 18.137665473090426, 18.103569878472285, 18.114205593533047, 18.2049845377605, 18.1885175916885, 18.14411214192715, 18.050183783637276, 18.047346666124174, 18.06789720323356, 18.041576809353348, 17.967269219292632, 17.97272304958769, 17.90608147515199, 17.91305779351139, 17.89914076063377, 17.937915039062606, 17.940342542860304, 17.90691223144542, 17.88510911729613, 17.804235500759642, 17.73374023437511, 17.710948011610355, 17.7797149658205, 17.65879211425795, 17.555598958333388, 17.56925591362858, 17.60860968695759, 17.600547281901147, 17.606098090277857, 17.586505466037426, 17.534995524088647, 17.538031344943686, 17.589713202582534, 17.569023980034768, 17.620688544379487, 17.642136637369884, 17.64459567599829, 17.590746053059984, 17.567741224500917, 17.557295057508725, 17.559232923719758, 17.55128885904952, 17.527268473307366, 17.468866984049612, 17.408817206488834, 17.47710164388032, 17.464242892795237, 17.474613783094735, 17.430411105685852, 17.482100762261382, 17.433977254231895, 17.41263393825966, 17.40421074761294, 17.397631157769183, 17.400824991862066, 17.413668484158126, 17.38542209201404, 17.391387261284823, 17.459162394205805, 17.432555135091246, 17.416010877821293, 17.387998453776124, 17.376228162977572, 17.377640787760487, 17.368164062500075, 17.42294786241335, 17.454770914713624, 17.478222317165905, 17.508712429470638, 17.484917195638122, 17.416568671332566, 17.41024881998707, 17.512343004014856, 17.542231241862073, 17.50243767632382, 17.521116468641594, 17.536861504448854, 17.498006523980205, 17.54984266493066, 17.510850355360372, 17.495474582248335, 17.51535169813373, 17.607418484158114, 17.655510796441053, 17.70067884657131, 17.722731187608606, 17.673167588975883, 17.73436618381089, 17.865326605902812, 17.85739101833771, 17.842113579644224, 17.865372382270095, 17.923235405816076, 17.915240139431507, 17.979987589518334, 18.03997192382828, 17.96950208875879, 17.973721991645046, 17.944584825303952, 18.001344807942793, 18.036001925998338, 17.993926662869058, 17.925281778971527, 17.994329833984466, 18.041280788845654, 18.10971272786467, 18.161572265625125, 18.22322116427955, 18.182546997070443, 18.229268391927178, 18.364242553711012, 18.397101508246596, 18.403690253363834, 18.405022176106854, 18.480629475911563, 18.431896294487974, 18.49222751193588, 18.59634195963548, 18.687699720594747, 18.582113308376808, 18.502269151475844, 18.53445570204006, 18.589488050672855, 18.624518500434135, 18.60086602105046, 18.73800794813381, 18.787222290039153, 18.879350450303946, 18.841331990559997, 18.831246270073812, 18.929781087239707, 18.97261047363289, 19.049079386393334, 19.10782538519976, 19.125257025824776, 19.164063856336934, 19.112611897786547, 19.186925252278797, 19.114732191297833, 19.10567864312075, 19.166387261284758, 19.201754421658052, 19.244089423285725, 19.253235541449786, 19.25040690104178, 19.23034362792987, 19.26900838216157, 19.201824951171943, 19.133803643120814, 19.2209679497614, 19.288299899631244, 19.377775743272668, 19.45590684678831, 19.373264227973152, 19.300193277994936, 19.223183865017422, 19.312185329861183, 19.38230523003483, 19.40653449164508, 19.395802815755342, 19.429335530599, 19.400581190321287, 19.411719428168453, 19.421375868055595, 19.41538085937513, 19.402800496419406, 19.389936319987026, 19.41025153266071, 19.41130099826402, 19.41400587293843, 19.345806884765768, 19.321290079752714, 19.370053778754407, 19.393212551540916, 19.374586656358606, 19.39597778320321, 19.44795091417111, 19.46810336642805, 19.455978393554762, 19.36279025607655, 19.340245564778723, 19.381818305121595, 19.31514926486555, 19.299195692274452, 19.312599012586833, 19.26495598687082, 19.32939520941858, 19.4104471842449, 19.30235493977879, 19.27336561414948, 19.15907999674486, 19.25792236328141, 19.21487867567286, 19.10033806694899, 19.150958591037483, 19.130575900607727, 19.1275946723091, 19.104573567708467, 19.113265652126795, 19.07743937174496, 19.00081821017801, 18.94561225043414, 18.909978908962785, 18.994772677951516, 18.99491407606348, 18.962672593858542, 18.86721801757824, 18.82810770670585, 18.950260755750985, 18.848510403103376, 18.76360270182302, 18.71590203179261, 18.752873399522684, 18.799074978298734, 18.752996826171984, 18.60989617241764, 18.629409111870757, 18.679196166992273, 18.78066406250012, 18.681160142686753, 18.636910332573887, 18.614025200737956, 18.5981526692709, 18.67037896050353, 18.659368557400324, 18.69393446180565, 18.682065497504443, 18.609172566731882]}