{"latitud": 0.8572, "longitud": -76.1776, "radiacion": [24.717141723632853, 24.81685553656693, 24.881257798936645, 24.759221055772702, 24.786929999457584, 24.966764322916788, 25.016441514757048, 25.083377414279614, 24.99155171712249, 24.886396620008764, 25.065121120876807, 25.072242228190248, 25.08872172037769, 25.164351738823864, 25.011714680989655, 25.124393039279635, 25.183349948459277, 25.20077209472665, 25.217536078559135, 25.25836893717457, 25.330150010850787, 25.385903591580018, 25.506285942925402, 25.437283325195455, 25.326964653862905, 25.431886800130297, 25.55406833224841, 25.554208374023556, 25.51044514973974, 25.343759494357755, 25.429940456814336, 25.465174018012267, 25.498231336805627, 25.493212212456708, 25.472836981879457, 25.557240464952415, 25.566294352213635, 25.613281589084277, 25.554922146267476, 25.487775675455868, 25.594822523329054, 25.650210232204927, 25.697387017144177, 25.61933966742627, 25.589645046658106, 25.67356126573361, 25.724701944987093, 25.76732855902789, 25.633735487196287, 25.522051323784847, 25.57809889051659, 25.449493408203207, 25.430107964409867, 25.56171705457905, 25.501534695095568, 25.59697333441858, 25.684308200412413, 25.760187445746624, 25.74504699707042, 25.686387464735333, 25.738587782118127, 25.717186482747536, 25.71133592393674, 25.719927300347365, 25.634160359700598, 25.62611863878048, 25.581012980143367, 25.589501953125062, 25.546924845377664, 25.440318128797838, 25.415245225694605, 25.42672356499577, 25.345418972439347, 25.381698947482718, 25.386017862955782, 25.2987508138022, 25.27076890733514, 25.239823065863845, 25.26432630750884, 25.229856363932395, 25.224681260850787, 25.236751641167626, 25.275653415256084, 25.227442762586918, 25.078196885850826, 25.035353936089564, 24.93173624674493, 24.9408257378473, 24.92565171983519, 24.898884073893328, 24.887698025173716, 24.885512288411537, 24.800055609809174, 24.793390909830844, 24.707594807942808, 24.65818888346365, 24.660093858507008, 24.635723198784902, 24.68997158474404, 24.718706936306507, 24.614629448784854, 24.514100816514844, 24.616903347439308, 24.586499701606026, 24.550546942816897, 24.470811292860333, 24.532271999783063, 24.512671237521772, 24.47175598144541, 24.42313910590288, 24.3688096788195, 24.256951565212734, 24.21894090440541, 24.189533827040066, 24.14364691840289, 24.09182332356778, 24.055525377061752, 24.039559258355187, 24.038306681315248, 23.98244866265198, 23.9842051188152, 23.93055386013468, 23.889067247178883, 23.825483873155406, 23.80728285047756, 23.789857991536582, 23.77204928927959, 23.767440117730114, 23.798114691840436, 23.721286688910634, 23.666955566406312, 23.593364800347313, 23.623892211914193, 23.65323621961816, 23.649490356445444, 23.668179999457607, 23.646100870768333, 23.649898952908092, 23.594414944119006, 23.589503987630298, 23.526872083875958, 23.519169108073033, 23.51485460069453, 23.536617024739694, 23.4817325168187, 23.38216620551232, 23.42076789008263, 23.492427232530456, 23.54845852322063, 23.541503906250153, 23.367423163519998, 23.323258463541816, 23.295124986436747, 23.276477389865573, 23.232320149739717, 23.1770294189454, 23.166634792751818, 23.19986572265638, 23.163577609592135, 23.20694681803396, 23.20346442328571, 23.161860148112073, 23.09565734863287, 23.19978535970061, 23.26717359754785, 23.241318427191953, 23.27710808648015, 23.29346686469194, 23.291299099392518, 23.158193969726597, 23.11886867947061, 23.189936319987073, 23.24584418402789, 23.175384860568652, 23.113344319661547, 23.035997856987933, 22.986678398980114, 23.089002482096493, 23.113955349392466, 23.145620727539193, 23.096735975477525, 23.11511942545589, 23.15008985731349, 23.08689643012167, 23.088967217339587, 23.0955308702258, 23.16905348036035, 23.105584038628574, 23.084920247395946, 23.145247056749213, 23.1623267279732, 23.20717671712252, 23.238748508029705, 23.13449300130219, 23.16617906358522, 23.120368448893316, 23.197673543294286, 23.21579318576401, 23.172683037652046, 23.22529602050791, 23.23291863335515, 23.213677639431527, 23.285806952582618, 23.301968722873386, 23.294780137803894, 23.279790242513155, 23.30498046875012, 23.34522772894975, 23.34151577419713, 23.328188069661564, 23.387744479709323, 23.417904663086045, 23.475462171766594, 23.46762424045147, 23.434176974826453, 23.49642944335945, 23.529613240560007, 23.543862236870762, 23.604563734266566, 23.639876302083394, 23.674428982204972, 23.730741373698056, 23.690543280707573, 23.679062567816953, 23.740056355794405, 23.76920640733522, 23.77483147515206, 23.812379625108615, 23.83625556098097, 23.762040879991407, 23.75851169162333, 23.783708360460157, 23.802621459961074, 23.795677354600816, 23.800951131185002, 23.763130696614667, 23.914893595377787, 23.975385538737026, 23.95910000271279, 23.963835313585093, 24.05572136773003, 24.18136325412333, 24.236020236545205, 24.21924811469194, 24.211434258355155, 24.21233859592017, 24.2947058783638, 24.297344970703268, 24.30314297146278, 24.349158053927983, 24.391225518120734, 24.38546278211813, 24.31458977593333, 24.345674641927207, 24.416095648871607, 24.464392768012242, 24.468935818142466, 24.480511135525223, 24.515695190429767, 24.60873040093323, 24.56728583441848, 24.583362155490494, 24.681872897678073, 24.78996988932306, 24.87019653320319, 24.946058485243174, 24.966261121961924, 25.02475416395407, 25.03348422580306, 24.963534884982817, 24.911926608615584, 24.97752244737427, 25.059445190429773, 25.02718709309907, 25.043713039822137, 25.153012763129464, 25.0502044677735, 25.03419494628915, 25.020382351345592, 24.901883951823056, 24.945243665907167, 25.05361463758688, 25.130619303385572, 25.24638231065548, 25.244076199001807, 25.21951260036904, 25.137271796332602, 25.055584377712744, 25.160158284505354, 25.22076246473542, 25.276488240560013, 25.285073852539238, 25.274767388237976, 25.204108344184153, 25.250232611762215, 25.264100138346425, 25.22774997287335, 25.259787326389034, 25.21565856933597, 25.24762403700093, 25.20082431369366, 25.176132541232732, 25.158116319444463, 25.175547620985338, 25.193236965603393, 25.269213867187585, 25.245439656575613, 25.249054294162438, 25.230670166015745, 25.25807054307728, 25.18192443847668, 25.23958740234383, 25.187306722005243, 25.190304904513955, 25.201437038845558, 25.113330078125045, 25.166680569119, 25.168278333875985, 25.19466078016499, 25.22074449327268, 25.182794867621606, 25.21194458007824, 25.16439039442281, 25.176722886827367, 25.047637261284876, 24.970399305555684, 24.990543958875985, 24.9954023573135, 25.019782172309117, 24.9986843532987, 25.01101921929266, 25.005813937717036, 24.981711493598194, 24.89595201280387, 24.834167819553027, 24.86332533094628, 24.95888163248706, 24.971384006076466, 24.87512376573356, 24.848644002278775, 24.925708685980965, 24.846211751302217, 24.84732191297755, 24.80581156412768, 24.79593675401486, 24.75897284613734, 24.719635348849863, 24.697643364800456, 24.652511257595563, 24.619809638129393, 24.782164510091246, 24.780899386935875, 24.711055501302194, 24.745579359266646, 24.67864447699664, 24.750697157118168, 24.727274237738754, 24.818759833441977, 24.829346720377714, 24.63542819552964]}