{"latitud": 4.0046, "longitud": -76.4167, "radiacion": [19.215140787760504, 19.227017550998404, 19.207471720377686, 19.206614176432407, 19.279799058702316, 19.250512017144217, 19.143201700846475, 19.203840128580868, 19.25588548448362, 19.227383761935886, 19.23297831217464, 19.156289333767443, 19.21280653211814, 19.078163316514864, 19.1774149576824, 19.246388414171104, 19.13658311631963, 19.191014607747473, 19.188515896267457, 19.244938829210167, 19.209443495008788, 19.12987331814251, 19.19464450412333, 19.110958862304795, 19.17044067382824, 19.200009494357783, 19.152559068467973, 19.19887356228304, 19.28830735948365, 19.32394307454437, 19.394889662000935, 19.258378770616464, 19.27804497612861, 19.27808057996975, 19.33051554361983, 19.52217746310775, 19.405598280165066, 19.36348876953137, 19.368525526258775, 19.422917683919348, 19.49319051106774, 19.38887871636295, 19.444153849283968, 19.346369425455805, 19.44470926920576, 19.524051920573072, 19.478395589192775, 19.527824571397634, 19.499692789713663, 19.490143161349938, 19.58273078070755, 19.60929158528656, 19.60825873480913, 19.602656724717956, 19.70004713270409, 19.614676581488844, 19.53964063856347, 19.570598687066042, 19.625303480360362, 19.620314195421145, 19.563594224717953, 19.546702745225762, 19.525072564019183, 19.5199249267579, 19.670294189453255, 19.66708780924493, 19.686941867404602, 19.63953552246109, 19.581177096896813, 19.558256361219737, 19.5165022108291, 19.559015570746606, 19.60761617024743, 19.52958475748706, 19.596011691623385, 19.676013183593852, 19.650571356879425, 19.66679450141072, 19.6908220079211, 19.733290608724115, 19.809092881944522, 19.71266750759558, 19.70128445095501, 19.63811543782566, 19.708055623372484, 19.670903862847336, 19.62241448296449, 19.695080905490574, 19.7076833089194, 19.659570312500097, 19.62571682400181, 19.744518364800474, 19.783237711588697, 19.723270670573054, 19.768800184461877, 19.837860785590372, 19.799212985568715, 19.80672437879785, 19.87190178765199, 19.7927632649741, 19.815157741970513, 19.786034817165916, 19.828058878580805, 19.764767795138994, 19.816810777452343, 19.79325764973972, 19.791868421766633, 19.836107720269144, 19.804201592339552, 19.82133110894108, 19.857581922743197, 19.85476582845062, 19.910968356662448, 19.91544664171018, 19.8532847086589, 19.850387573242266, 19.85712992350267, 19.857912190755275, 19.851020982530468, 19.92647162543409, 19.97214558919283, 19.924092949761377, 19.92326151529956, 19.860301038954105, 19.954161580403763, 19.984908379448843, 19.940997992621647, 19.93761121961819, 19.941143120659813, 20.006375800238857, 20.045336235894165, 19.982945421007077, 19.89308132595492, 19.824083116319553, 19.820408121744833, 19.94772745768243, 19.962536282009655, 19.853011406792614, 19.820138210720586, 19.818572998047063, 19.86956075032568, 19.82356465657563, 19.760762532552178, 19.785545518663337, 19.92887810601142, 19.860417344835202, 19.79284125434045, 19.78451978895409, 19.818105061849053, 19.87227681477871, 19.954009670681444, 19.944408162434968, 19.8701629638673, 19.810542127821275, 19.86408623589413, 19.88858744303396, 19.85371297200525, 19.81534762912334, 19.8078887939454, 19.84480895996099, 19.80225796169716, 19.713119845920232, 19.653501383463702, 19.652045694987084, 19.69608323838988, 19.748327297634717, 19.75522325303835, 19.78394165039066, 19.87031012641067, 19.908342827691076, 19.804553900824754, 19.76825256347659, 19.81186557345931, 19.830340576171995, 19.838339911566948, 19.862381998697987, 19.85546468098973, 19.904041205512254, 19.89132181803389, 19.84617987738729, 19.881986151801357, 19.910856797960076, 19.803129069010563, 19.71759474012593, 19.79330342610689, 19.861231486002755, 19.825096299913337, 19.83002454969625, 19.92362569173186, 19.902165730794383, 19.911508178711074, 19.941094292534785, 19.87681104871975, 19.84917568630654, 19.966337754991496, 19.99417351616766, 19.922782728407203, 19.883090888129516, 19.905117797851688, 19.90182088216157, 19.914127943251003, 19.907845730251854, 19.82691989474838, 19.84386020236555, 19.974592759874213, 20.023860677083444, 19.95459628634997, 19.994578043619867, 19.9944288465713, 19.943311225043452, 19.895207044813503, 19.883802964952395, 19.823691474066965, 19.86352471245679, 19.87844645182302, 20.023805406358633, 20.058846706814393, 19.9151963975695, 19.86847737630215, 19.823961724175412, 19.86103040907123, 19.880558946397645, 19.86533203125009, 19.82184244791677, 19.813635932074742, 19.771070014105987, 19.793623182508725, 19.852898830837773, 19.828487141927194, 19.75963372124579, 19.675052897135476, 19.675758531358593, 19.675967407226647, 19.769284735785735, 19.774660576714513, 19.790001763237928, 19.816356743706724, 19.82466871473535, 19.83709954155819, 19.812564425998346, 19.73774922688811, 19.635192871093825, 19.677130466037415, 19.69626125759559, 19.62607896592893, 19.56153903537332, 19.580338541666794, 19.603333197699744, 19.633324856228416, 19.569819471571268, 19.6037682427301, 19.587353515625125, 19.57732170952706, 19.588764105902936, 19.526286824544382, 19.497371419270888, 19.503067694770092, 19.559248521592945, 19.41404588487427, 19.354497612847354, 19.342527940538275, 19.32078653971367, 19.321051025390773, 19.30466206868501, 19.323390367296117, 19.28019171820756, 19.29396803114156, 19.3002129448786, 19.303697713216252, 19.309929063585155, 19.293884955512226, 19.317053222656345, 19.24909701877175, 19.273871188693686, 19.28512301974833, 19.29769660102009, 19.231029595269224, 19.258185492621635, 19.33021341959638, 19.28432617187512, 19.271261596679818, 19.244186740451557, 19.218491617838634, 19.160148790147655, 19.17254096137164, 19.194063313802133, 19.139393446180634, 19.102620781792627, 19.0774353027345, 19.086780463324697, 19.063416544596443, 19.05069342719194, 19.041467285156312, 19.06869778103307, 19.026135592990574, 19.078187052409003, 19.06818406846799, 19.02477043999581, 19.07314351399752, 19.032242499457652, 19.07369316948791, 19.041674465603325, 19.002956475152036, 18.931610785590426, 18.97914394802528, 19.010352579752674, 19.016962348090356, 19.032377115885538, 19.006914605034865, 18.951519097222313, 18.95484686957476, 18.974336751302115, 18.929823133680692, 18.947634887695454, 18.86307474772148, 18.860350206163275, 18.939933607313492, 18.964066229926306, 18.93003573947495, 18.98893500434038, 19.01979336208774, 18.994595336914205, 18.97737765842021, 19.037537299262322, 19.074957953559192, 19.082587009006147, 19.103101603190282, 19.05036112467455, 18.96666022406697, 18.970880126953208, 19.077686225043504, 19.023899671766628, 19.04669087727869, 19.082626681857715, 19.12637837727874, 19.185316297743253, 19.111824544270956, 19.14103224012598, 19.085403781467164, 19.047500949435857, 19.067326185438485, 19.025467597113845, 19.05416361490893, 19.017043389214564, 19.068096245659813, 19.153455268012237, 19.158936225043494, 19.188270060221424, 19.135697767469747, 19.05207994249139, 19.10001763237858, 19.168641153971482, 19.156860690646795, 19.230166625976704, 19.220472886827377, 19.355227322048677, 19.355421956380365, 19.291037665473194, 19.223742336697153, 19.246639675564325]}