{"latitud": 10.9376, "longitud": -72.8039, "radiacion": [25.13429734971798, 25.30211622450105, 25.42490437825529, 25.36148579915378, 25.033998277452387, 25.05224575466585, 25.207290988498332, 25.415029907226636, 25.45175238715287, 25.13329806857651, 25.27257113986559, 25.379706488715367, 25.43265245225704, 25.47596672905816, 25.14798143174926, 25.298950873481015, 25.43929273817281, 25.507751464843825, 25.543587239583474, 25.31712205674923, 25.434586249457578, 25.509592352973243, 25.639635213216252, 25.675019666883752, 25.43480224609387, 25.491609022352538, 25.752078925238834, 25.935163031684112, 25.9195773654515, 25.71530863444023, 25.91015150282131, 26.080988905165004, 26.163949924045237, 26.18319736056871, 25.9690304226347, 26.067731051974874, 26.214346652560852, 26.26252882215719, 26.267526584201466, 26.01921895345056, 26.14242994520409, 26.354654947916824, 26.55446743435338, 26.581786431206712, 26.425163777669336, 26.37954779730912, 26.49305589463982, 26.744050089518357, 26.763745795356062, 26.560060967339535, 26.646996731228455, 26.907903713650285, 27.113014390733554, 27.158878241645084, 26.880339898003587, 26.87586805555564, 26.963396538628615, 27.219962226020016, 27.32612033420145, 27.156441582573887, 27.1217278374567, 27.229625786675438, 27.312570190429785, 27.360317993164244, 27.24316168891077, 27.339024183485378, 27.450643242730166, 27.54010281033004, 27.478254191080833, 27.280723402235328, 27.320385403103426, 27.60023057725711, 27.747196112738834, 27.677722846137254, 27.542947387695392, 27.647118123372575, 27.833356391059095, 28.086354573567842, 28.078382364908972, 27.759846327040027, 27.693267822265682, 27.74755825466595, 27.869308471679783, 28.013033379448853, 27.94308200412337, 27.855546061198126, 27.90507032606348, 27.97706705729176, 27.931696573893323, 27.70144856770848, 27.702158270941936, 27.89129503038205, 28.05561082628046, 28.171494547526095, 28.126663208007944, 28.362118869357783, 28.582245890299607, 28.573865085178056, 28.551370239257874, 28.230945841471478, 28.177555677625985, 28.287795342339468, 28.432695855034865, 28.42037116156693, 28.151486206054773, 28.27494099934906, 28.465617879231882, 28.572607421875052, 28.495801459418487, 28.275847710503587, 28.394442070855103, 28.484584214952367, 28.503899129231897, 28.50949435763901, 28.255663045247516, 28.325948418511455, 28.59462653266068, 28.77347005208342, 28.75059441460515, 28.431410725911558, 28.32505696614599, 28.351128133138143, 28.431892564561718, 28.464212714301272, 28.17085808648011, 28.13595208062075, 28.20348442925361, 28.258047146267455, 28.164142184787426, 27.930796305338617, 27.8760172526043, 27.99376661512596, 28.164601304796083, 28.192673407660646, 27.9590345594619, 27.96213412814681, 28.077001953125073, 28.25632798936645, 28.219294569227543, 27.978152465820397, 28.072932603624263, 28.080206976996653, 28.08434176974841, 27.984873114691954, 27.78415086534305, 27.856098090277897, 27.894091457790903, 27.965870157877646, 27.943017578125097, 27.805471123589466, 27.938766818576465, 28.12447916666675, 28.270702107747507, 28.245218234592187, 27.8889590793187, 27.918569268120716, 27.958558146158946, 28.058212958441953, 28.03307020399313, 27.722141859266515, 27.777280002170205, 27.833523898654658, 27.965996297200643, 27.759694078233604, 27.46170349121108, 27.49710693359384, 27.638762071397633, 27.747803412543533, 27.82852613661032, 27.76914198133691, 27.781561618381133, 27.785157606336952, 27.85972425672753, 27.89224650065114, 27.772112019856916, 27.884608629014775, 27.944383748372577, 28.00063883463552, 28.036088392469722, 27.930064222547816, 27.935382080078213, 28.074457126193693, 28.128837754991462, 27.980893283420283, 27.80391337076831, 27.79564175075969, 27.956548733181553, 28.18631150987424, 28.200624254014844, 27.95174730088985, 28.09763624403223, 28.114843410915928, 28.18327670627184, 28.242795138888994, 28.0823187934029, 28.26593831380215, 28.322532145182418, 28.35439656575528, 28.344178602430627, 28.15706651475699, 28.347430759006254, 28.39894273546012, 28.55544840494802, 28.55987040201831, 28.36723463270414, 28.500647989908902, 28.575825670030458, 28.616583591037415, 28.601006740994, 28.361886935763966, 28.295374891493054, 28.309372626410664, 28.45054389105915, 28.48112860785602, 28.34473707411033, 28.424881659613845, 28.629089016384626, 28.655481635199767, 28.719653998480965, 28.49478963216158, 28.566133626302264, 28.63526679144972, 28.74545593261725, 28.77663947211376, 28.56098429361983, 28.678005642361125, 28.698210652669314, 28.744414605034837, 28.860072496202374, 28.651014200846436, 28.591119723849904, 28.60403205023884, 28.6829084608291, 28.62544793023015, 28.301521131727537, 28.371280924479297, 28.51288757324225, 28.70992228190113, 28.83522271050352, 28.570868598090385, 28.67101915147585, 28.5083123101129, 28.504569498698004, 28.397423638237967, 28.29079216851136, 28.40335422092024, 28.473843722873312, 28.6327006022136, 28.7017049153647, 28.605119832356895, 28.58613654242625, 28.542775811089484, 28.753724500868163, 28.776833767361193, 28.498250664605052, 28.4436492919923, 28.36203375922317, 28.313536919487905, 28.273999362521792, 28.09952528211816, 28.166514417860355, 28.2429355197484, 28.16141798231352, 28.01900431315111, 27.855666436089546, 27.965518188476704, 28.037793646918505, 28.041996256510515, 27.908101738823877, 27.818275621202343, 27.927694023980184, 27.825003729926323, 27.78086988661035, 27.64041069878478, 27.311897447374292, 27.462780761718836, 27.444568888346453, 27.520497300889854, 27.50504692925358, 27.428911336263145, 27.434951104058253, 27.394905598958456, 27.453939819336046, 27.344783189561763, 26.970576985677212, 26.922411092122502, 27.007149251302184, 27.179475233290063, 27.197424655490504, 26.91991102430565, 26.865281846788303, 26.895597330729306, 26.98848571777349, 27.03378567165811, 26.770574951171927, 26.77273796929266, 26.754896714952338, 26.765155368381176, 26.762409125434072, 26.486008707682426, 26.397141181098146, 26.371294148763127, 26.371204630533953, 26.31309373643673, 26.190803697374236, 26.201851060655468, 26.34707099066846, 26.42325507269976, 26.404991997612967, 26.180230712890722, 26.07041625976575, 26.16985609266501, 26.244094170464546, 26.132069905599078, 25.901606920030513, 25.86326090494805, 25.96701083713117, 25.979697333441948, 26.003548855251893, 25.906586710612128, 25.799172973632967, 25.869147406684096, 25.97935316297753, 25.932438151041726, 25.78938869900183, 25.805142890082568, 25.928707885742273, 25.932506985134637, 25.888676622178934, 25.651255289713692, 25.637309434678873, 25.796127997504453, 25.921193779839598, 25.9099558512371, 25.618363104926306, 25.569827609592057, 25.701811726888156, 25.804213121202356, 25.76066148546016, 25.583055284288246, 25.459224785698876, 25.56785074869801, 25.586299981011354, 25.54662441677533, 25.241768391927167, 25.211817423502755, 25.310258314344765, 25.366525268554785, 25.285255262586855, 25.107338799370684, 25.15171305338551, 25.335205756293476, 25.47808125813816, 25.42024298773887, 25.252428181966252, 25.22428894042982, 25.339959377712777, 25.496389092339484, 25.41732618543843, 25.12620951334649]}