{"latitud": -3.7288, "longitud": -70.6826, "radiacion": [25.726759168836963, 25.694577365451476, 25.73105265299493, 25.771350097656352, 25.84387207031263, 25.766119045681553, 25.829731580946277, 25.83108757866762, 25.839885457356914, 25.842434014214536, 25.840383572048705, 25.86630689832907, 25.92322319878478, 25.92959865993936, 25.98021206325969, 25.985459391276134, 25.93440856933597, 25.918353610568676, 25.98256530761726, 26.036029052734477, 26.05581325954874, 26.097421603732794, 26.092349243164204, 26.049922688802173, 26.08445265028227, 26.084923638237967, 26.10985039605045, 26.103229098849926, 26.100967068142513, 26.101371256510504, 26.06253628200966, 26.117550998264033, 26.13826836480045, 26.192237684461855, 26.2099005805123, 26.264526367187596, 26.247690158420255, 26.270505099826476, 26.29373033311644, 26.23776346842459, 26.282165866428006, 26.291732788086033, 26.318854777018316, 26.335958184136416, 26.29270765516507, 26.30770331488721, 26.312649536132938, 26.28756679958777, 26.256035020616498, 26.231954956054818, 26.239446004231848, 26.260684204101626, 26.278437974717992, 26.261806572808364, 26.312021891276135, 26.320225694444577, 26.345049370659808, 26.307262505425495, 26.382645331488806, 26.41830478244371, 26.350904676649368, 26.342090182834344, 26.35947977701835, 26.34482218424489, 26.360650634765705, 26.29069112141936, 26.273873562283125, 26.27734035915813, 26.312401326497536, 26.25614284939248, 26.249971516927207, 26.232544623481015, 26.216034952799607, 26.17863091362862, 26.251098632812596, 26.195705498589536, 26.16159769694019, 26.11222601996538, 26.150317382812585, 26.10988464355478, 26.09872233072927, 26.083155314127755, 26.121720716688476, 26.0898579915365, 26.048248969184158, 26.060424126519177, 25.97691786024319, 25.928216213650234, 25.892606608073, 25.9148430718317, 25.881902737087767, 25.8809946695964, 25.83792046440982, 25.853268093533032, 25.8096184624567, 25.799740939670244, 25.828024631076364, 25.787231784396813, 25.792662896050448, 25.808650037977575, 25.78239203559038, 25.793546210395032, 25.778288777669292, 25.749014282226693, 25.765914238823882, 25.72155015733519, 25.68481275770415, 25.645193820529602, 25.6373453776043, 25.631180148654607, 25.62243448893234, 25.604418606228403, 25.54477437337249, 25.457509697808252, 25.492525227864707, 25.498415459527013, 25.472928873697942, 25.420160251193597, 25.345607164171124, 25.340639919705, 25.331802707248375, 25.26609259711381, 25.268758477105184, 25.27354702419717, 25.281451076931564, 25.258661227756136, 25.27581007215728, 25.23008185492635, 25.241808403862876, 25.185981580946287, 25.149522908528752, 25.12540147569452, 25.11762017144103, 25.09227701822931, 25.092700534396766, 25.05391370985247, 25.059039645724948, 24.98757358127178, 24.963285658094662, 24.974696519639867, 24.97286139594193, 24.96791619194886, 24.97526957194022, 24.909897867838612, 24.92539672851571, 24.87266472710519, 24.88569505479603, 24.884961954752743, 24.774173312717153, 24.78680318196626, 24.779485066731883, 24.729858059353393, 24.73916592068152, 24.659259033203245, 24.722433132595597, 24.68631591796884, 24.729810248481, 24.72822909884987, 24.62129516601569, 24.6223436143664, 24.610717434353376, 24.64062398274753, 24.598706393771845, 24.55669555664078, 24.614510091145934, 24.617564561631998, 24.615102471245752, 24.59367201063378, 24.572702026367285, 24.62009243435345, 24.621590847439336, 24.608952162000946, 24.551319715711866, 24.62112358940986, 24.70229593912768, 24.696816677517443, 24.615602620442854, 24.59237365722665, 24.57406819661469, 24.533233981662377, 24.603857760959272, 24.635591295030434, 24.565872192382926, 24.505640326606, 24.538879733615563, 24.52284613715288, 24.552143012152897, 24.56742485894108, 24.54541354709208, 24.604776340060898, 24.692027791341218, 24.686602105034826, 24.661303032769183, 24.64852159288201, 24.582165866428074, 24.595467122395917, 24.594238959418494, 24.690384589301306, 24.71181911892368, 24.733418104383798, 24.79055345323356, 24.754481675889792, 24.70103556315115, 24.826324801974938, 24.89101664225268, 24.837089708116423, 24.839040798611222, 24.845984903971498, 24.89588114420576, 25.128321329752737, 25.08558858235686, 25.048047553168505, 25.022940741645055, 25.062580362955885, 25.227177598741434, 25.225147501627703, 25.19958258734825, 25.16996595594634, 25.210287814670195, 25.302823893229288, 25.35946553548189, 25.346797688802237, 25.3365766737197, 25.400098334418505, 25.48684353298624, 25.51341722276474, 25.526545545789983, 25.46036444769976, 25.470357259114735, 25.62334391276043, 25.683459133572132, 25.639835272895066, 25.602811008029658, 25.641704305013132, 25.610300699869885, 25.70170830620661, 25.684333631727515, 25.78843892415379, 25.837468465169366, 25.919366794162404, 25.926466539171106, 25.959943644205833, 25.9190951877171, 25.959115939670255, 26.056844414605127, 26.037226359049555, 26.037732950846458, 26.02122802734391, 26.072338189019167, 26.129263644748296, 26.10135599772146, 26.073779975043465, 26.00956488715288, 26.07040812174485, 26.103407457139838, 26.092270575629488, 26.077825588650267, 26.129152425130275, 26.194343397352558, 26.17958306206604, 26.184402804904664, 26.20814514160166, 26.195094468858542, 26.194494967990597, 26.199370320638156, 26.265376112196254, 26.273220486111274, 26.291449652777885, 26.30467258029529, 26.289743041992306, 26.24542778862857, 26.306025865342956, 26.25845574273016, 26.293892415364727, 26.300347900390687, 26.333156331380298, 26.29921434190552, 26.270072428385543, 26.233281792534758, 26.31871202256953, 26.339782036675427, 26.320931667751797, 26.27521294487862, 26.28172302246107, 26.27641906738296, 26.221687486436775, 26.195669216579955, 26.17647433810771, 26.187734646267455, 26.258075968424617, 26.26619567871101, 26.23804219563806, 26.228785196940255, 26.190637207031386, 26.200505235460128, 26.195668199327372, 26.16278211805572, 26.170116509331745, 26.157605658637237, 26.08949551052528, 26.10950792100702, 26.099021742079085, 26.048205227322132, 26.03755764431433, 26.073586697048693, 26.066042751736216, 26.038345336914215, 25.979481336805616, 25.953348117404612, 26.003754001193727, 25.931857638889046, 25.909429931640734, 25.89919670952696, 25.887906222873386, 25.870302666558302, 25.824269951714502, 25.80304768880215, 25.821228705512265, 25.82149556477871, 25.898787773980036, 25.81900465223536, 25.868724229600826, 25.797129313151157, 25.796478610568688, 25.756243896484516, 25.726948038737135, 25.683954535590388, 25.732497490777025, 25.740032958984482, 25.73327670627178, 25.729217529297028, 25.71456163194453, 25.732930162218015, 25.72189161512597, 25.682911512586884, 25.661215549045227, 25.704776000976665, 25.675292290581655, 25.63741217719191, 25.650269911024434, 25.652147420247463, 25.679369439019165, 25.729370117187575, 25.729255845811696, 25.694985283745762, 25.650752088758775, 25.613044569227554, 25.67570529513902, 25.63010016547319, 25.62669270833345, 25.597405666775234, 25.57506510416677, 25.6010077582467, 25.629123602973134, 25.600972493489735, 25.53269687228745, 25.58785298665373, 25.632251654730982, 25.645332845052184, 25.684565904405474]}