{"latitud": 4.6895, "longitud": -73.4685, "radiacion": [15.152601453993176, 15.241909111870768, 15.26011522081175, 15.194003974066922, 15.189169650607804, 15.25081685384121, 15.39473639594191, 15.35048862033428, 15.292337036132949, 15.361554294162431, 15.353809271918522, 15.439865790473183, 15.478894042968856, 15.429975721571319, 15.401735772026996, 15.420726521810005, 15.527314927843008, 15.59180976019968, 15.567544555664199, 15.530093383789165, 15.55061781141499, 15.593784925672802, 15.726191541883813, 15.665216742621604, 15.663314819336032, 15.625113593207573, 15.654211764865542, 15.69828016493066, 15.714757283528762, 15.703958808051311, 15.781173027886402, 15.803476969401174, 15.766521199544378, 15.789311726888153, 15.870442030164972, 15.93032124837248, 16.01612311469192, 16.0254045274523, 16.027521769205805, 16.006054009331688, 16.175333658854242, 16.16071506076393, 16.176995510525273, 16.2505245632597, 16.25179951985687, 16.336228434244827, 16.38388095431867, 16.430183241102554, 16.40170220269107, 16.377007717556562, 16.399415418836856, 16.459652370876842, 16.54270595974405, 16.66477220323363, 16.573623996310857, 16.54223802354615, 16.600285847981866, 16.61836649576827, 16.71012098524314, 16.736178588867347, 16.715321519639833, 16.78824327256954, 16.761784532335184, 16.829397243923722, 16.73983018663201, 16.877983940972303, 16.990149943034016, 17.097195773654658, 16.99485066731781, 16.988361612955867, 17.08694051106782, 17.1689581976997, 17.13078748914946, 17.13980543348534, 17.15232950846367, 17.1075541178386, 17.02767774793847, 17.068973456488834, 17.123229641384608, 17.15584648980045, 17.162098185221453, 17.06082221137164, 17.058786010742324, 17.135878838433275, 17.090276421441065, 17.146115451388976, 17.207905069987135, 17.24184434678828, 17.166957600911587, 17.10883856879347, 17.151939561632048, 17.069543117947166, 17.055532158745773, 17.07513563368074, 17.018860880533925, 17.116203138563492, 17.189455498589457, 17.207132636176254, 17.187955390082568, 17.12753160264765, 17.107235717773523, 17.057642618815255, 17.105533854166747, 17.049689398871635, 17.049378797743145, 17.076109483506986, 17.025806003146858, 17.033442857530456, 16.983239067925393, 16.95561998155394, 17.009773423936775, 16.95926751030828, 16.90835537380654, 16.816473049587746, 16.83927035861554, 16.87343343098962, 16.83443874782989, 16.796258205837734, 16.814829508463674, 16.71500481499574, 16.703474595811695, 16.723455471462803, 16.69508700900616, 16.626166449652885, 16.585388522678084, 16.559960937500097, 16.555973985460128, 16.524433051215357, 16.47630343967027, 16.464287651909803, 16.478087022569543, 16.44392937554265, 16.441420152452356, 16.45336439344631, 16.490054321289147, 16.44767354329436, 16.431253051757892, 16.447901068793517, 16.359190538194525, 16.388708835178118, 16.33793606228316, 16.33596055772578, 16.279743448893345, 16.21402689615898, 16.245463392469656, 16.187479654947992, 16.209105428059974, 16.19003804524753, 16.08831922743059, 16.129220920138987, 16.070373535156364, 16.074761623806598, 16.016147528754384, 16.019736056857727, 16.04671156141501, 15.99504258897582, 15.973483954535729, 15.943969048394232, 15.84731275770404, 15.900030856662491, 15.803633626302258, 15.80747714572495, 15.82735290527355, 15.78684522840725, 15.818982950846495, 15.822472466362967, 15.889035712348212, 15.818005032009637, 15.872056070963614, 15.785162014431572, 15.769489542643308, 15.783053588867253, 15.753240627712842, 15.753421359592133, 15.698568725586048, 15.713135104709314, 15.693838840060986, 15.610043334961025, 15.626009114583459, 15.631645711263085, 15.566330973307382, 15.583088175455808, 15.617328219943696, 15.621117485894198, 15.617233615451502, 15.59062635633694, 15.59127434624581, 15.600543891059166, 15.62861395941845, 15.61928032769102, 15.640280151367202, 15.679669528537431, 15.643917507595594, 15.656032986111219, 15.684790039062571, 15.62913750542549, 15.684308200412431, 15.671165974935036, 15.69459364149312, 15.715044148763164, 15.752174546983573, 15.655755276150293, 15.687874009874257, 15.728828260633824, 15.744438340928886, 15.78130391438818, 15.77426384819887, 15.815817260742278, 15.756094699435835, 15.779345024956664, 15.825657823350753, 15.838593207465351, 15.774036322699828, 15.827239990234526, 15.843932088216263, 15.955254448784805, 15.86800944010425, 15.835564507378535, 15.819412909613826, 15.940896945529667, 15.90103454589854, 16.04508870442724, 16.059429931640768, 15.983838907877725, 16.011778428819543, 16.03447265625012, 16.096435885959277, 16.085084703233615, 16.174820624457556, 16.108452351888104, 16.02194485134559, 16.045129055447187, 16.126439073350753, 16.09184807671454, 16.0549591064454, 16.10250786675357, 16.059370591905463, 16.14653320312514, 16.19883728027355, 16.258799913194554, 16.194658406575666, 16.20552368164069, 16.25101657443584, 16.30259060329871, 16.253736707899424, 16.360824924045158, 16.30180324978312, 16.25163642035602, 16.340442911783953, 16.417245144314354, 16.386702134874174, 16.312263997395934, 16.319826931423734, 16.43377041286895, 16.373294067382933, 16.433708699544354, 16.46872219509559, 16.516912163628586, 16.516387600368983, 16.57400004069022, 16.50081956651483, 16.523599582248323, 16.553300306532208, 16.633510335286513, 16.637859090169474, 16.698462931315152, 16.61931660970066, 16.524114990234505, 16.605024888780463, 16.679688856336913, 16.65181003146709, 16.694767930772645, 16.776896158854374, 16.707906765408115, 16.65995619032128, 16.601135592990584, 16.582892184787397, 16.689697265625096, 16.704341295030492, 16.7661458333334, 16.72251349555135, 16.704057142469747, 16.659719170464523, 16.661194525824783, 16.71254475911466, 16.636346096462773, 16.667917548285647, 16.61008707682303, 16.608546956380337, 16.69262695312517, 16.64020284016946, 16.71261596679695, 16.659207831488857, 16.69371337890637, 16.71561143663202, 16.695332845052178, 16.643714396158902, 16.6428744845922, 16.609139675564318, 16.63103569878488, 16.62833251953138, 16.61229214138471, 16.56509297688812, 16.582552083333457, 16.532455783420232, 16.493980916341286, 16.45212266710079, 16.446065266927178, 16.40684136284733, 16.43723314073363, 16.438131374783023, 16.369994439019194, 16.35232340494802, 16.37651231553828, 16.37015143500446, 16.355106268988816, 16.264002143012288, 16.244683159722303, 16.205644395616428, 16.17600029839417, 16.085435655382053, 15.988306342231018, 15.97854478624142, 16.0159149169923, 16.008489312066047, 15.893159993489652, 15.879455227322202, 15.848502265082553, 15.729232788086088, 15.730099826389013, 15.736435953776114, 15.690087551540936, 15.639227973090348, 15.534548611111157, 15.502645195855186, 15.549024454752724, 15.572198147244004, 15.510882907443658, 15.395756700303991, 15.446523030599053, 15.444515313042643, 15.460891045464544, 15.395742797851634, 15.335076226128516, 15.251500108507097, 15.354684787326468, 15.330510796441066, 15.267801920573087, 15.203335232204912, 15.165495808919426, 15.194206746419392, 15.199847751193678, 15.21845228407136, 15.288385009765761, 15.303064303928048, 15.298248630099883, 15.282676866319642, 15.283593071831755, 15.163587103949814, 15.112036471896866]}