{"latitud": 1.2857, "longitud": -72.36399999999998, "radiacion": [24.574258761935823, 24.558670043945387, 24.565995958116446, 24.626116943359495, 24.68172234429259, 24.682509697808275, 24.70746426052526, 24.66781073676225, 24.70505337185337, 24.75546061197923, 24.767805989583433, 24.767889065212803, 24.801070827908138, 24.950933498806496, 24.91457553439678, 24.891756863064376, 24.902915106879465, 24.872746446397645, 24.99040662977444, 25.07723456488725, 25.03037821451831, 25.02083265516505, 25.09257575141068, 25.199977959527, 25.23562622070324, 25.138001844618163, 25.086188422309096, 25.178667195638145, 25.230207316080794, 25.298327975802994, 25.276901245117283, 25.236309136284792, 25.25283101399752, 25.35425109863289, 25.42320895724839, 25.32980889214419, 25.340716552734477, 25.37841186523447, 25.443668958875946, 25.518471611870797, 25.408531358507048, 25.34900648329011, 25.38448893229175, 25.453318956163212, 25.55387166341154, 25.440494452582584, 25.40439690483947, 25.401500447591257, 25.480664401584267, 25.547428385416747, 25.430060831705834, 25.4092264811199, 25.407584296332516, 25.507986789279602, 25.579333157009653, 25.53562113444025, 25.545165676540893, 25.5894168429906, 25.687956746419314, 25.69715847439242, 25.559813435872552, 25.47795986599404, 25.48447129991331, 25.44892781575523, 25.494700453016552, 25.360966661241417, 25.317051527235417, 25.342768012152913, 25.33018866644977, 25.388098822699817, 25.2838555230036, 25.272761027018362, 25.196236165364684, 25.24056159125439, 25.299315728081726, 25.242398410373386, 25.12014736599404, 25.10345899793843, 25.183741929796042, 25.185364447699783, 25.14102613661036, 25.127068752712756, 25.089610799153736, 25.153732299804762, 25.252573649088657, 25.117292955186713, 25.05671793619803, 25.0332302517362, 25.06446499294722, 25.039165920681494, 25.039965142144165, 25.004717339409883, 24.983492363823927, 25.00142008463551, 25.019890340169354, 24.962113104926306, 25.019987996419413, 24.982099405924583, 24.99424302842893, 25.003429158528775, 24.988257514106028, 24.948987494574737, 24.92084147135429, 24.997291734483554, 24.996432834201432, 24.95185343424483, 24.905832926432463, 24.873337470160646, 24.902440388997547, 24.904054768880258, 24.824115329318715, 24.812560696072108, 24.785872734917575, 24.80593159993496, 24.777438693576528, 24.727600436740527, 24.68198649088553, 24.666516452365556, 24.65797932942716, 24.627454969618174, 24.645712619357766, 24.55418497721371, 24.54160291883691, 24.541203477647628, 24.546987915039228, 24.536648559570363, 24.473207261827326, 24.4532942030166, 24.433708699544393, 24.47386271158869, 24.458865695529635, 24.419313557942775, 24.37643195258255, 24.332477145724926, 24.363185289171174, 24.404365709092986, 24.366336398654596, 24.352528550889833, 24.35306328667544, 24.322168986002737, 24.278011745876807, 24.292282782660703, 24.19803331163202, 24.234070502387226, 24.25981445312512, 24.194804890950667, 24.206348334418596, 24.165643649631175, 24.154985894097308, 24.152208455403752, 24.17060377332905, 24.150866360134653, 24.096697319878615, 24.06198662651923, 24.071428426106895, 24.05637647840719, 24.064136081271783, 23.980315823025233, 24.009517754448876, 23.987780422634614, 23.978928290473164, 23.8968665228951, 23.909940592448056, 23.89308268229176, 23.933096313476693, 23.961989678277064, 23.958614095052116, 23.93833414713559, 23.988513183593852, 23.976866319444582, 23.969976467556535, 23.980795627170153, 23.967007446289227, 23.966379801432367, 23.965075344509653, 23.95253228081604, 23.910632324218852, 23.85978834364164, 23.885129123263937, 23.920953708224904, 23.955307685004414, 23.936655002170294, 23.931225585937625, 23.938966878255314, 23.873662990994003, 23.865168592665025, 23.887801445855132, 23.9106828477649, 23.89561699761299, 23.909463161892422, 23.94833509657131, 23.9190968831381, 23.961543104383793, 23.964110649956712, 23.93712022569457, 23.9223704020183, 23.90273471408426, 23.928246731228437, 23.935906643337734, 23.956483968099064, 23.977900865342992, 23.966688707139877, 23.9683959960938, 23.981622314453205, 24.021781751844703, 24.061716715494885, 24.02559983995231, 23.98585611979176, 24.033054945204146, 24.04858228895407, 24.111216566297816, 24.110532972547883, 24.12218221028657, 24.171194458007943, 24.16108974880649, 24.146478949652913, 24.209602864583477, 24.140322536892445, 24.208458794488006, 24.319444444444496, 24.32418111165373, 24.32164543999579, 24.38524034288203, 24.38035142686643, 24.427041965060862, 24.407642279730982, 24.462027655707573, 24.468821207682424, 24.454175482856005, 24.487114461263143, 24.55546129014768, 24.524099053277027, 24.52953830295151, 24.498472425672826, 24.56392347547757, 24.6261298285591, 24.758335367838622, 24.714048936632064, 24.788933987087734, 24.72493930392801, 24.790053982204938, 24.78637491861993, 24.7905704074437, 24.833232286241373, 24.851443820529614, 24.934806654188435, 24.953140936957595, 24.944711642795237, 24.934907362196252, 25.0023623996312, 25.027991400824778, 25.040984768337808, 24.97725965711815, 24.969243028428938, 25.00272250705306, 24.992159356011314, 24.982286919487976, 25.023415798611172, 25.115965101454037, 25.184570312500114, 25.216808403862938, 25.157094319661553, 25.153398640950627, 25.188482666015773, 25.287284003363805, 25.27730305989591, 25.26254340277785, 25.213773261176375, 25.257069905599028, 25.239037746853437, 25.216407267252695, 25.24761081271716, 25.293041653103405, 25.277447170681473, 25.33500094943584, 25.329683091905395, 25.335330200195433, 25.28490329318589, 25.317913140191042, 25.345140245225803, 25.310364108615584, 25.34407653808603, 25.36183641221794, 25.394463772244023, 25.36935526529959, 25.312121242947153, 25.306730821397636, 25.332167561849076, 25.355940416124213, 25.344105699327333, 25.266868760850816, 25.338711208767524, 25.27669033474403, 25.270414903428918, 25.31251593695769, 25.318607584635558, 25.28879496256521, 25.2954583062067, 25.32292446560344, 25.27834947374144, 25.26840481228309, 25.217720879448848, 25.25063781738292, 25.29655761718762, 25.255888536241418, 25.29626091851141, 25.21659342447928, 25.20419989691855, 25.156703016493186, 25.194743177626037, 25.162523735894222, 25.102644178602514, 25.1299116346572, 25.12317742241758, 25.09713982476137, 25.018155246310872, 25.025600179036473, 25.008489990234484, 25.00339999728743, 25.05762193467886, 25.00617879231773, 24.929569498698072, 24.964866129557397, 24.962960137261387, 24.944399007161604, 24.890502251519194, 24.85034823947497, 24.848385281033156, 24.871712917751793, 24.86522284613729, 24.794615342882043, 24.80492892795157, 24.74290568033865, 24.76109890407993, 24.746061876085246, 24.67955390082477, 24.69696790907123, 24.633156331380253, 24.631207614474913, 24.700873141818743, 24.672815958658987, 24.635018242730098, 24.53520609537772, 24.597454155816063, 24.66963297526054, 24.536864895290915, 24.490686035156404, 24.463633219401117, 24.53489176432303, 24.527312554253513, 24.428896077474025, 24.420862155490607, 24.44334038628472, 24.569662136501847, 24.606299506293492, 24.516144476996658, 24.467949422200604, 24.488349745008936, 24.536396620008777, 24.590838962131176]}