{"latitud": 4.6101, "longitud": -76.34100000000002, "radiacion": [20.875974527994913, 20.883717854817803, 20.899416436089513, 20.812385389540037, 20.8432908799914, 20.82906799316417, 20.836903889973996, 20.8667083740235, 20.897340562608594, 20.813225979275273, 20.81912468804264, 20.81527540418843, 20.84685804579006, 20.766404554579044, 20.776686265733606, 20.774310641818715, 20.773528713650325, 20.806056382921117, 20.8394005669489, 20.811322699652845, 20.774831814236222, 20.821407402886393, 20.908131578233565, 20.795901489257876, 20.784100341796982, 20.829410468207545, 20.82187669542115, 20.934817843967096, 20.93524814181863, 20.951643541124195, 20.986142306857726, 20.978680080837858, 20.990770467122555, 20.880942789713668, 20.910498046875073, 21.048902045356044, 21.03623012966591, 21.02108086480041, 21.081184217665054, 20.997856987847285, 21.085253228081683, 21.054201931423716, 21.126899888780468, 21.024392361111214, 21.139152696397673, 21.191264851888132, 21.132907104492233, 21.189034695095586, 21.257460530599037, 21.21237216525621, 21.187915378146766, 21.275412665473198, 21.314804755316896, 21.350120713975816, 21.341616821289183, 21.31985202365462, 21.26175469292542, 21.315624321831724, 21.35006747775617, 21.260439046224047, 21.200199042426316, 21.22738952636733, 21.24589233398446, 21.15684170193155, 21.29091593424488, 21.25751580132387, 21.293494669596384, 21.310108439127685, 21.30517306857651, 21.183036634657224, 21.19363267686644, 21.251353963216253, 21.320974053277094, 21.22069430881091, 21.23471306694889, 21.329046291775246, 21.357954237196207, 21.39876607259123, 21.37168240017373, 21.4733968098959, 21.49570244683173, 21.41148105197497, 21.427741156684153, 21.343099975586046, 21.368942938910664, 21.343635728624236, 21.34970160590287, 21.40374111599397, 21.38858371310774, 21.329806179470513, 21.336182996961934, 21.420270114474913, 21.509314643012203, 21.438026936849017, 21.484738498263976, 21.548117404513977, 21.50986158582907, 21.56618821885858, 21.553099907769234, 21.493478054470586, 21.539047919379453, 21.542361789279614, 21.58549397786472, 21.506914265950645, 21.54816724989155, 21.513740030924566, 21.517694769965356, 21.54919026692723, 21.55313212076834, 21.538360934787395, 21.60207994249136, 21.582535807291702, 21.660842895507944, 21.687501695421115, 21.673000420464575, 21.637632921007025, 21.619808959960988, 21.62880350748708, 21.609985012478358, 21.643916829427138, 21.734263780382054, 21.711021253797867, 21.675405883789153, 21.711131117079066, 21.82903069390204, 21.75339457194019, 21.724001397026996, 21.76261732313382, 21.74965108235682, 21.794989013671966, 21.81028815375447, 21.813766479492262, 21.76199510362426, 21.6345648871529, 21.667358398437596, 21.694482421875097, 21.73298712836385, 21.658932834201455, 21.62359347873276, 21.61037835015198, 21.755662706163246, 21.614564683702344, 21.582441541883785, 21.598354085286548, 21.748052639431496, 21.71909044053831, 21.62789645724835, 21.593445841471425, 21.630054050021783, 21.65950249565979, 21.746101888020878, 21.731843397352616, 21.65937669542107, 21.58083190917976, 21.632283867730184, 21.652542453342125, 21.650389946831712, 21.62624850802958, 21.560472615559963, 21.63622979058177, 21.572168646918442, 21.578127712673716, 21.52733154296889, 21.470220608181553, 21.497032335069548, 21.507833184136434, 21.497719997829943, 21.50790100097663, 21.51760559082042, 21.580563693576494, 21.542373318142513, 21.44612799750443, 21.494987996419397, 21.53548719618065, 21.62862243652353, 21.626887681749224, 21.608426581488857, 21.641920301649407, 21.59590827094193, 21.52500745985257, 21.532331678602457, 21.58723314073363, 21.485383775499262, 21.50084092881953, 21.615697564019097, 21.6180877685548, 21.573180135091203, 21.569029744466246, 21.572045220269256, 21.571550157335214, 21.578867933485316, 21.571292792426352, 21.581269327799532, 21.52088114420582, 21.63260599772144, 21.67246941460515, 21.651487901475832, 21.577841525607806, 21.51645033094627, 21.609008789062557, 21.57590637207041, 21.591999647352527, 21.544796752929756, 21.559733072916874, 21.65333353678392, 21.68917134602877, 21.670217895507903, 21.66942952473964, 21.666339111328302, 21.66521301269542, 21.620960489908935, 21.606315443250992, 21.591123453776145, 21.63161315917974, 21.684497748480926, 21.73545600043415, 21.707949829101683, 21.627312215169336, 21.583643934461918, 21.572156439887237, 21.624965074327406, 21.626498752170303, 21.64213324652788, 21.589861382378633, 21.60820346408431, 21.585289849175524, 21.614666748047057, 21.63466254340288, 21.573770819770044, 21.52861565483956, 21.505130343967135, 21.515666368272644, 21.519270833333508, 21.57522040473096, 21.60989345974404, 21.64427218967027, 21.556761678059996, 21.579521009657242, 21.61553141276058, 21.6422515869142, 21.55459493001312, 21.49894137912334, 21.472181532118213, 21.51943088107646, 21.471941460503615, 21.425354682074744, 21.405216810438485, 21.363578287760543, 21.370250786675495, 21.35214606391067, 21.386432902018345, 21.35769382052962, 21.364999050564297, 21.355259195963583, 21.324340481228393, 21.296091376410686, 21.26981540256088, 21.261703830295193, 21.14482693142378, 21.080320570204112, 21.092232937283104, 21.038092041015773, 21.005538262261343, 21.010836791992272, 21.02938232421887, 21.040400526258793, 21.00865342881953, 21.034987725152003, 21.048450724283914, 21.018228149414124, 20.961553955078216, 21.027751329210236, 20.937089708116485, 20.97780795627178, 20.92471076117634, 20.943799506293562, 20.970593261718857, 20.96032240125872, 21.041272989908936, 21.01090189615896, 20.942798868815185, 20.894916449652857, 20.882457478841218, 20.813600667317775, 20.83610432942716, 20.831258477105127, 20.785905965169416, 20.808247545030458, 20.731215074327316, 20.746407741970604, 20.755308024088663, 20.739716932508884, 20.680284966362915, 20.666165161132994, 20.711960517035624, 20.71240064832909, 20.733583916558207, 20.676121690538327, 20.712478637695387, 20.732449001736217, 20.720846218533115, 20.63602905273444, 20.596634928385544, 20.61739230685777, 20.634265136718852, 20.603359646267506, 20.621041531033047, 20.63022189670151, 20.62137315538202, 20.582118733724048, 20.51932271321628, 20.5600860595704, 20.60694003634988, 20.569735039605177, 20.53925136990026, 20.522723388671977, 20.575746324327365, 20.6249209933812, 20.62083774142809, 20.661244710286574, 20.612783135308234, 20.6845038519967, 20.68490329318583, 20.698521253797843, 20.783760579427167, 20.777107408311792, 20.767979600694563, 20.693421427408946, 20.64875725640199, 20.652754720052183, 20.730596923828198, 20.660628594292632, 20.658001030816063, 20.73581746419283, 20.765927124023506, 20.815359836154602, 20.707751464843852, 20.736987304687545, 20.770681423611183, 20.691787041558218, 20.69668680826832, 20.664382934570426, 20.67575514051665, 20.680112372504333, 20.708979288737016, 20.802319675021845, 20.811280992296133, 20.827640448676334, 20.807373385959313, 20.712169731987956, 20.79173210991769, 20.798124186198056, 20.819707912869035, 20.89755486382387, 20.82687547471801, 20.940320502387276, 20.983780246310914, 20.984003702799537, 20.896471828884614, 20.80514017740897]}