{"latitud": 6.6374, "longitud": -74.6731, "radiacion": [23.588488769531335, 23.669001600477486, 23.66808946397572, 23.700873141818686, 23.558883666992283, 23.634659830729237, 23.667291598849943, 23.73330858018674, 23.77419026692716, 23.753307088216292, 23.874876573350814, 23.913331095377753, 23.970218912760554, 24.00606519911035, 23.838435872395905, 23.980959743923677, 24.083055284288207, 24.125032552083457, 24.13340488009997, 24.00644327799489, 24.10838250054269, 24.16787075466588, 24.3016859266494, 24.377125718858622, 24.229157850477538, 24.32163899739591, 24.374377441406352, 24.458702256944587, 24.40922817654092, 24.419738769531367, 24.557911851671065, 24.561476304796106, 24.67905375162769, 24.737700059678957, 24.69650743272579, 24.91917758517813, 25.0082288953994, 25.002756754557385, 25.13921305338552, 25.044632975260473, 25.21884833441851, 25.32553405761729, 25.345961168077377, 25.333770412869, 25.264136759440248, 25.32355143229177, 25.439208306206694, 25.45571458604614, 25.467577446831722, 25.43990037706165, 25.486144680447165, 25.566987779405547, 25.721610175238748, 25.710472276475855, 25.71463758680564, 25.814325968424612, 25.759927707248323, 25.769827948676305, 25.773924424913293, 25.631366305881183, 25.649536132812596, 25.669132826063446, 25.72331034342464, 25.728957790798727, 25.663699340820376, 25.696035766601614, 25.69130452473966, 25.870222981770933, 25.950376383463624, 25.864120483398477, 25.853162638346458, 25.869762166341275, 25.865769110785603, 25.8091400146486, 25.721495225694582, 25.875423177083363, 25.77591722276488, 25.81663038465719, 25.798756917317785, 25.75605299207908, 25.92868075900617, 25.983301120334335, 26.036985609266612, 25.787585110134657, 25.665041775173716, 25.683772786458462, 25.702303059895907, 25.690641615126008, 25.703803846571304, 25.71519368489592, 25.677614678277052, 25.753370496961907, 25.840921698676272, 25.796981133355093, 25.575949435763977, 25.81259935167113, 25.814076741536667, 25.90268113878049, 25.862435913086056, 25.55357767740897, 25.69253506130654, 25.608599853515745, 25.638204616970636, 25.68709852430563, 25.581223212348203, 25.659556410047855, 25.503298950195376, 25.623080444336, 25.597603691948922, 25.48142089843759, 25.44075283474395, 25.4259416368274, 25.40770568847667, 25.307820298936804, 25.178218587239655, 25.09142693413634, 25.17102728949658, 25.215540568033912, 25.22157524956614, 25.12262437608517, 25.104802788628547, 25.128638034396847, 25.16079508463548, 25.076322428385556, 25.062001885308216, 25.105051676432385, 25.11801893446191, 25.02432590060774, 24.993955145941925, 24.95083855523016, 25.038339911566993, 25.073943413628626, 25.043451944987094, 24.847831895616405, 24.753296576606015, 24.777286444770066, 24.716812472873396, 24.734070163303045, 24.548478868272696, 24.473479885525254, 24.50204569498707, 24.589410400390722, 24.496215142144212, 24.323685031467125, 24.305430772569498, 24.383617485894206, 24.58941989474839, 24.549142116970586, 24.50441555447054, 24.457778591579956, 24.521691216362992, 24.616592068142456, 24.58844129774309, 24.55119391547322, 24.399533081054773, 24.507279798719708, 24.73035413954004, 24.687749226888116, 24.701107109917682, 24.613117472330924, 24.618580118815164, 24.689141845703166, 24.60731743706602, 24.426684231228403, 24.458118693033953, 24.547326660156347, 24.655380249023533, 24.751219007704126, 24.77375962999139, 24.75424804687513, 24.92017178005646, 24.905610487196288, 24.88808220757382, 24.87422790527351, 24.815239800347342, 24.91886528862858, 24.85319281684038, 24.99394938151056, 24.91001553005653, 24.90489061143677, 24.972462972005264, 24.960799153645894, 25.042523532443663, 24.850765991211045, 24.73029513888895, 24.90390285915807, 24.86863030327703, 24.950109524197217, 25.00792507595501, 25.04621853298617, 25.00840657552091, 24.89074435763899, 25.090592787000997, 24.932208251953245, 24.833621215820415, 24.83409457736555, 24.996904500325645, 25.004294501410698, 25.033273315429767, 24.979237535264872, 25.053710259331694, 25.125062052408982, 24.964086914062534, 24.961128065321287, 24.989391750759694, 25.063720364040876, 25.190587022569574, 25.09322001139329, 25.018914455837756, 24.814410739474948, 24.91989034016933, 24.928881496853403, 24.956298149956712, 24.803443060980996, 24.71710917154955, 24.79061381022147, 24.851266479492285, 25.033990817599868, 24.90036417643243, 24.743652004665915, 24.775862291124266, 24.89768608940983, 24.872126600477525, 24.672803751627743, 24.589528740777002, 24.625756835937562, 24.717812432183262, 24.78046502007383, 24.648750474717968, 24.525584242079123, 24.60490553114164, 24.64496426052521, 24.67665439181862, 24.580926513671994, 24.53252020941852, 24.655694240994006, 24.655914984809176, 24.71541680230045, 24.712501695421167, 24.6269989013673, 24.68709581163203, 24.636244710286537, 24.65815361870665, 24.633404541015732, 24.469936794704918, 24.527315606011427, 24.596655612521698, 24.621652899848204, 24.53708021375883, 24.46779208713112, 24.505479600694574, 24.550777859158092, 24.609139675564297, 24.428775363498385, 24.448815917968926, 24.40396762424056, 24.41025560167111, 24.419384426540983, 24.381018744574703, 24.32226019965289, 24.2725982666016, 24.234911431206683, 24.200013902452383, 24.14228549533429, 24.0959713406034, 24.1673878987631, 24.189454820421172, 24.18735622829873, 24.16059604220929, 24.106364610460123, 24.125547960069564, 24.145416598849977, 24.06797010633691, 23.960782199435812, 23.922555881076523, 24.050125461154664, 23.99828253852011, 24.016444905599087, 23.960951741536615, 23.901118977864694, 23.94128350151931, 23.992808702257054, 23.906362915039136, 23.79152289496534, 23.754575941297826, 23.82160068088122, 23.846767849392446, 23.816538492838657, 23.722122870551345, 23.644531250000114, 23.735514662000924, 23.79873318142374, 23.69326680501314, 23.5694719102648, 23.474530029296947, 23.626241726345615, 23.623788791232716, 23.643391587999247, 23.540605672200687, 23.521190728081763, 23.612327745225798, 23.671005249023494, 23.55251363118496, 23.520466105143367, 23.466648017035748, 23.455750528971464, 23.43306511773009, 23.523989189995785, 23.40293341742631, 23.392865329318663, 23.326149156358593, 23.33776041666677, 23.265961032443613, 23.291449991862105, 23.21965298122844, 23.252352566189376, 23.24226955837683, 23.25710347493496, 23.26669820149751, 23.235244411892513, 23.218669976128563, 23.26472981770839, 23.227318657769217, 23.22716471354177, 23.222364298502725, 23.211960856119845, 23.29880574544281, 23.349472045898608, 23.250543891059106, 23.256620279948056, 23.31210835774749, 23.37430386013462, 23.372331407335196, 23.26698472764764, 23.22824944390199, 23.315891859266646, 23.30736558702269, 23.31065131293413, 23.238477240668526, 23.263584052191902, 23.37253248426661, 23.518135918511405, 23.44765625000008, 23.348221503363863, 23.25916510687942, 23.333482191297847, 23.404839070638086, 23.42985026041678, 23.331848822699744, 23.260462443033948, 23.30909525553392, 23.432628038194554, 23.448914252387226, 23.460563490125974, 23.42248297797325, 23.48984781901051, 23.59688754611555, 23.64062805175791, 23.516090223524333, 23.411335923936708]}