{"latitud": 2.0431, "longitud": -68.9818, "radiacion": [24.806505669487933, 24.70454440646707, 24.666123114691874, 24.77962714301223, 24.934759860568665, 24.919550238715356, 24.889834594726626, 24.824534776475804, 24.898461914062562, 25.02593417697496, 24.991404893663287, 24.91268513997403, 24.907930501302207, 25.033546617296206, 25.136870659722376, 25.092865329318688, 25.018961588541703, 25.020023261176316, 25.164601982964484, 25.35227118598097, 25.26500244140637, 25.199690416124252, 25.17409261067712, 25.322250705295232, 25.45838690863722, 25.387148030599004, 25.314969211154636, 25.257771809895967, 25.357263522678085, 25.46779310438376, 25.466190592447997, 25.355968560112917, 25.30061713324663, 25.499148220486216, 25.65623881022147, 25.638980441623364, 25.509869045681512, 25.468527221679818, 25.650586615668505, 25.75055779351131, 25.693845960829037, 25.652352905273442, 25.66210055881089, 25.755506388346458, 25.936884901258797, 25.789948527018378, 25.731019422743184, 25.651925320095586, 25.732849460178016, 25.821005588107766, 25.838632541232755, 25.769513617621616, 25.75976291232642, 25.880485704210173, 25.93722907172319, 25.83095499674488, 25.845688205295215, 25.833119371202372, 26.008476087782242, 26.151197984483627, 26.016864013671995, 25.88618977864593, 25.860046047634665, 25.91426459418409, 25.971966552734482, 25.976599460178083, 25.847631835937634, 25.79633382161467, 25.83506130642371, 25.901259358724094, 25.895145331488816, 25.809445190429795, 25.7205000135635, 25.72261250813811, 25.81000739203567, 25.796944851345604, 25.6733879937067, 25.67322421603738, 25.713431464301323, 25.712460327148506, 25.686036173502757, 25.684032524956667, 25.627802870008775, 25.65061102973105, 25.693908352322143, 25.668574015299573, 25.58882073296449, 25.588874986436718, 25.56254679361994, 25.59287143283433, 25.518478393554783, 25.489364624023512, 25.464335123697992, 25.47632717556426, 25.524208916558205, 25.48118014865459, 25.516100396050433, 25.51406216091584, 25.523028564453195, 25.51075948079432, 25.478364393446288, 25.452854410807333, 25.395893351237135, 25.3931020100912, 25.442644246419395, 25.384646945529614, 25.344325764974105, 25.33059895833348, 25.378172132704133, 25.34202779134127, 25.29817369249147, 25.311939832899423, 25.244134860568654, 25.28842196994363, 25.265467664930668, 25.258057657877732, 25.20260247124583, 25.133548312717135, 25.11922980414509, 25.178734673394235, 25.12450052897149, 25.08225402832041, 25.02528923882386, 25.07095269097232, 25.052697414822152, 25.06908433702269, 24.97894592285172, 24.968928019205823, 24.960102674696277, 25.014368693034005, 25.005132717556535, 24.92495625813814, 24.926334974501003, 24.92301364474834, 24.927124023437614, 24.93662719726571, 24.911936442057407, 24.851463148329135, 24.860923936632087, 24.867800564236195, 24.807809448242267, 24.810706244574735, 24.793518744574765, 24.77335035536036, 24.74314439561643, 24.7380496554905, 24.705217827691058, 24.654315185547034, 24.669999186197987, 24.713038126627776, 24.72447509765641, 24.700776841905434, 24.63009677463121, 24.591850789388086, 24.594642130533924, 24.523714531792603, 24.561046006944594, 24.538579305013133, 24.496146986219724, 24.496337212456694, 24.47719353569889, 24.42845798068589, 24.4152031792536, 24.42182990180127, 24.434052191840465, 24.475233968099076, 24.45417310926655, 24.467358059353487, 24.49276190863721, 24.47095404730906, 24.444939168294336, 24.48667060004347, 24.470835367838635, 24.434727308485378, 24.47560323079432, 24.41524251302091, 24.41226365831174, 24.37643059624575, 24.34783121744802, 24.379645453559082, 24.3805338541668, 24.401588609483593, 24.39180670844193, 24.418087090386376, 24.47145894368502, 24.40639648437508, 24.37635125054273, 24.402858479817855, 24.378529188368173, 24.437545098198843, 24.44356757269975, 24.400443522135504, 24.482750447591286, 24.474656507704065, 24.449078708224913, 24.43820156521277, 24.4894456651477, 24.49419013129358, 24.49083285861555, 24.535950046115488, 24.536391872829935, 24.548107571072137, 24.527332899305616, 24.5659450954862, 24.676984998915014, 24.634894137912454, 24.63609449598535, 24.645269097222297, 24.66960584852444, 24.670432196723215, 24.708759901258816, 24.72140638563381, 24.71864793565557, 24.796978759765732, 24.8128733317058, 24.82672492133257, 24.871474202474037, 24.851681857639033, 24.894216579861222, 24.968791368272676, 25.024635484483554, 25.039634195963647, 25.08749016655825, 25.120913018120746, 25.191089545355965, 25.21721191406264, 25.252559068468013, 25.26991611056864, 25.269420369466257, 25.29983520507824, 25.335701497395934, 25.34660034179694, 25.357191297743196, 25.32858445909299, 25.386409166124224, 25.41515435112856, 25.43836941189242, 25.53610805935341, 25.60642157660597, 25.659418741862094, 25.613036431206734, 25.64398396809909, 25.588497924804813, 25.69157816569024, 25.737343682183262, 25.765051947699757, 25.79105055067286, 25.757886420356026, 25.788928222656335, 25.82969495985255, 25.807001749674573, 25.85500725640202, 25.787991672092062, 25.83380262586815, 25.82635396321628, 25.834826321072153, 25.835801188151112, 25.83198988172751, 25.91128811306432, 25.92912936740466, 25.91946784125446, 25.90614556206604, 25.925859917534808, 25.950954522027036, 25.955105929904523, 25.951040310329933, 25.944738430447103, 25.986029052734505, 25.96295878092464, 25.984500461154596, 25.93528781467027, 25.950715806749276, 25.952401394314318, 25.951008097330885, 25.954023234049544, 25.900567626953148, 25.937622070312596, 25.948721652560835, 25.955849541558354, 25.95041469997841, 25.894570922851624, 25.869827609592164, 25.862522379557376, 25.881717258029692, 25.86636318630652, 25.834770033094742, 25.83024902343757, 25.761516994900262, 25.793966335720615, 25.774903021918533, 25.792851426866434, 25.797609117296133, 25.757101779514, 25.76012607150608, 25.825203450520956, 25.71912909613718, 25.71310899522579, 25.708905368381252, 25.755271742079085, 25.714479573567775, 25.670662095811753, 25.633135647244007, 25.601069810655456, 25.604745144314375, 25.607697550455764, 25.587338256836006, 25.582522922092153, 25.52191569010436, 25.554504055447108, 25.518936496310875, 25.497593519422892, 25.416885036892477, 25.45267774793848, 25.477776082356872, 25.41739976671018, 25.365915934244885, 25.371836683485355, 25.295072089301282, 25.265304565429783, 25.31532457139764, 25.33779975043412, 25.256836615668494, 25.20281134711384, 25.21396721733953, 25.218953111436765, 25.20389166937936, 25.155256483289993, 25.097085910373398, 25.14907023111986, 25.134290907118157, 25.10887281629785, 25.044783189561787, 24.974473741319496, 24.997412109375137, 25.041635131836035, 24.981246270073868, 24.93079155815981, 24.894466484917587, 24.90725470648884, 24.964179823133765, 24.959552341037426, 24.85086330837684, 24.808858574761384, 24.82011956108954, 24.954863484700713, 24.867096286349902, 24.741300794813483, 24.637660047743093, 24.708394029405554, 24.80256991916239, 24.730476548936696, 24.676332600911582, 24.582788425021857, 24.711682467990556, 24.822242906358593, 24.792682562934147, 24.692948065863863, 24.63417833116334, 24.698410712348146, 24.796688164605143]}