{"latitud": 4.4882, "longitud": -75.3308, "radiacion": [14.15475158691413, 14.050878567165833, 14.079243977864698, 14.044110446506238, 13.94594319661464, 14.070882839626828, 14.206911892361196, 14.2538296169706, 14.064506022135504, 14.06285129123277, 14.153749593099045, 14.268306477864732, 14.17904256184905, 14.147591824001816, 13.990590752495715, 14.166361490885473, 14.269371202257085, 14.134485202365548, 14.182256740994054, 14.23397793240025, 14.26963534884995, 14.349116346571277, 14.383094278971441, 14.368346828884663, 14.30624254014765, 14.387182617187591, 14.32525329589862, 14.220108710395115, 14.202349853515708, 14.25059644911041, 14.28706868489589, 14.357579210069522, 14.357305230034873, 14.3985856797961, 14.426010131836032, 14.346793280707573, 14.356477186415, 14.368417697482736, 14.389670817057398, 14.407999335395061, 14.447766113281375, 14.572830878363769, 14.567936537000966, 14.514645385742293, 14.576337687174544, 14.66680162217896, 14.75572713216159, 14.807714165581729, 14.698221842448087, 14.643161349826471, 14.708640543619879, 14.6820515950522, 14.647211710612074, 14.726950073242298, 14.715923394097333, 14.729919772678064, 14.841514078776166, 14.77132398817283, 14.83407626681865, 14.84017367892807, 14.931823052300482, 14.79647115071623, 14.845224677191956, 14.850220743815216, 14.84817911783862, 14.980017768012203, 14.942094590928983, 15.082608710395107, 14.988841756184968, 14.966985744900304, 15.088968234592187, 15.184581841362993, 15.081831868489664, 15.057503933376816, 15.038163926866389, 15.20903523763034, 15.063799709744066, 15.042070176866465, 14.993356662326505, 14.979847886827413, 15.205747477213757, 15.097877332899467, 15.093488905165069, 15.061041598849954, 15.086777411566933, 15.105360243055637, 15.095170762803926, 15.055751885308249, 15.088188680013198, 15.03490024142811, 15.071698337131181, 15.110181681315206, 15.159917873806497, 15.148612128363824, 15.13677266438818, 15.207137044270914, 15.183450656467167, 15.197276814778794, 15.128074815538318, 15.208571031358664, 15.21054077148447, 15.214875962999221, 15.029267374674609, 14.971758355034808, 15.093228488498331, 15.092524210612074, 14.918639797634663, 14.911130777994856, 14.993655395507895, 14.964553833007926, 14.964524332682346, 14.94345296223967, 14.829554918077312, 14.801277669270974, 14.768719143337782, 14.870844184027874, 14.769437662760481, 14.74265407986123, 14.732354397244023, 14.74070129394543, 14.680119493272665, 14.550472005208443, 14.570805528428954, 14.529014417860388, 14.497878350152064, 14.47005072699659, 14.486890326606007, 14.512142266167645, 14.42058614095068, 14.416644965277973, 14.439479234483636, 14.405217488606885, 14.31629231770838, 14.354232449001794, 14.418557400173748, 14.351543850369012, 14.347423977322194, 14.293616400824837, 14.272625732422037, 14.233631049262177, 14.24589470757392, 14.246014743381181, 14.269059583875938, 14.195629204644206, 14.099918619791708, 14.102726576063446, 14.094637383355177, 14.057912868923664, 14.04971991644974, 14.110302395290867, 14.091562567817013, 13.959746975369058, 13.898124525282165, 13.886821831597294, 13.879764472113797, 13.923189968533071, 13.812621053060013, 13.772362942165879, 13.766270955403778, 13.766583591037396, 13.767770385742287, 13.689765760633767, 13.661773681640776, 13.722478569878566, 13.753220621744882, 13.726482476128638, 13.755511813693658, 13.763301934136413, 13.783027818468005, 13.756309000651129, 13.657098727756212, 13.707351345486208, 13.729348415798787, 13.717162068684994, 13.669030083550505, 13.599831814236268, 13.542235989040856, 13.541527981228418, 13.639559597439359, 13.6373569064671, 13.50582377115893, 13.549554782443712, 13.575369940863842, 13.521304321289202, 13.534418741862092, 13.569637383355124, 13.530289374457615, 13.469021267361178, 13.42849426269538, 13.521324666341192, 13.53458048502614, 13.663313802083431, 13.643162367079015, 13.612709554036599, 13.648457166883759, 13.582825046115545, 13.62178955078135, 13.70362413194463, 13.606911214192829, 13.694641791449746, 13.704513549804878, 13.70625915527355, 13.678023613823939, 13.7512335883247, 13.707936265733657, 13.730543687608625, 13.703431871202364, 13.645870293511356, 13.674584621853418, 13.686122300889869, 13.760180664062565, 13.694509887695387, 13.685689290364715, 13.843562147352543, 13.79474962022573, 13.877259318033927, 13.898698255751034, 13.82515903049053, 13.880550808376881, 13.927861192491434, 14.030459255642484, 14.080048963758735, 14.01688605414508, 13.999390665690157, 14.048395792643362, 14.016129557291757, 14.075703938802198, 14.210213216145936, 14.234818861219784, 14.245816040039188, 14.158520507812606, 14.291490003797833, 14.370620049370757, 14.257624647352506, 14.243342081705824, 14.325470309787496, 14.311521402994876, 14.403795708550453, 14.48586256239158, 14.490005493164176, 14.578728230794374, 14.52713080512162, 14.662697347005235, 14.690488688151106, 14.674339124891597, 14.742547268337736, 14.790474446614647, 14.811584811740564, 14.900790744357778, 14.96005655924487, 15.011054144965442, 14.955404663086048, 14.90921868218326, 14.87216966417113, 14.987063259548734, 15.093004353841215, 15.049721950955018, 15.129208034939305, 15.196769883897693, 15.309344143337816, 15.340593465169377, 15.351976860894183, 15.247732883029641, 15.269197930230158, 15.335435994466271, 15.4012888590496, 15.403909301757912, 15.44755791558172, 15.421688503689303, 15.460656738281331, 15.416770765516617, 15.47115749782993, 15.428169759114704, 15.434407891167572, 15.379764811198052, 15.38840908474405, 15.45675693088119, 15.449964057074718, 15.47661709255643, 15.390752495659797, 15.415342542860325, 15.474851820204057, 15.4402282714845, 15.458134290907196, 15.3829735649958, 15.3213324652779, 15.3679653591581, 15.287678019205808, 15.409084404839575, 15.326060316297761, 15.427830674913253, 15.310195244683314, 15.391951158311656, 15.408623589409805, 15.360771348741403, 15.40677185058606, 15.295606486002724, 15.280687459310021, 15.266958618164153, 15.290284898546096, 15.302656724717982, 15.268992445204049, 15.132153998480987, 15.258153957790872, 15.237619357639062, 15.247149658203226, 15.199457804362112, 15.215630764431543, 15.117312622070452, 15.153625149197202, 15.23949720594633, 15.147882758246643, 15.10781622992632, 15.088179863823902, 15.109122721354291, 15.029673597547855, 15.075588989257975, 15.020209079318741, 14.950275336371627, 14.951811726888117, 14.937022230360355, 14.95285983615461, 14.8468336317275, 14.833904690212762, 14.808842298719753, 14.823467000325573, 14.791829427083428, 14.813157145182421, 14.709598117404672, 14.797720336914153, 14.76278177897143, 14.717256673177227, 14.619411892361237, 14.589988878038335, 14.562965901692868, 14.557960001627768, 14.57587381998701, 14.620621066623357, 14.568647257487081, 14.58779330783428, 14.551891072591237, 14.419140964084287, 14.43073323567711, 14.427065361870708, 14.334452989366374, 14.416605631510455, 14.350653076172003, 14.228121948242233, 14.146290079752722, 14.16317884657127, 14.376282755533964, 14.2871358235678, 14.218314954969705, 14.19699334038637, 14.151799858941084, 14.129647148980174, 14.145280965169377, 14.10226949056001, 14.008445570204136, 13.9781924777562]}