{"latitud": 4.8489, "longitud": -73.0444, "radiacion": [23.22392883300796, 23.27276068793418, 23.364942762586907, 23.45639241536469, 23.5260579427085, 23.523280504014906, 23.5793877495661, 23.606520250108645, 23.716134643554806, 23.777304416232784, 23.867345852322064, 23.813269382053022, 23.824230278862917, 23.93376464843764, 24.02889336480037, 23.945806545681553, 23.848871527777906, 23.9292721218534, 23.973462253146824, 24.099299112955823, 24.14499274359817, 24.156220838758788, 24.177326456705828, 24.27664761013462, 24.29977349175355, 24.313868543836918, 24.392081027560852, 24.3877566867406, 24.580225626627755, 24.580350070529658, 24.6059858534072, 24.692594061957607, 24.636193508572166, 24.742483520507847, 24.78709140353743, 24.883860270182407, 24.973683675130285, 24.981557888454955, 25.05895724826411, 24.979797363281364, 25.09310811360685, 25.00389133029525, 25.146227688259575, 25.01779819064677, 25.147876654731004, 25.17785881890192, 25.225473361545216, 25.28671739366327, 25.261555311415066, 25.234140014648517, 25.226579793294338, 25.2251298692492, 25.30569118923618, 25.26276787651928, 25.32272711859817, 25.41941189236125, 25.353424072265682, 25.474022081163373, 25.470488145616343, 25.474623277452338, 25.43517795138905, 25.40218200683603, 25.418592664930657, 25.489843410915835, 25.453224012586873, 25.547555541992363, 25.519265747070374, 25.443812052408912, 25.42582770453572, 25.270186360677144, 25.311705864800427, 25.275192599826426, 25.166960991753587, 25.1088962131077, 25.11963704427086, 25.155691528320386, 25.029314846462796, 25.071586100260486, 25.06265970865896, 25.042098659939352, 25.118103366428063, 25.01366034613722, 24.88705986870671, 24.76019287109388, 24.82140536838121, 24.73224521213115, 24.585949367947155, 24.39720119900187, 24.288761393229283, 24.165575832790825, 24.224854532877753, 24.07570156521274, 23.928249104817876, 23.86784125434038, 23.815962388780502, 23.74623616536468, 23.672160847981825, 23.64707302517373, 23.573209974500987, 23.4449700249567, 23.512987603081683, 23.37265082465289, 23.409920925564318, 23.25485500759559, 23.336122300889844, 23.265884738498396, 23.19528537326399, 23.135718451606067, 23.041392008463657, 23.026919894748403, 23.023627387152885, 22.84635145399316, 22.670734320746664, 22.61753302680135, 22.601828342014, 22.595878431532167, 22.560233222113748, 22.485014173719737, 22.332028537326476, 22.236565483941074, 22.27890794542111, 22.17862718370238, 22.07151184082045, 22.067849053277012, 22.001667955186708, 22.072588094075645, 21.92307400173617, 21.80355190700965, 21.77461276584207, 21.799061754014833, 21.861948988172838, 21.79987216525622, 21.68333740234389, 21.71518622504351, 21.751516384548722, 21.6878831651476, 21.69954359266497, 21.66402384440113, 21.58956400553397, 21.610169813368127, 21.542937893337733, 21.525029500325672, 21.437300279405406, 21.447265285915933, 21.39564310709642, 21.391438462999247, 21.32102728949665, 21.383130221896845, 21.338735622829955, 21.373043145073932, 21.298688422309052, 21.29159172905825, 21.199407619900285, 21.097353108724064, 21.17689785427528, 21.154672241211017, 21.122049967447996, 21.100398423936763, 21.067645602756176, 21.069771999783104, 20.97050509982652, 20.951606580946343, 20.974697875976727, 20.95786132812509, 21.00816786024315, 21.024506632487032, 21.05869920518669, 20.93455946180565, 21.00650736490894, 20.942187500000063, 20.9575636121963, 20.891093953450536, 20.844594319661592, 20.928421698676292, 20.85040791829446, 20.794621107313407, 20.818404473198864, 20.80727335611988, 20.81478881835949, 20.81820949978309, 20.817569647895045, 20.80513949924053, 20.81961364746104, 20.740830824110372, 20.747906494140732, 20.749616834852535, 20.80837944878478, 20.825246514214484, 20.82164340549055, 20.7634918212892, 20.82674899631083, 20.8141137017145, 20.751633707682362, 20.755025906033023, 20.81951056586386, 20.808092583550415, 20.85728115505653, 20.82542758517805, 20.803044976128586, 20.87155354817715, 20.868052503797855, 20.814518568250964, 20.787972344292655, 20.80225728352877, 20.864603678385517, 20.906900702582544, 20.93738878038198, 20.88283725314678, 20.864274427625883, 20.899565972222394, 20.920393541124195, 20.956475830078187, 20.902391899956683, 20.954764472113727, 20.96394415961379, 21.074438815646833, 21.005808512369907, 21.034507921007048, 20.991982354058262, 21.045057169596493, 21.09748908148875, 21.180607774522667, 21.130061509874224, 21.127475653754516, 21.193841552734416, 21.15189073350702, 21.207060750325656, 21.16744283040371, 21.22983567979615, 21.22720540364598, 21.20052117241761, 21.202838134765766, 21.274497477213668, 21.193912082248346, 21.16034478081612, 21.248934258355177, 21.288378228081683, 21.294435289171115, 21.364039781358674, 21.408390638563446, 21.46908331977009, 21.511737738715436, 21.521995713975816, 21.454336547851742, 21.55253058539508, 21.64109191894545, 21.65335693359388, 21.560688273112135, 21.602320692274418, 21.680728488498364, 21.769417656792637, 21.7271945529515, 21.69057447645412, 21.71896565755223, 21.811818101671104, 21.770927259657224, 21.727360365125946, 21.78061896430135, 21.79135064019111, 21.861076863606815, 21.911256239149452, 21.858211263020962, 21.854018486870718, 21.95792405870236, 22.025473700629448, 22.149312337239696, 22.091675143771813, 22.009744940863772, 22.081616550021824, 22.09770711263032, 22.11319173177092, 22.125922987196244, 22.129010348849892, 22.114144219292637, 22.121760389540025, 22.20407647026921, 22.197085571289183, 22.155910237630298, 22.125608656141594, 22.17549608018665, 22.151142374674635, 22.163128662109482, 22.057237074110333, 22.06558871799058, 22.162966579861234, 22.111989339192803, 22.090227254231838, 22.059670681423693, 22.16720852322057, 22.23539293077268, 22.151959228515693, 22.193214246961947, 22.196839057074822, 22.105727810329977, 22.14598456488727, 22.12814636230475, 22.13562452528227, 22.033412339952406, 22.06114027235255, 22.058374701606, 22.057642279731038, 22.050345526801305, 21.979702080620786, 21.999891832139877, 22.118087768554783, 22.06176520453573, 22.034930419922016, 22.042423502604283, 21.949519856770905, 21.97444831000443, 21.953860812717135, 21.99826965332045, 21.99172668457038, 21.890541585286524, 21.920687527126802, 21.959428236219708, 22.031112670898533, 22.01022169325093, 21.892610677083457, 21.95521782769102, 22.03248392740888, 22.04320373535167, 22.03318006727439, 22.006968180338657, 21.973539564344662, 22.034128824869885, 22.144687228732664, 22.20779385036902, 22.13840399848101, 22.112088012695413, 22.240600585937575, 22.3350026448569, 22.301959906684203, 22.28807339138467, 22.325968763563537, 22.3937113444011, 22.465758260091246, 22.353077867296122, 22.385718112521772, 22.462720065646792, 22.60401306152365, 22.613775973849954, 22.54502699110257, 22.571124945746686, 22.58610839843762, 22.59994405110685, 22.574431355794363, 22.65635206434475, 22.588454522027025, 22.538647460937643, 22.699502563476642, 22.659932115342922, 22.74008009168845, 22.73935139973967, 22.886328464084254, 22.927679782443647, 23.018751356336903, 22.98695712619366, 23.095579020182413, 23.051235283745807]}