{"latitud": 6.2875, "longitud": -75.1181, "radiacion": [18.179697333441954, 18.252871025933246, 18.25015496148014, 18.25357360839854, 18.100643242730104, 18.177296617296104, 18.34697333441854, 18.35075005425362, 18.189561292860315, 18.22921617296015, 18.308610365126015, 18.454595269097315, 18.47188686794713, 18.39590962727874, 18.29693298339845, 18.41115281846798, 18.52290479871969, 18.530197821723164, 18.416220092773585, 18.36431613498282, 18.457135348849913, 18.56516486273881, 18.65621643066413, 18.651828681098152, 18.607850138346407, 18.617377387152942, 18.743785264757076, 18.705314466688474, 18.660897148980098, 18.604098510742308, 18.748174031575598, 18.793876817491405, 18.892801920573067, 18.93734096950963, 18.88177185058608, 18.995290798611318, 19.037409464518362, 19.023678588867273, 19.069735717773444, 19.004814995659842, 19.249741278754396, 19.241350979275257, 19.251348537869053, 19.20100131564673, 19.270815361870763, 19.275704616970625, 19.32510036892374, 19.358325195312602, 19.390180121527823, 19.43027750651053, 19.476023017035647, 19.515066867404585, 19.52737630208344, 19.569687228732732, 19.51706373426657, 19.670596991645084, 19.71180826822922, 19.737310112847318, 19.681130981445392, 19.606815931532253, 19.70089823404957, 19.630219184027833, 19.598163859049617, 19.686323377821186, 19.688267008463644, 19.69969007704001, 19.683209906684166, 19.757656860351613, 19.83583882649746, 19.700720893012242, 19.776253933376857, 19.735644870334266, 19.78500840928829, 19.81601189507389, 19.714793904622585, 19.77497083875873, 19.746402655707527, 19.76192932128917, 19.64534742567281, 19.604602389865573, 19.897959730360373, 19.926078965928884, 19.854683430989667, 19.676408216688458, 19.588786824544382, 19.61003282335082, 19.691660563151213, 19.690528021918492, 19.718742540147712, 19.684861585829065, 19.685271877712808, 19.770552910698864, 19.84707709418414, 19.761351521810035, 19.63631083170581, 19.850211249457555, 19.772688123915014, 19.951907348632933, 19.912737019856916, 19.79066467285166, 19.85157877604172, 19.88380635579436, 19.794601779513965, 19.778114827474024, 19.795838080512283, 19.782710774739673, 19.793064710829146, 19.716595458984518, 19.697943454318647, 19.65994093153222, 19.69905666775181, 19.72980719672313, 19.65134446885861, 19.60201212565113, 19.503189765082595, 19.59412027994809, 19.572447374132064, 19.588703748915048, 19.5106692843968, 19.392743937174583, 19.400966729058286, 19.363046942816936, 19.47985466851138, 19.43572014702698, 19.387324693468013, 19.456170993381136, 19.484685262044405, 19.34472351074233, 19.38848876953142, 19.34968872070319, 19.369240315755366, 19.433802286783948, 19.40924886067715, 19.297830539279648, 19.202292887369897, 19.273321872287454, 19.289318169487956, 19.276177639431506, 19.145568847656325, 19.186932373047018, 19.236442396375992, 19.280622694227514, 19.28769056532127, 19.140647379557436, 19.082358805338668, 19.1964328342015, 19.20028584798187, 19.23040330674928, 19.255756971571316, 19.175907050238873, 19.317130872938453, 19.24070909288203, 19.227493625217107, 19.206435139974037, 19.17443372938376, 19.296949259440186, 19.36878933376742, 19.365185546875086, 19.30002034505215, 19.271189371744885, 19.296400960286576, 19.321777682834313, 19.289911905924516, 19.297427368164133, 19.303471204969657, 19.387025621202326, 19.506018405490522, 19.51098056369371, 19.56558668348534, 19.42919108072931, 19.49531690809482, 19.56945088704441, 19.462564425998323, 19.48911370171449, 19.43368801540809, 19.565195380316993, 19.550106472439342, 19.62144978841155, 19.516545613606844, 19.45533854166676, 19.527867974175496, 19.44053276909733, 19.51279669867631, 19.518594021267464, 19.415131293402965, 19.52422553168416, 19.495390150282216, 19.535588243272723, 19.580531141493186, 19.49615953233509, 19.65956488715288, 19.618807644314433, 19.702955796983627, 19.608871120876852, 19.571532864040893, 19.68099127875441, 19.661190456814307, 19.72059766981344, 19.659033542209272, 19.567709011501808, 19.669556342230994, 19.764035712348175, 19.69912346733952, 19.579274834526945, 19.562046983507155, 19.729799397786582, 19.749469333224948, 19.796882459852572, 19.72384745279957, 19.586911688910714, 19.712275187174555, 19.745370144314375, 19.71139933268237, 19.622330050998357, 19.656182183159842, 19.788733588324742, 19.717282782660618, 19.799331665039198, 19.72316351996538, 19.697465684678907, 19.790714857313464, 19.867451307508798, 19.7986134847006, 19.685015190972326, 19.69102138943153, 19.72079433865029, 19.702410888671977, 19.772721015082595, 19.64706353081607, 19.611247083875938, 19.753428141276157, 19.794878133138088, 19.77098999023451, 19.656610107421955, 19.657232666015734, 19.825823296441115, 19.880324300130344, 19.836240302191964, 19.867044745551294, 19.872610134548683, 19.884343804253604, 19.867386881510487, 19.895990668402874, 19.887505086263143, 19.727597384982747, 19.812686157226626, 19.857321845160644, 19.843623860677194, 19.732666015625114, 19.732070583767477, 19.766045125325622, 19.728390502929795, 19.736415947808194, 19.601567247178895, 19.557888115776944, 19.67173495822495, 19.740539550781325, 19.72014194064671, 19.719257609049613, 19.698120117187635, 19.615496487087757, 19.685903591579933, 19.613328382704065, 19.601065063476614, 19.512637668185842, 19.534928724500954, 19.578190443250985, 19.616053263346505, 19.56772020128047, 19.530682373046943, 19.567203436957545, 19.5530181884767, 19.465038045247542, 19.35600619845934, 19.32360500759565, 19.399589369032224, 19.415773518880354, 19.369061957465362, 19.33742574056002, 19.284784952799555, 19.399667697482755, 19.439473809136416, 19.379720391167645, 19.2538136800131, 19.164089965820345, 19.232967122395944, 19.29501614040809, 19.239929877387244, 19.091384548611227, 19.06296013726141, 19.08798149956607, 19.221582031250097, 19.117069159613873, 19.007556830512197, 18.951780870225814, 19.02318149142809, 19.06179640028218, 19.020031738281318, 19.009923299153723, 18.93649631076399, 18.99613918728316, 18.95976630316854, 18.948492770724936, 18.943282741970602, 18.870511881510577, 18.829172092014023, 18.86307203504786, 18.848366292317845, 18.76656494140637, 18.689375135633764, 18.68377244737428, 18.692227172851705, 18.685400729709272, 18.687740071614712, 18.601191880967974, 18.644132147895053, 18.628922186957556, 18.629904852973198, 18.59341905381956, 18.51613701714422, 18.56497768825962, 18.59078335232209, 18.54051920572931, 18.452796088324742, 18.409946017795164, 18.43606940375444, 18.512812635633736, 18.482903035481854, 18.41491597493503, 18.368150838216234, 18.501288859049566, 18.467903306749196, 18.4000200059679, 18.384487575955024, 18.278375583224943, 18.31921556260856, 18.42300550672756, 18.363021511501813, 18.27090928819454, 18.225759887695443, 18.339702690972334, 18.486383056640722, 18.38584899902357, 18.286938137478426, 18.15791659884989, 18.27668965657559, 18.3428293863934, 18.348050944010538, 18.166206529405446, 18.09613240559903, 18.223825751410725, 18.20757412380654, 18.30587429470499, 18.19938761393244, 18.13665296766502, 18.29301656087252, 18.365198092990493, 18.308199055989668, 18.232137383355184, 18.09767184787332]}