{"latitud": 4.8176, "longitud": -67.7721, "radiacion": [27.038443671332555, 27.158176337348234, 27.18855116102439, 27.2241438123916, 27.27922566731782, 27.351740180121624, 27.40417582194029, 27.362254163954105, 27.497297159830833, 27.49856397840722, 27.507266235351647, 27.499443562825586, 27.634935845269222, 27.62685614691848, 27.773279486762267, 27.775838894314386, 27.773033311632066, 27.787480672200616, 27.922593858507046, 27.988971964518345, 28.054835340711936, 28.097355482313464, 28.16214430067282, 28.245679728190208, 28.24004516601576, 28.239427354600803, 28.24173617892808, 28.381245591905497, 28.409702555338622, 28.462743123372586, 28.410632324218835, 28.42390882704001, 28.52238701714417, 28.597090657552144, 28.730526055230143, 28.87266743977877, 28.86448059082034, 28.90552266438806, 28.991128200954943, 29.068742201063458, 29.061058553059954, 29.09480116102442, 29.079204305013093, 29.154283650716234, 29.24284464518242, 29.15092027452272, 29.211151462131152, 29.222869194878587, 29.27279832628051, 29.2411275227866, 29.127554660373367, 29.093968031141628, 29.12164340549043, 29.204466417100775, 29.251535034179728, 29.28377583821619, 29.294877794053946, 29.360976494683296, 29.471995035807442, 29.55467766655829, 29.32666897243928, 29.188375176323934, 29.36299913194451, 29.287782457139844, 29.243364800347347, 29.063112046983576, 29.123959350586045, 29.111002943251, 29.144309828016617, 28.957896253797873, 28.933969794379493, 28.894041951497513, 28.828848944770055, 28.73515489366332, 28.82589619954439, 28.7340348985461, 28.604461330837733, 28.679037136501865, 28.726843261718823, 28.647922770182408, 28.493634372287392, 28.52829352484821, 28.455796644422794, 28.45163913302963, 28.297879028320363, 28.14181315104173, 27.944459703233672, 27.905245971679715, 27.852080281575578, 27.754632568359472, 27.582263522678033, 27.438882446289238, 27.413364664713715, 27.33028361002611, 27.269847615560007, 27.166154649522657, 27.065151638454974, 27.129718695746686, 27.157571750217112, 26.94913567437078, 26.89629109700536, 26.850692070855114, 26.816926405165002, 26.877974785698843, 26.804647488064308, 26.706739976671145, 26.637960476345597, 26.656981404622496, 26.575790405273494, 26.479671902126864, 26.412843153211934, 26.235179307725748, 26.186336263020976, 26.20377366807738, 26.13406812879782, 26.066766696506193, 26.000383165147657, 25.911560058593864, 25.94857177734383, 25.921952650282265, 25.80134650336379, 25.65011630588117, 25.639526367187557, 25.640065850152002, 25.662901814778763, 25.610495673285698, 25.556590779622542, 25.451289198133793, 25.451014200846412, 25.4546369764541, 25.415883382161514, 25.339549085829024, 25.295265028211855, 25.318356323242295, 25.33635660807302, 25.274427286783993, 25.201174587673695, 25.17411092122408, 25.200005425347268, 25.144184366862078, 25.086873711480184, 25.027330864800415, 25.022185262044427, 25.059037611219765, 25.06062689887163, 25.014778306749236, 24.974861653645917, 24.969414605034746, 24.975078667534792, 25.00070020887597, 24.960452948676373, 24.935198974609534, 24.882338799370814, 24.853648885091218, 24.868444146050518, 24.855366346571316, 24.840086873372556, 24.789473130968002, 24.80141126844624, 24.81908026801231, 24.788279554579105, 24.716465250651215, 24.753155856662392, 24.719188096788304, 24.76459859212258, 24.73262566460511, 24.75881415473096, 24.78353610568583, 24.84653964572493, 24.847655910915915, 24.80069376627618, 24.80284186469193, 24.851008436415004, 24.873499552408855, 24.875252617730172, 24.77220526801229, 24.744520399305618, 24.766968790690214, 24.807090250651147, 24.82061326768675, 24.853853691948945, 24.831353081597324, 24.82326321072054, 24.87525906032992, 24.764055718316133, 24.77828877766939, 24.799330986870775, 24.817459445529682, 24.803369479709318, 24.81252746582038, 24.82458360460085, 24.85350545247407, 24.867625935872486, 24.93703715006518, 24.89620700412337, 24.886350843641612, 24.831002807617285, 24.876717461480137, 24.930292426215374, 24.955926174587773, 24.941648695204094, 24.87722710503486, 24.92808973524315, 24.96793619791684, 25.043159993489667, 24.9538594563803, 24.931527031792655, 24.992253960503565, 25.00894029405394, 25.068773735894144, 25.02989400227879, 25.029320610894217, 25.046646457248396, 25.16236707899323, 25.161198594835184, 25.194389851888122, 25.187145996093857, 25.264839341905446, 25.191168891059192, 25.26144443088121, 25.33847622341595, 25.377463107638942, 25.401165432400287, 25.462092081705844, 25.397351074218818, 25.410076226128563, 25.47935011121973, 25.431750827365537, 25.54989149305563, 25.541299777560898, 25.510410224066984, 25.590956963433275, 25.686352539062625, 25.646328396267393, 25.62173936631952, 25.66090867784294, 25.70371398925791, 25.769636705186713, 25.860535346137244, 25.87654893663203, 25.84930352105052, 25.923836602105116, 26.005658976237083, 26.009346856011387, 26.06053466796887, 26.107857937283068, 26.09373135036907, 26.181707763671966, 26.20144483778218, 26.19711100260427, 26.24559529622398, 26.273517184787448, 26.297345987955833, 26.277605183919338, 26.277447509765732, 26.269011773003587, 26.315014309353405, 26.286932712131186, 26.344642808702286, 26.371400960286547, 26.319414605034883, 26.289996337890745, 26.34987962510858, 26.411512247721443, 26.467603217230987, 26.437204657660647, 26.50638258192284, 26.580106268988782, 26.615260823567763, 26.529674953884676, 26.492428249783114, 26.46260782877613, 26.469316948784808, 26.476948377821316, 26.49226752387163, 26.500514390733674, 26.503011406792666, 26.456654527452333, 26.457076009114626, 26.495835367838747, 26.421314154731004, 26.430584716797, 26.489001464843852, 26.521030002170278, 26.485341050889854, 26.466246541341224, 26.421987236870716, 26.405408732096475, 26.408938259548716, 26.438491821289194, 26.415899658203177, 26.431941053602543, 26.443973795573015, 26.43527357313377, 26.444478013780497, 26.34802178276925, 26.346418253580776, 26.372014702691065, 26.377602810329943, 26.312637329101694, 26.252691989474936, 26.20951775444894, 26.204297553168487, 26.256969536675417, 26.297660997178856, 26.22470804850269, 26.281069607204984, 26.310542466905492, 26.304768202040083, 26.21543680826831, 26.207839626736245, 26.262883165147628, 26.221098158094776, 26.188493516710178, 26.188467407226693, 26.2129211425782, 26.11449483235687, 26.03308342827707, 26.082638210720614, 26.187453884548745, 26.18479207356779, 26.165318467882077, 26.177302720811724, 26.185322401258777, 26.142146131727486, 26.09921807183171, 26.1108761257597, 26.10160081651486, 26.086377970377686, 26.164031982421957, 26.11959499782999, 26.190820990668485, 26.17458157009554, 26.243778143988834, 26.317016262478433, 26.30490349663639, 26.286853705512215, 26.26285061306432, 26.317259385850832, 26.4097161187067, 26.410169474283958, 26.43449232313382, 26.385149129231895, 26.38039822048624, 26.431123860677246, 26.358392333984494, 26.40085483127179, 26.45585835774756, 26.448510064019217, 26.566295030382037, 26.52133653428829, 26.558464219835155, 26.574267578125085, 26.604705132378626, 26.681893242730137, 26.68124491373705, 26.693748643663316, 26.750399441189384, 26.73210618760868, 26.784563191731895]}