{"latitud": 0.8825, "longitud": -70.1059, "radiacion": [25.021180555555684, 24.95877516004784, 24.86180691189251, 24.92037183973531, 25.060480753580787, 25.104702419705006, 25.103923543294382, 25.061415608724094, 25.11093410915809, 25.177810329861206, 25.152031792534842, 25.078926255968025, 25.021290079752703, 25.11579759385857, 25.249824354383787, 25.26115349663644, 25.16974589029955, 25.152212524414185, 25.209519449869862, 25.3785698784723, 25.39909159342464, 25.331046888563417, 25.245296223958405, 25.2814158121746, 25.46919047037767, 25.435315958658993, 25.307379489474915, 25.281386650933218, 25.33085225423186, 25.467578125000102, 25.456035698784888, 25.419749281141566, 25.38070644802527, 25.47091098361553, 25.594651285807362, 25.601533677842934, 25.52951965332041, 25.47376742892804, 25.531467013888985, 25.700619845920244, 25.632476806640664, 25.6090440538196, 25.62187025282128, 25.674317762586895, 25.823814561632087, 25.806492445204128, 25.726642862955902, 25.61239522298187, 25.664674207899395, 25.762415568033987, 25.783898586697205, 25.706960042317764, 25.704242282443715, 25.74850565592455, 25.896006605360355, 25.80722283257387, 25.75801900227871, 25.76158040364597, 25.913349745008777, 26.027626207139807, 25.94742702908, 25.810139295790083, 25.791774495442795, 25.80453152126743, 25.893048434787374, 25.86281975640198, 25.794771999783052, 25.743291558159815, 25.756686740451528, 25.808205837673786, 25.798285590277903, 25.772106255425417, 25.686475626627725, 25.662553575303907, 25.775651719835157, 25.809206475151978, 25.75402018229177, 25.675556776258777, 25.661866251627657, 25.723505316840374, 25.683727010091204, 25.644197252061776, 25.625168863932384, 25.621043565538304, 25.701754421658038, 25.65989718967025, 25.62661946614594, 25.595593600803095, 25.575208197699755, 25.625000000000075, 25.54525214301221, 25.544183349609472, 25.46176113552522, 25.49165310329875, 25.555181545681496, 25.537076144748372, 25.546829901801363, 25.50075480143238, 25.457573106553905, 25.510194227430663, 25.483428276909837, 25.466736178928027, 25.412102254231872, 25.419328477647714, 25.489443969726665, 25.439408704969747, 25.356944444444554, 25.32689039442289, 25.367625257704105, 25.382149590386422, 25.326969740125964, 25.274836561414986, 25.214803059895946, 25.260130479600775, 25.205987887912404, 25.177003987630314, 25.13317260742205, 25.081862725151968, 25.094147745768307, 25.110651312934106, 25.083314005533982, 25.090803358290103, 24.979748874240517, 24.994278632270078, 24.993413628472258, 25.02218288845495, 24.94703843858514, 24.921681382921122, 24.900233629014817, 24.912614949544377, 24.869765557183218, 24.869522433810783, 24.815872531467125, 24.87180277506519, 24.854402330186684, 24.83444688585079, 24.845377943251, 24.775735812717116, 24.797827148437648, 24.785488552517467, 24.745876397027057, 24.78027954101572, 24.709161376953208, 24.707908121744936, 24.68507893880214, 24.67567511664502, 24.652250501844662, 24.58689948187938, 24.616836208767477, 24.659377712673706, 24.599301825629507, 24.613213772243984, 24.551164415147678, 24.558763631185002, 24.518683539496596, 24.422850884331677, 24.52367689344631, 24.47238599989161, 24.429256863064285, 24.419424099392455, 24.43415323893235, 24.3934604220921, 24.354368760850758, 24.339615885416794, 24.3598151312935, 24.38720567491327, 24.414122517903706, 24.414439561632037, 24.421369425455826, 24.446050347222336, 24.394091118706665, 24.3678080240886, 24.41847296820754, 24.401603529188474, 24.41001112196191, 24.342055257161615, 24.35739305284297, 24.261643473307377, 24.275922648112083, 24.336973402235287, 24.33626403808601, 24.363063218858617, 24.353455607096482, 24.3533087836373, 24.341375393337785, 24.326636081271754, 24.26369086371547, 24.299627007378604, 24.332932874891544, 24.349580213758852, 24.285668267144178, 24.31758660210511, 24.352331542968898, 24.36215006510423, 24.3622053358291, 24.35264994303397, 24.362925550672838, 24.348409016927178, 24.405526733398442, 24.35916476779524, 24.406194390191086, 24.454945203993173, 24.434091864691954, 24.466933186849076, 24.460219997829938, 24.520931328667626, 24.511199951172046, 24.50160827636728, 24.5587439643013, 24.52062988281263, 24.58029954698361, 24.527722507053056, 24.526360066731893, 24.596596950955018, 24.678786553276968, 24.692870076497474, 24.697711181640727, 24.701109822591224, 24.747599622938463, 24.79892645941851, 24.86319342719192, 24.898083835178074, 24.904131401909865, 24.93217637803825, 24.979463026258752, 25.034482489691925, 25.0265197753907, 25.0426266140409, 25.07534179687512, 25.108108181423706, 25.12222357855912, 25.144771660698893, 25.18060811360681, 25.13763529459652, 25.211789957682317, 25.266028510199778, 25.35019938151055, 25.37789001464851, 25.401657104492283, 25.41006300184472, 25.433813815646843, 25.45124104817724, 25.485512288411524, 25.538444010416793, 25.530488077799628, 25.623608059353387, 25.65842963324665, 25.643740505642466, 25.646091037326528, 25.758144463433272, 25.724094645182408, 25.72742072211389, 25.690431722005314, 25.75305718315978, 25.791386583116395, 25.793052164713703, 25.757579549153736, 25.738397555881154, 25.798419867621686, 25.818559434678907, 25.835897488064365, 25.84179416232649, 25.845591227213713, 25.87315470377615, 25.93332383897579, 25.927541097005264, 25.933661566840403, 25.923273044162404, 25.933468288845575, 25.94343600802959, 25.898261176215424, 25.934726291232778, 25.89718695746535, 25.960195583767458, 25.939009602864683, 25.93167453342024, 25.95206705729184, 25.95694410536034, 25.93335537380646, 25.96206800672752, 25.90018819173194, 25.9161848280166, 25.94242621527788, 25.91551208496107, 25.909299723307395, 25.87965969509554, 25.892766994900267, 25.836711629231882, 25.831963433159803, 25.84697367350272, 25.88095906575531, 25.90545111762164, 25.833858913845575, 25.83162367079001, 25.844255235460214, 25.809028795030486, 25.808790418836907, 25.794558376736134, 25.811947631836045, 25.781466674804772, 25.722594536675427, 25.72485588921448, 25.711999850803124, 25.73152906629785, 25.73563978407128, 25.72275526258689, 25.7392961290149, 25.685658772786535, 25.64857415093324, 25.615311008029533, 25.623410712348157, 25.534362792968825, 25.554519314236206, 25.54063991970499, 25.547000461154596, 25.52695142957911, 25.51852993435341, 25.458106825086855, 25.46326124403218, 25.507483588324835, 25.539674886067775, 25.426684909396783, 25.425430636935896, 25.35002305772578, 25.343436347113823, 25.34428914388032, 25.33787027994801, 25.294576687283058, 25.36486782497847, 25.34601135253915, 25.295909627278775, 25.33153923882382, 25.238080512152887, 25.279729207356848, 25.3120588514541, 25.32064988878049, 25.216363186306523, 25.199247911241383, 25.168839179145113, 25.196151394314352, 25.256606377495814, 25.19347127278657, 25.105032348632886, 25.10637410481782, 25.139252387152833, 25.12619662814686, 24.99883795844198, 24.94478454589851, 24.972218831380303, 25.06041191948795, 25.033259073893287, 24.97595079210075, 24.89097595214855, 24.949230278862974, 25.057275390625097, 25.042804294162448, 24.93683369954434, 24.883477105034842, 24.92148234049493, 25.016575453016628]}