{"latitud": 3.3461, "longitud": -76.0852, "radiacion": [14.38077392578136, 14.243010796441089, 14.195492214626844, 14.227160983615553, 14.201093885633801, 14.1473812527128, 14.163292778862948, 14.195419650607752, 14.295097520616386, 14.23063964843766, 14.270763142903718, 14.150814141167624, 14.219270494249221, 14.126350233290054, 14.123850843641586, 14.169480048285644, 13.963937717013986, 14.082607354058231, 14.143462456597339, 14.176474338107766, 14.227802530924542, 14.140956285264869, 14.174171278211892, 14.080973985460142, 14.121884833441868, 14.245646497938404, 14.103393554687578, 14.113969590928946, 14.07199808756521, 14.136750623915058, 14.301952107747487, 14.20181342230912, 14.16396213107646, 14.209739515516524, 14.251110839843838, 14.381158786349905, 14.298630777994921, 14.217944335937583, 14.290722656250106, 14.306476508246627, 14.432505967882017, 14.420827568902022, 14.422262573242259, 14.404364013672042, 14.43582085503482, 14.609788343641526, 14.54024861653653, 14.5013719346789, 14.549165513780467, 14.601525539822164, 14.672255452474054, 14.702328152126844, 14.676913791232684, 14.715598890516617, 14.854928249783086, 14.817954847547847, 14.75797559950098, 14.645306057400205, 14.665114339192883, 14.79403550889765, 14.824727715386322, 14.82594570583772, 14.733414374457633, 14.790053304036595, 14.816965399848186, 14.850262790256144, 14.869422403971498, 14.959402804904641, 14.919628567165944, 14.940156724718046, 15.049692450629493, 15.078243679470575, 14.957522922092116, 14.8966518825956, 15.017538113064328, 15.137659369574806, 15.218298678928022, 15.200183783637272, 15.246685112847352, 15.245438639323064, 15.277517022027041, 15.215767754448924, 15.10428365071626, 15.022684393988792, 15.063460286458394, 15.195632595486208, 15.190390353732768, 15.18741692437078, 15.224887084960983, 15.288664754231869, 15.319161309136328, 15.326995171440993, 15.29281751844627, 15.216903008355095, 15.358921644422878, 15.444625854492301, 15.39656304253477, 15.276537407769199, 15.281932576497505, 15.179688856336915, 15.301193237304782, 15.37186720106348, 15.240044826931488, 15.23734232584646, 15.324378797743199, 15.335021633572106, 15.14888678656691, 15.150119018554827, 15.246489800347339, 15.209132554796156, 15.251323445638095, 15.204079182942792, 15.184887356228424, 15.10432908799919, 15.240310329861265, 15.217337036132902, 15.17906155056437, 15.186503092448087, 15.099578179253646, 15.148232014974079, 15.166668362087782, 15.061090426975, 15.037535264757063, 15.067294989691922, 15.02077331542978, 15.134608289930668, 15.043872748481002, 15.054303317599931, 15.03018527560774, 14.999863009982752, 15.081798977322213, 15.144387478298711, 14.965987481011418, 14.941156684027893, 14.928067016601688, 15.086378648546107, 15.034401109483683, 14.949783325195426, 14.896812269422847, 14.958306545681543, 14.959707302517472, 14.88069627549919, 14.86795010036902, 14.785740492079052, 14.805346679687565, 14.81698913574231, 14.783921305338671, 14.873828803168559, 14.800111219618202, 14.841779242621632, 14.789127604166765, 14.738719685872525, 14.759897189670255, 14.730704074435854, 14.7762752956815, 14.821198866102577, 14.67064514160171, 14.613913981119842, 14.657968817816993, 14.723848809136351, 14.825004069010541, 14.665344238281326, 14.594289482964541, 14.6432156032987, 14.680868191189424, 14.639124552408965, 14.561474609375106, 14.542665947808283, 14.640394083658919, 14.602565850151942, 14.591112942165827, 14.581131659613826, 14.5510708279081, 14.573879326714538, 14.539586046007097, 14.56886834038634, 14.534037272135473, 14.565260823567806, 14.467451307508782, 14.44798041449665, 14.478464423285763, 14.498665364583417, 14.499269273546114, 14.439621988932382, 14.38648342556426, 14.506946478949772, 14.552045694987136, 14.517515055338661, 14.404163953993207, 14.548117743598254, 14.526597086588652, 14.594563123915046, 14.52671508789077, 14.504031711154653, 14.471854315863842, 14.513975355360365, 14.435480075412405, 14.47316012912332, 14.492580498589575, 14.491561550564313, 14.471945868598104, 14.538956027560857, 14.509050835503558, 14.464262559678957, 14.58384195963553, 14.667936537000969, 14.63130425347227, 14.65372009277356, 14.610659111870786, 14.521739705403737, 14.749317423502722, 14.695853678385541, 14.59037136501748, 14.628269110785709, 14.583299085829045, 14.710261705186705, 14.717236328125125, 14.666330634223186, 14.71969095865893, 14.731900024414074, 14.904908921983596, 14.961783175998335, 14.87901746961821, 14.75462578667547, 14.823500230577395, 14.921746826171974, 14.850039672851608, 14.831197441948916, 14.840366278754496, 14.924430677625972, 14.982188924153755, 15.003223334418522, 14.921796332465343, 14.987928941514875, 14.866321818033953, 14.941278415256173, 14.967605251736208, 15.014407348632895, 15.086114501953261, 15.13001030815987, 15.197442287868986, 15.136361355251836, 15.20060153537336, 15.185937839084318, 15.190538194444494, 15.21829528808604, 15.23575236002612, 15.203021240234497, 15.249433390299638, 15.202822875976665, 15.307305908203299, 15.329258558485321, 15.334428914388107, 15.285274251302136, 15.29818115234385, 15.293089463975852, 15.248810492621638, 15.273917643229254, 15.2808054606121, 15.353370496961892, 15.406085544162446, 15.313908555772684, 15.22281765407998, 15.244447496202307, 15.266938951280471, 15.352500406901166, 15.320860120985325, 15.297590128580888, 15.352104695638142, 15.334105767144194, 15.266398790147699, 15.304056125217073, 15.283514065212765, 15.224230617947134, 15.134356689453227, 15.18581373426658, 15.185118950737907, 15.166479831271772, 15.205378553602486, 15.175995551215427, 15.21353725857216, 15.191838921441047, 15.176523844401155, 15.143781534830831, 15.131002807617355, 15.17905510796453, 15.159677463107677, 15.058042060004501, 15.043440077040088, 14.961256239149387, 15.01437750922319, 14.972874620225886, 14.88648342556426, 14.91357862684477, 14.871969604492241, 14.946367051866389, 14.943084038628532, 14.949340820312614, 14.91674126519113, 14.840043470594745, 14.882247585720563, 14.878240288628584, 14.841257052951542, 14.828434244791785, 14.853265380859435, 14.795427449544357, 14.712182278103418, 14.750147162543518, 14.784638468424626, 14.709785291883785, 14.693302069770027, 14.636622111002717, 14.660541788737058, 14.649140760633713, 14.603995090060891, 14.656830512152927, 14.678906250000162, 14.6363610161676, 14.547621663411539, 14.647360907660678, 14.633006456163324, 14.637504747178903, 14.62605285644535, 14.744031439887275, 14.699807400173691, 14.724736531575559, 14.630742730034854, 14.588780042860302, 14.596146647135507, 14.629524739583417, 14.689471096462796, 14.557618882921057, 14.483331298828224, 14.442106119791712, 14.540603637695426, 14.535979546441032, 14.483363172743188, 14.523219807942837, 14.40163302951398, 14.422273084852558, 14.469665188259626, 14.418647935655505, 14.336491563585184, 14.324903700086926, 14.289085218641597, 14.407779269748367, 14.444823201497513, 14.431678941514917, 14.302911037869023, 14.388555230034816, 14.524084133572236, 14.477220323350801, 14.395937093099064, 14.38867831759999, 14.45461832682304, 14.52964409722235, 14.450348578559117, 14.3106964111329, 14.233633083767453, 14.180784098307393]}