{"latitud": 10.9783, "longitud": -73.1891, "radiacion": [19.25252312554257, 19.340291680230166, 19.3689171685114, 19.301995510525217, 19.203423733181484, 19.1849917941625, 19.27374776204431, 19.382866075303887, 19.456776597764836, 19.396228705512367, 19.5137132432727, 19.514838324652924, 19.487980821397667, 19.4087202284072, 19.252165052625987, 19.32919209798189, 19.387337239583417, 19.382687038845592, 19.379715304904646, 19.377888319227548, 19.437899441189376, 19.508505927191965, 19.55615234375017, 19.594947306315195, 19.535856119791713, 19.597038099500974, 19.747447374132076, 19.873795572916816, 19.85024651421448, 19.82566087510865, 19.90343424479178, 19.940323215060857, 19.965709092882033, 19.9473948160808, 19.874778578016578, 20.00677998860694, 20.05795932345929, 20.060484483507043, 20.021297200520962, 19.962357584635487, 20.087375556098227, 20.131277465820386, 20.25022040473097, 20.2856818305123, 20.25678541395414, 20.303424411349948, 20.424605305989683, 20.535720825195387, 20.515443250868202, 20.4794026692709, 20.548183186849144, 20.719683498806585, 20.789329359266617, 20.791944715711907, 20.627453274197155, 20.699166191948887, 20.793492635091297, 20.957486300998465, 21.023937649197137, 20.993092854817746, 21.07475348578565, 21.134249199761427, 21.1987511528864, 21.235999213324778, 21.151485866970635, 21.326701863606825, 21.46756557888466, 21.49094746907569, 21.492809041341214, 21.375376722547873, 21.514102851020066, 21.720657348632965, 21.813237169053917, 21.806820339626842, 21.688549465603387, 21.815523952908055, 21.906941392686708, 22.063848537869017, 22.124521552191897, 21.928511555989644, 21.84798923068585, 21.85313279893677, 21.989162190755337, 22.141634792751788, 22.075256008572183, 22.02239244249144, 22.115796915690243, 22.218505520290858, 22.15807257758263, 22.049389309353405, 22.081987508138145, 22.164481947157224, 22.215787760416806, 22.274909125434135, 22.35355563693588, 22.57506408691417, 22.744706895616446, 22.83324144151479, 22.800690714518282, 22.564339192708417, 22.663219197591275, 22.66525980631519, 22.794513956705824, 22.879274495442814, 22.676485188802193, 22.67922736273888, 22.740649074978382, 22.822114054362128, 22.767200724283935, 22.629458618164165, 22.73444451226133, 22.826093207465362, 22.948221164279648, 22.927377997504436, 22.79685465494799, 22.878857082790848, 23.017698838975793, 23.051447550455805, 22.9499983045791, 22.772287665473144, 22.742558119032214, 22.745613606770956, 22.84715677897147, 22.832632785373335, 22.675506591797028, 22.67545471191418, 22.733099026150224, 22.72574564615898, 22.62722134060338, 22.491695149739655, 22.520362684461873, 22.508824666341223, 22.544831000434158, 22.62230122884129, 22.640941704644245, 22.61966756184906, 22.672880045573038, 22.805348714192842, 22.746969265408115, 22.62631022135427, 22.710811021592956, 22.59995151095929, 22.61921929253479, 22.513637966579875, 22.45804985894108, 22.474231635199754, 22.44936184353308, 22.373713853624263, 22.39452887641073, 22.332084147135486, 22.394303385416734, 22.544015842013987, 22.63484937879781, 22.686291164822162, 22.5237297905817, 22.4675408257379, 22.482763332790892, 22.559783257378626, 22.499651082356916, 22.286742485894155, 22.237739732530503, 22.243791707356877, 22.344903903537368, 22.125706990560104, 21.95612962510857, 22.013522338867293, 22.105122884114678, 22.19681430392804, 22.254334513346482, 22.203761800130298, 22.113885498046972, 22.2075605604385, 22.20535176595058, 22.1609042697483, 22.118300035264877, 22.16270819769977, 22.19791531032996, 22.164539591471435, 22.101213243272696, 22.150718180338647, 22.04233059353309, 22.13412373860687, 22.112005615234484, 22.060622151692826, 21.985564846462825, 21.861719767252662, 21.9559943305123, 22.168532647027046, 22.12422078450525, 22.0131347656252, 22.10434672037771, 22.063231065538314, 22.05942348904087, 22.148997667100804, 22.16596815321189, 22.27518107096364, 22.18721686469189, 22.176410251193712, 22.24619445800791, 22.196234809027885, 22.260959540473152, 22.314117431640756, 22.488145955403734, 22.42814941406266, 22.354808213975826, 22.409184095594714, 22.453154839409837, 22.476658799913327, 22.485953776041793, 22.328341674804733, 22.272981092665038, 22.340906100803085, 22.445847574869884, 22.466281467013953, 22.490162828233697, 22.465852186415052, 22.585653008355084, 22.574473063151157, 22.64446004231782, 22.555054389105994, 22.57552964952265, 22.65355801052537, 22.667129177517534, 22.67738104926222, 22.590239461263085, 22.63362189398879, 22.725591701931517, 22.719078233507048, 22.7934892442492, 22.749733479817753, 22.754589504665905, 22.74966091579874, 22.832589382595604, 22.758443196614678, 22.708103773329146, 22.76709628634997, 22.85549553765196, 22.951065063476662, 23.01085815429703, 22.83914761013462, 22.930843438042654, 22.861625501844724, 22.895698038737066, 22.864581637912448, 22.86217380099841, 22.953605482313453, 22.825081719292637, 22.979838731553873, 22.979142591688458, 22.985848320855155, 22.910694376627703, 22.932845730251852, 23.065071614583378, 23.089792887369885, 23.02388678656693, 22.99474283854177, 22.856663343641554, 22.861695692274395, 22.816867404513914, 22.831793551974915, 22.815561930338657, 22.894366794162426, 22.903068033854343, 22.811067369249184, 22.79366217719191, 22.82418518066417, 22.801764933268377, 22.801523844401157, 22.735240681966257, 22.760616048177116, 22.691474405924662, 22.665100775824765, 22.61891784667978, 22.534478420681523, 22.415778605143334, 22.458052232530463, 22.42331678602439, 22.43352661132826, 22.478447129991427, 22.46364746093762, 22.47835083007821, 22.419581095377737, 22.377187771267455, 22.2901923285591, 22.098020765516576, 22.068507893880337, 22.15006476508258, 22.160547553168517, 22.173766411675427, 22.13022630479611, 22.095587158203234, 22.08412034776482, 22.076468234592145, 22.077919175889843, 21.94187893337683, 21.955100165473272, 21.889314100477538, 21.822767469618114, 21.754387410481872, 21.655752902560778, 21.622944810655458, 21.54430304633256, 21.41243320041256, 21.350132581922864, 21.312075805664147, 21.30568712022578, 21.282540215386366, 21.185373602973204, 21.189051310221505, 21.066142103407174, 21.096685112847357, 21.095587158203216, 21.1062272813586, 21.01352064344631, 20.886200629340447, 20.884745279947996, 20.89989318847671, 20.825407579210133, 20.694012112087744, 20.642220730251875, 20.544316609700616, 20.50642157660593, 20.641966417100814, 20.598700968424666, 20.446638658311638, 20.463773600260538, 20.412992350260556, 20.35562337239592, 20.223951212565186, 20.15978427463121, 20.11470879448795, 20.145624457465335, 20.10198974609394, 20.080184258355114, 19.975520155165082, 19.97921244303389, 20.028985934787347, 20.037301296658068, 19.911460028754448, 19.820998467339507, 19.76381056043844, 19.827768283420237, 19.82248704698357, 19.70365905761734, 19.571007961697187, 19.533642239040887, 19.519735039605127, 19.438440280490568, 19.30306328667549, 19.325362820095616, 19.308237711588657, 19.41652798122836, 19.494623819987037, 19.539111667209337, 19.471391805013166, 19.444884914822183, 19.532659912109466, 19.54957987467456, 19.404255167643328, 19.37639431423624]}