{"latitud": 2.5791, "longitud": -70.5911, "radiacion": [24.812992011176373, 24.74063212076832, 24.771112399631118, 24.85361192491331, 24.982535807291736, 24.990849473741402, 24.91377020941847, 24.871405368381204, 24.920720418294405, 25.034067450629493, 24.99435560438377, 24.994941541883804, 25.031336466471487, 25.162628851996697, 25.157877604166725, 25.119077216254386, 25.096612209744062, 25.05916307237415, 25.193447536892467, 25.427186075846503, 25.363746812608607, 25.295106336805702, 25.334626261393357, 25.432736206054738, 25.562911309136364, 25.493249172634687, 25.405233086480166, 25.44076266818583, 25.513751898871607, 25.647300889757087, 25.609989420573015, 25.55161777072493, 25.54598320855045, 25.638398234049628, 25.80464714898009, 25.773699951171924, 25.758083428277057, 25.82893405490464, 25.840206909179795, 25.97355075412342, 25.848128255208433, 25.815051608615573, 25.820829603407237, 25.87180311414941, 26.086294894748352, 25.8784640842015, 25.857018703884673, 25.761550903320387, 25.88448825412335, 26.018320719401213, 25.949579874674573, 25.853236558702367, 25.813220893012232, 25.895041571723215, 25.992449273003597, 26.0276085747614, 26.03012559678827, 26.001109483507094, 26.118464830186685, 26.25729064941417, 26.104998779296903, 26.00741814507387, 25.920512220594713, 25.958115980360315, 26.100851779514016, 25.95035434299058, 25.816960313585167, 25.771202596028786, 25.80870056152355, 25.894539727105098, 25.707011922200746, 25.76730007595491, 25.681723361545192, 25.690672132704094, 25.765089586046127, 25.67877875434039, 25.529410129123352, 25.453711615668492, 25.485138278537345, 25.597671169704995, 25.56102193196627, 25.485880533854303, 25.480052015516566, 25.557375081380332, 25.62802666558171, 25.48497246636303, 25.407025146484518, 25.332016669379488, 25.35346577962258, 25.32510850694454, 25.24790344238295, 25.216260104709324, 25.185310533311753, 25.181990220811752, 25.281639946831714, 25.237300618489655, 25.169557698567832, 25.15364718967017, 25.20756530761732, 25.22605794270841, 25.173266601562545, 25.166126505533914, 25.1144483778213, 25.198043823242262, 25.236790296766554, 25.18312852647576, 25.13409966362853, 25.10640224880656, 25.128808254665866, 25.169799804687575, 25.09128011067719, 25.05546637641068, 24.992895846896772, 25.08226047092027, 25.073371717665015, 25.048711140950576, 24.99115295410174, 24.976328531901213, 24.96434122721367, 25.003071424696298, 24.971971638997445, 24.93849453396274, 24.889608425564386, 24.891719224717992, 24.85777011447493, 24.869873385959334, 24.826778835720614, 24.804939100477515, 24.80111796061205, 24.85600789388036, 24.810140652126833, 24.775293646918517, 24.734803941514826, 24.74918484157996, 24.77945217556432, 24.78560994466157, 24.77945285373274, 24.70858934190547, 24.69803297254782, 24.707832166883765, 24.6960578070747, 24.682382202148535, 24.639963107639044, 24.654574245876873, 24.632201131184974, 24.650669691297836, 24.57264404296882, 24.549851481119884, 24.515767076280458, 24.567834811740568, 24.570504421658068, 24.567414008246597, 24.48854743109818, 24.44102037217895, 24.50182732476132, 24.447465345594708, 24.459399414062602, 24.397217475043515, 24.356159125434107, 24.330249362521766, 24.358979966905437, 24.303700425889872, 24.28249749077702, 24.319606187608542, 24.35739780002183, 24.382151624891588, 24.34384392632391, 24.333134629991417, 24.34880777994808, 24.369314914279585, 24.37718777126751, 24.342879231770933, 24.30729302300358, 24.277770996093864, 24.329330105251852, 24.307292005750963, 24.30633951822924, 24.257827758789137, 24.22787000868063, 24.2597937689888, 24.252083333333434, 24.232462226020022, 24.252934095594657, 24.275073581271744, 24.268616739908982, 24.219478013780492, 24.242870415581667, 24.214841376410714, 24.204122924804725, 24.266323513454854, 24.29613003200967, 24.265004475911553, 24.32417975531691, 24.31947631835946, 24.281066555447143, 24.261501736111217, 24.293136596679783, 24.285042656792616, 24.28245408799923, 24.349363538954133, 24.333651733398607, 24.306210666232744, 24.351752048068665, 24.41806165907131, 24.450288221571252, 24.455462985568676, 24.421385701497496, 24.43713785807294, 24.430726793077287, 24.455152723524407, 24.52264099121106, 24.515220472547828, 24.480496215820406, 24.53579440646712, 24.576653713650305, 24.60062289767808, 24.609982299804813, 24.56528455946191, 24.581741672092125, 24.68064846462687, 24.686530219184117, 24.726866319444543, 24.75740288628479, 24.79545694986994, 24.842689344618123, 24.862243652343864, 24.825242106119862, 24.860166422526124, 24.91569993760864, 24.942287190755298, 24.90910915798624, 24.930082533094737, 24.933522542317835, 24.92990146213117, 24.97952779134128, 25.025941975911604, 25.057730441623352, 25.078814358181507, 25.14641215006522, 25.189652845594726, 25.1826361762154, 25.213216145833485, 25.178829616970614, 25.206934611002737, 25.28391350640194, 25.313482326931553, 25.263688151041816, 25.23023478190125, 25.30040181477879, 25.312010023329112, 25.315875922309107, 25.312636311849037, 25.292325507270068, 25.304562377929773, 25.349924723307364, 25.32785814073363, 25.326361083984505, 25.359583536783987, 25.425046115451533, 25.423021782769258, 25.462721421983588, 25.38201429579006, 25.413972303602463, 25.44162801106783, 25.48398776584213, 25.4589114718968, 25.437083943685025, 25.456195407443754, 25.495447116428025, 25.499584621853426, 25.47697787814684, 25.483534410264877, 25.46694810655394, 25.44084269205744, 25.478245713975827, 25.462317572699703, 25.463073391384643, 25.46321343315975, 25.504809570312563, 25.504959106445465, 25.470336574978415, 25.437195502387283, 25.43989834255645, 25.475177341037426, 25.49778442382825, 25.489591132270068, 25.422755940755376, 25.390147569444537, 25.461284044053894, 25.450447930230116, 25.41313544379354, 25.42258165147581, 25.401677110460184, 25.39149746365028, 25.470279947916765, 25.43009101019976, 25.40543891059046, 25.362424723307395, 25.426682535807327, 25.396979437934135, 25.33043111165377, 25.328235202365533, 25.341135321723204, 25.329006279839543, 25.32880655924488, 25.353827921549605, 25.274505615234492, 25.2317152235244, 25.23419901529958, 25.279811604817855, 25.296208699544362, 25.22411227756091, 25.14553833007824, 25.165123494466247, 25.114076402452365, 25.083427937825643, 25.077307467990522, 25.003076171875062, 25.025514729817797, 25.083248901367313, 25.038425360785652, 24.937313503689342, 24.908422851562666, 24.936904568142477, 25.016569349501026, 24.966236707899423, 24.95340643988722, 24.864977688259653, 24.896763102213622, 24.956850179036625, 24.88209635416676, 24.85451727973098, 24.7846489800348, 24.751167805989667, 24.854646131727506, 24.804913669162374, 24.729308403862962, 24.71477695041246, 24.77415873209644, 24.779491170247486, 24.752496337890705, 24.74704522026923, 24.687739054362094, 24.743065728081735, 24.814354112413337, 24.649023098415928, 24.619928656684163, 24.59987555609818, 24.646376885308257, 24.715115695529636, 24.58905707465283, 24.602159966362894, 24.49789089626745, 24.59761454264333, 24.76492852105044, 24.726225450303858, 24.65024447970929, 24.578992377387237, 24.659574042426357, 24.825449286566904]}