{"latitud": 6.4395, "longitud": -74.696, "radiacion": [23.74040086534298, 23.88163452148454, 23.913149685329966, 23.83006286621105, 23.760370551215356, 23.83872680664079, 23.901342773437573, 23.8598924424914, 23.94791870117196, 23.891681925455902, 24.003373548719765, 24.100309244791784, 24.213526746961918, 24.193085734049532, 24.01231553819457, 24.140585327148454, 24.207307603624184, 24.279979451497542, 24.26401807996975, 24.16035766601569, 24.23622673882386, 24.253575303819577, 24.42859056260856, 24.49233873155394, 24.32010803222668, 24.322585720486206, 24.459554036458485, 24.506661309136447, 24.54672207302527, 24.48936496310777, 24.631805080837808, 24.63662651909736, 24.790487670898546, 24.854848904079972, 24.799245537652002, 24.892387559678905, 24.992973158094703, 25.023404608832532, 25.135129801432356, 25.12320387098536, 25.2182932535808, 25.343521457248375, 25.41317918565545, 25.378501383463668, 25.280792236328256, 25.34862365722667, 25.425273301866394, 25.42687276204438, 25.491759914822126, 25.451825629340362, 25.47591959635427, 25.578664822048683, 25.71042683919279, 25.705152045356005, 25.695611911349886, 25.74204033745667, 25.73784213595931, 25.763223266601624, 25.782834879557374, 25.62486707899311, 25.687427096896858, 25.71504991319451, 25.698168606228347, 25.738473171658104, 25.611362711588583, 25.623347303602543, 25.81607869466154, 25.861515299479265, 25.967809041341294, 25.883803982204995, 25.742299736870677, 25.855055067274463, 25.872374471028724, 25.88698425292976, 25.77461649576829, 25.942121039496687, 25.850662231445387, 25.904981146918487, 25.875424872504425, 25.790673489040916, 25.929210747612917, 26.07870720757391, 26.009074910481917, 25.83831244574665, 25.751542494032226, 25.60743882921014, 25.716231621636325, 25.628322007921117, 25.751405504014883, 25.725029500325586, 25.7388146294489, 25.791974894205833, 25.866477118598123, 25.903016153971464, 25.750385199652897, 25.980293782552184, 25.946230061849008, 26.12583075629357, 26.125328233507048, 25.891349622938453, 25.855189005533948, 25.837761773003553, 25.857896253797758, 25.885949367947187, 25.776811387803928, 25.76669413248707, 25.780667114257938, 25.81332261827265, 25.808290608724025, 25.689858669704922, 25.65182935926657, 25.65681864420577, 25.63096245659735, 25.667211574978392, 25.483577134874263, 25.414442952474037, 25.514175075954977, 25.510610622829972, 25.46223551432301, 25.450889417860367, 25.49455735948364, 25.475350273980137, 25.55880635579433, 25.4753645155166, 25.385018242730116, 25.41078932020412, 25.453098212348223, 25.396690538194587, 25.378632948133713, 25.262109035915916, 25.260011800130297, 25.44441867404525, 25.43953857421887, 25.222227647569564, 25.076323106553957, 25.112550862630297, 25.12915852864599, 25.13710666232646, 24.913700358073033, 24.85970899793845, 24.861600409613796, 25.010383436415015, 24.88782857259116, 24.748222520616405, 24.793396335178045, 24.772054375542627, 24.921451822916804, 24.86771884494368, 24.897445000542593, 24.892312961154555, 25.01608784993495, 25.02671407063811, 25.077764214409797, 25.01825425889776, 24.881545342339546, 25.042482842339552, 25.2143985324437, 25.144861518012323, 25.116655476888145, 25.03226081000442, 25.08467542860251, 25.089781019422844, 25.092971801757983, 24.983293999566058, 24.968324449327326, 25.111979844835144, 25.14901902940551, 25.192071194119066, 25.22715284559477, 25.11136881510426, 25.400208197699744, 25.36069200303827, 25.236722140842144, 25.214916992187643, 25.16433953179262, 25.25961676703571, 25.25628831651477, 25.268316989474894, 25.120330810547014, 25.200876532660686, 25.26261732313382, 25.25817769368499, 25.354206678602527, 25.182447306315225, 25.16250712076832, 25.15470140245232, 25.097328355577343, 25.337889607747456, 25.431496514214512, 25.48319329155828, 25.545203653971537, 25.43297153049055, 25.46950751410596, 25.37785746256526, 25.329038492838624, 25.36740281846797, 25.38206787109387, 25.55632052951404, 25.48415662977438, 25.463471137152926, 25.449926079644154, 25.47528076171894, 25.382803683810874, 25.297704399956732, 25.20347256130653, 25.448485310872552, 25.527230495876797, 25.47221171061206, 25.375643242730177, 25.268111504448864, 25.331982421875107, 25.33127848307301, 25.307868448893373, 25.14085456000447, 25.02367180718331, 25.089304606119907, 25.188834974501034, 25.343133884006193, 25.18465745713985, 25.013954332139843, 25.05270996093759, 25.153686862521752, 25.069483100043517, 24.906676567925444, 24.89786037868936, 24.88315463595931, 25.001549614800428, 25.065668402777916, 24.935733710395066, 24.867122395833462, 24.97914937337248, 24.996782769097322, 25.012439643012232, 24.889000786675467, 24.767636786566964, 24.91343824598539, 24.86547003852009, 24.99807264539936, 24.973002794053887, 24.93879326714418, 24.80861985948358, 24.751095241970614, 24.864765760633816, 24.825020345052128, 24.65841674804697, 24.660822550455823, 24.756849839952338, 24.738046942816897, 24.705679321289228, 24.58993767632391, 24.643078274197233, 24.58548210991764, 24.624235026041784, 24.50475802951401, 24.48943515353748, 24.507268269856826, 24.509938557942878, 24.562415907118105, 24.501018608941138, 24.391958618164153, 24.398096042209318, 24.339617919922016, 24.368532986111216, 24.288829888237974, 24.198056030273545, 24.23116861979173, 24.267326863606872, 24.31547614203568, 24.249201456705865, 24.204801093207532, 24.17269761827269, 24.22288106282569, 24.17735493977877, 24.06101243760863, 24.02743598090287, 24.107413058810852, 24.090794881184973, 24.09299926757818, 24.069624837239683, 23.99215562608519, 23.996875678168504, 24.078952026367272, 24.050498114691933, 23.882815890842153, 23.83503350151928, 23.885249159071275, 23.911786905924505, 23.93961927625878, 23.819753350152023, 23.764770168728393, 23.792365519205855, 23.86323852539069, 23.78521626790378, 23.644431220160698, 23.56874220106342, 23.704730563693698, 23.718304782443642, 23.769234212239706, 23.674021742079088, 23.624118041992304, 23.657491726345615, 23.701092190212705, 23.681604003906386, 23.67039591471371, 23.55753546820756, 23.50460374620235, 23.56700405544714, 23.641632419162477, 23.539567735460157, 23.489428371853364, 23.437719726562616, 23.47509833441855, 23.43511759440118, 23.450071546766612, 23.342889743381175, 23.3568586561416, 23.346236504448882, 23.42283698187943, 23.399742635091286, 23.350387912326486, 23.343140326606015, 23.427189466688464, 23.445131429036564, 23.41106160481782, 23.367629326714603, 23.34373135036907, 23.451487562391566, 23.55032416449662, 23.412940809461873, 23.357042439778734, 23.443085394965426, 23.531584676106906, 23.529394192165984, 23.468056572808262, 23.36701761881525, 23.437984551323876, 23.501978556315198, 23.479978773329112, 23.447643364800417, 23.42746209038637, 23.512359958224977, 23.64632839626748, 23.63777974446623, 23.50978495279954, 23.41825493706608, 23.45738932291677, 23.536618720160636, 23.56839158799922, 23.52388203938807, 23.401488579644212, 23.449750094943624, 23.555845472547883, 23.582405259874253, 23.6130510118273, 23.611448838975814, 23.620190090603426, 23.776604885525273, 23.900025431315175, 23.73984714084213, 23.631296454535743]}