{"latitud": 1.9358, "longitud": -67.3372, "radiacion": [25.20098130967894, 25.15108608669715, 25.201400078667632, 25.31469624837253, 25.46575927734388, 25.30264214409732, 25.263196478949737, 25.334912448459253, 25.430137125651147, 25.49832322862422, 25.393148803711103, 25.416225857204967, 25.44225972493494, 25.545308770073934, 25.639657592773574, 25.604876030816, 25.554865180121663, 25.577950710720586, 25.76094699435771, 25.854709879557333, 25.73587273491762, 25.76040479871972, 25.870576985677207, 25.88053995768246, 25.97165018717459, 25.90530429416238, 25.93200751410605, 25.947134399414153, 26.010628594292616, 26.042759195963622, 25.951823933919304, 25.954648844401124, 26.00169135199667, 26.13231336805573, 26.20822041829433, 26.191014607747473, 26.072311062283063, 26.087543741862135, 26.23507317437075, 26.325503540039147, 26.198246934678973, 26.17537400987429, 26.249168565538298, 26.320630900065186, 26.387024603949726, 26.23641899956603, 26.233649359809174, 26.209710693359455, 26.284847005208388, 26.33923509385865, 26.230729505750976, 26.229729546441074, 26.247579616970615, 26.419637044270967, 26.503092447916767, 26.28984375000016, 26.336666531033057, 26.421655273437636, 26.533013576931523, 26.53379821777357, 26.386317613389807, 26.287919786241428, 26.350937906901134, 26.424745008680684, 26.415298461914215, 26.308630710178083, 26.240119425455873, 26.251129150390756, 26.320685831705873, 26.252733357747463, 26.221575927734477, 26.147951931423734, 26.118638780381975, 26.123585340711866, 26.114863077799555, 26.189864095052183, 26.07917887369801, 26.11344774034298, 26.07534790039074, 26.091661241319514, 26.039418877495752, 25.939576212565232, 25.99594658745671, 26.03868272569457, 25.913600667317837, 25.86243659125445, 25.870174492730143, 25.894262356228428, 25.847824435764, 25.82176378038209, 25.770417616102502, 25.720367431640643, 25.760560777452365, 25.763129340277867, 25.723330688476647, 25.680464341905463, 25.69756232367634, 25.72573716905394, 25.7396664089628, 25.743706936306527, 25.708989122178952, 25.694925265842073, 25.6692070855035, 25.71089714898009, 25.65733201768673, 25.606157090928964, 25.572008599175394, 25.589918009440193, 25.62046780056437, 25.580567762586895, 25.524031914605132, 25.50120713975703, 25.501585896809974, 25.560664198133754, 25.515248616536592, 25.48240966796887, 25.467781575520878, 25.45533277723543, 25.417966376410675, 25.42282647026919, 25.381862386067837, 25.394562106662477, 25.344978841145917, 25.40152960883256, 25.329003228081735, 25.332795545790077, 25.294132486979247, 25.275981987847345, 25.290513441297946, 25.26081407335077, 25.253749254014867, 25.272730509440198, 25.25516289605046, 25.274818589952343, 25.26126437717024, 25.203673299153706, 25.156239827474106, 25.155121866862107, 25.149358791775267, 25.17369147406697, 25.17991434733081, 25.156509399414137, 25.12528856065548, 25.100640869140648, 25.094208780924646, 25.033971489800496, 25.00228407118063, 24.992991468641623, 24.98025173611118, 24.96508449978315, 24.931157430013155, 24.989725748697992, 24.960096910264838, 24.93808593750013, 24.90168457031253, 24.903278605143345, 24.842420111762255, 24.889328681098203, 24.858575778537404, 24.827134874131996, 24.8298665364584, 24.812010023329094, 24.79447937011732, 24.751943969726653, 24.724747382270078, 24.723713175455845, 24.785095214843825, 24.83836127387163, 24.827374945746673, 24.800386216905434, 24.783488972981917, 24.795879787869012, 24.83423326280401, 24.789410061306494, 24.817355007595626, 24.78808492024753, 24.766414048936724, 24.742244805230143, 24.748451741536616, 24.756364271375976, 24.755999416775296, 24.784455362955782, 24.772414822048706, 24.785966661241407, 24.769685194227502, 24.705078803168533, 24.68484225802958, 24.72804836697054, 24.69946255154095, 24.706105211046104, 24.769952731662425, 24.748107231987984, 24.759451972113904, 24.835768296983648, 24.797235446506193, 24.790522257487087, 24.799245876736222, 24.81046447753918, 24.82378200954878, 24.7948286268447, 24.77029554579006, 24.813821411132874, 24.87457580566422, 24.89754401312943, 24.8979719373916, 24.912660725911525, 24.893466186523597, 24.947167290581717, 24.97627800835518, 24.937895033094705, 24.98776346842457, 24.997315470377732, 25.055564710829117, 25.074866739908924, 25.139214748806523, 25.115340508355214, 25.158155992296088, 25.19894646538637, 25.228242662218026, 25.295407782660714, 25.33505011664505, 25.339678615994085, 25.371767171224047, 25.422252739800438, 25.44793226454006, 25.47733323838986, 25.538055759006188, 25.532274712456644, 25.56594373914938, 25.55902303059912, 25.58566657172317, 25.64757012261295, 25.681120130751026, 25.65264146592894, 25.66409166124144, 25.70669080946188, 25.726964653862865, 25.768385823567787, 25.85251397026919, 25.86945122612862, 25.864525349934997, 25.89929843478747, 25.8859968397353, 25.91832377115899, 25.973880004882876, 25.947283596462782, 25.974707709418414, 26.033481852213697, 26.006191338433307, 26.0913547092015, 26.05791422526052, 26.10817837185338, 26.047125583224954, 26.079350111219714, 26.095288425021824, 26.079782443576544, 26.075492689344685, 26.11825256347663, 26.213277859158058, 26.18697577582471, 26.202806599935002, 26.208006795247496, 26.204040866427988, 26.215579901801334, 26.240787760416747, 26.212479994032208, 26.237701755099938, 26.247982109917643, 26.266701592339547, 26.26769104003917, 26.208686319987105, 26.276429918077287, 26.253246053060007, 26.245700412326414, 26.2705705430774, 26.20188903808607, 26.218102688259666, 26.279703776041742, 26.210761854383765, 26.219561428494064, 26.17007683648016, 26.193432956271767, 26.19344516330311, 26.16470811631952, 26.13927205403654, 26.133736504448887, 26.085255601671182, 26.076278008355114, 26.101325141059103, 26.095904880099926, 26.078246731228393, 26.089968532986234, 26.04451429578997, 26.079719373914998, 26.09638163248701, 25.980839369032292, 25.986944240994053, 25.987549167209313, 25.976882934570444, 25.963723754882892, 25.914870198567826, 25.86944681803391, 25.85959574381523, 25.86128234863287, 25.836342027452435, 25.79344516330305, 25.780706787109505, 25.761462063259632, 25.801765272352554, 25.766564263237967, 25.719145033094758, 25.648338487413223, 25.638633897569473, 25.671641031901117, 25.614438883463645, 25.553706529405474, 25.531491767035657, 25.47953016493066, 25.478587171766588, 25.467238023546088, 25.448381212022678, 25.389471435546966, 25.462664116753615, 25.453123643663314, 25.391609361436736, 25.352273898654648, 25.362725151909824, 25.315074327257037, 25.321050008138172, 25.351858181423683, 25.310137600369064, 25.310963609483583, 25.24909294976133, 25.27522616916245, 25.301270209418494, 25.203791978624242, 25.210162692599965, 25.190567694770095, 25.20065307617197, 25.269528537326476, 25.20780504014766, 25.111833360460157, 25.13191833496103, 25.1355228000218, 25.245159912109425, 25.055193413628615, 25.062138197157214, 25.016162787543504, 25.032517835829083, 25.070058186849092, 25.0431115044489, 25.035946994357747, 24.99447462293845, 25.062918429904624, 25.129565429687602, 25.08680318196616, 25.030704752604304, 25.059213595920188, 25.12503187391502, 25.201700507270044]}