{"latitud": 4.4554, "longitud": -68.4039, "radiacion": [26.49422539605041, 26.546923828125102, 26.658571709527035, 26.74309421115464, 26.76285129123278, 26.75291612413207, 26.727633666992272, 26.755246649848214, 26.88408304850274, 26.90773891872836, 26.8977617051868, 26.901089477539227, 26.987681749131998, 26.997177802191914, 27.087066650390756, 27.081880018446384, 27.088303290473203, 27.097590467665043, 27.231876627604283, 27.286319986979265, 27.330662367079146, 27.39189012315548, 27.509590657552128, 27.558659193250985, 27.603158569336014, 27.645446777343825, 27.676649305555696, 27.742424180772616, 27.778011745876864, 27.823061455620707, 27.751554361979213, 27.784644232855936, 27.926578097873346, 28.0285939534506, 28.13583645290809, 28.183347913954112, 28.243459065755264, 28.25282592773444, 28.312311808268287, 28.38968098958344, 28.452095201280518, 28.423012966579943, 28.419589572482703, 28.445223999023558, 28.531547376844703, 28.45035095214854, 28.497667100694553, 28.530652194553074, 28.59019538031697, 28.54813876681872, 28.471284315321345, 28.41766933865021, 28.429245673285738, 28.5974433051216, 28.638022528754373, 28.58987664116764, 28.58998616536472, 28.614646402994882, 28.721879408094747, 28.815536499023512, 28.627115546332575, 28.421515570746692, 28.579457939995752, 28.619896104600798, 28.52915106879351, 28.318353271484472, 28.269173516167637, 28.311561414930583, 28.34902784559472, 28.220219930013076, 28.10691494411898, 28.05001288519975, 28.005995347764863, 28.008825683593898, 28.04978841145849, 27.82894354926225, 27.75008544921883, 27.761855400933257, 27.840285915798727, 27.90050252278657, 27.766167873806484, 27.669580078125083, 27.572385999891594, 27.624197048611318, 27.469598727756193, 27.312074110243202, 27.09745246039506, 26.977009412977548, 27.00301581488721, 26.948243543836895, 26.797952948676294, 26.67116699218764, 26.653616333007943, 26.597922770182418, 26.558996582031284, 26.439525349935064, 26.30792609320751, 26.381503634982682, 26.41947089301226, 26.313258870442798, 26.20024820963543, 26.13816969129793, 26.131967163086074, 26.265706041124247, 26.22799750434035, 26.081625366211025, 26.02638041178392, 26.017821926540858, 26.011508178711058, 25.952871365017398, 25.90367804633261, 25.78512369791677, 25.68664991590718, 25.741385226779624, 25.720706854926334, 25.615398491753563, 25.539972262912404, 25.472915310329913, 25.496272786458423, 25.529309421115517, 25.370493570963635, 25.28573133680561, 25.22232394748272, 25.264415825737938, 25.321738349066965, 25.2546702067058, 25.212357923719708, 25.169846937391625, 25.14091864691852, 25.187921142578244, 25.147108289930618, 25.084171549479283, 25.03768649631083, 25.0740003797744, 25.127521091037465, 25.085878838433263, 24.989766438802178, 24.94760437011733, 24.9764811197918, 24.97337680392809, 24.911452907986206, 24.877950371636416, 24.869562784830823, 24.895183308919382, 24.916565958658925, 24.837850613064365, 24.803616672092065, 24.78774651421452, 24.83541870117195, 24.834051852756147, 24.797382269965382, 24.746298556857727, 24.739167277018378, 24.714267985026122, 24.729267374674446, 24.699421861436786, 24.690018717447987, 24.599905056423722, 24.63021816677525, 24.691848754882965, 24.636681450737967, 24.56931559244809, 24.554386054145084, 24.57799309624581, 24.61244642469626, 24.621249389648558, 24.622861056857705, 24.669560750325616, 24.647777642144188, 24.65328606499577, 24.61191168891067, 24.583858235677194, 24.660845269097326, 24.67581787109384, 24.71260375976569, 24.630876668294395, 24.578491210937614, 24.608272976345592, 24.610453965929025, 24.59500257704002, 24.602778116862055, 24.596538967556494, 24.56123148600271, 24.636104329427194, 24.63847656250007, 24.584570651584272, 24.602101982964502, 24.601608615451482, 24.62458258734817, 24.653690592448015, 24.617693413628633, 24.61868828667546, 24.649086507161616, 24.711456298828278, 24.668651326497486, 24.667768012152845, 24.614695231119907, 24.63053521050362, 24.71716274685347, 24.73166503906261, 24.689988878038278, 24.639304267035698, 24.67670389811199, 24.716027832031333, 24.782355075412436, 24.753475952148545, 24.741814507378496, 24.75759243435334, 24.799456787109477, 24.8045966254341, 24.786499023437614, 24.776258002387276, 24.847253417968847, 24.912056477864706, 24.918021647135504, 24.932415771484404, 24.872845458984443, 24.967170206705834, 24.919552951389033, 25.013266330295192, 25.064687093099092, 25.0834035237631, 25.073606024848218, 25.072280205620796, 25.11562194824228, 25.13194240993937, 25.133660210503606, 25.072416517469737, 25.188899400499263, 25.20210876464849, 25.18048807779964, 25.245065307617324, 25.318159654405537, 25.276563517252708, 25.32707316080742, 25.344768608941042, 25.343531968858574, 25.40370856391068, 25.51159600151925, 25.55056932237426, 25.516292995876825, 25.61508822970931, 25.61297030978737, 25.626463148329076, 25.66881679958779, 25.697082180447165, 25.70446268717456, 25.708813476562568, 25.76646152072497, 25.79097256130649, 25.795619710286513, 25.84136759440122, 25.87230156792549, 25.908087497287454, 25.919324069553056, 25.87802530924493, 25.851477050781323, 25.835374959309945, 25.958285861545146, 25.992215643988818, 25.940503946940186, 25.85328809950094, 25.949778917100748, 26.011976453993174, 26.07778930664072, 26.052368164062596, 26.081442260742353, 26.1473870171442, 26.164402262369872, 26.119337632921088, 26.088743760850836, 26.035703870985305, 26.048836941189354, 26.085514662000907, 26.12986111111121, 26.09166700575101, 26.052698432074767, 26.031730821397655, 26.05324503580736, 26.105413479275246, 26.019970364040848, 26.01999308268239, 26.043160671658047, 26.123838297526145, 26.101820882161537, 26.0259016248916, 25.975072903103353, 25.96882832845061, 26.010283745659876, 26.027404106987962, 25.962054443359534, 26.011714680989712, 25.9799034966364, 26.002918158637197, 26.031390041775257, 25.919023980034808, 25.83742980957038, 25.873104519314342, 25.964616224500976, 25.927847290039136, 25.871169704861206, 25.782927788628587, 25.768065728081694, 25.86605563693583, 25.909820895724902, 25.836326090494953, 25.85270351833782, 25.855727471245796, 25.88588324652788, 25.844141981336918, 25.82061225043418, 25.826920233832578, 25.780647108290054, 25.81288011338982, 25.78585645887595, 25.760449557834306, 25.6426055908204, 25.62379082573798, 25.704549153645967, 25.791587999132066, 25.715648735894188, 25.649035305447097, 25.700717841254477, 25.810566541883798, 25.716507636176306, 25.643319023980194, 25.634675089518243, 25.64649454752606, 25.690812852647657, 25.69396124945759, 25.640405273437654, 25.688993326823, 25.677490573459277, 25.7545247395834, 25.83358934190547, 25.794504123263966, 25.754870944553073, 25.733815171983547, 25.841976928711045, 25.923231336805618, 25.921957397461046, 25.903555976020048, 25.858557807074664, 25.950745985243145, 25.944312201605992, 25.876972452799595, 25.90879957411035, 26.030636257595614, 26.003310818142477, 26.050668674045255, 25.939913262261445, 25.974455091688487, 26.10443623860681, 26.22155558268247, 26.28791164822051, 26.245552571614706, 26.27858954535598, 26.28552788628487, 26.289650811089512, 26.32139180501311]}