{"latitud": 9.9443, "longitud": -74.2869, "radiacion": [31.25680779351133, 31.487164306640693, 31.494468180338668, 31.526495361328255, 31.39026896158873, 31.38109436035167, 31.38691270616333, 31.38822089301226, 31.480649820963567, 31.46329888237858, 31.53242933485251, 31.523670450846396, 31.663195461697114, 31.63362765842021, 31.515496487087812, 31.648125542534842, 31.66018235948358, 31.657983737521842, 31.631235419379436, 31.492914835612112, 31.509916178385524, 31.595361328125062, 31.775369601779648, 31.868267822265736, 31.747981092665025, 31.734440104166822, 31.846075439453234, 31.965201144748335, 32.00814412434909, 31.9418141682944, 32.17431844075529, 32.156919013129446, 32.22195197211374, 32.293942260742234, 32.21608818901918, 32.34693264431436, 32.49128689236117, 32.55972866482216, 32.60811937120237, 32.49691772460947, 32.58922017415379, 32.686821153429, 32.84607645670578, 32.86300048828141, 32.81463487413208, 32.85647074381524, 32.78646172417547, 32.875940280490546, 32.88124559190544, 32.82770046657996, 32.948754882812636, 33.11352301703571, 33.233217366536586, 33.33063524034301, 33.2194841172961, 33.348474799262284, 33.36308152940554, 33.466560533311736, 33.45066223144539, 33.45146179199222, 33.358968777126826, 33.39165615505658, 33.39826083713111, 33.48609653049058, 33.48371276855479, 33.612861124674566, 33.60160047743066, 33.58584391276057, 33.639510769314256, 33.557368977864634, 33.623611789279586, 33.690432061089474, 33.73705173068589, 33.75059712727875, 33.605788506401986, 33.74423455132395, 33.87702297634561, 33.95415615505652, 33.91397332085518, 33.79315558539516, 33.83238830566419, 33.8209940592449, 33.81161702473969, 33.88551601833782, 33.765617540147694, 33.778197903103454, 33.72834845648879, 33.71516384548621, 33.67617458767368, 33.517664591471465, 33.56058756510428, 33.54538947211385, 33.62805955674926, 33.63240559895845, 33.58538852267802, 33.74820997450098, 33.83048299153654, 33.896052720811745, 33.7540456136069, 33.46413133409294, 33.456754218207585, 33.54183044433597, 33.52143554687507, 33.421551174587854, 33.24569668240025, 33.33981594509561, 33.306381903754506, 33.38059488932307, 33.32650519477005, 33.07331644694019, 33.158921644422854, 33.221862114800366, 33.223268636067814, 33.298822021484476, 33.27572699652787, 33.17211981879353, 33.31791144477008, 33.425861612955806, 33.32813517252614, 33.179898749457514, 33.16999409993499, 33.10041876898881, 32.98919813368061, 32.95247294108083, 32.93342827690981, 32.83969048394109, 32.88534986707907, 32.81268378363725, 32.7282070583768, 32.706869845920245, 32.58468627929699, 32.671747165256214, 32.67143385145412, 32.55103454589855, 32.29266866048192, 32.32967766655829, 32.42326456705732, 32.609799872504404, 32.57942776150187, 32.393785264757035, 32.45347357855909, 32.324589708116456, 32.249180433485414, 32.04186740451407, 32.1034996880426, 32.217827012804015, 32.40804884168847, 32.24300062391509, 32.14132419162339, 32.01487596299929, 32.14301995171447, 32.45100165473099, 32.59437967936204, 32.47582329644109, 32.23287285698797, 32.23909708658871, 32.18988952636727, 32.18276536729612, 32.24395107693152, 32.09684990776918, 32.14381069607214, 32.12837151421453, 32.226083713107755, 31.982314046224058, 31.748594156901145, 31.988265313042614, 31.89213222927532, 32.008672756619056, 32.1497802734375, 32.18686455620665, 32.3485477023655, 32.33922797309034, 32.326535034179734, 32.37978379991322, 32.51955396864154, 32.59775729709215, 32.53641764322928, 32.72737664116769, 32.790613810221465, 32.80877346462686, 32.774730767144185, 32.865646362304766, 32.974489000108576, 32.85106302897143, 32.68987630208348, 32.65134887695323, 32.69191555447062, 32.8105611165366, 32.851016913520105, 32.78568115234392, 32.768630303276986, 32.90551995171452, 32.98434244791679, 33.09733479817718, 32.95400967068152, 33.18361545138898, 32.977887980143294, 33.014843410915866, 33.05106167263466, 32.99391242133252, 33.22495456271715, 33.30237528483085, 33.29273376464852, 33.245202636718865, 33.19011603461379, 33.22054002549925, 33.19456515842023, 33.12514546712248, 33.20564880371101, 33.078721788194535, 32.778080579969675, 32.67798834906696, 32.66803012424052, 32.804372829861194, 32.83305867513027, 32.82761976454005, 32.989690483941125, 32.992558119032196, 33.10346069335952, 32.95747375488295, 33.06211073133691, 33.075143093533086, 33.29444715711818, 33.240627712673756, 33.00109863281265, 33.039177110460116, 32.89183756510431, 32.89210340711818, 32.99502292209208, 32.98727213541679, 32.801253933376834, 32.80226643880216, 32.903628540039186, 32.77618035210512, 32.583068847656364, 32.6266069200305, 32.59032253689247, 32.653710259331696, 32.75006340874577, 32.57453511555997, 32.58759935167109, 32.396280246310845, 32.212298923068694, 32.27961832682303, 32.180017089843794, 32.24161919487856, 32.09862162272147, 32.26707797580309, 32.15254652235259, 32.0686031765409, 32.09851650661898, 32.193725585937614, 32.26887444390197, 32.15464274088546, 31.97115851508264, 32.00917324490035, 31.811441379123398, 31.706179809570433, 31.58609585232216, 31.348830498589532, 31.286010403103393, 31.270371161566953, 31.115510728624216, 31.053712293836913, 30.815511745876773, 31.017222086588635, 31.140354749891515, 31.151290554470563, 31.00643785264765, 30.897853597005223, 30.932414415147623, 30.783491007487058, 30.714592827690996, 30.55648057725703, 30.45767042371968, 30.517698499891555, 30.468014865451476, 30.376152547200565, 30.25870225694456, 30.234471299913295, 30.280998399522655, 30.238415866428056, 30.257925415039114, 30.130059475368984, 29.90503675672748, 29.91655544704874, 30.06199205186647, 30.046925184461884, 29.92771911621109, 29.748826429579065, 29.758305867513155, 29.744683159722303, 29.77748209635418, 29.75414191352007, 29.61578911675362, 29.619094170464564, 29.719798448350804, 29.702725558810908, 29.564398193359466, 29.348741997612933, 29.37866889105908, 29.409239705403746, 29.32766893174922, 29.295533921983615, 29.289023505316987, 29.379395887586913, 29.4851216634115, 29.51077270507822, 29.461257934570387, 29.408697170681517, 29.424526638455024, 29.394149780273494, 29.3825775146485, 29.368010118272668, 29.268629286024293, 29.456234402126825, 29.386235215928934, 29.360817803276955, 29.475444200303873, 29.410356648763074, 29.55564066569021, 29.592479112413344, 29.68228420681436, 29.789612494574765, 29.715015665690206, 29.922933620876808, 30.01494717068154, 30.078241984049573, 29.998966471354265, 29.961299302842974, 30.162108018663293, 30.311487494574788, 30.338304985894187, 30.349006144205877, 30.312074788411604, 30.513485378689364, 30.44203898111986, 30.412720404731033, 30.499543253580896, 30.531727430555634, 30.601527913411587, 30.64493815104178, 30.734149169921977, 30.686166720920216, 30.674002075195386, 30.80778028700098, 30.92246907552091, 31.035089450412443, 31.10246887207042, 30.98850267198365, 31.09529147677957, 31.195512898763145, 31.20076226128479, 31.40054185655386, 31.353972032335246, 31.240124511718836, 31.28731689453133, 31.47648315429696, 31.43177897135426, 31.260945298936747]}