{"latitud": -0.9441, "longitud": -73.2093, "radiacion": [24.730968221028775, 24.744939168294348, 24.651383463541794, 24.699232652452356, 24.80739373101132, 24.75694546169717, 24.80607435438378, 24.741934882270034, 24.784867689344782, 24.898643324110385, 24.850658840603387, 24.859544203016565, 24.82981906467029, 24.84974670410166, 24.94724290635863, 24.982718234592102, 24.927865261501893, 24.91347995334208, 24.936444769965345, 25.032097032335155, 25.041949123806504, 25.037533230251825, 25.030162217882054, 25.065245564778763, 25.150487603081633, 25.135107082790892, 25.06375664605044, 25.074634128146897, 25.069129096137278, 25.16241760253922, 25.14718594021275, 25.153818427191897, 25.08567708333347, 25.181175062391578, 25.32413838704436, 25.1983737521702, 25.2177975124784, 25.242306518554813, 25.25612284342456, 25.33780246310774, 25.2873809814454, 25.319254896375906, 25.3152316623265, 25.316710069444543, 25.426383463541736, 25.390994940863834, 25.357359144422787, 25.312645467122554, 25.334458075629414, 25.386613972981802, 25.314492797851667, 25.330534532335076, 25.314568413628496, 25.412674967447987, 25.48009304470499, 25.42861497667106, 25.360319349500987, 25.394864908854306, 25.49247266981344, 25.548144192165847, 25.478621080186695, 25.472725423177224, 25.46314154730908, 25.41049736870669, 25.472860378689365, 25.432555474175444, 25.422075059678946, 25.42332458496107, 25.431988186306587, 25.48123643663202, 25.41998392740889, 25.37497117784299, 25.313945515950575, 25.377592298719737, 25.456927490234495, 25.402826605902874, 25.338073052300462, 25.31064995659735, 25.39280531141503, 25.464292399088663, 25.374064805772658, 25.33236829969627, 25.334190538194605, 25.34694179958774, 25.353364054362107, 25.271500311957556, 25.249652777777857, 25.24252963595929, 25.222875637478392, 25.20940653483088, 25.243392944335998, 25.238036431206712, 25.187333509657208, 25.151451280382087, 25.151560804579162, 25.120484415690232, 25.127143351237084, 25.143057929145055, 25.13492567274316, 25.201740519205845, 25.161457655165027, 25.116152954101683, 25.088402303060054, 25.09535895453566, 25.179442342122496, 25.11611870659732, 25.089539930555663, 25.04842936197925, 25.03709208170581, 25.05464647081173, 24.999397108290072, 24.97830946180566, 24.939295789930668, 24.90813123914944, 24.877775065104288, 24.903316582573854, 24.83878173828136, 24.798957316080834, 24.778594970703256, 24.766577487521847, 24.786135525173677, 24.735467868381193, 24.739050971137278, 24.70631273057732, 24.703872341579977, 24.72422790527357, 24.69535352918852, 24.661641777886434, 24.66232028537337, 24.616898600260544, 24.595629543728478, 24.58630201551665, 24.529084608290038, 24.55069986979178, 24.489781697591223, 24.56186692979611, 24.56206088595934, 24.481993272569486, 24.465782335069566, 24.489729817708433, 24.49979654947934, 24.511577012803894, 24.478417629665916, 24.391440497504448, 24.422563680013145, 24.387597656250062, 24.360944959852514, 24.36156141493065, 24.36081814236123, 24.315679931640755, 24.318307156033104, 24.330949232313476, 24.315324571397657, 24.199709743923716, 24.256497192382938, 24.2404022216798, 24.240476481119856, 24.24212002224401, 24.233373684353467, 24.181741672092073, 24.15890129937077, 24.160026380750917, 24.10245530870238, 24.135831366645007, 24.131859673394178, 24.1735110812718, 24.225901285807424, 24.240519205729225, 24.165028550889833, 24.20767754448798, 24.182810126410704, 24.193131849500958, 24.233993869357732, 24.201578436957558, 24.243981933593854, 24.220011732313463, 24.20749579535605, 24.103305392795278, 24.110578070746556, 24.139885118272655, 24.1639855278864, 24.195100911458457, 24.117325846354237, 24.128665161132897, 24.164909871419372, 24.177135552300417, 24.114546712239644, 24.108660549587796, 24.141781955295244, 24.11172214084212, 24.14694654676657, 24.151078965928928, 24.198215060763932, 24.196243286132887, 24.19717915852876, 24.153814697265716, 24.163403659396845, 24.153653632270032, 24.174427625868134, 24.164736260308377, 24.232664659288332, 24.233911471896818, 24.207057359483542, 24.26710713704438, 24.262569173177173, 24.282007175021857, 24.317555745442803, 24.246289740668544, 24.24817606608082, 24.35257059733082, 24.350557454427285, 24.35051405164944, 24.379223632812664, 24.375309922960167, 24.397308349609503, 24.471991644965442, 24.44447733561202, 24.42405700683605, 24.450762261284847, 24.502903917100827, 24.54982604980483, 24.58552551269541, 24.58725450303827, 24.575533718533034, 24.619878811306478, 24.653485785590323, 24.686605156792627, 24.686496988932372, 24.65072394477009, 24.67406412760427, 24.699295043945426, 24.72946709526919, 24.699791463216286, 24.750298394097303, 24.77977871365029, 24.835961235894235, 24.919860161675462, 24.851381089952383, 24.87772148980048, 24.96086697048611, 25.00290900336381, 24.959953138563492, 24.94925333658864, 25.02147827148451, 25.104878065321298, 25.1545637342666, 25.135247802734494, 25.109730699327333, 25.14180738661035, 25.203450520833353, 25.158253309461884, 25.20152384440115, 25.117245822482744, 25.141713799370752, 25.198877292209414, 25.213995700412415, 25.241540188259762, 25.312464396158987, 25.32651909722235, 25.345479329427274, 25.3627166748048, 25.367215983073095, 25.33980950249573, 25.403983222113784, 25.470527140299566, 25.426589287652025, 25.50181037055133, 25.464736938476715, 25.464469740126034, 25.461903550889872, 25.482658216688453, 25.54477132161469, 25.516356743706694, 25.531179131402002, 25.54722425672753, 25.583179050021744, 25.553954060872496, 25.571414184570433, 25.55341932508685, 25.515126546224092, 25.496831936306517, 25.580741712782245, 25.54274563259558, 25.596154785156347, 25.616341824001818, 25.517417060004448, 25.50757548014339, 25.47384202745233, 25.51751539442286, 25.5715559217666, 25.525087483724082, 25.542690361870715, 25.523445638020934, 25.54457668728308, 25.532476467556496, 25.518672688802212, 25.52486538357215, 25.541714816623408, 25.517237345377776, 25.47126397026915, 25.448272026909834, 25.490493774414194, 25.455662367079114, 25.46497022840723, 25.497145589192826, 25.50861545138901, 25.467383490668528, 25.419273885091286, 25.402802870008788, 25.424975585937585, 25.38110148111993, 25.328441704644188, 25.363423326280536, 25.386005316840357, 25.34457736545147, 25.220275539822143, 25.234265814887255, 25.286892700195438, 25.25950351291243, 25.319773017035725, 25.295413886176295, 25.208543904622484, 25.188114081488834, 25.18822292751749, 25.232947116428036, 25.126067437066087, 25.11685858832469, 25.12095370822493, 25.132813856336913, 25.144399685329972, 25.07409532335087, 25.074260118272704, 25.02144843207473, 24.958943006727605, 25.015984090169372, 24.94315049913204, 25.001483832465397, 25.00778503417979, 24.98525085449226, 24.979967583550415, 24.997308349609494, 24.93859320746543, 24.91297370062946, 24.896430799696265, 24.953072781033143, 24.885442437066086, 24.86229180230049, 24.804293145073874, 24.750890096028723, 24.844767930772736, 24.768497043185846, 24.712779405382076, 24.672080824110406, 24.73856201171886, 24.78702087402354, 24.73315124511735, 24.70876261393238, 24.67672424316415, 24.735976833767552, 24.782266913520136]}