{"latitud": 0.1606, "longitud": -75.6279, "radiacion": [24.30156487358954, 24.38203125000005, 24.43516845703137, 24.457737562391646, 24.4895426432293, 24.48216383192285, 24.53287353515634, 24.58333875868065, 24.59785563151051, 24.554672919379396, 24.516604953342153, 24.541043429904715, 24.589401923285738, 24.74152153862862, 24.742751057942826, 24.670579698350778, 24.686835734049605, 24.73186611599404, 24.849094306098134, 24.844164360894183, 24.7736067030166, 24.84859856499575, 24.93591885036905, 24.991639879014865, 24.94038052029087, 24.87759060329868, 24.962306722005355, 24.972211710612175, 24.994731309678855, 24.938258870442837, 24.875778198242227, 24.898982747395962, 24.923862033420203, 25.041578843858545, 25.116304863823927, 25.039851888020944, 25.00564270019538, 25.077177598741418, 25.151330905490568, 25.132444932725775, 25.00743509928401, 25.053340996636376, 25.121122911241457, 25.215873548719667, 25.18441975911467, 25.14739278157568, 25.13407558865028, 25.221256849501003, 25.161427476671104, 25.11952752007386, 25.085543484158148, 25.08463372124578, 25.049583943685054, 25.138319566514877, 25.091685316297873, 25.119480387369947, 25.14349093967026, 25.238961452908086, 25.28535936143669, 25.285460747612944, 25.221649848090333, 25.188481309678895, 25.20099012586822, 25.26763102213552, 25.230400594075622, 25.13825785319015, 25.121893988715385, 25.119319661458444, 25.139934963650244, 25.09635077582472, 25.018192884657196, 24.98033786349845, 24.93905537923187, 24.983401489257954, 25.067935858832584, 24.973459879557385, 24.912707180447132, 24.918737453884674, 24.931807793511414, 24.90273200141068, 24.88455301920584, 24.885696411132983, 24.901328870985367, 24.926377360026095, 24.891876898871626, 24.762368435330057, 24.71445075141071, 24.740292019314364, 24.716555447048677, 24.708547973632903, 24.71236707899311, 24.681598578559107, 24.62368435329866, 24.652049424913287, 24.59591471354175, 24.561647542317854, 24.547478230794393, 24.530795288085983, 24.5572496202257, 24.607341172960275, 24.535374281141554, 24.49419352213552, 24.528876749674623, 24.50449591742631, 24.495184326171927, 24.414281209309973, 24.417599487304795, 24.38331637912332, 24.39522671169711, 24.37875501844623, 24.3077487521702, 24.251212904188453, 24.23579135470925, 24.22550082736558, 24.180659654405513, 24.15268961588553, 24.144181993272696, 24.091181776258793, 24.03953416612427, 24.0607181125218, 24.05104064941416, 24.03329433865027, 23.99534132215723, 23.93595818413642, 23.961364746093864, 23.93438720703135, 23.91020507812506, 23.893950059678883, 23.909765285915853, 23.870123969184096, 23.868185424804818, 23.800180053710978, 23.799552747938435, 23.79252590603308, 23.82533467610695, 23.819363064236242, 23.787467108832573, 23.773026869032208, 23.722803751627776, 23.711873033311747, 23.7100046793621, 23.72396850585947, 23.675501166449692, 23.641622585720594, 23.609332614474965, 23.576802571614735, 23.557305569119084, 23.557493760850793, 23.615495130750958, 23.577062649197178, 23.510034179687597, 23.44596082899314, 23.462478637695387, 23.430895657009575, 23.40395304361984, 23.36746622721364, 23.3632042778864, 23.330313449435874, 23.285418362087835, 23.28671637641069, 23.249492051866486, 23.244704861111263, 23.24679192437077, 23.251067776150247, 23.285493977864707, 23.291361829969713, 23.30417039659297, 23.3547505696615, 23.376846313476676, 23.304624769422883, 23.26553988986558, 23.317296685112925, 23.301522827148535, 23.304818386501836, 23.30092637803828, 23.2424523247614, 23.176552327474024, 23.158578830295237, 23.18341301812069, 23.210077243381175, 23.185161675347313, 23.187699720594747, 23.17319200303831, 23.1805711534289, 23.17722066243501, 23.14853922526055, 23.118330891927197, 23.132742987738897, 23.149804009331692, 23.161702813042684, 23.16065334743928, 23.1717926025392, 23.21301439073365, 23.159556749132054, 23.191615125868186, 23.204528130425427, 23.173764716254425, 23.179212443033975, 23.219121297200616, 23.253772650824754, 23.29554612901488, 23.210910034179715, 23.210844930013156, 23.27384270562082, 23.299882337782226, 23.257976277669304, 23.222273763020933, 23.217872111002766, 23.27428080240899, 23.28578559027792, 23.266430324978348, 23.26679043240027, 23.267975192599902, 23.344886271158884, 23.363879733615533, 23.356766086154625, 23.371478610568698, 23.336371188693704, 23.37228766547319, 23.476590643988782, 23.523601955837787, 23.559032524956724, 23.571366373698027, 23.600427924262192, 23.63973083496103, 23.642797173394232, 23.602673339843914, 23.618597412109466, 23.66471591525618, 23.670900472005314, 23.712886555989655, 23.803052096896806, 23.821959092882064, 23.76159159342463, 23.777304755316965, 23.73819444444454, 23.805171373155492, 23.86655951605906, 23.889537217882054, 23.932614135742313, 23.974214002821295, 24.02657911512597, 24.024724324544326, 24.02594028049055, 24.11042853461377, 24.128076850043573, 24.170385742187552, 24.218071153428923, 24.278712293836957, 24.30424058702268, 24.311241997612967, 24.33738030327699, 24.186558702257017, 24.243050808376836, 24.34636705186644, 24.38498467339421, 24.38509318033863, 24.427478027343813, 24.46109822591156, 24.53013102213555, 24.514880371093835, 24.492685953776135, 24.572374810112915, 24.66368035210515, 24.70574205186644, 24.690242852105143, 24.74405856662342, 24.795958794488, 24.772775607639044, 24.7513715955947, 24.779807535807382, 24.82847391764339, 24.84221530490464, 24.842766994900273, 24.853583441840385, 24.922486368815196, 24.869638061523542, 24.850552368164205, 24.905471123589507, 24.783652411566965, 24.816772121853393, 24.857539537217974, 24.87286410861553, 24.95401340060772, 24.972711520724953, 24.88841145833347, 24.911503770616417, 24.892127482096402, 24.945733303494006, 25.02247992621534, 25.000257025824755, 25.035678100586058, 25.009039984809117, 24.984064737955823, 25.000250922309153, 25.05320434570325, 25.016126166449755, 25.062815348307385, 25.01216328938811, 24.97125278049057, 24.9554399278429, 24.96997375488297, 24.971869574652846, 24.981530761718755, 24.95852695041242, 25.103473578559164, 25.024789089626818, 25.01756456163203, 24.991436089409774, 25.037551201714525, 24.980274115668504, 25.004185994466223, 24.920319281684133, 24.939214070638076, 24.956157090928986, 24.95992567274315, 24.92101677788641, 24.90323961046016, 24.957672458224902, 25.03610195583775, 24.988692898220563, 24.93171895345061, 24.863900078667598, 24.94808993869367, 24.834361775716314, 24.698464965820435, 24.721053059895933, 24.72665506998707, 24.66476169162335, 24.746754625108622, 24.748707411024423, 24.739003160264815, 24.725836181640773, 24.70876702202702, 24.68997056749144, 24.614216105143367, 24.656809828016645, 24.63615485297322, 24.604770914713622, 24.64961276584207, 24.62344089084208, 24.613542005750976, 24.63633456759995, 24.62831047905824, 24.561786905924578, 24.439544677734528, 24.472356499566104, 24.46933525933167, 24.48145243326839, 24.466689046224094, 24.43560723198802, 24.39541252983952, 24.38462592230913, 24.478126017252674, 24.383247205946322, 24.349467976888132, 24.31528862847235, 24.33094753689242, 24.452774726020056, 24.381971232096436]}