{"latitud": 4.8904, "longitud": -73.4474, "radiacion": [13.69316711425796, 13.725072224934953, 13.744825236002725, 13.616036309136442, 13.63499416775185, 13.689577568902033, 13.810549248589533, 13.799996609158102, 13.73733079698358, 13.75411343044717, 13.812330796983607, 13.866275702582527, 13.879281277126855, 13.802281358506965, 13.78823818630652, 13.87277730306001, 13.954675971137268, 13.917557440863808, 13.913481987847357, 13.8984683566624, 13.989910210503544, 14.002502441406344, 14.161813693576429, 14.020335896810062, 14.038226996527877, 14.038483683268376, 14.01780022515201, 14.131251695421136, 14.060170152452372, 14.003003607855968, 14.122064208984474, 14.16580674913204, 14.176728990343028, 14.128990681966192, 14.225034247504462, 14.240422905816123, 14.336480712890742, 14.37663269042982, 14.331213378906398, 14.340931871202331, 14.504710218641529, 14.599033610026197, 14.553667195638162, 14.587710232204946, 14.61403706868496, 14.737473890516563, 14.76520148383249, 14.85804239908858, 14.759333970811761, 14.757594129774377, 14.831067911783975, 14.850709703233614, 14.948004489474991, 15.038523695204127, 14.871215820312576, 14.89463433159733, 14.997076755099917, 14.916627332899338, 15.029384697808231, 15.09056566026491, 15.053211127387195, 15.174815538194574, 15.138705783420278, 15.181595187717164, 15.165471055772722, 15.25955335829, 15.382511054145047, 15.457571072048738, 15.365741984049594, 15.372101508246601, 15.506153021918502, 15.534122382270162, 15.514665052626034, 15.551462809244905, 15.5410536024307, 15.518774414062648, 15.372132025824746, 15.424745008680683, 15.482171969943712, 15.48455166286906, 15.499975925021829, 15.398681979709258, 15.435732014974102, 15.54135335286469, 15.512757364908984, 15.547497219509674, 15.65457628038206, 15.703429836697163, 15.689334106445395, 15.661896091037457, 15.674967108832655, 15.53744439019105, 15.541035970052176, 15.580742730034785, 15.545126681857786, 15.668973117404676, 15.762935045030437, 15.746509128146917, 15.71861131456177, 15.708034600151999, 15.719909328884663, 15.634051852756253, 15.665883382161534, 15.615537855360401, 15.625943332248347, 15.639876980251776, 15.577844916449783, 15.590658569336085, 15.569962904188495, 15.588039822048662, 15.640928141276126, 15.59610561794714, 15.584928046332626, 15.467929755317016, 15.579694959852569, 15.59711981879345, 15.584101698133793, 15.552174546983622, 15.562965223524392, 15.467976209852528, 15.496756659613803, 15.520277574327395, 15.49315558539511, 15.456612481011385, 15.406821017795286, 15.384970431857823, 15.356233723958363, 15.342522854275236, 15.328769599066904, 15.258683268229257, 15.28897399902356, 15.344126722547779, 15.298625352647642, 15.293558756510514, 15.354538302951502, 15.333911471896764, 15.359122382270073, 15.380057101779641, 15.23441942003052, 15.279648844401171, 15.242314995659854, 15.249173312717119, 15.24102478027362, 15.161020236545198, 15.095338948567814, 15.10542670355909, 15.107665337456657, 15.099624294704975, 14.947060139974042, 15.036251491970612, 14.999754163954114, 14.97432590060773, 14.939216444227611, 14.94258117675789, 14.960869344075661, 14.898195054796133, 14.92857089572495, 14.88755221896711, 14.810437350803113, 14.797202894422808, 14.73715616861989, 14.742654418945449, 14.757515462239724, 14.749478827582587, 14.740350680881136, 14.752108425564339, 14.766524251302181, 14.733834499783066, 14.791244845920305, 14.69411824544278, 14.6934139675566, 14.713616943359568, 14.658766343858607, 14.683445570204071, 14.636191813151205, 14.615234714084279, 14.580229356553977, 14.560520087348172, 14.529695977105101, 14.568710327148457, 14.485028754340362, 14.471925862630274, 14.51063944498702, 14.52298075358082, 14.516580200195392, 14.5258032904732, 14.486102634006102, 14.48747762044284, 14.521000162760535, 14.520060899522699, 14.561234876844727, 14.602701144748323, 14.589361572265679, 14.586290825737933, 14.565538533528715, 14.557715182834329, 14.53096652560771, 14.581715562608581, 14.578030056423756, 14.615591091579953, 14.666206190321267, 14.578373209635496, 14.583683268229228, 14.64928622775623, 14.682856920030511, 14.678317599826508, 14.663937717014013, 14.732660251193712, 14.673171657986169, 14.67588026258693, 14.71964484320758, 14.745457967122471, 14.696957058376844, 14.71947224934911, 14.797256469726696, 14.872057766384652, 14.798173014323064, 14.742064751519194, 14.711157565646849, 14.852402411566894, 14.771926540798745, 14.902462090386374, 14.874491712782211, 14.862547471788295, 14.871177842881972, 14.92595180935344, 14.962103949652828, 14.945683119032234, 15.038019476996604, 14.98995293511293, 14.881477525499216, 14.909614054362104, 15.017905002170265, 14.974986097547799, 14.903216213650259, 14.948352728949752, 14.898857964409842, 14.990635172526177, 15.084537082248422, 15.113662380642438, 15.074598863389857, 15.057767740885557, 15.133186509874198, 15.144738091362987, 15.142694091797068, 15.193493313259657, 15.162982855902953, 15.079425387912446, 15.192202419704948, 15.240912882487143, 15.205692884657196, 15.141396077474004, 15.064204576280474, 15.21949496799048, 15.171468438042666, 15.17184482150619, 15.252449544270936, 15.323542616102563, 15.32597961425794, 15.367057969835193, 15.308178710937588, 15.294593980577341, 15.33035583496106, 15.390245564778676, 15.40330674913209, 15.433390638563443, 15.430645412869032, 15.318805948893385, 15.35020785861557, 15.429959445529542, 15.508258395724908, 15.530016411675433, 15.567401462131196, 15.477381727430648, 15.466454739040936, 15.394308471679798, 15.340557183159811, 15.426302761501821, 15.485800170898566, 15.501223415798696, 15.469993760850798, 15.466369628906326, 15.445414903428931, 15.360686916775292, 15.464196099175467, 15.397832912869111, 15.375645616319597, 15.327408515082539, 15.361119927300516, 15.420155843099034, 15.375790066189362, 15.398382907443667, 15.354007636176313, 15.374263509114655, 15.439569430881155, 15.456219143337819, 15.367844984266602, 15.39462585449231, 15.371487426757843, 15.428863186306481, 15.411043972439359, 15.392446221245791, 15.334724595811736, 15.334813096788329, 15.316287909613854, 15.256354437934116, 15.213399929470578, 15.260279676649363, 15.232413058810907, 15.305451117621638, 15.232912190755352, 15.205452813042655, 15.154231092664986, 15.199742296007022, 15.214859347873377, 15.150830756293564, 15.015337117513146, 15.092039320204114, 14.981385294596464, 14.95644395616326, 14.879637315538256, 14.720262315538301, 14.670747884114709, 14.719799126519206, 14.741384209527022, 14.580930243598269, 14.546293470594776, 14.521525743272662, 14.437164306640796, 14.408324517144214, 14.40451422797321, 14.346822102864659, 14.323415120442746, 14.23398030598969, 14.139232381185044, 14.164443969726733, 14.232653130425414, 14.199549018012249, 14.046638658311698, 14.073141818576536, 14.04013671875011, 14.03618469238294, 13.976607259114681, 13.868152194553033, 13.845226372612915, 13.9001719156902, 13.941861640082587, 13.879402669270936, 13.76707221137167, 13.75767686631959, 13.751619805230177, 13.75087348090284, 13.797756958007861, 13.848864746093815, 13.790773518880334, 13.759649319118997, 13.692722913954109, 13.73622809516064, 13.599386596679759, 13.524264187283089]}