{"latitud": -1.6886, "longitud": -69.4589, "radiacion": [25.863567097981846, 25.82967427571627, 25.82576802571621, 25.876062689887274, 25.945239257812602, 25.94565938313811, 25.95764431423619, 25.989188639323043, 25.9962436252171, 25.98313632541243, 25.926332600911525, 25.945578342014016, 25.969396972656455, 26.012522040473204, 26.10129224989157, 26.090297444661605, 26.04796040852879, 26.0286017523873, 26.058933173285748, 26.102068074544338, 26.10862494574665, 26.137450832790876, 26.167723931206698, 26.11933390299485, 26.146250406901157, 26.13258327907992, 26.14289516872847, 26.158951144748396, 26.1742445203994, 26.171699354383804, 26.175595770941907, 26.199978637695494, 26.273671129014833, 26.256524658203222, 26.280158827040037, 26.32932501898878, 26.311431884765756, 26.330598619249297, 26.301209174262226, 26.338331434461946, 26.32912292480478, 26.37094963921457, 26.372199842665093, 26.308231268988816, 26.331326293945462, 26.359891425238818, 26.40356072319888, 26.380419921875102, 26.40302022298196, 26.397850545247536, 26.366662936740568, 26.326788330078177, 26.316060045030458, 26.34427456325962, 26.474493408203177, 26.455829874674578, 26.465256076388965, 26.451397365994016, 26.49912245008691, 26.556508721245773, 26.505173746744884, 26.481687079535618, 26.421614922417632, 26.423953586154635, 26.444573635525256, 26.436670600043517, 26.411815728081706, 26.4225216335722, 26.432408989800518, 26.4214074028864, 26.361218939887255, 26.381734551323877, 26.34269205729176, 26.323229302300472, 26.369901869032237, 26.39388970269105, 26.358762953016633, 26.298589748806535, 26.304206339518334, 26.30343594021279, 26.310367499457623, 26.2353820800782, 26.255521647135538, 26.250655788845602, 26.200853814019183, 26.164690144856877, 26.106673177083433, 26.111723497178957, 26.07065667046453, 26.04954494900187, 26.010703192816948, 26.038822767469696, 26.002843221028836, 25.979531860351642, 25.969882541232796, 25.95647074381522, 25.954977416992374, 25.92770826551659, 25.934592013888977, 25.96167534722231, 25.895699395073887, 25.916825018988806, 25.906167263455018, 25.909059312608633, 25.93045722113726, 25.85481804741761, 25.829115464952356, 25.825315009223214, 25.794415283203232, 25.79741889105914, 25.728033447265734, 25.725481160481895, 25.719142320421025, 25.660372585720534, 25.617693413628597, 25.622632514105984, 25.546971299913327, 25.530237833658987, 25.539878336588725, 25.52962748209639, 25.47670661078568, 25.4315321180556, 25.36201850043409, 25.42209574381521, 25.425856865776968, 25.35096740722666, 25.35392184787338, 25.299623616536547, 25.336122979058246, 25.395218912760487, 25.26688266330306, 25.24433390299485, 25.200847371419457, 25.24184332953568, 25.21154140896283, 25.230176459418526, 25.17777336968324, 25.134121025933254, 25.114879353841292, 25.11539883083778, 25.119440375434106, 25.113644748263994, 25.095354207356852, 25.08129306369371, 25.04314439561644, 25.018090142144217, 24.976195271810013, 24.994442070855087, 24.986679077148533, 24.971613905165004, 24.949048190646824, 24.929006618923708, 24.898733520507903, 24.85251498752183, 24.82317301432302, 24.86632656521279, 24.87102118598104, 24.853089396159003, 24.813432481553928, 24.80966220431875, 24.804394870334363, 24.8368343777128, 24.747977701823036, 24.728336927625985, 24.74913058810775, 24.77114020453564, 24.755268351237095, 24.794051106770933, 24.757160441080867, 24.80771552191851, 24.76853332519545, 24.75743882921023, 24.77849595811644, 24.797040812174583, 24.812139553494035, 24.842547607421995, 24.76773986816418, 24.70297207302525, 24.68717346191418, 24.67156711154526, 24.742545233832534, 24.723086886935903, 24.68684963650183, 24.698832872178855, 24.693336317274447, 24.662693277994858, 24.711146036783987, 24.740098402235315, 24.705276489257983, 24.67105577256952, 24.724824354383696, 24.7262288411459, 24.71281772189684, 24.710247463650315, 24.70118272569452, 24.786626180013155, 24.739917670355965, 24.73092583550355, 24.784557088216236, 24.735168117947143, 24.812241956922833, 24.88370361328134, 24.83705952962252, 24.886818779839505, 24.85775926378047, 24.877860175238826, 24.880031670464575, 24.846553887261376, 24.882331678602515, 25.027686225043524, 25.014046223958417, 25.012538316514906, 24.99172024197058, 25.01407911512598, 25.07907477484819, 25.182192993164204, 25.146051364474904, 25.1385843912762, 25.198617553711035, 25.223249986436695, 25.304319932725793, 25.308744642469737, 25.385496012369856, 25.351091512044416, 25.43169555664078, 25.462569851345602, 25.457979668511314, 25.44156087239598, 25.449412367079145, 25.531420559353347, 25.561396280924573, 25.613381958007835, 25.621280585395066, 25.671552530924544, 25.689675564236193, 25.758000013563464, 25.753051418728376, 25.773308987087812, 25.864996676974954, 25.91251491970496, 25.975683932834404, 25.95109354654956, 26.00014953613292, 25.997910902235315, 26.083052232530463, 26.067209879557442, 26.13028123643672, 26.070536295573035, 26.124511718750075, 26.18480834960943, 26.186483425564308, 26.19881252712683, 26.125670369466263, 26.139830186632082, 26.270195515950643, 26.202582804362084, 26.219942559136445, 26.200957912869075, 26.27656114366327, 26.263872951931546, 26.314704725477522, 26.303180948893328, 26.278052096896868, 26.331288316514947, 26.340097045898535, 26.37387084960949, 26.369135199652874, 26.353045315212796, 26.356455145941897, 26.43519999186206, 26.40840657552096, 26.441278076171916, 26.39757486979181, 26.463500976562575, 26.462637668185852, 26.454898410373385, 26.4429138183595, 26.400502183702258, 26.43930358886729, 26.431226942274407, 26.39238077799492, 26.379285346137312, 26.36131930881091, 26.402912394205753, 26.38208991156688, 26.349225192599913, 26.324380154080043, 26.294195895724936, 26.34568650987423, 26.33588562011727, 26.333724975585994, 26.265222507053085, 26.294118245442785, 26.333606635199754, 26.240478515625114, 26.295678371853416, 26.231054348415853, 26.261933729383752, 26.212360636393253, 26.26131829155825, 26.218594699435844, 26.177821858724126, 26.158093939887294, 26.207723659939365, 26.175697496202403, 26.187086317274368, 26.126669989691965, 26.08287624782992, 26.116095648871617, 26.085483127170296, 26.055541314019212, 26.002007378472342, 26.035608588324788, 26.03512471516935, 25.976516384548727, 26.004947916666726, 25.99352213541685, 25.93870781792545, 25.938853963216257, 25.891740247938476, 25.91472303602444, 25.918581475152013, 25.87249382866766, 25.86727973090285, 25.851347520616383, 25.892015245225764, 25.86698981391072, 25.891515774197178, 25.842578464084358, 25.846067301432413, 25.82181159125444, 25.87888183593763, 25.845080566406356, 25.79659661187073, 25.866891818576562, 25.82360568576401, 25.80441555447065, 25.80968560112863, 25.832609727647633, 25.827735392252748, 25.862388102213647, 25.838071356879485, 25.849039035373437, 25.845361328125136, 25.794396972656404, 25.794543796115494, 25.79413452148444, 25.78502536349839, 25.80813530815982, 25.780439588758764, 25.761726209852537, 25.75406731499578, 25.762519666883787, 25.769172498915072, 25.81094868977874, 25.809940931532214, 25.791983371310874, 25.807348293728428, 25.81680704752614, 25.79867757161473]}