{"latitud": 4.4184, "longitud": -74.7244, "radiacion": [27.97096794976132, 28.099695841471505, 28.209077623155412, 28.16935221354178, 27.93839416503918, 28.11107720269115, 28.299692111545312, 28.366885715060864, 28.441654120551277, 28.16789516872842, 28.412917751736245, 28.41493157280824, 28.51368815104176, 28.499246554904573, 28.30161912706177, 28.44266357421884, 28.535586208767445, 28.676427544487904, 28.638473171658102, 28.439404635959345, 28.60026923285608, 28.726793077257053, 28.895698377821304, 28.88241746690549, 28.594294908311742, 28.698809814453227, 28.831675211588674, 29.00636698404954, 29.006722005208456, 28.892531670464507, 29.018691338433314, 28.98439331054696, 29.113740030924532, 29.170734998915027, 29.073319159613845, 29.197069634331683, 29.45055168999579, 29.433866373698056, 29.457075330946356, 29.329317898220648, 29.403739081488784, 29.513775634765693, 29.66408318413636, 29.632803344726693, 29.48664720323359, 29.613886515299555, 29.734215291341243, 29.885549248589523, 29.940824042426282, 29.623104858398523, 29.674375745985344, 29.663938734266555, 29.683536783854283, 29.73904622395842, 29.74327290852879, 29.787975735134655, 29.87105373806433, 29.987023925781312, 30.027875773112076, 29.84025641547322, 29.96165296766503, 29.9267825656468, 29.827892049153757, 29.765793863932416, 29.64817538791245, 29.592363823784783, 29.62222323947488, 29.760128784179795, 29.83986714681002, 29.55544026692712, 29.52348971896714, 29.576925659179892, 29.57554490831173, 29.557922702365584, 29.21838616265207, 29.325749715169366, 29.351733737521858, 29.26728210449234, 29.225966050889838, 29.31271803114161, 29.27217237684469, 29.331365627712767, 29.37489183213982, 29.212037150065214, 29.02807956271708, 29.001854451497536, 28.920372178819566, 28.75693698459219, 28.58475409613722, 28.42366197374149, 28.326600138346407, 28.254199218750063, 28.362493557400267, 28.28616231282562, 28.182350667317788, 28.28788350423186, 28.134638807508775, 28.0005350748699, 27.999081081814307, 27.827840847439365, 27.63299424913197, 27.541280449761377, 27.357211303711114, 27.391832817925447, 27.43558553059906, 27.570936414930618, 27.428318956163327, 27.16242336697066, 27.223592800564347, 27.198731486002657, 27.219325425889906, 27.154629516601705, 27.13354085286473, 26.746100531684135, 26.539956325954943, 26.5071048312718, 26.370186021593042, 26.28815138075093, 26.298869832356843, 26.197320895724925, 26.10931532118072, 25.936227416992306, 25.862697007921117, 25.617326524522714, 25.463663058810848, 25.44130825466588, 25.422539265950604, 25.38936225043413, 25.127224053277057, 24.95202670627185, 24.9625345865886, 24.826121351454066, 24.85041876898892, 24.653579372829977, 24.64747958713114, 24.701833767361165, 24.913201226128592, 24.79458516438812, 24.60012919108084, 24.517026435004464, 24.43607855902792, 24.483508639865573, 24.27767435709643, 24.1415140787761, 24.078753323025257, 24.041795857747502, 24.007573784722336, 23.88103976779526, 23.96592068142371, 23.998177761501854, 24.078662787543504, 23.964507039388142, 23.715340508355155, 23.535543484158097, 23.44511277940548, 23.446693929036524, 23.422870890299617, 23.34809536404083, 23.25138956705737, 23.27195807562947, 23.25021837022581, 23.283377753363823, 23.219934082031354, 23.243461439344667, 23.296382988823854, 23.25195855034733, 23.235832383897655, 23.269456990559984, 23.287583753797815, 23.291589694553025, 23.180437215169395, 23.139842732747507, 23.030698310004407, 23.059145779079945, 23.083073933919422, 22.94160495334207, 22.89377407497841, 22.929432847764815, 22.961543782552198, 23.016887749566042, 22.966690741645056, 23.0034718831382, 23.089565022786548, 23.05680202907996, 22.995742119683257, 22.944600423177196, 23.101437377929813, 23.151092190212847, 23.156799994574822, 23.157224188910636, 23.101898193359474, 23.38324144151488, 23.300187852647664, 23.217445543077343, 23.28982781304266, 23.402668931749304, 23.473176066080764, 23.698599921332573, 23.70268452962252, 23.696661037868996, 23.54983418782568, 23.662756008572178, 23.64784952799488, 23.721498955620763, 23.705206637912514, 23.82781100802964, 23.91698404947927, 23.785036553276978, 23.774325222439284, 23.799809434678934, 23.969937133789188, 24.070868259006147, 24.050693427191884, 24.096690199110373, 24.08852878146708, 24.30076633029527, 24.450454372829956, 24.519357977973204, 24.461971367730147, 24.545541720920294, 24.596962822808223, 24.858904012044395, 24.882581583658972, 24.801699829101665, 24.963422648112118, 25.009692043728364, 25.054578314887276, 25.17127482096367, 25.146317206488806, 25.149195014106, 25.080813259548716, 25.098687065972303, 25.339761013454947, 25.19729037814676, 25.204019165039185, 25.310399034288235, 25.394418334961017, 25.606744723849925, 25.782798597547863, 25.824926418728335, 25.873641628689352, 25.938593546549555, 26.16615566677528, 26.4078606499567, 26.378530205620752, 26.367777167426237, 26.39499986436643, 26.43991902669279, 26.492831759982703, 26.559387885199765, 26.652765231662425, 26.714429389106044, 26.682590060764067, 26.588906182183255, 26.58476969401052, 26.72615966796887, 26.674663967556512, 26.803564453125148, 26.69993523491767, 26.6875240749784, 26.76717020670579, 26.812170071072142, 26.74665154351148, 26.752453274197155, 26.807092285156312, 26.83384467230913, 27.053902520073905, 27.210097588433296, 27.06552836100273, 26.98380059136298, 27.094051445855143, 27.062080213758787, 27.175749715169314, 27.068688964843847, 26.832519192165893, 26.86546664767805, 27.123808119032162, 27.20591871473535, 27.133658854166715, 26.95731065538206, 27.002252536349943, 27.082324218750006, 27.0091898600261, 27.08849792480473, 27.052165391710144, 27.162816704644268, 27.09512634277354, 26.983214653862905, 26.85497334798185, 26.766231621636408, 26.96481696234819, 27.13093905978739, 27.14292365180133, 27.023767768012288, 26.813755289713615, 26.722699991862083, 26.892674424913313, 26.9543582492405, 26.936267768012254, 26.732845391167626, 26.896234809027856, 26.993349541558302, 26.986776055230184, 26.846910264757014, 26.848776923285673, 26.913216484917598, 26.974200778537426, 27.075129191080823, 27.149767049153713, 26.936475287543526, 26.983872816297815, 27.11164415147586, 27.08786553276921, 27.006660970052184, 26.776207139757066, 26.980760023329083, 27.042759535047804, 27.09067043728307, 27.173879665798705, 27.07255791558174, 27.24967041015638, 27.32106323242192, 27.367751057942712, 27.31255323621976, 27.206123182508765, 27.267208523220575, 27.33730231391066, 27.550779554579112, 27.525107828776168, 27.284591674804762, 27.404039171007053, 27.702655029296977, 27.619228108724105, 27.577880859375096, 27.350660875108606, 27.58367140028228, 27.722603691948905, 27.839301554362066, 27.778272840711924, 27.5005238850912, 27.749484592014046, 27.81140034993494, 27.922369045681553, 27.835493299696278, 27.596954684787402, 27.714351738823893, 27.811031426323854, 27.87437065972237, 27.763957383897637, 27.512461344401157, 27.72400343153227, 27.80971883138028, 27.87985399034297, 27.914327663845558, 27.797412448459283, 27.906325615777046, 27.900793117947142, 27.96084967719194, 27.982832505968002, 27.69822964138464]}