{"latitud": 2.6844, "longitud": -77.4134, "radiacion": [24.474486965603393, 24.437159220377776, 24.474254692925438, 24.384369235568727, 24.370200263129433, 24.427655707465362, 24.47084859212246, 24.49863382975269, 24.395744154188435, 24.35665859646275, 24.44377712673624, 24.37266065809475, 24.366992865668447, 24.277403767903746, 24.34460347493501, 24.412654622395923, 24.339729139540015, 24.409477064344724, 24.314702012803952, 24.25698852539072, 24.344066365560007, 24.389258829752674, 24.355094740125953, 24.32857089572495, 24.29948255750878, 24.418347846137333, 24.414980740017427, 24.42033047146278, 24.43118998209646, 24.42244364420581, 24.568006388346515, 24.51755506727439, 24.528735690646823, 24.46209174262164, 24.471450805664194, 24.632149929470625, 24.662419297960128, 24.615755547417603, 24.620529513888908, 24.575497436523545, 24.746400282118202, 24.639026557074796, 24.64395209418414, 24.587091403537386, 24.5729397243925, 24.693174235026163, 24.669981553819508, 24.640794203016643, 24.55520087348098, 24.544590250651122, 24.61902194552958, 24.59486694335946, 24.569028727213606, 24.641350301106854, 24.644181993272696, 24.618040296766576, 24.655803087022715, 24.66165974934904, 24.648065863715356, 24.569415283203266, 24.512876383463606, 24.46896294487855, 24.49157918294274, 24.430311075846436, 24.509986029730936, 24.563735283745757, 24.580901421441126, 24.572983805338577, 24.56520928276916, 24.544757758246647, 24.536223687066144, 24.541733805338634, 24.552198282877686, 24.386903550889865, 24.414428032769212, 24.515367974175472, 24.414649115668492, 24.439933946397712, 24.510311211480126, 24.56025119357645, 24.599632093641603, 24.46493903266069, 24.48407321506096, 24.520312160915882, 24.511103990342992, 24.518270534939404, 24.48617587619367, 24.516720241970557, 24.506174723307385, 24.439161851671013, 24.507850477430665, 24.49245707194018, 24.533917914496595, 24.51622077094201, 24.484031507704135, 24.506187608507048, 24.47811245388469, 24.496632215711923, 24.491587999132037, 24.464604356553878, 24.507863023546083, 24.482374742296113, 24.512332492404596, 24.475772433810885, 24.501467556423677, 24.525408935546995, 24.539677598741417, 24.484619140625114, 24.44786444769977, 24.525773451063458, 24.55989515516501, 24.593146091037397, 24.585023668077383, 24.60660875108522, 24.509894476996596, 24.61244472927528, 24.590682644314388, 24.576203409830914, 24.51063808865024, 24.528996107313407, 24.659741210937682, 24.64590793185769, 24.66048719618061, 24.65359530978742, 24.703418646918504, 24.739478217231085, 24.70912780761724, 24.764397515191053, 24.748414442274395, 24.691964043511387, 24.791921997070386, 24.77736680772574, 24.730222235785693, 24.69108886718764, 24.68487989637602, 24.82225477430573, 24.76962009006087, 24.70392320421026, 24.652733018663316, 24.698252020941936, 24.785121663411626, 24.739373101128574, 24.729653930664142, 24.729206678602527, 24.728461032443704, 24.80112508138033, 24.751051500108588, 24.723438856336923, 24.72131517198365, 24.741145494249263, 24.852511257595626, 24.790275404188474, 24.77096625434047, 24.74898851182735, 24.771301269531325, 24.878362698025228, 24.868458387586923, 24.81348537868928, 24.774776204427194, 24.8522091335722, 24.888150702582607, 24.728945922851647, 24.688420613606848, 24.722416178385497, 24.853925916883743, 24.941132948133774, 24.966489664713624, 24.90159267849403, 24.85275336371537, 24.893704901801318, 24.958403862847415, 24.916442532009643, 24.881978691948916, 24.787852986653736, 24.910190836588598, 25.047432454427224, 25.070171440972292, 25.06306660970061, 25.020537990994, 25.06083645290808, 25.205622355143305, 25.143219333224902, 24.98925238715299, 24.920554945204135, 25.00053066677528, 25.132315063476653, 25.078058200412425, 25.07814093695754, 24.989687432183207, 24.93449774848102, 25.14380628797748, 25.20278489854608, 25.12436218261725, 25.021341959635567, 25.038578287760497, 25.14822218153222, 25.169201321072155, 25.12930026584208, 25.0817962646485, 25.125473361545176, 25.310568915473215, 25.184876505534003, 25.112126668294383, 25.133604261610362, 25.228538343641656, 25.288317532009632, 25.2568783230253, 25.216493733724082, 25.13307122124574, 25.170513576931473, 25.367432996961856, 25.26885375976576, 25.19810418023015, 25.173488362630337, 25.23221571180564, 25.443334621853392, 25.442226833767467, 25.277420722113863, 25.172864786783936, 25.34948527018243, 25.41982659233948, 25.38374905056429, 25.354450819227548, 25.249504597981854, 25.255822075737985, 25.232118394639812, 25.26216634114589, 25.286438666449797, 25.290084838867283, 25.265285237630263, 25.193901231553962, 25.21478814019105, 25.1654435899524, 25.096647474501044, 25.171151394314336, 25.289313761393334, 25.344905598958423, 25.30697157118061, 25.287537638346464, 25.26174689398884, 25.328248765733615, 25.218112182617237, 25.178362358941133, 25.196233452691065, 25.11650594075536, 25.188728841145934, 25.136128404405536, 25.120425075955, 25.05863003200966, 25.05265774197058, 25.026422797309163, 25.014767795138955, 25.030940077039986, 24.909686957465397, 24.89096849229611, 24.940340169270957, 24.929433186849053, 24.919815741645078, 24.894628228081753, 24.766539849175427, 24.69077657063811, 24.670974053277025, 24.703554619683302, 24.705118136935937, 24.628798421224115, 24.67040473090293, 24.711456637912402, 24.646577623155412, 24.645856730143368, 24.623112657335202, 24.618842909071343, 24.597775268554813, 24.570563761393277, 24.549517483181585, 24.50510898166243, 24.52658962673625, 24.53484022352444, 24.572975667317806, 24.56475762261297, 24.503351847330862, 24.457770792643316, 24.444047376844765, 24.443852403428917, 24.459021335178097, 24.511321682400308, 24.48668585883263, 24.391546630859523, 24.399062771267477, 24.40033942328567, 24.35202501085079, 24.46770324707046, 24.38119540744367, 24.323026869032237, 24.335502794053866, 24.280505710178033, 24.30436537000882, 24.267923312717148, 24.341414388020894, 24.301003350151998, 24.298501247829904, 24.33127543131533, 24.307409667968816, 24.2710249159072, 24.188065931532265, 24.21517808702269, 24.303470187717096, 24.276527235243123, 24.294451904297016, 24.268610636393248, 24.285472276475844, 24.27892591688381, 24.211092800564334, 24.219973754882897, 24.159584893120762, 24.140789455837723, 24.134940592447986, 24.115005832248357, 24.088300916883764, 24.066357082790848, 24.085007392035646, 24.16680263943154, 24.222336493598203, 24.20097554524752, 24.139134724934973, 24.22420484754781, 24.27746819390209, 24.356515842014044, 24.333311971028806, 24.207475450303907, 24.182203843858606, 24.245403713650262, 24.252112833658924, 24.262998453776163, 24.216110229492262, 24.263318210178113, 24.351063707139872, 24.269998508029573, 24.24222649468332, 24.260768636067798, 24.243290540907253, 24.253789265950576, 24.311680094401197, 24.353303697374177, 24.257001410590362, 24.27010565863725, 24.38809780544716, 24.408899264865624, 24.371545410156404, 24.304676988389872, 24.194206407335198, 24.303752644856868, 24.359750027126836, 24.328100585937552, 24.371943155924573, 24.325175306532287, 24.472384982638953, 24.548269653320403, 24.567635091145917, 24.438042534722285, 24.38591885036904]}