{"latitud": 8.0063, "longitud": -76.1139, "radiacion": [27.478031412760497, 27.50289340549053, 27.556096394856883, 27.539660305447114, 27.441962348090403, 27.61478034125442, 27.53453436957479, 27.5604593912761, 27.59065619574663, 27.58074171278226, 27.78957960340722, 27.754768202040037, 27.85459153917113, 27.84464755588122, 27.700874159071248, 27.885097249349048, 27.915347968207566, 27.847426689995775, 27.793074544270894, 27.68428649902347, 27.842774454752696, 27.849296739366405, 27.936692640516622, 27.9554789225261, 27.88420240614164, 27.97844712999135, 28.101694742838635, 28.150335693359484, 28.109180365668482, 28.111307440863836, 28.32388373480914, 28.39042392306868, 28.358490668402908, 28.312353854709386, 28.286500040690232, 28.588990614149395, 28.624908447265643, 28.655405002170255, 28.714898342556523, 28.607671780056517, 28.72788899739591, 28.802558390299584, 28.904659695095592, 28.84646877712682, 28.70809292263465, 28.867735799153802, 28.92154269748276, 28.979349093967073, 28.925429619683275, 28.796986219618134, 28.949595811632076, 29.065619574652885, 29.182936943902025, 29.11934441460515, 29.040818277994862, 29.184786648220538, 29.23280673556864, 29.24043307834207, 29.18654785156258, 29.113282606336895, 29.161803860134643, 29.112189398871617, 29.171635945638133, 29.050958251953244, 29.07715725368928, 29.17147250705305, 29.238536241319498, 29.279819742838697, 29.361217244466236, 29.207104492187625, 29.28494466145844, 29.268109130859475, 29.35436808268243, 29.223316446940185, 29.141831461588684, 29.430027262369872, 29.465037706163326, 29.576509941948945, 29.5970930311416, 29.55363735622842, 29.561211480034785, 29.693301391601683, 29.669511244032208, 29.52170410156261, 29.41030103895402, 29.538439602322114, 29.494883897569498, 29.424348619249262, 29.432686021592986, 29.307648044162363, 29.473615858289993, 29.581909179687614, 29.68538987901483, 29.681398179796133, 29.558854166666777, 29.72205912272142, 29.78524475097663, 29.81113823784733, 29.720824178059996, 29.60098910861558, 29.70469970703134, 29.697443305121624, 29.687800089518287, 29.56857977973097, 29.445071411132858, 29.48300103081603, 29.536381022135533, 29.453869289822155, 29.433263481987925, 29.402851359049578, 29.510422770182384, 29.525529649522657, 29.601867336697143, 29.560090806749184, 29.31178080240892, 29.28060370551225, 29.23886718750009, 29.300717502170244, 29.23651936848965, 29.295763481987972, 29.37899068196627, 29.30973578559038, 29.244468180338554, 29.23450453016498, 29.173830159505297, 29.208736165364655, 29.328725179036514, 29.289120822482747, 29.071312120225798, 29.06892293294277, 29.122991604275228, 29.1157650417753, 29.02896965874574, 28.795097859700565, 28.727261352539205, 28.75425008138029, 28.770482381184973, 28.736144341362927, 28.660280354817832, 28.695928955078216, 28.768937513563476, 28.72317979600704, 28.495670233832566, 28.336971028645905, 28.43459438747836, 28.42214694552958, 28.438401963975803, 28.49389173719624, 28.436017862955794, 28.445463392469758, 28.52302754720061, 28.571584743923705, 28.608873494466234, 28.56442803276921, 28.51913384331611, 28.544887627495807, 28.586506144205845, 28.695200263129436, 28.5847761366104, 28.527458021375935, 28.433547634548706, 28.40087856716592, 28.352032470703175, 28.329474216037415, 28.20799018012165, 28.157394409179876, 28.188342624240573, 28.28532613118502, 28.403099568684997, 28.54725477430564, 28.7335696750218, 28.694890340169366, 28.61751675075959, 28.526801893446287, 28.572008260091213, 28.591749742296162, 28.48417358398446, 28.603496636284778, 28.793027411567, 28.72426961263028, 28.71801588270415, 28.72798665364591, 28.727643839518294, 28.55963066948797, 28.50355936686206, 28.5925289577909, 28.6489674886069, 28.80128207736554, 28.917369249131998, 28.835956827799595, 28.85630086263035, 28.76113349066846, 28.782519192165903, 28.763920423719714, 28.67722846137165, 28.80136074490027, 28.842476060655468, 28.8204321967232, 28.792065768771845, 28.773921712239694, 28.877937825520934, 28.81327311197928, 28.800054592556496, 28.834831746419336, 28.788622029622502, 28.92691548665378, 29.019276258680673, 28.96543409559475, 28.96090325249577, 28.838230726454128, 28.733027818467917, 28.63191087510857, 28.700241767035738, 28.609116278754453, 28.56784464518232, 28.71231011284732, 28.8444000244142, 28.88619113498275, 28.747070312500114, 28.625477769639854, 28.671668497721537, 28.681696912977543, 28.70640394422759, 28.686028713650273, 28.529859415690222, 28.556022474500974, 28.542280748155463, 28.527766248915043, 28.5035661485461, 28.422437879774407, 28.43460388183604, 28.42632853190122, 28.403887261284808, 28.247567409939393, 28.26096971299923, 28.280731540256152, 28.276585218641628, 28.319654676649368, 28.291787041558262, 28.198869832356895, 28.026868014865574, 27.917520480685862, 27.929802449544393, 28.009323120117227, 27.830384996202344, 27.82119377983956, 27.774263509114615, 27.776451280382066, 27.805011664496607, 27.768776448567774, 27.77446865505658, 27.83651767306871, 27.821227349175484, 27.803866238064376, 27.634451293945443, 27.604995049370757, 27.608497450086915, 27.495613267686796, 27.399705335829083, 27.26196967230913, 27.209191894531347, 27.208820258246607, 27.12808803982216, 26.960499403211923, 26.892231920030497, 27.01571519639765, 27.030212741428063, 26.968353949652908, 26.937723456488868, 26.925627305772668, 26.916177029079922, 26.86924031575529, 26.845602077908136, 26.882314046224014, 26.728754340277874, 26.80047878689243, 26.86052856445323, 26.84617614746107, 26.87305806477878, 26.847595893012283, 26.875666300455805, 26.891111246744874, 26.82155931260858, 26.74061923556866, 26.625210571289205, 26.714398532443642, 26.677282375759642, 26.587453545464484, 26.536349487304832, 26.42765062120238, 26.60057339138469, 26.68130730523016, 26.656818305121607, 26.61553446451831, 26.54296027289509, 26.650389268663293, 26.598851860894214, 26.505251736111273, 26.411489868164153, 26.440257432725804, 26.52853834364161, 26.485524834526984, 26.415838623046948, 26.401449245876904, 26.375251939561704, 26.485057237413326, 26.57992451985687, 26.525217352973204, 26.49066602918852, 26.555003526475826, 26.545633951822992, 26.47579481336813, 26.443123711480098, 26.534673394097336, 26.47524685329868, 26.53292846679699, 26.530295138888977, 26.554657660590333, 26.690341186523522, 26.652141316731846, 26.709481133355155, 26.75182495117203, 26.740465969509714, 26.781049940321243, 26.734727308485407, 26.883445909288316, 26.87608981662331, 26.928735012478437, 26.848341539171106, 26.877692328559153, 27.010120307074754, 27.060072157118118, 26.974217054579128, 26.839712863498317, 26.880489434136447, 26.965278455946287, 27.022107950846475, 27.034410603841252, 26.91310560438376, 26.91882392035605, 27.059819200303917, 26.980470106336913, 27.012205335829076, 26.913602362738875, 26.858834838867228, 26.97139756944451, 27.027818806966213, 27.051221042209306, 26.94185316297749, 26.91589355468767, 27.03622843424485, 27.054088677300456, 27.091915893554795, 27.22124735514329, 27.175599839952326, 27.29637247721365, 27.275053575303975, 27.35604248046887, 27.38266635470929, 27.328606838650234]}