{"latitud": 6.089, "longitud": -75.1416, "radiacion": [18.0774027506511, 18.12877129448801, 18.12612711588552, 18.111524454752725, 17.94040561252183, 18.01249152289506, 18.169694349500972, 18.190660603841177, 18.10054694281693, 18.075264146592968, 18.147317843967148, 18.31056993272578, 18.32493252224403, 18.249547322591297, 18.19373406304258, 18.32651197645411, 18.370206027560926, 18.428018527560898, 18.337313842773465, 18.242263793945387, 18.318242730034815, 18.487520684136353, 18.491173638237928, 18.50089348687074, 18.43217129177532, 18.441523912217992, 18.60213012695321, 18.59909566243499, 18.447031656901174, 18.456969875759665, 18.58957587348103, 18.671577623155446, 18.744233873155565, 18.779412502712756, 18.72730441623268, 18.89929775661909, 18.92733866373707, 18.844573296441087, 18.899102444119006, 18.896229722764854, 19.0635236952041, 19.140620930989616, 19.112633938259723, 19.056971232096412, 19.003674994574755, 19.15808885362418, 19.21749131944451, 19.268393961588647, 19.291349962022633, 19.275322469075586, 19.35738152398011, 19.36784735785604, 19.446141221788235, 19.449055650499247, 19.376854112413337, 19.551033867730155, 19.614884101020134, 19.59600457085516, 19.546813286675444, 19.444785563151168, 19.5613081190322, 19.471029324001886, 19.47185228135866, 19.528823174370757, 19.500126817491417, 19.512486436632077, 19.577490573459272, 19.659872436523553, 19.668071492513132, 19.533831108941058, 19.66637437608519, 19.580024549696287, 19.661023288303113, 19.675041707356893, 19.521632893880337, 19.677910020616462, 19.62877163357214, 19.68229980468764, 19.593037923177196, 19.523550415039136, 19.713043551974994, 19.841126844618145, 19.749696858724008, 19.645235527886353, 19.44346822102877, 19.535372585720552, 19.60370415581599, 19.53716769748267, 19.577920193142482, 19.58236016167541, 19.576978217231005, 19.68740641276059, 19.76053704155824, 19.68337029351134, 19.57818739149324, 19.729729207356854, 19.672313435872486, 19.828298272026966, 19.846451483832556, 19.738120863172867, 19.838538953993254, 19.85404425727006, 19.79746534559469, 19.667431640625086, 19.68160536024315, 19.69356994628913, 19.715345933702377, 19.63724399142806, 19.630363972981893, 19.590210978190232, 19.66060214572487, 19.64967278374574, 19.65682406955303, 19.553311835395032, 19.45994703504785, 19.536100938585168, 19.56593153211814, 19.526657782660646, 19.46508076985691, 19.317760213216218, 19.288350423177118, 19.289980061849025, 19.399214680989758, 19.441075981987996, 19.33249409993501, 19.353752983941018, 19.39647420247411, 19.314224243164137, 19.261178588867285, 19.271687147352548, 19.28005337185334, 19.42005343967016, 19.321842108832545, 19.233829413520027, 19.176711357964507, 19.203878445095615, 19.196189032660715, 19.19505106608081, 19.05953301323795, 19.13596869574665, 19.09695027669278, 19.172611490885572, 19.222812228732703, 19.082582600911525, 19.007330661349954, 19.107507663303068, 19.12203436957475, 19.139332750108622, 19.142131212022722, 19.143629286024407, 19.285030110677138, 19.201264105902833, 19.138613552517423, 19.119058566623398, 19.091782633463634, 19.22480841742629, 19.29428575303829, 19.146914672851626, 19.165294731987974, 19.15269877115897, 19.1988966200088, 19.21194695366766, 19.185004340277885, 19.19027472602005, 19.172996351454156, 19.25473768446191, 19.345851982964557, 19.340944417317832, 19.34338717990458, 19.265461222330828, 19.39833509657126, 19.36289978027355, 19.304105292426318, 19.2954223632813, 19.297487386067854, 19.389362589518367, 19.416470336914113, 19.392755126953205, 19.288108656141617, 19.320464070638085, 19.361804199218835, 19.290616522895068, 19.32525092230914, 19.306823730468864, 19.357725016276067, 19.406579250759574, 19.382893202040027, 19.38523966471367, 19.42338121202266, 19.363786485460214, 19.42764180501312, 19.479302300347342, 19.534975518120728, 19.45291748046888, 19.440554131401996, 19.489857313368134, 19.54094780815986, 19.533959282769217, 19.520811292860326, 19.44223937988293, 19.511182996961868, 19.643743218316086, 19.571350775824726, 19.47495591905397, 19.454221259223193, 19.593228149414074, 19.599977281358615, 19.58313734266511, 19.53603752983952, 19.408610704210144, 19.626391262478382, 19.676062689887203, 19.650493367513132, 19.562167358398522, 19.549143812391623, 19.666031561957578, 19.590015665690185, 19.66158684624575, 19.583240763346435, 19.574099731445358, 19.667510986328164, 19.76408725314684, 19.746519639757025, 19.659634399414113, 19.643909708658878, 19.65452304416247, 19.60795966254347, 19.72214355468759, 19.656409708658924, 19.621374511718898, 19.721135118272645, 19.730557250976688, 19.788680691189334, 19.679099867079117, 19.677418009440164, 19.755061170790004, 19.821618313259705, 19.759617106119908, 19.816821628146783, 19.811450534396783, 19.865621609158097, 19.758812120225723, 19.849867078993213, 19.782320827908073, 19.709872775607796, 19.79818657769103, 19.84504631890199, 19.81517333984387, 19.700408596462733, 19.620728895399377, 19.68830396864155, 19.652946641710173, 19.70712958441855, 19.589552476671063, 19.52583109537765, 19.66992899576826, 19.71901312934034, 19.717794799804818, 19.693920559353348, 19.67636990017373, 19.5954983181425, 19.64188368055566, 19.561321343316042, 19.532575141059112, 19.459337700737972, 19.494477674696345, 19.503113810221446, 19.528554619683273, 19.515012613932395, 19.424676852756154, 19.497826470269217, 19.50620761447493, 19.429149712456688, 19.271309068468003, 19.258178710937653, 19.32558492024748, 19.382374742296065, 19.313399929470545, 19.27500203450531, 19.254154798719714, 19.324746025933262, 19.363801405165077, 19.32632175021712, 19.19440409342451, 19.097976006402046, 19.19413079155822, 19.178662109375107, 19.148429022895073, 19.03550550672753, 19.00813022189679, 19.037218560112972, 19.142853122287477, 19.033757866753547, 18.960383436415025, 18.899992879231906, 18.959661526150285, 18.99059210883261, 18.975354342990556, 18.95125800238725, 18.873378160264906, 18.945592922634603, 18.898972235785703, 18.923953586154614, 18.85599738227006, 18.79550815158427, 18.78635321723101, 18.82424316406258, 18.74508904351133, 18.71946275499141, 18.645699734158104, 18.659147135416788, 18.643993801540944, 18.64764675564239, 18.655171712239717, 18.511158243815203, 18.584679497613024, 18.563507419162402, 18.54855889214417, 18.521135796441058, 18.469959852430616, 18.515663655599003, 18.505014716254397, 18.42721693250881, 18.309141710069543, 18.334641520182345, 18.357598876953205, 18.40793355306001, 18.37558051215285, 18.315514458550485, 18.2532314724394, 18.381986829969737, 18.353708902994928, 18.281846449110372, 18.26028171115462, 18.16342196994371, 18.181274074978393, 18.28819783528657, 18.20975273980048, 18.103336927625946, 18.09183586968328, 18.23112996419286, 18.326911756727515, 18.23101908365893, 18.170778740776957, 18.016139729817706, 18.126730685763977, 18.17509358723972, 18.14327189127611, 17.992033894856814, 17.965684678819535, 18.05649481879355, 18.10633578830304, 18.15414971245669, 17.970184326171932, 17.91818474663639, 18.076433648003615, 18.16382141113301, 18.12998894585519, 18.04217495388472, 17.897581312391612]}