{"latitud": 3.2111, "longitud": -73.0054, "radiacion": [27.026337687174607, 27.163265313042643, 27.34078538682739, 27.348022121853415, 27.330399237738806, 27.373691474066955, 27.533988444010486, 27.584441460503513, 27.62284206814248, 27.530262247721435, 27.461108398437585, 27.558062065972326, 27.711616007487084, 27.7776224772136, 27.840103827582556, 27.8530636257597, 27.95458916558175, 28.034303453233594, 28.085223388672034, 28.133038669162392, 28.14565633138028, 28.207322862413246, 28.38686421712246, 28.440932210286576, 28.388409084744055, 28.32405870225703, 28.461052110460155, 28.593527560763977, 28.660954793294405, 28.63267076280393, 28.577270846896795, 28.674690755208434, 28.76634351942283, 28.8625949435765, 28.91638963487426, 29.038528442382926, 29.184631686740587, 29.228977796766628, 29.15910000271276, 29.139745415581704, 29.031928168402924, 29.076899210612055, 29.214839341905513, 29.17681206597236, 29.202903238932436, 29.11058180067285, 29.081904093424512, 29.137393527560885, 29.177738104926316, 29.100036282009643, 28.919555324978415, 28.91876288519988, 28.917266845703278, 28.9896731906468, 29.011902872721503, 28.955891248915123, 29.100810411241444, 29.192724948459386, 29.3190104166668, 29.22063632541246, 28.944875759548722, 28.94614969889339, 28.901536729600767, 28.92308315700961, 28.896299913194525, 28.71993103027357, 28.690362209744098, 28.736215549045237, 28.687191772461063, 28.548116726345558, 28.39994710286466, 28.420548841688476, 28.3332590738933, 28.27783711751309, 28.228719753689308, 28.104049343533024, 27.979017808702356, 27.920805867513177, 27.872610134548722, 27.879764811198072, 27.778819444444554, 27.897341579861216, 27.914659627278752, 27.853942532009587, 27.761736382378597, 27.53202379014766, 27.38825853135855, 27.275116644965408, 27.208620876736216, 27.096293470594716, 26.99664001464858, 26.86660190158428, 26.762711249457595, 26.804213799370757, 26.779178534613816, 26.65010613335509, 26.644344075520923, 26.63628336588556, 26.641982014974076, 26.61374104817713, 26.501773749457545, 26.397046576606026, 26.446586778428905, 26.416864013671955, 26.5201643202041, 26.453980170356072, 26.32507832845063, 26.283633422851707, 26.28127712673624, 26.292528279622484, 26.200322808159893, 26.17673034667979, 26.108271280924516, 26.05759684244809, 26.05966932508693, 25.968956841362967, 25.910778808593875, 25.878491550021792, 25.913382636176248, 25.935115559895962, 25.851263088650324, 25.77816128200963, 25.694931030273477, 25.602388509114746, 25.63101908365896, 25.66659037272143, 25.615065511067808, 25.53403015136733, 25.498980712890695, 25.486489529080018, 25.43937581380216, 25.456431070963657, 25.431521267361234, 25.40995008680566, 25.450161743164188, 25.449769761827287, 25.465535142686708, 25.360559760199692, 25.334062364366407, 25.281424289279602, 25.219376966688515, 25.128488159179806, 25.112721761067842, 25.171752929687614, 25.1145450168187, 25.08441569010436, 25.054582383897696, 24.974142795138977, 25.05056830512162, 25.06064588758693, 25.02983330620674, 24.897456190321275, 24.812404717339557, 24.810799831814354, 24.81039632161465, 24.76988389756953, 24.713072035047862, 24.691601562500086, 24.720732625325628, 24.74442308213988, 24.718105061849045, 24.632518174913248, 24.60128479003917, 24.65024108886729, 24.699328613281352, 24.673146565755303, 24.612228054470606, 24.601924302842935, 24.626678466797006, 24.608618842230978, 24.543590630425474, 24.490280490451486, 24.481758626302206, 24.524701605902823, 24.543653361002708, 24.47762620713983, 24.464182874891588, 24.48925509982651, 24.470769246419326, 24.491540188259687, 24.463390096028718, 24.468057929145044, 24.527980211046156, 24.486256578233583, 24.498374769422867, 24.49775695800785, 24.54824083116324, 24.518653700086873, 24.497924126519194, 24.545765516493173, 24.519716050889865, 24.572598605685908, 24.555315823025257, 24.516854519314318, 24.527404785156403, 24.54758572048623, 24.665235053168505, 24.65878533257391, 24.646296183268323, 24.652903578016566, 24.575754462348225, 24.57253451877176, 24.604459296332607, 24.666831800672828, 24.643631998698044, 24.632579549153736, 24.671609157986172, 24.642455715603393, 24.664436509874236, 24.727111138237962, 24.74714660644541, 24.74508938259557, 24.772364976671117, 24.74490932888462, 24.74654710557735, 24.82052307128913, 24.807899983723985, 24.790325249566042, 24.814326985677194, 24.844975450303977, 24.891830444336033, 24.98674723307308, 25.00985989040807, 24.973759969075616, 25.017859564887218, 25.042230902777874, 25.114887830946245, 25.085519409179767, 25.12889912923193, 25.13278978135865, 25.139541625976715, 25.202714369032268, 25.205736965603478, 25.14033101399758, 25.172137112087853, 25.23314548068593, 25.308978610568563, 25.353417629665916, 25.44668511284728, 25.395266045464457, 25.41094122992638, 25.47452596028658, 25.475402832031346, 25.569186062283148, 25.585478719075663, 25.620671590169326, 25.629189724392443, 25.681503974066956, 25.79539828830306, 25.834269205729225, 25.822272067599897, 25.82682054307736, 25.833488294813435, 25.889549763997497, 25.902733357747554, 25.93290778266072, 25.921785481770865, 25.943901909722324, 25.965135701497463, 26.05725538465727, 26.09280361599404, 26.05171000162767, 26.093118625217148, 26.16880086263029, 26.24163513183605, 26.349318779839468, 26.29695027669277, 26.253106350368963, 26.326284450954955, 26.349564954969747, 26.274305216471493, 26.31602579752619, 26.406855943467974, 26.407577514648512, 26.427505154079938, 26.422361246744895, 26.45999721950966, 26.45548095703136, 26.407675170898603, 26.388792928059974, 26.44069790310336, 26.47336595323361, 26.456979709201487, 26.480592515733576, 26.54280666775179, 26.44142930772578, 26.457616509331686, 26.419974772135543, 26.51680365668413, 26.573950534396833, 26.482759941948853, 26.49117872450093, 26.45786098904087, 26.409152899848152, 26.449336073133697, 26.43712972005223, 26.382754177517445, 26.345860460069503, 26.379876030816092, 26.411749606662436, 26.36870286729616, 26.3076744927302, 26.294287448459272, 26.293081665039193, 26.39195488823795, 26.363517930772616, 26.310713365342963, 26.294292195638093, 26.224062771267523, 26.234424167209244, 26.184147135416783, 26.192297702365618, 26.211449856228455, 26.199367947048756, 26.174350992838622, 26.14437289767805, 26.188457234700632, 26.21407606336813, 26.199439493815174, 26.173098415798716, 26.13890109592027, 26.09922960069457, 26.144229465060846, 26.079147338867262, 26.111822170681535, 26.03181762695321, 26.135576036241485, 26.195871649848225, 26.172384982639, 26.215291680230166, 26.24108683268243, 26.289178127712717, 26.25652296278228, 26.21616516113293, 26.255782402886368, 26.24594082302525, 26.299498155381986, 26.32906155056433, 26.27578837076834, 26.342087809244884, 26.39889085557735, 26.535554334852502, 26.551188829210123, 26.535561794705, 26.53777974446628, 26.4797600640192, 26.492431301540858, 26.5638895670574, 26.488291761610338, 26.55027025010858, 26.517453342013976, 26.557601589626852, 26.58414204915378, 26.627129448784824, 26.687708875868168, 26.58476291232652, 26.682541571723146, 26.844108751085173, 26.872153727213668, 26.89891696506089]}