{"latitud": 6.3902, "longitud": -77.5376, "radiacion": [26.220935058593835, 26.253517998589455, 26.263468424479317, 26.260344102647576, 26.169277954101645, 26.13472086588551, 26.143773057725827, 26.183547295464468, 26.205420600043606, 26.168996853298705, 26.099900648329122, 26.09662238227011, 26.117725965711866, 26.16263258192282, 26.117770385742308, 26.031436157226604, 26.016611056857773, 26.08702528211815, 26.074412706163248, 26.02930365668421, 25.974070570204088, 26.00165947808165, 26.068172539605104, 26.062390814887333, 26.00742017957907, 25.997967529297, 25.92406921386737, 25.97686564127618, 25.99456549750448, 25.9780439588759, 25.91721191406263, 25.94161546495235, 25.95581054687504, 26.003081936306483, 25.958130221896834, 25.963331773546184, 25.979791259765786, 26.041008165147712, 26.074907430013184, 26.073116387261425, 26.032608371310957, 26.041171264648522, 26.01676805284298, 26.006289672851683, 26.02275492350272, 26.02909918891072, 26.094993082682453, 26.1088968912762, 26.159436713324812, 26.168657769097347, 26.143852403428948, 26.148714192708365, 26.21164652506519, 26.210602145724938, 26.17557644314246, 26.13859524197062, 26.087161254882897, 26.066276041666754, 26.092049153646013, 26.13168538411467, 26.115947469075667, 26.160281372070415, 26.228970675998344, 26.215810818142455, 26.212882826063495, 26.226658799913253, 26.311917792426282, 26.391670735677224, 26.38339301215287, 26.322020467122513, 26.32218797471802, 26.332747056749213, 26.397861056857682, 26.395890299479237, 26.39614495171452, 26.39552374945752, 26.419280327691087, 26.435754055447205, 26.47561272515202, 26.492485555013104, 26.469398668077346, 26.49162665473108, 26.53619656033, 26.552072143554824, 26.596801418728393, 26.607989501953227, 26.65079752604176, 26.71906060112855, 26.730629814995797, 26.725888400607744, 26.66912909613721, 26.679181925455833, 26.709502834744054, 26.747484673394258, 26.77878417968761, 26.735059611002708, 26.780344984266605, 26.819393581814378, 26.834199015299514, 26.844828287760492, 26.79898410373276, 26.809790717230992, 26.853686523437602, 26.886058892144206, 26.868856811523553, 26.845657348632944, 26.866399129231866, 26.919867621527846, 26.932807413737105, 26.89074842664941, 26.868349202474025, 26.944604831271835, 26.98851453993065, 27.0102844238282, 26.988664415147696, 26.962227715386366, 26.985940890842112, 27.012880791558263, 27.049526977539244, 27.038492160373362, 27.03183593750011, 27.075391981336963, 27.148723687066042, 27.16479560004355, 27.128366767035647, 27.107632446289205, 27.11405198838982, 27.13893839518238, 27.122465006510563, 27.06642557779958, 27.079777018229247, 27.09515380859383, 27.14243943956177, 27.158801947699732, 27.097943454318585, 27.074065144856814, 27.066202121310898, 27.104858398437653, 27.078054809570443, 27.05116204155816, 27.05078938802099, 27.03037109375011, 27.053982204861274, 27.078695000542627, 27.03327433268235, 27.023102145724902, 27.02682935926657, 27.071656968858576, 27.060683525933314, 27.046188354492283, 27.027525499132025, 27.033977932400262, 27.035885620117256, 27.074546305338668, 27.01381496853304, 27.032187906901147, 27.0451799180773, 27.038723754882938, 27.035391574435835, 27.02376064724403, 27.00370720757392, 26.991950480143355, 27.003258599175485, 27.0050333658855, 26.96210632324221, 26.93078647189681, 26.94729682074662, 26.959108818901996, 26.952956814236188, 26.913111368815276, 26.928829616970614, 26.95065409342457, 26.980018107096445, 26.967038981119938, 26.952498711480093, 26.9361907958985, 26.99527689615894, 26.991230604383777, 26.97727389865467, 26.93688761393243, 26.937638007270056, 26.980576578776112, 27.007043796115607, 26.96449754503048, 26.910217285156364, 26.888045925564352, 26.92802090115029, 26.947568088107786, 26.896876356336936, 26.85465596516936, 26.85615505642376, 26.878186374240556, 26.925724962022723, 26.88173387315548, 26.847627427842976, 26.837460327148545, 26.86730753580734, 26.886788262261366, 26.885457356770967, 26.848896280924595, 26.83642374674493, 26.9005374484593, 26.915726386176306, 26.887328762478415, 26.855966186523556, 26.867021348741503, 26.90425550672749, 26.953016153971458, 26.932407294379477, 26.884770372178934, 26.88740403917107, 26.939359537760556, 26.968483140733554, 26.96343790690118, 26.903213840060875, 26.918722195095558, 26.961403740777012, 27.025579494900228, 26.99055786132817, 26.953994750976694, 26.955857001410706, 26.989140150282196, 26.997983466254464, 27.038062540690152, 26.983756171332498, 26.968622504340374, 26.99984639485685, 27.023994276258822, 27.077592976888088, 27.042147488064305, 27.046878729926277, 27.066063096788337, 27.08723144531255, 27.098112996419406, 27.069824896918476, 27.057765028211904, 27.059334648980155, 27.10261094835082, 27.105403306749224, 27.111766560872507, 27.08483276367201, 27.057293362087858, 27.10135735405824, 27.11863742404525, 27.10705295138907, 27.0638383653429, 27.052707248263932, 27.099185519748403, 27.083213636610406, 27.10146620008688, 27.08150872124575, 27.070439317491417, 27.12716878255219, 27.12548183865029, 27.099801296658086, 27.084442138672006, 27.059259033203222, 27.059400431315268, 27.082645331488795, 27.0872083875869, 27.06283162434907, 27.065344577365522, 27.070137871636348, 27.06106363932298, 27.052394273546156, 27.039399888780526, 27.064814249674555, 27.046841769748426, 27.035535346137276, 27.017401801215367, 27.04686686197927, 27.03656446668843, 27.0442355685765, 27.054619344075622, 27.001398722330823, 26.99760742187516, 26.990691460503637, 27.02155151367204, 27.022337510850832, 26.984632364908975, 26.9728254530166, 26.987289767795215, 26.993854437934147, 26.965512763129443, 26.98478054470498, 26.977728610568686, 26.970184665256244, 26.95977579752613, 26.95387301974832, 26.92265319824234, 26.914204576280458, 26.906121148003553, 26.880077446831745, 26.903120591905537, 26.8816209581164, 26.82687717013897, 26.8191165500218, 26.823745388454977, 26.81597222222227, 26.82345818413637, 26.818212212456704, 26.7933444552952, 26.79899325900622, 26.802303059895944, 26.764567057291817, 26.74418504503052, 26.729197862413326, 26.75005459255662, 26.717473347981883, 26.687645128038337, 26.681828138563485, 26.628973049587817, 26.629498630100006, 26.626328192817045, 26.635296969943607, 26.610171508789183, 26.576047431098157, 26.58958265516505, 26.627465481228416, 26.580635579427167, 26.577796427408924, 26.566526285807395, 26.55201517740907, 26.5454538981121, 26.528618706597268, 26.50338711208779, 26.52244093153227, 26.54838935004352, 26.52365010579437, 26.51584913465719, 26.499130588107672, 26.517391967773563, 26.52469278971368, 26.50584411621109, 26.47487691243498, 26.463317192925427, 26.43399658203138, 26.477747599283948, 26.486042955186747, 26.4274288601347, 26.411235555013167, 26.436448160807362, 26.444952392578216, 26.46859368218327, 26.388943481445438, 26.368480428060025, 26.410283745659758, 26.387884860568665, 26.3596642388239, 26.339235432942775, 26.300831773546104, 26.297592163085977, 26.356022135416765, 26.33438042534732, 26.282151285807345, 26.27126227484818, 26.285150485568675, 26.319012451171982, 26.288345675998357, 26.25343865288636]}