{"latitud": 3.4305, "longitud": -68.2696, "radiacion": [25.645932685004464, 25.59300672743065, 25.642228529188476, 25.72145623101136, 25.820139906141623, 25.773274400499247, 25.727730645073866, 25.77156677246108, 25.91531032986124, 26.028756374783086, 25.952814737955862, 25.90820549858957, 25.981339179145078, 26.051587931315208, 26.155026584201476, 26.09759860568587, 26.03103061252178, 26.026665242513143, 26.179317220052155, 26.338818359375068, 26.28960130479616, 26.325578816731877, 26.465421549479288, 26.55881686740459, 26.603095160590385, 26.540562947591223, 26.572475857205006, 26.606999037001042, 26.64219462076835, 26.700705634223166, 26.685883246527908, 26.622084214952377, 26.707911173502737, 26.846631876627708, 26.9243469238282, 26.930172729492273, 26.94367031521271, 26.970207044813474, 27.140687730577344, 27.0998857286242, 27.038885158962785, 27.0390981038412, 27.048258802625963, 27.134108140733613, 27.158121744791668, 27.12978820800788, 27.023519558376865, 27.102954101562606, 27.218076917860383, 27.27282104492203, 27.166662936740483, 27.024543592665037, 27.081267632378513, 27.250382826063458, 27.270463731553928, 27.264225599501003, 27.18132188585078, 27.207207573784824, 27.360884602864683, 27.44161309136295, 27.312824164496615, 27.100380452474024, 27.088713921441013, 27.164718967014, 27.188675944010487, 26.97763095431867, 26.893257310655542, 26.927667236328205, 26.911497667100832, 26.895949300130308, 26.802045016818663, 26.781206936306546, 26.71742587619366, 26.720239935981, 26.86812506781693, 26.69997524685338, 26.535969034830828, 26.473933580186742, 26.55605197482642, 26.68403150770405, 26.59471435546889, 26.49923536512597, 26.403215535481895, 26.485516018337748, 26.365337795681512, 26.285029771592974, 26.147622341579922, 26.11416049533428, 26.107448662652022, 26.037118530273478, 25.95279405381952, 25.844895765516622, 25.861875745985362, 25.880085923936786, 25.853343031141588, 25.793322075737972, 25.703923882378586, 25.699950493706694, 25.76346333821628, 25.793733384874276, 25.719022284613818, 25.675935194227595, 25.650045437283136, 25.71932305230048, 25.64484490288633, 25.607630411783855, 25.53996785481773, 25.52975362141939, 25.61251763237861, 25.618349541558285, 25.54221123589421, 25.49047817654095, 25.431539238823877, 25.468182373046982, 25.476249186197965, 25.398683336046133, 25.313368055555696, 25.26539679633252, 25.305137125651154, 25.350594753689318, 25.268787638346435, 25.182566324869924, 25.131784735785704, 25.19805162217898, 25.22770962185342, 25.174263170030503, 25.09214240180133, 25.058573065863868, 25.091066487630332, 25.09617140028219, 25.08737691243499, 25.03641255696624, 24.984751044379475, 25.02930297851579, 25.046197509765744, 25.012917073567817, 24.979126315646813, 24.929124959309927, 24.945103285047875, 24.985913085937586, 24.95447692871109, 24.90433315700966, 24.91549343532999, 24.91614413791247, 24.904913330078234, 24.835252888997502, 24.79118177625878, 24.804634941948848, 24.81412217881949, 24.824352349175417, 24.789857652452344, 24.733138699001888, 24.728294203016656, 24.73056199815545, 24.777796088324767, 24.730720689561696, 24.66886766221798, 24.62569851345495, 24.632115342881985, 24.66798129611557, 24.637406751844708, 24.603424750434083, 24.601110500759717, 24.587484402126886, 24.62935146755653, 24.654862806532265, 24.635438028971446, 24.665765719943693, 24.64873352050796, 24.632650417751847, 24.606451755099897, 24.612672932942797, 24.618099636501807, 24.63028767903656, 24.672933620876865, 24.638481987847285, 24.593526543511416, 24.608015272352493, 24.585214911566975, 24.57527838812943, 24.59422166612423, 24.592320421007027, 24.596643744574806, 24.64935879177521, 24.63415934244794, 24.583460828993168, 24.579772949218825, 24.61193542480483, 24.634777153862974, 24.691861640082646, 24.672978379991395, 24.63276943630653, 24.667485894097315, 24.718116929796093, 24.644275580512254, 24.668034871419348, 24.657702975803073, 24.65067036946624, 24.735291883680627, 24.793271213107687, 24.718856472439388, 24.7157368977866, 24.766025458441902, 24.795418294270917, 24.83813171386733, 24.825254313151124, 24.827218627929824, 24.882616848415903, 24.87515699598532, 24.88466186523442, 24.91658460828999, 24.890805053711006, 24.909190538194594, 24.992422824435835, 24.99186537000878, 25.02296108669714, 25.009621853298754, 25.04550849066851, 25.04544338650186, 25.1588239881728, 25.19496561686204, 25.153740098741384, 25.20516730414509, 25.223032972547912, 25.266307237413287, 25.283869425455823, 25.274323866102538, 25.282265557183337, 25.370582411024447, 25.35988667806002, 25.368486870659826, 25.39690958658859, 25.438080851237128, 25.415579562717102, 25.47356533474404, 25.491136338975803, 25.48794793023008, 25.52133043077265, 25.61313239203569, 25.6748470730253, 25.633747694227452, 25.69894036187073, 25.708858235677212, 25.703248765733576, 25.793958197699794, 25.774041069878592, 25.7573666042753, 25.741443210178073, 25.796476915147803, 25.845833672417598, 25.837863159179772, 25.84444173177091, 25.843831719292627, 25.860420396592946, 25.914672512478408, 25.859174940321264, 25.845775349934968, 25.857677205403718, 25.94347601996539, 25.942778184678957, 25.940069240994053, 25.83983730740029, 25.917123752170216, 25.94248962402355, 26.000135294596458, 25.972449408637278, 25.95969950358081, 26.032604980468836, 26.035573323567803, 26.04805670844189, 26.006020100911524, 25.98313022189681, 25.98185797797322, 25.99285108778228, 26.01153971354176, 25.975108167860395, 25.996513875325586, 25.9797590467666, 25.960203382704076, 25.995442708333446, 25.975533040364724, 25.925245836046127, 25.889624023437552, 25.944531589084324, 25.970900811089546, 25.921407402886416, 25.867238701714523, 25.88284844292548, 25.879337904188446, 25.87284647623706, 25.813314480251847, 25.827837117513223, 25.849979654948033, 25.84127502441417, 25.898165554470534, 25.755315483941047, 25.696713595920226, 25.770776367187597, 25.808736165364717, 25.778631252712753, 25.682098049587847, 25.641749064127737, 25.627811008029596, 25.717882961697097, 25.694305419921914, 25.66898871527792, 25.601646931966286, 25.585402764214546, 25.664184570312596, 25.617894829644133, 25.62778455946189, 25.581472100152023, 25.536015150282292, 25.57136806911903, 25.487903171115573, 25.458893161349902, 25.393322075737917, 25.353839789496647, 25.40387776692715, 25.477956475151966, 25.405401950412397, 25.334453328450632, 25.335202365451437, 25.417920600043505, 25.400549994574703, 25.35802103678397, 25.298651462131147, 25.287019178602577, 25.33120015462246, 25.321985202365493, 25.2622443305123, 25.194057549370772, 25.20359870062943, 25.20625745985249, 25.32186448838983, 25.23814256456177, 25.184476386176357, 25.17649400499145, 25.214211018880274, 25.336172146267433, 25.30075785319019, 25.2383209228517, 25.219888983832522, 25.28493754069018, 25.366372002495797, 25.21499633789072, 25.224549696180606, 25.263728162977543, 25.30717163085946, 25.317803615993984, 25.213551161024384, 25.19558308919278, 25.221135796441143, 25.374742974175415, 25.495240614149395, 25.46212531195751, 25.35994669596361, 25.362809922960196, 25.484427897135465, 25.559942287869003]}