{"latitud": 2.6853, "longitud": -75.7504, "radiacion": [17.384428236219723, 17.424255710177988, 17.548029581705883, 17.601247151692785, 17.599437120225804, 17.67408108181434, 17.680370076497542, 17.684226481119936, 17.703547159830784, 17.665323215060898, 17.70884094238291, 17.72492811414939, 17.721828206380376, 17.78299730088986, 17.783694458007858, 17.77133043077269, 17.78927510579433, 17.85005594889331, 17.8772464328343, 17.995749240451477, 18.071484375000125, 17.964575534396868, 18.01586914062517, 18.030469428168583, 18.077306450737865, 18.05815972222236, 17.984314982096464, 17.998816596137335, 18.043771701389023, 18.055742390950627, 18.13632982042115, 18.10415581597232, 18.082513766818618, 18.179359944661616, 18.21146511501748, 18.240520901150283, 18.35929429796018, 18.301486206054772, 18.309453328450616, 18.31715698242192, 18.33317633734818, 18.365100436740573, 18.30052286783867, 18.391001383463657, 18.428359307183257, 18.544136216905503, 18.507454087999218, 18.415035671658057, 18.454418945312643, 18.40846082899314, 18.446471150716263, 18.42543606228308, 18.41803080240902, 18.49149441189246, 18.507689412434956, 18.548849826389016, 18.567923312717184, 18.629286363389877, 18.689850531684176, 18.68290744357652, 18.743923611111217, 18.704780069987084, 18.597891574435874, 18.601876491970586, 18.55838656955308, 18.66709594726579, 18.744092475043562, 18.73971150716153, 18.75607401529959, 18.68423258463548, 18.73658548990892, 18.6888441297744, 18.599010213216218, 18.56461283365898, 18.528819444444576, 18.557678561740545, 18.399084472656398, 18.31736246744801, 18.298582288954076, 18.416765340169338, 18.447907511393357, 18.355936347113794, 18.325985378689325, 18.38790791829437, 18.362791612413314, 18.353536987304796, 18.235745239257902, 18.1296888563369, 18.046783786349977, 18.03361985948364, 17.943028089735396, 17.90379299587687, 17.832489691840333, 17.763789876302155, 17.818298339843825, 17.754571533203222, 17.707842678494046, 17.7061896430122, 17.756782023112105, 17.706546020507897, 17.630429416232705, 17.5604380289714, 17.585566541883754, 17.551089816623403, 17.561407131618996, 17.520822482639023, 17.413031005859466, 17.429324001736234, 17.466671074761354, 17.358457777235344, 17.287576633029612, 17.275643920898535, 17.158560180664153, 17.112100558810898, 17.128954060872502, 17.097098117404546, 17.051359388563412, 16.947322930230126, 16.949348619249236, 16.95279744466154, 16.906575520833428, 16.925562201606017, 16.870670572916804, 16.78343607584651, 16.763450453016578, 16.687814331054806, 16.668477037218036, 16.67795037163639, 16.680009969075513, 16.615646023220506, 16.611452907986138, 16.577480061849087, 16.52927517361125, 16.551758829752657, 16.560651312934187, 16.588664415147736, 16.57655775282126, 16.52712605794282, 16.464012315538298, 16.375377739800474, 16.40549519856783, 16.435002983941047, 16.35891486273884, 16.302587890625073, 16.234748670790015, 16.214208645290835, 16.248957316080862, 16.24734632704006, 16.229928249783125, 16.22232428656694, 16.190853881836045, 16.100533379448887, 15.967082383897662, 15.98828091091597, 16.075725301106882, 15.979480997721376, 15.822824096679804, 15.813951619466252, 15.822459242079143, 15.86917758517806, 15.850706990560033, 15.880718315972294, 15.811676025390758, 15.868367173936784, 15.875186835395027, 15.845028008355163, 15.836118910047825, 15.853375922309132, 15.85507507324229, 15.776293606228327, 15.772080485026095, 15.757483927408904, 15.734032864040918, 15.733499484592036, 15.678093465169411, 15.633054945204057, 15.60966491699232, 15.597586059570423, 15.623589748806467, 15.59818454318586, 15.535042656792635, 15.597453477647738, 15.568460083007873, 15.488489108615568, 15.492523193359546, 15.538818698459352, 15.632649739583409, 15.598511420356013, 15.472578260633762, 15.515026516384674, 15.594137234158117, 15.59941270616332, 15.615993584526999, 15.588596937391609, 15.561546495225798, 15.508105807834264, 15.590078735351632, 15.578750949435877, 15.540784369574737, 15.601252577040043, 15.592709689670242, 15.55851779513904, 15.592370266384668, 15.669653320312628, 15.685961235894126, 15.64670579698357, 15.685873074001941, 15.63992377387162, 15.6112338595921, 15.676832411024463, 15.750661553276982, 15.658693779839552, 15.673665703667666, 15.705465020073879, 15.764024861653809, 15.814665052626006, 15.879789225260518, 15.910709974500984, 15.863556247287514, 15.955652194553068, 16.066445922851642, 16.133127170139005, 16.10056525336385, 16.06052449544279, 16.131725056966257, 16.083091227213686, 16.18017815483957, 16.253101603190185, 16.254837036132887, 16.211325073242318, 16.17257622612855, 16.286943901909847, 16.344109429253574, 16.226324462890716, 16.1999660915799, 16.223653835720597, 16.2831085205079, 16.370723470052173, 16.49930419921884, 16.48595072428399, 16.440936279297073, 16.56814778645848, 16.64216545952699, 16.704664103190208, 16.681468031141588, 16.71768934461818, 16.822718302409005, 16.79295993381091, 16.896497938368174, 16.876087103949697, 16.950337727864753, 16.858228217231005, 16.800704956054762, 16.84431728786897, 16.83530544704873, 16.905078125000102, 17.012147352430663, 17.174423217773512, 17.177227444118973, 17.285418023003615, 17.232236395941925, 17.21904941134998, 17.35617947048623, 17.32919684516071, 17.412472873263976, 17.504272800021777, 17.555497911241446, 17.570624796549584, 17.46439988878048, 17.4931006537545, 17.449723307291777, 17.555937025282237, 17.558164469401202, 17.552453274197187, 17.617976209852582, 17.645820448133748, 17.60763753255219, 17.639289008246617, 17.6948489718968, 17.59433220757387, 17.500433349609523, 17.607540554470535, 17.673146904839523, 17.762749565972285, 17.77575988769547, 17.783472018771853, 17.758557807074737, 17.656568739149463, 17.698814561632105, 17.872834947374315, 17.85919257269975, 17.78412407769103, 17.844706895616373, 17.892585245768334, 17.931462266710184, 17.904083930121697, 17.871586778428895, 17.917615085178035, 17.873309326171977, 17.924873860677224, 17.874040052625997, 17.857145860460168, 17.909452989366457, 17.836479695638143, 17.849821641710133, 17.864032321506176, 17.85201280381953, 17.8692877875435, 17.886025322808262, 17.890244547526134, 17.92638753255223, 17.885798475477543, 17.825070868598193, 17.83487108018676, 17.740673149956667, 17.74325629340289, 17.7459642198351, 17.721876356336946, 17.7045145670574, 17.815921020507975, 17.7434343126086, 17.72420586480045, 17.688341267903773, 17.729123263888976, 17.688035413954157, 17.635393948025353, 17.612826877170278, 17.676579115125946, 17.61306186252176, 17.607675170898574, 17.65384216308604, 17.6123151991103, 17.58860812717027, 17.55661621093759, 17.56940511067715, 17.575635104709324, 17.600747002495762, 17.567945692274424, 17.539546034071314, 17.505976019965374, 17.57824774848096, 17.529984876844782, 17.52898288302964, 17.51366780598975, 17.55845167371973, 17.52907409667976, 17.5085940890843, 17.42159084743933, 17.348123508029555, 17.373704359266583, 17.49608629014769, 17.42244432237423, 17.38169148763031, 17.330757649739724, 17.358077663845602, 17.377818806966275, 17.306182522244075, 17.324821980794372, 17.364942762586924, 17.361546156141628]}