{"latitud": 3.6175, "longitud": -72.9646, "radiacion": [27.733706665039126, 27.797981770833434, 27.974398125542603, 28.0680206298829, 28.071365695529646, 28.089916653103405, 28.226727294921943, 28.303524102105143, 28.307611083984437, 28.259646606445397, 28.200727674696264, 28.269396294487933, 28.427466159396772, 28.484630330403643, 28.574887084961063, 28.62844000922318, 28.73421936035169, 28.811168755425456, 28.846767171224087, 28.902793036566873, 28.898239474826507, 28.904599677192, 29.078918117947143, 29.154384697808286, 29.140601603190248, 29.090577528211952, 29.220869615342963, 29.296284654405515, 29.43805914984819, 29.445747884114724, 29.395291476779636, 29.482304890950598, 29.5534990098742, 29.609612019856815, 29.771074083116407, 29.883596801757864, 29.95169609917548, 29.997508409288287, 29.966306898329076, 29.957734171549532, 29.931153700086913, 29.93418375651053, 30.031788126627703, 30.004884168836952, 30.05229356553832, 30.03972778320323, 30.02434760199664, 30.043116929796042, 30.058657497829927, 29.977347479926298, 29.867532348632967, 29.776387193467997, 29.73228895399315, 29.78037177191851, 29.763557264540054, 29.776603529188474, 29.924133300781364, 30.04508734809038, 30.15288526746976, 30.013439602322155, 29.814517550998364, 29.829157511393344, 29.840460544162397, 29.788215128580834, 29.758543226454133, 29.604433186849068, 29.571728515625125, 29.610481092665093, 29.556693183051284, 29.363302273220597, 29.217126464843904, 29.232789103190214, 29.208561876085184, 29.09862840440553, 28.984225124783134, 28.868840535481866, 28.773657226562648, 28.710761854383787, 28.61131320529525, 28.600751410590323, 28.494671291775262, 28.59155883789069, 28.66177978515636, 28.56686367458779, 28.467962646484523, 28.226725938585105, 28.08984951443159, 28.012014431423722, 27.896577623155476, 27.687743462456677, 27.591677517361234, 27.48278096516943, 27.35110846625442, 27.322646755642552, 27.285341050889865, 27.1640760633681, 27.184269883897702, 27.210288492838703, 27.17117445203998, 27.103958808051345, 26.97299906412769, 26.871256510416742, 26.92762824164504, 26.900562879774423, 27.02818162706173, 26.919832695855195, 26.76995035807302, 26.73834126790378, 26.739035373263977, 26.761991373698, 26.662462361653734, 26.611037190755287, 26.52696228027357, 26.4596574571399, 26.45628187391503, 26.390335761176306, 26.31892191569017, 26.271157497830036, 26.29259134928399, 26.327410210503615, 26.24947408040383, 26.165396457248317, 26.04153917100706, 25.926569281684124, 25.97806939019108, 26.0200476752388, 25.939139811198004, 25.847995334201528, 25.803952026367313, 25.81665039062517, 25.77773742675792, 25.768011813693647, 25.73613891601578, 25.716296386718835, 25.76471557617191, 25.76911655002179, 25.78451944986989, 25.699070570204054, 25.62888217502173, 25.605999077691155, 25.530729844835168, 25.44553290473097, 25.398796590169354, 25.423815239800394, 25.373829481336845, 25.36039564344632, 25.31990865071627, 25.270546807183297, 25.348145887586856, 25.357114325629443, 25.310438028971436, 25.167666286892523, 25.07701382107219, 25.028831651475855, 25.06514553493933, 25.017222764757094, 24.938720024956677, 24.953319973415905, 24.938482326931535, 24.981559922960198, 24.96271904839415, 24.842469957139844, 24.813893296983622, 24.871057807074767, 24.93696933322491, 24.913465033637255, 24.846116807725803, 24.786068725586045, 24.835455661349936, 24.81561652289514, 24.77756720648881, 24.697821044922023, 24.684156629774424, 24.749813164605143, 24.75803561740459, 24.644420708550456, 24.647828504774452, 24.705985853407224, 24.695632256402003, 24.70415479871976, 24.689932250976653, 24.694533962673688, 24.77600741916234, 24.71456095377609, 24.708699544270946, 24.698722330729254, 24.766675143771767, 24.744799126519222, 24.73117302788643, 24.77855868869368, 24.746055094401147, 24.790537516276174, 24.7721371120878, 24.761297268337746, 24.763756985134666, 24.81309543185775, 24.932584974501008, 24.937148030599076, 24.90262688530824, 24.9360853407119, 24.862349107530463, 24.846863810221425, 24.88928426106789, 24.937443372938485, 24.88454725477442, 24.901806640625125, 24.93643900553398, 24.895027330186753, 24.922441270616407, 24.987982516818608, 25.002675713433234, 25.01133015950529, 25.06490681966149, 25.041810777452326, 25.026057264540157, 25.145567491319564, 25.08836229112431, 25.100545247395967, 25.118765936957573, 25.208297390408063, 25.214322577582625, 25.352672661675456, 25.36791314019106, 25.308299085829066, 25.374739244249252, 25.35097724066848, 25.459281073676305, 25.43576694064679, 25.50615607367636, 25.482381863064347, 25.452398681640755, 25.55031704372838, 25.617063734266594, 25.536457994249172, 25.52908901638453, 25.601046752929808, 25.66096530490459, 25.74313998752179, 25.840225897895078, 25.817378404405417, 25.81366204155832, 25.831193033854237, 25.88730231391067, 25.95779486762162, 25.98644070095501, 26.05111897786473, 26.072109307183194, 26.086055162217935, 26.183278401692842, 26.22409023708777, 26.21982794867631, 26.23666653103309, 26.246364339192876, 26.277362399631254, 26.30365770128047, 26.331352064344703, 26.314429050021754, 26.36667853461381, 26.351985337999242, 26.451197306315237, 26.483970811631973, 26.463539971245737, 26.497137790256147, 26.56179538302962, 26.64865451388897, 26.74656439887167, 26.722778659396777, 26.689539252387267, 26.71830206977008, 26.75704515245231, 26.71019660102011, 26.724773830837744, 26.768138292100826, 26.784660508897648, 26.830793931749195, 26.875356377495734, 26.92276780870238, 26.895526123046945, 26.838559638129425, 26.80288391113288, 26.843535359700695, 26.896774970160703, 26.844271850586097, 26.886940850151973, 26.94733208550362, 26.88825717502179, 26.902090115017398, 26.839042494032185, 26.94496493869366, 27.002966308593802, 26.91558261447498, 26.894257269965337, 26.854558648003565, 26.816665310329938, 26.84091016981345, 26.835389539930663, 26.81480577256953, 26.75771247016068, 26.738674248589593, 26.791647338867296, 26.769844563802184, 26.73494601779521, 26.677641805013113, 26.685641818576485, 26.767804972330794, 26.76722819010426, 26.718173217773483, 26.74122483995232, 26.648286946614576, 26.6497199164498, 26.581326633029658, 26.601052178277047, 26.619685533311742, 26.612352498372463, 26.607883707682408, 26.560245768229304, 26.607472398546122, 26.640717230902926, 26.633811781141635, 26.61620551215289, 26.600293646918487, 26.57996554904516, 26.581432766384662, 26.57297837999141, 26.58094143337686, 26.53809204101579, 26.632995944553006, 26.705874294704984, 26.669554646810013, 26.73395317925355, 26.76289537217883, 26.81480848524315, 26.790029568142433, 26.72525872124578, 26.770167371961893, 26.82075703938813, 26.855871921115522, 26.890542602539124, 26.865044826931562, 26.88722161187083, 26.9961235894098, 27.099528672960105, 27.10001424153656, 27.1133392333986, 27.13265923394107, 27.114623684353415, 27.075939602322233, 27.0994038899741, 27.06832682291675, 27.164715237087744, 27.1781426323786, 27.19424675835516, 27.16713324652788, 27.202450561523545, 27.26385938856352, 27.183662923177224, 27.28183254665811, 27.469554307725826, 27.497936672634637, 27.50921393500448]}