{"latitud": 9.816, "longitud": -73.1213, "radiacion": [24.01266784667979, 24.051767985026157, 24.06304185655402, 24.24003770616328, 24.16346910264762, 24.137266031901202, 24.241368611653797, 24.333837212456768, 24.304050021701453, 24.411056857639, 24.301640828450616, 24.25686204698358, 24.399592081705862, 24.370482042100832, 24.297783745659803, 24.267512003580844, 24.4365651448569, 24.423158094618163, 24.278004625108583, 24.30165608723966, 24.3151007758248, 24.38565538194454, 24.506189982096487, 24.475508287217963, 24.344219970703175, 24.23070475260431, 24.505285983615636, 24.65645243326827, 24.56981201171887, 24.700566270616434, 24.76042548285604, 24.77001614040813, 24.702183024088715, 24.817796834310002, 24.780507744683273, 24.85341016981344, 25.0477576361763, 24.93863694932738, 25.037634616428022, 25.011267428928022, 25.017512003580862, 25.111921183268368, 25.056673855251802, 25.08393622504347, 25.28829956054697, 25.144357299804792, 25.189441596137225, 25.254555596245762, 25.305827501085144, 25.231605699327364, 25.361456976996635, 25.461541069878553, 25.532488674587796, 25.573784044053905, 25.453320312500107, 25.35459696451839, 25.503361680772667, 25.64147237141941, 25.675506591796985, 25.79245537651921, 25.70455152723535, 25.742445203993174, 25.657843356662397, 25.693585883246644, 25.746815999349053, 25.80132480197496, 25.896930270724926, 25.810709296332522, 25.827650282118157, 25.6787180582683, 25.84339226616766, 25.87328626844631, 25.909414672851693, 25.765936618381147, 25.854451158311733, 25.90089755588114, 26.229858737521834, 26.260007731119856, 26.157158745659785, 26.09849209255655, 26.07896321614595, 25.992263793945426, 26.00509914822059, 26.012075466579972, 26.060028415256188, 26.037134128146835, 25.98153076171883, 26.078286743164238, 26.027968004014877, 25.925110541449783, 25.8713399251303, 25.97554456922751, 26.067431979709397, 26.117559475369035, 26.082227579752686, 26.25027262369802, 26.341618177625985, 26.293684217664975, 26.229421318902002, 26.153583102756254, 26.057127888997496, 26.014045206705777, 26.098671807183198, 26.088250393337756, 26.027143351237083, 26.04716016981344, 26.1138997395834, 26.150211249457623, 25.995307752821287, 25.866040717231026, 25.839676581488863, 25.913459608290037, 26.07415601942292, 26.01013285319014, 25.85726114908873, 25.8545274522571, 25.902407497829966, 25.99255676269544, 25.88671875000013, 25.78129679361994, 25.890191650390722, 25.895740763346435, 25.799527655707607, 25.71621738009992, 25.668274603949765, 25.71276075575105, 25.81552361382381, 25.7906914605036, 25.65588378906263, 25.526003689236216, 25.46622958713118, 25.539688788520078, 25.47097167968758, 25.342157999674537, 25.323347981771008, 25.40292934841587, 25.507610066731843, 25.55093282063812, 25.421835327148546, 25.426355319553068, 25.28249240451392, 25.3651428222657, 25.267405870225787, 25.169484456380285, 25.16677890353742, 25.21684197319892, 25.140912882487118, 25.089997355143378, 25.13446146647152, 25.035256618923672, 25.26732720269111, 25.40676371256518, 25.462550862630298, 25.339546034071347, 25.172983805338635, 25.158302476671167, 25.276858859592096, 25.28591851128482, 25.233495754665892, 25.110359361436732, 25.073758612738875, 24.952647569444498, 25.0193288167319, 24.884352620442765, 24.770195515950604, 24.937238905164975, 24.942312622070443, 24.987954711914103, 25.052723185221435, 24.962989637586855, 24.973790486653684, 25.085670979817774, 25.07212320963551, 24.96280721028656, 25.150054592556575, 25.11104363335515, 24.991224161783993, 24.998717244466246, 25.14776509602878, 25.282997979058262, 25.22172241210946, 25.30949978298626, 25.30379672580303, 25.282172987196304, 25.159054904513994, 25.086552937825633, 25.08939615885428, 25.268833075629427, 25.233538140191058, 25.20136786566843, 25.312625461154596, 25.355561319987128, 25.382277086046106, 25.292410956488823, 25.249585978190243, 25.353751288520034, 25.215768093533068, 25.418164062500086, 25.3993401421442, 25.472102864583462, 25.46411370171459, 25.64783969455306, 25.63851216634127, 25.533755154079984, 25.601205444336074, 25.677191501193647, 25.588632880316975, 25.651753743489678, 25.7283175998265, 25.467294650607755, 25.38749864366328, 25.289760335286513, 25.246059502495694, 25.369375610351653, 25.387117173936684, 25.405439927843037, 25.542351277669315, 25.421812269422883, 25.469253200955013, 25.41830274793845, 25.487306043836952, 25.570317247178934, 25.66695793999571, 25.658930460612055, 25.592842610677128, 25.643560451931535, 25.66609090169277, 25.63316446940115, 25.649280124240516, 25.589479573567832, 25.60120883517804, 25.67832370334213, 25.737225680881142, 25.511658053928116, 25.320322672526174, 25.338750203450633, 25.235586886935852, 25.33208855523011, 25.334582519531313, 25.285741509331768, 25.22140909830735, 25.11654527452269, 25.22775573730483, 25.20676710340719, 25.312831285264867, 25.215083821614655, 25.233898247612938, 25.16574164496539, 25.09957411024313, 25.237813652886377, 25.155427042643378, 25.281792873806506, 25.31916639539939, 25.21209818522144, 25.091614447699765, 25.01183539496539, 24.927708943685065, 24.896132405599037, 24.895065646701482, 24.82396036783865, 24.745782131619006, 24.643007405599047, 24.455051337348227, 24.31539849175361, 24.327561781141565, 24.354685465494867, 24.394470893012265, 24.508804999457535, 24.42904663085945, 24.319129435221498, 24.304014417860287, 24.216928778754493, 24.24240349663639, 24.223150973849915, 24.12521972656263, 24.19700859917545, 24.184430948893333, 24.112676662869017, 24.19210815429699, 24.21759711371537, 24.1926652696399, 24.14066128200966, 24.1214633517796, 23.87204522026919, 23.844695027669406, 23.95419820149749, 23.981381225586006, 23.911298285590306, 23.761784532335167, 23.68209737141935, 23.65610487196193, 23.703293185763982, 23.665825059678923, 23.703263007270056, 23.587300279405383, 23.617819213867296, 23.64194234212251, 23.675672064887276, 23.645371500651134, 23.71039123535168, 23.790615166558254, 23.759171888563515, 23.633355712890687, 23.531848144531313, 23.598497517903752, 23.58044128417983, 23.582134331597274, 23.519447157118197, 23.48829786512594, 23.503451877170182, 23.514154391818696, 23.516535441080805, 23.590188259548807, 23.52275627983958, 23.512371148003563, 23.57763129340293, 23.47823486328133, 23.483337741428063, 23.450637139214493, 23.47068379720065, 23.438756985134678, 23.472087944878638, 23.40267401801223, 23.435090128580878, 23.377141994900228, 23.4464338514541, 23.499299452040002, 23.45890875922313, 23.393308173285675, 23.56052992079007, 23.548338487413332, 23.55350579155828, 23.564591471354277, 23.537957424587677, 23.66010097927536, 23.626971096462757, 23.52457648383256, 23.595985243055605, 23.51981913248706, 23.656958685980992, 23.67567681206602, 23.65640835232216, 23.623103162977543, 23.504189385308262, 23.519941880967945, 23.612044609917728, 23.66684163411467, 23.60241970486121, 23.754255845811752, 23.670798407660715, 23.81217922634562, 23.863291761610338, 23.870442708333428, 23.988894992404614, 23.99845377604176, 23.90997856987853, 23.90812750922322, 23.85018717447927, 23.789285278320392, 23.785078260633856]}