{"latitud": -2.0133, "longitud": -70.7581, "radiacion": [25.672561306423763, 25.63526272243939, 25.628116522894988, 25.652494642469758, 25.74863416883691, 25.69649251302089, 25.746827189127657, 25.76957329644108, 25.76494208441854, 25.763598971896823, 25.740391031901158, 25.718036227756198, 25.789198133680618, 25.77365926106781, 25.837840779622486, 25.876403130425427, 25.815637207031312, 25.830090671115517, 25.85091925727001, 25.92185601128485, 25.946749877929733, 25.941418117947155, 25.91636827256953, 25.933105129665915, 25.972214423285703, 25.98128289116765, 25.957996961805673, 25.96944444444453, 25.962807549370762, 26.017867702908102, 26.03051825629355, 26.03652852376308, 26.094602796766537, 26.093287828233617, 26.108315022786638, 26.187444051106883, 26.192289225260538, 26.153454928928095, 26.15086127387165, 26.183058336046088, 26.152580769856854, 26.193012830946298, 26.229196506076487, 26.22383151584209, 26.21298455132387, 26.214413113064364, 26.24448886447493, 26.2096418592666, 26.22312723795589, 26.162743123372536, 26.195964898003524, 26.15312940809478, 26.190985446506204, 26.18445061577707, 26.25057983398447, 26.274064466688483, 26.255793931749224, 26.280625745985333, 26.345947604709334, 26.35537516276052, 26.29838629828568, 26.287911648220625, 26.30798882378474, 26.234347534179772, 26.25371263292116, 26.237580362955857, 26.201976521810042, 26.254268731011393, 26.24202134874135, 26.22178005642375, 26.14956190321188, 26.18283081054697, 26.113004218207568, 26.075619167751825, 26.178988986545203, 26.204150390625102, 26.183792114257887, 26.0942830403647, 26.08193868001312, 26.07358364529087, 26.04551120334213, 26.0517859564888, 26.02458089192716, 26.013908894856797, 25.96719902886298, 25.992412312825632, 25.882524278428946, 25.906863064236177, 25.882488674587762, 25.854259914822194, 25.819526841905446, 25.837846883138052, 25.810518052842934, 25.780972629123408, 25.79060295952695, 25.76411505805129, 25.79141438802098, 25.781186252170244, 25.74110921223964, 25.728520033094753, 25.744473266601688, 25.728199937608583, 25.71785074869797, 25.70969238281263, 25.736566840277856, 25.682989841037454, 25.66505906846798, 25.640258449978337, 25.562621392144234, 25.60347459581173, 25.525747002495752, 25.557030232747497, 25.497537570529612, 25.431566026475764, 25.416050211588697, 25.406989881727593, 25.389533827040086, 25.360864257812636, 25.308528984917604, 25.350164455837785, 25.271062215169383, 25.188405354817785, 25.198003472222315, 25.21049465603308, 25.194616699218788, 25.152469211154628, 25.178627522786616, 25.124171956380298, 25.143890719943727, 25.17138773600279, 25.135822211371607, 25.042262098524436, 25.035553995768282, 24.985088094075593, 24.975880262586916, 25.001295301649332, 25.00857374403218, 24.95993008083775, 24.892342461480137, 24.890053982205014, 24.888174438476636, 24.898870510525267, 24.90463833279095, 24.835921563042632, 24.813670518663304, 24.791159735785698, 24.805710517035703, 24.82277933756518, 24.79628092447926, 24.75466918945324, 24.76712273491764, 24.754397922092057, 24.769395955403752, 24.693300374349104, 24.691614786783944, 24.70260687934039, 24.70529140896277, 24.67746073404957, 24.667264133029636, 24.602138264974048, 24.56272345648883, 24.636480373806553, 24.5677625868056, 24.547899034288303, 24.567793782552187, 24.60715399848097, 24.605247667100794, 24.598990207248317, 24.607732137044422, 24.6520026312935, 24.63705952962253, 24.601654052734375, 24.63022291395409, 24.577414618598173, 24.615223524305616, 24.683039686414986, 24.597415161132858, 24.491927083333376, 24.52754753960515, 24.479739718967114, 24.537772623698043, 24.543588256836056, 24.50351765950533, 24.480084567599913, 24.57087198893235, 24.507631089952344, 24.507145521375946, 24.532228257921172, 24.53716396755654, 24.518889024522593, 24.572823079427163, 24.530272759331677, 24.596422661675415, 24.522189331054733, 24.509761895073925, 24.554751247829927, 24.494460720486284, 24.52091573079436, 24.545726182725844, 24.569175211588572, 24.683854166666777, 24.70421413845501, 24.61443481445326, 24.66451653374571, 24.682521226671057, 24.752735392252717, 24.758379448784808, 24.68306884765633, 24.723115370008866, 24.88628845214853, 24.874972534179772, 24.822309366862118, 24.833507283528775, 24.88986206054699, 24.93296237521707, 25.01477389865467, 24.975819566514854, 24.922432793511362, 24.95474480523012, 25.012773301866407, 25.083554077148506, 25.098155381944537, 25.135013834635515, 25.149053276909896, 25.17836981879346, 25.237555948893302, 25.258198716905458, 25.237909274631175, 25.194559054904705, 25.264965142144206, 25.33011983235686, 25.448068576388987, 25.383016628689365, 25.409312269422838, 25.447822740343042, 25.47852783203138, 25.461687893337757, 25.46414930555566, 25.54384562174494, 25.620224338107693, 25.678222995334277, 25.723043145073877, 25.733229912652103, 25.679642062717107, 25.81435716417114, 25.790564643012278, 25.82969936794719, 25.784411960178073, 25.843908691406437, 25.905328030056523, 25.899812825520957, 25.92222052680135, 25.845988972981917, 25.868692694770044, 25.924359469943642, 25.907469346788332, 25.948663330078244, 25.95725165473097, 26.02181837293845, 25.996908569336068, 26.06368849012595, 26.061673990885556, 26.051217312283068, 26.04699808756529, 26.047767130534016, 26.088603040907174, 26.130249701606015, 26.133152940538313, 26.116882663303045, 26.14707404242633, 26.154392157660652, 26.203209431966247, 26.15836351182738, 26.254769219292637, 26.204873996310898, 26.235908338758765, 26.21275363498275, 26.167298380533946, 26.17704060872401, 26.171824476454123, 26.16151428222666, 26.239042833116457, 26.182068210178045, 26.20982191297757, 26.1657819959853, 26.132444932725775, 26.12853461371539, 26.07698059082041, 26.1327175564237, 26.15982293023016, 26.169990030924605, 26.106983100043504, 26.111896769205845, 26.17526143391937, 26.090019056532242, 26.11542595757396, 26.086574300130323, 26.073060777452383, 26.020702785915905, 26.05557929144976, 26.007944742838617, 25.97293870713986, 25.936587185329966, 25.96138373480913, 25.964965820312614, 26.00277879503051, 25.96680704752608, 25.921779378255298, 25.91572808159729, 25.933755832248362, 25.880868191189336, 25.828742811415072, 25.83859625922319, 25.860083346896754, 25.807384236653743, 25.805819023980195, 25.792335340711947, 25.771470811632053, 25.762785169813508, 25.777605862087796, 25.761466810438492, 25.78494466145842, 25.71116706000447, 25.709731377495775, 25.706037055121595, 25.688859727647692, 25.669125027126864, 25.66060384114591, 25.649161105685817, 25.675284491645073, 25.655462985568704, 25.73017272949234, 25.701622856988006, 25.67081468370232, 25.634081692165864, 25.61013081868496, 25.639476521810042, 25.636652289496585, 25.66936001247846, 25.628791639539998, 25.654174465603433, 25.658912489149373, 25.685174899631193, 25.640144856770977, 25.656192016601647, 25.616609361436684, 25.598011949327354, 25.606507025824765, 25.57706298828134, 25.57547370062944, 25.568744913737078, 25.525498114691967, 25.54722323947495, 25.576728651258808, 25.60866699218758, 25.559166124132087, 25.633830769856882, 25.615697224935047, 25.58448588053392, 25.64016689724404]}