{"latitud": 10.1133, "longitud": -74.0704, "radiacion": [31.11545817057301, 31.25649990505652, 31.261729939778757, 31.303755357530424, 31.151451619466233, 31.17734273274749, 31.09152221679697, 31.013946194119, 31.168418375651147, 31.156349351671015, 31.250164794921947, 31.27366299099403, 31.32897474500881, 31.363489108615592, 31.184205457899434, 31.355404663086045, 31.390461222330845, 31.309278700086924, 31.326901584201494, 31.202635362413314, 31.23222622341592, 31.290174018012276, 31.462986924913253, 31.635278998481017, 31.440713161892443, 31.473238118489746, 31.57474568684908, 31.671617974175508, 31.719122314453234, 31.695599365234443, 31.945319620768355, 31.942994181315232, 31.949563937717073, 32.01925557454435, 31.97167222764769, 32.15459289550794, 32.218137953016594, 32.20787489149319, 32.29417690700965, 32.23569708930129, 32.34587470160594, 32.42312927246102, 32.534108479817746, 32.52659233940983, 32.5383748372397, 32.622225273980085, 32.53539733886735, 32.610053168402864, 32.64977993435341, 32.5416503906251, 32.65869649251317, 32.83725450303829, 32.98937954372841, 32.98574896918412, 32.937690565321304, 33.10503743489587, 33.08805236816414, 33.11795925564244, 33.12102491590724, 33.117987738715385, 33.11691385904955, 33.10638834635423, 33.118539089626836, 33.17111918131519, 33.21029290093327, 33.36337178548185, 33.34714457194017, 33.30174289279521, 33.34763217502183, 33.29109361436637, 33.38538106282558, 33.449271647135504, 33.49810214572492, 33.53752644856786, 33.38937649197059, 33.54546305338558, 33.60374145507823, 33.644218275282185, 33.705523342556525, 33.52408786349836, 33.59396057128921, 33.52485521104609, 33.49401855468756, 33.59529758029519, 33.51481899685346, 33.585151841905464, 33.51147223578571, 33.51459927029089, 33.4547529432509, 33.25502861870666, 33.362418280707594, 33.30088975694448, 33.412607828776174, 33.424753146701526, 33.381001112196294, 33.62692226833781, 33.68916829427095, 33.691369628906365, 33.51835462782128, 33.293078613281295, 33.34890068901914, 33.3413462320965, 33.31006774902352, 33.245579359266536, 33.077025010850775, 33.15482313368068, 33.12204250759559, 33.2048411051433, 33.153395589192804, 32.9928334554038, 33.014652506510515, 33.04853888617629, 33.02624850802962, 33.07053595648881, 33.05948011610252, 33.030398559570415, 33.188179524739645, 33.24511345757386, 33.20942721896714, 33.06243693033857, 33.02972242567292, 32.924643622504426, 32.85041368272581, 32.86296963161902, 32.82413804796018, 32.78050469292547, 32.72433369954435, 32.65969068739158, 32.55830213758694, 32.555304633246614, 32.54682617187509, 32.56720987955739, 32.53032260470928, 32.42678561740462, 32.25544264051657, 32.240480211046076, 32.287611558702395, 32.4593821207683, 32.446912299262316, 32.29991828070755, 32.325173611111246, 32.299188232421976, 32.19200981987856, 32.00533345540381, 32.083615451389, 32.2057556152345, 32.326087443033906, 32.1475185818143, 32.03421664767802, 32.00461629231783, 32.10372619628919, 32.39364759657127, 32.523518880208464, 32.41318359375017, 32.21675042046447, 32.14487948947493, 32.15230678982213, 32.069925265842166, 32.07269558376743, 32.02855801052525, 32.0917382134333, 32.02427571614595, 32.162431844075606, 31.92210659450963, 31.704357571072197, 31.906374443902035, 31.856378512912443, 31.917325846354288, 32.04632432725705, 32.13056810167114, 32.30539788140205, 32.369826253255304, 32.27631802029091, 32.22326287163636, 32.42991333007823, 32.470074801974896, 32.44127061631953, 32.505080837673724, 32.686892700195436, 32.65525037977443, 32.620287068684966, 32.707755533854275, 32.783709038628594, 32.64022284613723, 32.58902248806436, 32.480676269531294, 32.52093336317281, 32.713208685981044, 32.68058268229176, 32.614515516493135, 32.659685940212704, 32.78457132975276, 32.827226426866424, 32.95471564398878, 32.82590433756523, 32.936897786458395, 32.770396931966296, 32.76908772786468, 32.887608846028705, 32.812778388129516, 33.04874945746542, 33.13083699544281, 33.1356743706599, 33.033216688368135, 33.02096116807733, 33.12631225585949, 33.069292873806546, 33.055784776475775, 33.08222825792109, 32.959596761067836, 32.74062160915804, 32.510677761501846, 32.54972500271276, 32.6439476860895, 32.73012525770406, 32.71401095920152, 32.92218390570753, 32.84971143934473, 32.940675523546055, 32.89889831542981, 32.960799153645894, 32.94008212619368, 33.14146491156689, 33.12020365397143, 32.92362331814244, 32.924574110243135, 32.839931911892485, 32.81549207899318, 32.95479871961819, 32.83513522677964, 32.74459431966159, 32.73594563802097, 32.82292514377182, 32.69140760633684, 32.515722995334386, 32.51315782335079, 32.54307284884991, 32.58946533203132, 32.69028489854611, 32.58263549804705, 32.63277757432733, 32.45277472602004, 32.24129096137159, 32.29143473307297, 32.15512525770409, 32.215307617187555, 32.189401923285686, 32.271466742621634, 32.22456156412769, 32.18078647189685, 32.141776190863766, 32.300456746419364, 32.2605455186633, 32.19279276529958, 32.090033976237066, 32.03187934027786, 31.87864413791245, 31.750616115994053, 31.607572089301282, 31.421242947048693, 31.366265530056467, 31.438014051649436, 31.221517944336046, 31.07724304199225, 30.88968878852008, 31.064611477322064, 31.236294555664205, 31.19513549804694, 31.081571451823, 30.891398790147623, 30.93952501085086, 30.80156826443154, 30.68105638292106, 30.558953179253592, 30.43258022732211, 30.539487711588645, 30.47096557617196, 30.43076002332911, 30.301757812500096, 30.24617614746103, 30.365093994140654, 30.363107977973204, 30.337027655707573, 30.20279812282996, 29.963197835286508, 30.113076443142536, 30.11217515733519, 30.088152058919434, 30.021437920464507, 29.88717956542975, 29.862113783094724, 29.95297207302529, 29.895271131727537, 29.809435017903713, 29.655263943142472, 29.753675333658958, 29.68161688910601, 29.62084927029099, 29.58366733127184, 29.40623711480049, 29.513358561198043, 29.547582329644115, 29.369893731011377, 29.29244757758259, 29.320979139539986, 29.42294854058169, 29.511059909396767, 29.58066541883693, 29.46496683756516, 29.41371459960944, 29.43753323025182, 29.41204969618059, 29.43637254503051, 29.36200425889774, 29.307806396484448, 29.510948689778747, 29.464797634548706, 29.52193603515629, 29.601823933919302, 29.486818440755314, 29.58774753146713, 29.603949652777924, 29.72398546006957, 29.79966430664071, 29.801045735677217, 29.984167819553004, 30.053066677517506, 30.13194037543421, 29.943161010742283, 29.871274481879386, 30.22653639051657, 30.276759168836957, 30.257063462999213, 30.261211819119012, 30.214728461371692, 30.499005126953232, 30.427687581380326, 30.34874945746543, 30.425916883680618, 30.370973714192814, 30.501740519205878, 30.513556586371596, 30.623849148220568, 30.58013543023016, 30.506667073567865, 30.699414740668505, 30.748293050130258, 30.837119886610292, 30.89946695963552, 30.724008517795294, 30.873753187391554, 30.953349134657287, 31.027521430121567, 31.200409613715408, 31.173292711046145, 31.20687120225703, 31.138139173719747, 31.344078572591286, 31.370957777235358, 31.217273288303016]}