{"latitud": 2.3841, "longitud": -67.9279, "radiacion": [25.172126600477537, 25.048391045464502, 25.11045328776053, 25.2269860161677, 25.360019599066902, 25.21794297960078, 25.192537095811684, 25.2688385009767, 25.347166273329076, 25.428425428602527, 25.34593539767805, 25.324596828884637, 25.347227986653746, 25.46499159071186, 25.57794325086809, 25.50376112196193, 25.471745469835167, 25.449054633246647, 25.67246771918415, 25.803688218858554, 25.671877712673695, 25.69285210503483, 25.760142008463692, 25.813941107856028, 25.913319566514872, 25.79622768825963, 25.82883232964421, 25.854191419813446, 25.947285970052217, 26.007275729709324, 25.93822462293845, 25.850389946831665, 25.912295532226608, 26.092002360026168, 26.191290961371717, 26.138124593099104, 26.026675415039165, 26.042708333333433, 26.206778293185835, 26.294149102105166, 26.15388590494801, 26.12099304199228, 26.18719211154527, 26.27371114095062, 26.30672471788203, 26.2109663221572, 26.20260721842457, 26.15693969726571, 26.268381415473186, 26.318874782986217, 26.240617540147596, 26.1883982340496, 26.21807522243938, 26.411437649197183, 26.45443250868063, 26.274589369032167, 26.282357109917672, 26.325903320312573, 26.52537265353739, 26.550683593750083, 26.40278727213551, 26.27950236002611, 26.28860982259124, 26.374024115668494, 26.3901848687067, 26.260693359375143, 26.240833536783953, 26.164856974283964, 26.236856757270086, 26.202089097764844, 26.14725172254782, 26.113939751519258, 26.007643975152064, 26.02206386990027, 26.0976694742839, 26.08887193467901, 25.983464898003643, 25.973946126302152, 26.006481594509676, 26.048410034179767, 26.00247633192284, 25.87734171549486, 25.895341322157226, 25.921654934353356, 25.88051723904088, 25.83397691514764, 25.802877468533023, 25.792188517252708, 25.781288655599155, 25.757340494791777, 25.650050862630263, 25.59578823513463, 25.656841023763075, 25.623173692491452, 25.668752034505264, 25.60830179850268, 25.59440171983516, 25.60269911024322, 25.65404052734387, 25.653890652126886, 25.59573601616762, 25.581229654948004, 25.539483642578222, 25.554421318901973, 25.56034071180572, 25.454535590277942, 25.467217339409746, 25.4661899142796, 25.50707838270411, 25.44750603569895, 25.408262125651124, 25.393390909830828, 25.39028082953568, 25.4010308159723, 25.36665344238287, 25.397331068250992, 25.327598741319548, 25.292763264974024, 25.274692789713658, 25.311770968967153, 25.23477986653658, 25.18806660970057, 25.162627834743983, 25.195820787217972, 25.180705091688424, 25.153065660264872, 25.098480563693652, 25.064570448133754, 25.08935106065557, 25.084118991428056, 25.09715643988733, 25.09824591742631, 25.06949632432736, 25.075246853298722, 25.065601264105982, 25.041206868489628, 25.004265679253574, 24.962114461263145, 24.96707865397146, 24.98608567979612, 24.981824747721493, 24.957828436957545, 24.932194688585128, 24.92013956705735, 24.904540337456712, 24.863828870985326, 24.81962110731348, 24.76712239583344, 24.795167032877714, 24.80216403537342, 24.769137573242308, 24.785155910915876, 24.735645209418482, 24.727434963650214, 24.74821912977438, 24.69404534233949, 24.687198893229265, 24.654447089301282, 24.658325873481072, 24.67300482855914, 24.622082858615556, 24.60289713541681, 24.59550476074234, 24.53513726128487, 24.52749905056436, 24.57383117675795, 24.593742201063474, 24.60894605848542, 24.637898423936676, 24.60456848144541, 24.565115695529624, 24.57822672526051, 24.597184583875976, 24.5848826090496, 24.630573866102583, 24.594899495442842, 24.543830023871635, 24.546820407443686, 24.54250488281264, 24.557006835937596, 24.542833116319514, 24.568927001953266, 24.565107218424544, 24.58241611056866, 24.581175062391612, 24.542064412435025, 24.5062557644315, 24.572158474392477, 24.563798014323066, 24.588551839192878, 24.581368340386366, 24.529543050130258, 24.587942843967124, 24.64858737521712, 24.604123602973193, 24.619799465603382, 24.648297458225027, 24.6412757025826, 24.669014146593003, 24.67189704047318, 24.648377482096425, 24.68923678927962, 24.687579684787426, 24.726383802625907, 24.786907958984482, 24.812811957465346, 24.768432617187596, 24.838462320963668, 24.866243828667677, 24.838108317057394, 24.89674546983518, 24.832414754231895, 24.883741251627708, 24.936088392469728, 24.99015028211818, 24.9718224419489, 25.021280924479225, 25.064632839626807, 25.06831156412765, 25.17601996527789, 25.209676784939365, 25.206168958875935, 25.25281609429258, 25.29167344835084, 25.336628553602452, 25.371012708875924, 25.38333841959644, 25.41690266927092, 25.436892700195486, 25.449152967664986, 25.480118476020095, 25.501338026258775, 25.5241980658638, 25.521524726020044, 25.552851698133754, 25.567795138888965, 25.58475714789508, 25.64067789713556, 25.76053941514766, 25.772831217448015, 25.795035129123374, 25.81223144531261, 25.741590033637312, 25.78032362196198, 25.890401204427274, 25.904051038954112, 25.917097981771025, 25.90544806586386, 25.894003974066948, 25.979013061523556, 25.97774386935775, 25.974687025282247, 25.93614264594197, 25.96221110026052, 25.96249423556863, 25.969011773003576, 25.974092610677115, 25.985341389974014, 26.0568047417536, 26.038475884331678, 26.046327718099025, 26.04551730685775, 26.071438259548756, 26.099563598632944, 26.099497477213635, 26.10385233561209, 26.107058715820397, 26.125970458984494, 26.12699313693588, 26.157037014431562, 26.113726806640727, 26.151759168836918, 26.134225802951505, 26.12607218424489, 26.13644917806003, 26.07833387586811, 26.07357381184903, 26.10952453613292, 26.092104763454966, 26.101199001736216, 26.041710747612985, 26.056906467013942, 26.033571709527035, 26.039989895290887, 26.0236887613933, 25.980810885959272, 25.936288452148556, 25.93602600097671, 25.954864841037477, 25.94921332465289, 25.908751763237927, 25.920058525933257, 25.909508260091286, 25.92398681640638, 25.928127373589618, 25.842763264974092, 25.827513970269155, 25.860443115234506, 25.850651719835128, 25.843640814887255, 25.770399983724058, 25.727039591471414, 25.744458685981005, 25.718571641710128, 25.70481397840725, 25.652365451389016, 25.622438218858594, 25.619529893663337, 25.676832750108627, 25.64628126356348, 25.59018554687513, 25.549609714084283, 25.552788628472285, 25.52933586968324, 25.488294813368157, 25.45765855577264, 25.408483208550496, 25.364993286132933, 25.37241482204871, 25.354683091905525, 25.32921752929703, 25.30232272677959, 25.317892456054835, 25.305903795030513, 25.318293931749224, 25.26827799479175, 25.264374118381188, 25.251218668619952, 25.27330390082483, 25.252829318576516, 25.200894165039205, 25.190616861979247, 25.170604451497507, 25.14505784776482, 25.17741292317722, 25.059083726671133, 25.06844991048187, 25.076710679796122, 25.048762681749185, 25.176389227973157, 25.100064765082607, 25.042413669162386, 25.019488864474948, 25.03368021647149, 25.122267998589564, 24.976211208767438, 24.936401028103433, 24.907485961914162, 24.96676873101137, 25.007377794053866, 24.948381551106934, 24.91058078342026, 24.876828342013937, 24.994895765516635, 25.0996520996095, 25.019977145724965, 24.901855807834313, 24.93479003906259, 25.053868950737996, 25.10324469672317]}