{"latitud": -1.3282, "longitud": -71.3379, "radiacion": [25.51584133572059, 25.503110419379407, 25.455266655816086, 25.473511420356033, 25.553168402777903, 25.539161512586915, 25.572023857964513, 25.59298299153657, 25.57655164930564, 25.64700554741764, 25.655563354492244, 25.624087185329984, 25.613575575086884, 25.59780205620666, 25.682060750325565, 25.765283881293442, 25.691758558485315, 25.692816840277924, 25.69816996256519, 25.82121378580742, 25.802983262803934, 25.802791680230087, 25.777531263563503, 25.77707960340723, 25.82149047851569, 25.841496446397684, 25.832296413845654, 25.834130181206678, 25.80859171549488, 25.914462958441902, 25.91105177137594, 25.921609497070467, 25.921132744683252, 25.92136400010861, 26.07102152506523, 26.082300482856038, 26.067140028211952, 26.039944458007977, 26.005757310655497, 26.064204237196236, 26.05771280924489, 26.049314032660657, 26.074065823025308, 26.081175062391555, 26.11910298665373, 26.103651936849076, 26.088113064236172, 26.0171210394966, 26.045435248480942, 26.052517700195377, 26.05237019856787, 26.05519409179696, 26.03973151312948, 26.05665961371538, 26.159331936306483, 26.159885321723152, 26.109863281250057, 26.067873128255297, 26.183712768554738, 26.227365790473225, 26.165947129991405, 26.15591328938814, 26.148678927951494, 26.086088731553918, 26.14804857042115, 26.127603488498323, 26.088513861762237, 26.129576619466263, 26.06894022623707, 26.07069668240022, 26.035363430447152, 26.052797105577326, 25.964810180664188, 25.930714586046122, 26.04769185384121, 26.050412665473193, 26.056206258138104, 25.95492587619367, 25.926727294922006, 26.0118832058378, 25.95773417154959, 25.97048407660598, 25.949692789713595, 25.90053202311206, 25.906114027235372, 25.900466240777025, 25.78897433810774, 25.819709269205834, 25.76091952853746, 25.77833997938374, 25.737479994032167, 25.784447564019274, 25.720292494032247, 25.72279086642804, 25.684267171224082, 25.69043240017366, 25.71492411295577, 25.691719224717968, 25.66428968641509, 25.690389675564347, 25.672485351562557, 25.664254082573887, 25.6873101128474, 25.661454603407226, 25.68417019314243, 25.626392618815203, 25.60739474826397, 25.568079630533948, 25.544756740994004, 25.558494059244918, 25.503735351562586, 25.509167819553017, 25.43954637315549, 25.38509250217017, 25.386980862087757, 25.391104804145073, 25.354269409179818, 25.307882351345597, 25.282119750976694, 25.310131157769167, 25.26417304144968, 25.16835530598966, 25.17857937282999, 25.145696004231866, 25.164619615343003, 25.160697089301305, 25.14566718207472, 25.090588039822137, 25.063172743055663, 25.118723212348147, 25.10080396864156, 25.018332587348144, 24.98687032063818, 24.990348307291736, 24.967444186740504, 24.96958414713553, 24.940541585286553, 24.92735154893677, 24.852424112955855, 24.888310072157235, 24.865233018663314, 24.86142103407131, 24.89223429361988, 24.763139173719708, 24.75808512369802, 24.79060363769541, 24.751042683919422, 24.767403496636422, 24.72746717664946, 24.70488315158434, 24.7503974066841, 24.732545640733672, 24.722844441731826, 24.662630208333496, 24.661193169487962, 24.64906650119366, 24.6715376112197, 24.671601019965426, 24.64682413736993, 24.573243543836934, 24.56213446723105, 24.58539259168843, 24.52050238715289, 24.533203464084295, 24.560047064887254, 24.606196763780492, 24.59445597330739, 24.591733466254464, 24.57286614312079, 24.5935373942059, 24.612821451823006, 24.598157755534015, 24.605709160698893, 24.54438374837243, 24.556366984049575, 24.59843004014772, 24.5718054877388, 24.491985066731917, 24.52859768337686, 24.491270616319564, 24.532800292968847, 24.555128648546127, 24.492461140950564, 24.503401692708433, 24.567261420355994, 24.523160468207568, 24.494769965277897, 24.525282796224133, 24.521799384223204, 24.49417317708348, 24.527676730685773, 24.489709811740493, 24.568309529622507, 24.54822523328996, 24.48477749294712, 24.52516750759558, 24.497304280599014, 24.475359768337757, 24.522024197048722, 24.500267198350812, 24.59531758626315, 24.611457655165037, 24.58139987521713, 24.59591200086815, 24.617187839084295, 24.693777126736222, 24.702442423502703, 24.62133483886733, 24.671184285481843, 24.77097608778225, 24.7801493326824, 24.77609320746535, 24.758954874674618, 24.813239203559174, 24.81466301812073, 24.920189073350798, 24.886422390408086, 24.840585666232737, 24.88474833170581, 24.937174818250984, 25.030994669596453, 25.045823160807384, 25.087778727213657, 25.05423719618066, 25.07413974338122, 25.169885253906347, 25.176820543077344, 25.19903903537346, 25.130239868164157, 25.16359219021278, 25.212299940321333, 25.31499871148013, 25.27806430392809, 25.311456637912485, 25.33921780056437, 25.387632921007043, 25.420169067382954, 25.38386366102439, 25.4418162027996, 25.50506795247414, 25.557789781358604, 25.549359469943738, 25.591767374674607, 25.54885694715722, 25.706500583224948, 25.688225301106815, 25.706569417317755, 25.66946207682302, 25.71059299045146, 25.7645575629341, 25.77764180501316, 25.80279303656698, 25.768119981553923, 25.761171807183228, 25.775468953450552, 25.801774766710235, 25.848451402452422, 25.86216125488291, 25.86068386501743, 25.889221191406364, 25.952639431423716, 25.943155924479285, 25.92763977050784, 25.959543524848147, 25.952118259006188, 25.99373135036903, 26.070642089843847, 25.999850802951528, 26.03651462131084, 26.075667995876852, 26.04824557834208, 26.075006442599943, 26.0333550347223, 26.12855970594624, 26.105106608072976, 26.124370320638093, 26.096106635199742, 26.040970526801306, 26.052502441406414, 26.080392116970586, 26.04143202039931, 26.101912434895933, 26.05211147732219, 26.10368245442716, 26.086513604058265, 26.044657050238886, 26.013850233290025, 25.994332207573866, 26.047732883029653, 26.064555189344617, 26.05868530273447, 25.99400329589857, 25.964295111762237, 26.05751105414502, 25.97890591091588, 26.004040527343893, 25.989373779296916, 25.983021375868173, 25.955013020833462, 25.945971340603403, 25.88265855577261, 25.911968315972313, 25.884323120117227, 25.90109456380223, 25.914053005642455, 25.90550842285167, 25.899660915798638, 25.840038723415926, 25.85325249565983, 25.84037611219628, 25.843293592665002, 25.762558661567027, 25.7946889241537, 25.836070760091218, 25.726450263129454, 25.71217753092456, 25.728291490342922, 25.738357883029607, 25.7499114990235, 25.722500271267467, 25.70279439290374, 25.707452392578222, 25.6772888183595, 25.690354410807387, 25.69356994628917, 25.648499891493145, 25.636231146918494, 25.598280843099058, 25.590387301974904, 25.649735175238813, 25.63796013726132, 25.653181966145933, 25.637498982747463, 25.585197279188492, 25.601921590169336, 25.602369520399332, 25.601790703667593, 25.592158338758736, 25.579298231336907, 25.56161905924485, 25.592969089084306, 25.60042690700965, 25.561943223741405, 25.506401570638143, 25.583456081814308, 25.529305352105172, 25.523225572374162, 25.48561469184034, 25.41238674587684, 25.487613932291804, 25.490730455186778, 25.4782067192927, 25.45005933973535, 25.500338066948853, 25.53664720323358, 25.488800048828256, 25.536936102973225, 25.468906656901158, 25.447760009765716, 25.532213338216234]}