{"latitud": 5.1706, "longitud": -72.1995, "radiacion": [30.28907233344192, 30.280462307400303, 30.437304687500102, 30.541502210829094, 30.580945841471433, 30.626893785264826, 30.693893432617248, 30.744652981228455, 30.834345838758793, 30.74822082519542, 30.709701877170232, 30.707945760091224, 30.764054022895056, 30.881234402126854, 30.90122205946193, 30.939519924587785, 30.992955525716226, 30.986362711588583, 31.040913899739696, 31.14339497884123, 31.16969299316412, 31.200360785590362, 31.18150092230917, 31.23581475151917, 31.23137817382826, 31.32918260362419, 31.377444458007957, 31.412040879991423, 31.515266927083474, 31.42320217556433, 31.49363165961381, 31.489152018229316, 31.53806627061645, 31.679576958550552, 31.716072252061736, 31.84959818522151, 31.86198628743502, 31.846317545572976, 31.836523437500073, 31.874254353841177, 31.962645128038293, 31.965926445855093, 32.051924641927165, 31.998951551649366, 32.11454162597666, 32.08727722167978, 32.074434407552246, 32.102332221137296, 32.11406182183168, 32.074144151475785, 32.03244798448363, 31.969282023112083, 31.956109958224925, 32.073101128472295, 32.11510687934035, 32.15212775336378, 32.128407118055655, 32.24434509277351, 32.366129896375924, 32.39553222656252, 32.345341661241456, 32.26345791286898, 32.2688374837241, 32.29606662326396, 32.34922553168419, 32.308527289496624, 32.2241339789497, 32.207903713650296, 32.192090861002704, 32.07416551378054, 32.09016147189683, 31.980604722764838, 31.87485758463553, 31.795792982313458, 31.817722574869872, 31.819511244032167, 31.821701727973203, 31.837166002061718, 31.876020982530502, 31.723517184787436, 31.5991499159072, 31.516763983832544, 31.557011244032214, 31.467964341905486, 31.400270250108576, 31.211058892144194, 31.05464714898011, 30.858835517035725, 30.769233534071287, 30.598448689778763, 30.54166700575098, 30.24083387586806, 30.13351033528657, 30.01162957085514, 29.894960530599047, 29.87230868869371, 29.74284566243502, 29.674987453884608, 29.629517279731015, 29.479249064127696, 29.270576307508847, 29.135105726454153, 29.070813666449794, 29.04312744140638, 29.05757921006951, 28.982554456922816, 28.861769612630287, 28.893268839518367, 28.820859442816925, 28.70951097276486, 28.51227586534291, 28.38835313585078, 28.169399346245843, 28.0610558403864, 28.059106784396835, 27.884994845920307, 27.78526577419717, 27.67525058322489, 27.587656317816936, 27.567646280924595, 27.394653998481033, 27.15923936631953, 27.01200731065556, 26.989594184027908, 27.136022271050496, 27.138886854383788, 26.979916381835988, 26.770053439670168, 26.74865722656258, 26.819765218099064, 26.869152832031357, 26.82676662868937, 26.71728651258684, 26.64171786838123, 26.631776597764865, 26.595290120442787, 26.54626430935342, 26.520213826497486, 26.457572089301323, 26.393675401475793, 26.250364854600775, 26.1289323594836, 25.986823187934117, 26.105301242404632, 26.112853664822108, 26.073740980360373, 25.996026272244006, 26.043950059678917, 26.04825337727874, 26.142254638671904, 26.01394924587684, 25.920413886176295, 25.729920789930627, 25.71196187337254, 25.766435072157226, 25.73911573621969, 25.70027160644535, 25.680545383029596, 25.63711412217894, 25.68746371799061, 25.63138122558604, 25.55135294596361, 25.51851128472229, 25.505312432183285, 25.57809549967457, 25.612402343750073, 25.52353685167111, 25.408738878038246, 25.431651814778814, 25.424215698242296, 25.492153591579953, 25.353231811523603, 25.337785169813458, 25.382448323567814, 25.319206746419354, 25.213034396701477, 25.220591227213692, 25.21370917426221, 25.246777682834306, 25.320591227213658, 25.3227861192492, 25.239131673177155, 25.253501044379465, 25.195886230468886, 25.176719156901203, 25.225921630859414, 25.326070488823877, 25.300566270616553, 25.319820488823854, 25.263039822048672, 25.27919616699226, 25.328788587782167, 25.248775906033092, 25.250637817382906, 25.385499403211895, 25.357136705186686, 25.403068033854314, 25.37408311631962, 25.368001302083446, 25.51704033745671, 25.458883327908058, 25.477970716688503, 25.43651428222667, 25.392207166883793, 25.468569946289165, 25.503315565321277, 25.44665188259563, 25.396894666883764, 25.490545993381147, 25.500495402018355, 25.576871744791713, 25.573179117838624, 25.55500250922313, 25.59587029351144, 25.644727240668544, 25.773131646050405, 25.621354844835178, 25.695745849609466, 25.648062133789153, 25.788467068142477, 25.802981906467096, 25.95742119683166, 25.9042015923395, 25.915652126736273, 26.015788777669382, 25.98231777615028, 25.982909138997513, 25.94091016981355, 26.043543497721448, 26.06837497287336, 26.078725857204955, 26.120984903971436, 26.221601698133743, 26.166482543945467, 26.075755818684986, 26.092512003580776, 26.1924126519098, 26.254509819878592, 26.329270426432384, 26.35398220486123, 26.34206915961384, 26.500921630859448, 26.534254625108627, 26.520534261067837, 26.580079142252732, 26.76118740505649, 26.73829210069452, 26.681841362847347, 26.82210320366765, 26.908026462131186, 26.992444525824776, 26.99232991536466, 27.038171386718886, 27.10857170952706, 27.178287421332584, 27.19589809841587, 27.145730929904648, 27.149206203884642, 27.161118231879488, 27.32870924207911, 27.40981920030387, 27.380353800455794, 27.350351630316954, 27.576969740125964, 27.621688842773512, 27.826640489366387, 27.811092461480126, 27.86475016276046, 28.004813300238823, 28.03763699001746, 27.984914822048722, 27.88930426703564, 27.99697062174484, 28.125837198893333, 28.1858347574871, 28.279327731662416, 28.218646918402897, 28.21790296766498, 28.155862426757892, 28.18238694932732, 28.24304131401925, 28.304272121853412, 28.228824869791783, 28.3319488525392, 28.467832099066964, 28.377626546224064, 28.481299506293492, 28.413432142469713, 28.47803039550797, 28.586308458116434, 28.554534233941126, 28.564225599500976, 28.5781344943577, 28.619469197591172, 28.594825575086873, 28.633137681749208, 28.57720065646716, 28.35651516384557, 28.470291476779607, 28.54096374511725, 28.50735778808604, 28.382867431640687, 28.263219197591265, 28.31584981282566, 28.39445902506522, 28.415809800889846, 28.370851982964478, 28.432996961805582, 28.4144402398004, 28.351322767469753, 28.290925428602545, 28.35076904296888, 28.38540785047756, 28.376406521267445, 28.350777859158047, 28.453568522135527, 28.491456434461913, 28.47360772026913, 28.515462917751808, 28.730686442057372, 28.85958455403653, 28.883005099826562, 28.88631150987423, 28.88423224555127, 28.80144619411904, 28.837866550021772, 28.937309095594703, 29.038382636176266, 28.993086412218037, 29.056750488281352, 29.196486070421106, 29.25943060980914, 29.26499871148017, 29.32896152072493, 29.39518330891936, 29.417485215928917, 29.375441487630287, 29.41673007541245, 29.481079101562575, 29.48613416883694, 29.67941114637595, 29.750749376085196, 29.75420600043414, 29.83320922851569, 29.82216593424486, 29.81839667426226, 29.672655910915882, 29.71085238986558, 29.87253011067722, 29.886842176649377, 29.937923177083366, 29.917234632704055, 29.901987372504475, 30.00401136610255, 30.01775716145848, 30.028980509440146, 30.023602634006085, 30.047813585069587, 30.099928792317822, 30.129035780165015]}