{"latitud": 7.471, "longitud": -74.9774, "radiacion": [26.101792399088595, 26.221629842122542, 26.342526923285693, 26.352106051974925, 26.231464640299595, 26.091758219401154, 26.30086975097665, 26.36538323296452, 26.328942871093886, 26.394666883680713, 26.37045627170151, 26.475834486219735, 26.659163750542575, 26.579890950521, 26.483025444878592, 26.38016018337686, 26.633047824435874, 26.71772223578567, 26.62887810601141, 26.548004150390707, 26.490027872721466, 26.645377943250995, 26.842147148980093, 26.89073520236559, 26.800093926323843, 26.721123928494006, 26.929298909505366, 27.042561848958428, 27.071351453993245, 27.00828213161905, 26.955194769965413, 27.077341376410747, 27.33408067491329, 27.316647338867295, 27.35483262803831, 27.327389865451476, 27.50761718750012, 27.643640475802993, 27.732353379991405, 27.608153957790893, 27.62265184190547, 27.925405883789207, 28.035884602864712, 28.01448092990457, 27.9952599419489, 27.88846605088986, 28.061703152126825, 28.274716525607726, 28.205019124349064, 28.181298149956678, 28.104536946614683, 28.284314643012255, 28.45156928168412, 28.493350558810846, 28.412153455946264, 28.409576076931575, 28.5089447021485, 28.649433390299578, 28.624838935004448, 28.540592108832566, 28.327117919922028, 28.48671739366328, 28.63464626736121, 28.655008273654612, 28.578894042968823, 28.540146552191953, 28.672223239474892, 28.828336588541788, 28.829584757487126, 28.749198065863865, 28.65599873860693, 28.692657470703296, 28.9248484293621, 28.799408976237107, 28.783689032660675, 28.80831909179697, 28.87120937771276, 29.055000474718025, 29.021357557508775, 28.951619127061747, 28.894235907660683, 29.083810085720568, 29.09950256347662, 28.974128892686753, 28.800350613064325, 28.746896362304806, 28.883492024739706, 29.009491644965408, 28.892512342665025, 28.848202853732726, 28.79379543728309, 28.81723225911469, 29.04044731987858, 28.990304226345604, 28.915948825412404, 28.876964992947176, 29.02218017578133, 29.159299723307374, 29.093403116862078, 28.887940470377675, 28.810599772135486, 28.86248575846359, 28.81210021972663, 28.79562310112861, 28.662128024631198, 28.62581075032561, 28.688137817382913, 28.759345838758804, 28.772060818142506, 28.651512993706717, 28.608439127604317, 28.694166056315225, 28.69669291178396, 28.73813747829873, 28.456269327799664, 28.37173733181436, 28.365351698133868, 28.403037855360367, 28.36033020019543, 28.356625705295244, 28.322832573784904, 28.350448947482693, 28.30304972330745, 28.27372436523446, 28.24397820366761, 28.21835937500013, 28.31979098849835, 28.24290364583347, 28.14868164062506, 28.05001085069451, 28.104334513346448, 28.184396023220568, 28.156574842665066, 27.96933898925795, 27.79006991916238, 27.715039740668544, 27.792781914605104, 27.861005655924544, 27.680232069227486, 27.612895033094713, 27.69444580078139, 27.572578938802206, 27.45626152886295, 27.411783515082544, 27.35720248752176, 27.422377522786576, 27.4900190565322, 27.57823554144977, 27.6592325846356, 27.531074693468042, 27.67225918240024, 27.726272243923685, 27.76008877224395, 27.72634039984818, 27.4391272650826, 27.45655212402359, 27.564956325954995, 27.680989922417606, 27.628602091471482, 27.518034871419314, 27.50531073676221, 27.629500664605114, 27.627023315429792, 27.519271172417632, 27.34287007649751, 27.332647026909854, 27.441915893554796, 27.588161214192855, 27.55238850911466, 27.515270996093918, 27.68826158311646, 27.69828898111996, 27.679886203342107, 27.59840121799063, 27.670918443468015, 27.683839925130314, 27.671931966146005, 27.6993699815539, 27.720974053277, 27.516928439670266, 27.634581163194564, 27.83719516330304, 27.82565036349833, 27.78177015516498, 27.671593560112928, 27.602640109592148, 27.786683824327408, 27.99884575737853, 28.036819118923727, 27.944076199001813, 27.91440056694889, 27.827061631944503, 27.943293931749206, 27.90505642361124, 27.71083272298186, 27.76400553385425, 27.99851074218756, 28.067195977105126, 27.876644219292643, 27.753097195095602, 27.81780531141506, 27.92006937662772, 27.968269517686718, 27.93234015570755, 27.72659946017802, 27.85230577256952, 28.07803615993934, 28.110409206814325, 27.948248291015677, 27.878149414062648, 27.742917548285657, 27.758901299370734, 27.801707628038326, 27.776260036892438, 27.655956013997486, 27.72616543240027, 27.83379347059476, 27.915875583224988, 27.897368706597337, 27.769736056857806, 27.68876749674492, 27.887355889214575, 27.857361518012187, 27.844279310438463, 27.638579983181558, 27.555227322048665, 27.725291612413344, 27.74044833713117, 27.681405978732755, 27.522800021701496, 27.566618516710207, 27.66987542046445, 27.8095991346572, 27.758214992947178, 27.496623060438484, 27.5215257432727, 27.608025105794372, 27.704096815321275, 27.660829671224064, 27.47003241644984, 27.439502292209287, 27.32095540364597, 27.412969631619053, 27.524058702257054, 27.18092108832472, 27.129288058810896, 27.009039645724954, 27.172482299804738, 27.19004855685779, 27.082025146484472, 27.18728468153222, 27.21140374077699, 27.243029785156352, 27.258636813693727, 27.114321560329945, 27.096757337782226, 27.003081597222245, 26.962073432074742, 26.800779893663275, 26.67017517089853, 26.611835394965322, 26.587765163845635, 26.598395114474915, 26.48917338053394, 26.433033243815203, 26.431762695312614, 26.5309109157987, 26.561420016818698, 26.493854777018328, 26.325402153863006, 26.29552408854177, 26.35629035102009, 26.28920559353308, 26.256837632921094, 26.111395263672023, 26.173452080620695, 26.254267713758754, 26.3030080159505, 26.246662055121647, 26.100837877061753, 26.11941901312944, 26.21109246148016, 26.140386284722354, 25.996898396810025, 25.84837476942285, 25.823125881619017, 25.9657569037545, 25.83899366590721, 25.752432250976668, 25.67775946723096, 25.752390204535654, 25.835418701172006, 25.817794460720545, 25.768372260199744, 25.678653632270066, 25.65872497558604, 25.762264675564364, 25.785419718424578, 25.67744276258693, 25.65384928385426, 25.73027648925796, 25.735824924045215, 25.702850680881184, 25.61509365505655, 25.583138699001836, 25.517558458116373, 25.690513441297867, 25.678904893663287, 25.666538831922917, 25.63490736219626, 25.539499240451505, 25.46085917154956, 25.539608086480143, 25.53964742024749, 25.554471164279636, 25.492499457465367, 25.411546495225803, 25.551153225369017, 25.63080647786465, 25.58511691623276, 25.49260626898888, 25.63983730740036, 25.727930026584357, 25.73031616210949, 25.727401394314295, 25.649652438693693, 25.755040147569503, 25.848225911458353, 25.87390001085087, 25.804699367947155, 25.850013902452343, 25.928019205729317, 25.939454142252714, 25.92752075195322, 25.89538099500881, 25.829363335503597, 25.90029635959212, 25.985818481445374, 25.87643907335084, 25.928052096896774, 25.846422661675472, 25.944514295790004, 25.926874118381193, 25.931376817491486, 25.87247416178396, 25.81134745279951, 25.90672403971365, 26.01430053710946, 25.939474148220597, 25.836840820312602, 25.845629543728382, 25.919474962022644, 26.06747097439243, 26.134033881293515, 26.116881306966267, 25.97706332736554, 26.15249938964858, 26.286695014105987, 26.227530924479293, 26.0985314263239]}