{"latitud": 2.8239, "longitud": -73.2507, "radiacion": [24.989754231770974, 25.127020602756165, 25.272302924262306, 25.198973592122496, 25.210585530599115, 25.205784776475813, 25.313724093967135, 25.381005859375097, 25.434480116102577, 25.407826063368173, 25.347244940863845, 25.494568210178063, 25.55053914388024, 25.597754923502706, 25.571900431315157, 25.5781789143882, 25.65182257758259, 25.684018622504368, 25.722310045030497, 25.74687737358954, 25.73178270128045, 25.814268324110305, 25.96522454155824, 25.98392367892806, 25.90269266764331, 25.824844699435914, 25.96627977159299, 26.112731594509665, 26.112850613064342, 26.107389322916806, 26.104940456814347, 26.191919284396818, 26.269960869683302, 26.371473524305713, 26.33761528862853, 26.40585191514769, 26.54978875054267, 26.59506937662771, 26.516921318902032, 26.519963243272667, 26.485552639431507, 26.551197984483604, 26.66982930501308, 26.633601548936724, 26.721097479926318, 26.615980699327356, 26.62461954752615, 26.764846462673688, 26.766730414496635, 26.776173570421083, 26.58475443522148, 26.66518486870666, 26.695308091905513, 26.805320909288337, 26.863766818576476, 26.77510986328129, 26.845310465494947, 26.925369940863806, 27.00176255967902, 27.01013963487425, 26.778723483615522, 26.773996310763966, 26.712426418728455, 26.86653306749143, 26.852608235677184, 26.704847547743157, 26.70316297743064, 26.754664442274343, 26.746980794270957, 26.729269748263977, 26.534214613172804, 26.58163384331611, 26.539790852864652, 26.581359863281406, 26.574810451931494, 26.451017591688487, 26.378293185763937, 26.33683641221802, 26.331142849392467, 26.35869547526056, 26.224630737304818, 26.286897786458383, 26.341469997829922, 26.24515821668848, 26.19481201171891, 26.050503200954967, 26.016471693250974, 25.9424357096356, 25.896657986111165, 25.87278781467033, 25.788087972005354, 25.65963846842457, 25.603384738498335, 25.674469672309158, 25.651920572916804, 25.566846381293562, 25.587070380316927, 25.54628974066846, 25.583685641818743, 25.598219129774407, 25.485476006401996, 25.440909152560874, 25.483833482530503, 25.480046590169405, 25.481169297960133, 25.448817613389867, 25.316586642795187, 25.297011311849044, 25.28086513943155, 25.323630777994936, 25.228919474283924, 25.25325283474403, 25.17643466525622, 25.14419793023012, 25.122593519422896, 25.070201619466292, 24.977219306098238, 24.97261386447489, 24.958194986979223, 25.01828443739161, 24.951672702365574, 24.856210666232737, 24.808978271484495, 24.74213765462245, 24.755776977539217, 24.775858561198067, 24.70649956597229, 24.641278415256107, 24.612023247612893, 24.635116238064352, 24.600270589192785, 24.582662624783097, 24.577760145399356, 24.52068820529526, 24.556403605143355, 24.57298990885435, 24.554620022243984, 24.49331834581174, 24.445867919921948, 24.414915296766633, 24.37608574761299, 24.30795152452265, 24.296498616536535, 24.347058105468857, 24.28925645616336, 24.26898193359388, 24.259313286675518, 24.190451049804818, 24.228083292643305, 24.236350843641617, 24.215670437283126, 24.109737141927173, 24.00694037543415, 24.05045132107216, 24.056731160481906, 24.002358669704943, 23.975831434461913, 23.947564358181527, 23.993270195855132, 23.99940456814244, 23.949209594726693, 23.880371093750114, 23.89400804307735, 23.919861857096464, 23.9715996636286, 23.938650173611222, 23.906009928385515, 23.908157348632887, 23.93916354709207, 23.92177225748706, 23.872092013889016, 23.831860012478405, 23.83807101779526, 23.835332234700633, 23.864776611328278, 23.82188415527355, 23.79995218912772, 23.79414842393673, 23.79885965983082, 23.797197808159808, 23.76449008517805, 23.803808593750116, 23.848690795898506, 23.809286499023568, 23.773003133138143, 23.78672553168413, 23.793382771810002, 23.770264689127696, 23.767889743381204, 23.808156670464502, 23.782341172960155, 23.814940388997474, 23.796083916558285, 23.74399041069887, 23.794530232747416, 23.795708889431562, 23.893155585395107, 23.862095472547804, 23.849691772460996, 23.8298414442275, 23.795226033528802, 23.79518195258254, 23.806145562066092, 23.862361992730182, 23.83704291449658, 23.80875278049058, 23.854198540581688, 23.846226671007116, 23.86327887641073, 23.917795477973243, 23.937557305230126, 23.891564941406404, 23.915403578016594, 23.89245402018243, 23.923659600152007, 23.968178982205018, 23.995082600911548, 23.94574686686214, 23.99502733018674, 24.00899081759997, 24.045569186740522, 24.125728013780513, 24.153066338433234, 24.09169548882384, 24.14408298068584, 24.16354878743503, 24.245896402994845, 24.213710530599087, 24.26351928710947, 24.265213351779625, 24.297175767686742, 24.33872443305131, 24.299116346571225, 24.27976888020845, 24.291708713107766, 24.365908813476608, 24.388123914930645, 24.428116861979277, 24.543949042426295, 24.507215372721436, 24.490398491753563, 24.546386040581734, 24.55490892198363, 24.6201588948569, 24.63430820041242, 24.71003146701395, 24.68966505262597, 24.753439331054796, 24.85235324435776, 24.92233615451401, 24.901457044813508, 24.883178710937575, 24.862170749240516, 24.946211751302258, 24.970910983615585, 24.968335639106026, 24.972798326280458, 25.001292588975787, 25.02565002441412, 25.106202189127753, 25.13215772840721, 25.12263861762162, 25.134577433268344, 25.19320949978311, 25.247719997829986, 25.283201090494913, 25.287367757161558, 25.240757581922804, 25.299871148003547, 25.311372545030412, 25.26164109971798, 25.31314595540374, 25.402936808268375, 25.385594007704128, 25.381899346245802, 25.399831136067764, 25.392898898654625, 25.39216613769537, 25.35037909613726, 25.334901597764865, 25.389022148980093, 25.420743815104284, 25.41165500217022, 25.41785719129784, 25.449285210503586, 25.34198710123707, 25.395013427734494, 25.37398579915373, 25.411241658528734, 25.460686577691053, 25.358980305989746, 25.421161566840414, 25.37748786078568, 25.347439236111217, 25.37225646972657, 25.334087795681512, 25.337769571940196, 25.329705810546994, 25.346388414171088, 25.337997775607715, 25.303740098741383, 25.287963528103415, 25.29668375651058, 25.231185913085994, 25.325803629557374, 25.300523885091252, 25.22124328613292, 25.2191382514107, 25.14600694444452, 25.187703450520928, 25.088984171549555, 25.112597317165903, 25.14123060438381, 25.117037285698796, 25.11715257432731, 25.129989624023533, 25.0945275200739, 25.091303168402817, 25.062868923611216, 25.04214545355912, 25.002480400933276, 24.958327907986188, 24.974362860785693, 24.90664096408428, 24.909549628363873, 24.82874518500441, 24.913081190321293, 24.959470621744856, 24.911073133680645, 24.937428792317803, 24.935118950737927, 24.977623833550428, 24.87608506944453, 24.803820800781352, 24.856658596462832, 24.85871073404968, 24.902167765299584, 24.892147827148587, 24.76372172037774, 24.84782172309038, 24.88927273220499, 24.912352837456712, 24.854172431098164, 24.854443020290926, 24.87227410210515, 24.804253133138122, 24.783692423502657, 24.771340603298654, 24.655608452691045, 24.77884758843324, 24.71524624294716, 24.757128228081683, 24.77068074544282, 24.823441229926363, 24.908046129014963, 24.840401543511444, 24.905819363064364, 24.96414794921884, 24.991762288411547, 24.97067532009559]}