{"latitud": 1.6849, "longitud": -77.7531, "radiacion": [22.793978881836022, 22.810955810547018, 22.805060831705855, 22.70748223198795, 22.727127075195426, 22.790974595811747, 22.7219516330296, 22.782223849826533, 22.74137946234818, 22.658168538411548, 22.743201022678047, 22.745968627929756, 22.754961480034883, 22.67868889702699, 22.701560804579078, 22.767063734266628, 22.714242892795273, 22.777095201280492, 22.7480851915149, 22.731566365559974, 22.77643466525618, 22.70378689236124, 22.7381818983291, 22.748710801866494, 22.72672017415374, 22.745537312825643, 22.682099405924646, 22.71371731228311, 22.72609965006518, 22.78722398546019, 22.799798583984455, 22.831286282009632, 22.786339314778747, 22.759702894422816, 22.775812784830823, 22.925889417860315, 22.954301283094708, 22.92036912706178, 22.927999877929796, 22.95999450683604, 23.045365058051306, 22.949782986111263, 23.017150539822165, 22.87976888020844, 22.917146131727534, 23.053944227430634, 23.032531399197165, 23.031625027126854, 22.947500271267433, 22.921482001410634, 22.979167005750963, 23.07601860894103, 23.03145107693153, 23.03612501356351, 23.096405368381188, 23.08882581922747, 23.04463399251307, 23.06552429199229, 22.998970201280482, 22.99896714952274, 22.983847724066965, 22.930297512478358, 22.913990275065203, 22.88472425672749, 22.980637953016583, 22.997153388129423, 23.05332946777355, 22.95663519965287, 22.975801595052207, 22.93465474446623, 22.99203864203569, 22.930803087022735, 22.89097561306437, 22.900913831922917, 22.91433512369802, 22.95612487792984, 22.955445353190214, 22.960135565863766, 22.99814622667111, 23.03730434841587, 23.11610310872415, 23.08070034450967, 23.039902750651095, 23.02379455566417, 23.038418918185886, 23.034347195095602, 22.97866821289074, 22.97512376573368, 23.014933946397758, 23.000108506944553, 23.042607625325598, 23.059271240234466, 23.053994750976656, 23.05137532552097, 23.05001458062075, 23.119041612413316, 23.070004950629443, 23.03014051649316, 23.09782477484818, 23.039357164171047, 23.103525458441936, 23.060824924045278, 23.084039984809163, 23.06687791612431, 23.080701700846493, 23.059916517469656, 23.083001369900234, 23.086138237847308, 23.114412434895957, 23.091189914279596, 23.085429212782234, 23.110667588975748, 23.160524495442832, 23.08393758138027, 23.066867065429765, 23.11620890299493, 23.116144816080862, 23.116935560438474, 23.07419365776917, 23.11401435004355, 23.170865885416713, 23.16577317979619, 23.136119249132005, 23.117031860351688, 23.16764899359822, 23.175574747721402, 23.187004258897673, 23.160174221462853, 23.153134833441964, 23.170257229275293, 23.283460828993118, 23.19646335177964, 23.128170098198876, 23.04691535102008, 23.109799872504464, 23.21128438313815, 23.167742919922016, 23.09482320149751, 23.03177015516505, 23.076236300998364, 23.12561747233084, 23.060058593750096, 23.012934705946275, 22.965699598524434, 23.00307481553828, 22.990378824869897, 22.956565009223198, 22.95355868869363, 22.948808458116446, 22.952790662977538, 22.991242811415077, 22.92173394097233, 22.85948520236555, 22.78980000813821, 22.789303249783114, 22.907840983072976, 22.914618598090346, 22.835854424370705, 22.75808953179266, 22.864454142252722, 22.899912516276192, 22.84664543999575, 22.74278564453139, 22.719683159722383, 22.855282592773467, 22.941028171115608, 22.96644999186206, 22.99697469075524, 23.012281629774446, 23.0274525960287, 23.07550523546011, 22.996280924479304, 22.99479539659298, 22.929715643988818, 23.00130649142803, 23.150145806206655, 23.14150661892366, 23.068991427951484, 23.096016438802128, 23.202531602647678, 23.257025824652885, 23.238268703884653, 23.134913465711936, 23.10216946072065, 23.23756849500879, 23.26397026909723, 23.243177625868174, 23.282894558376807, 23.35595703125013, 23.395660400390756, 23.448927137586946, 23.44163241916243, 23.450714450412402, 23.35163642035606, 23.398335774739678, 23.544556003146756, 23.480188327365493, 23.41469862196188, 23.475699530707516, 23.569411892361227, 23.595032755533907, 23.571909586588657, 23.487736341688386, 23.440634155273546, 23.598631117079112, 23.722730170356076, 23.651245456271795, 23.680130004882873, 23.656331041124233, 23.632608371310937, 23.72469618055561, 23.67464463975703, 23.591002061632082, 23.559400770399424, 23.65924987792984, 23.79831814236123, 23.79529147677971, 23.76024475097671, 23.703449842665027, 23.73652343750005, 23.822192382812602, 23.738356187608627, 23.716718207465362, 23.67983839246972, 23.6019612630209, 23.64498358832475, 23.601430596245777, 23.59045138888897, 23.582336086697087, 23.577902560764056, 23.530915662977502, 23.488660685221458, 23.482180447048695, 23.49044698079437, 23.536477661132892, 23.58677062988291, 23.66204223632826, 23.659702555338658, 23.63193325466595, 23.63694085015203, 23.67352430555572, 23.595173475477452, 23.540703328450643, 23.514038425021834, 23.445694308810857, 23.442172241211, 23.44406670464419, 23.41228434244806, 23.38775533040378, 23.297853597005354, 23.32078382704007, 23.25228508843323, 23.25161031087248, 23.201092868381124, 23.1902323404949, 23.200804307725793, 23.21217210557728, 23.21598782009558, 23.162412855360362, 23.10822075737862, 23.084838867187575, 23.017626953125085, 23.039302571614673, 23.019823879665825, 22.97243041992194, 22.978996785481854, 22.968931749132082, 23.004213799370746, 23.026555379231922, 22.975741577148558, 22.97970445421019, 23.009325154622502, 22.941528998480937, 22.858897230360316, 22.85464952256956, 22.89364352756083, 22.853993055555748, 22.881280856662425, 22.88332248263896, 22.835054524739707, 22.846448432074755, 22.834318712022725, 22.822892591688532, 22.80362481011298, 22.80619744194888, 22.7499487982857, 22.764817979600764, 22.71825154622407, 22.690597195095602, 22.66346706814242, 22.70040113661035, 22.65170525444887, 22.608605957031344, 22.65163540310334, 22.604920111762244, 22.628450859917677, 22.57541334364161, 22.620426771376064, 22.59118109809045, 22.566320122612975, 22.580124918619862, 22.54525214301225, 22.52713216145842, 22.517908393012302, 22.546114095052246, 22.52488572862431, 22.46098395453572, 22.53514065212687, 22.525467597113828, 22.505976019965335, 22.45978868272577, 22.476302422417632, 22.47490607367634, 22.394923909505305, 22.403302680121612, 22.366936238606772, 22.423094007704094, 22.395390150282235, 22.406110636393368, 22.408519151475844, 22.46739027235253, 22.52919311523444, 22.527817789713595, 22.533933173285693, 22.514740329318688, 22.531646728515682, 22.566956244574783, 22.490619913737095, 22.471067640516576, 22.552551947699765, 22.56876152886296, 22.570741780599104, 22.558658515082527, 22.57102932400183, 22.579855346679835, 22.630137803819576, 22.5696116129558, 22.5764431423612, 22.54972127278658, 22.531847466362933, 22.51187574598536, 22.52549201117635, 22.540654161241395, 22.525872124566074, 22.572676595052144, 22.642393324110362, 22.682990858290015, 22.677410549587762, 22.622192382812653, 22.6068552652996, 22.642090861002753, 22.661551242404602, 22.652299329969765, 22.630576578776203, 22.654572889540038, 22.79337226019976, 22.77373758951831, 22.764129299587825, 22.700985039605126, 22.650323825412425]}