{"latitud": 7.0636, "longitud": -71.0164, "radiacion": [27.109825981987967, 27.15146891276051, 27.214097764757053, 27.411262681749218, 27.441706678602543, 27.35767313639333, 27.38119642469627, 27.564388359917587, 27.769414605034797, 27.861686197916736, 27.634301757812505, 27.723474799262267, 27.767713419596493, 27.909784952799594, 28.033044433593833, 27.754613240560065, 27.855723402235373, 27.869154866536576, 28.07777709960946, 28.235098944770073, 28.113717651367267, 28.155688476562585, 28.167806328667666, 28.262627495659785, 28.36216125488293, 28.299822319878576, 28.354452853732806, 28.402231513129493, 28.57107340494802, 28.55086195204001, 28.511845906575672, 28.58481750488291, 28.775256008572153, 28.894345431857747, 28.989394124349076, 28.86403842502178, 28.92555168999574, 29.016049533420244, 29.212552897135556, 29.200134616428027, 29.193403455946257, 29.225623236762246, 29.328734334309956, 29.46316833496104, 29.6246598985461, 29.46231045193154, 29.501971096462757, 29.504197523328987, 29.72231207953566, 29.73817172580304, 29.694292534722383, 29.683059014214475, 29.832407972547855, 30.013127983941086, 30.011566840277847, 29.882588026258873, 29.81907009548625, 30.016822306315174, 30.339733547634676, 30.405793253580843, 30.28437872992627, 30.315407986111154, 30.388250054253472, 30.56497395833344, 30.501773749457584, 30.51565823025182, 30.659109836154602, 30.57802734375015, 30.690301174587812, 30.660597737630326, 30.662080891927186, 30.663340928819554, 30.719861857096458, 30.748785061306535, 30.816330634223238, 30.720656331380287, 30.737691921658097, 30.888854641384643, 30.936546495225784, 30.853803168402845, 30.675119018554824, 30.60506218804261, 30.598405626085196, 30.581458875868066, 30.66814032660602, 30.398614162868967, 30.451044379340374, 30.36515028211818, 30.377657741970648, 30.317100355360406, 30.141084120008795, 29.955855645073896, 30.060810004340397, 29.942823961046106, 29.961441718207634, 29.963448757595586, 29.893464152018357, 29.94427490234388, 29.825318739149395, 29.573603651258754, 29.512029351128547, 29.40630764431438, 29.308897230360305, 29.366643948025246, 29.440869479709267, 29.27552456325971, 29.216367594401067, 29.276669311523545, 29.20293680826838, 29.005097113715426, 28.762324354383775, 28.742882961697205, 28.52639465332042, 28.38580220540378, 28.24884134928402, 27.975661214192865, 27.897971259223223, 27.906238471137254, 27.928119574652914, 27.789160834418528, 27.472652180989712, 27.293221367730137, 27.211596679687602, 27.255383300781343, 27.346080864800456, 27.16016065809477, 26.971041531033126, 26.843207465277885, 26.834032185872502, 26.835919189453232, 26.79502054850269, 26.65388556586379, 26.62412889268673, 26.576418728298695, 26.575971815321356, 26.33710055881083, 26.23737419976146, 26.330008273654602, 26.296397230360373, 26.100277031792643, 25.897213745117295, 25.74769151475711, 25.666663614908927, 25.816661919487995, 25.793492635091223, 25.763810560438458, 25.67724439832909, 25.679941134982773, 25.743785603841275, 25.614035373264016, 25.47130635579443, 25.36637132432738, 25.251208496093835, 25.292262437608656, 25.372743055555606, 25.25191921657995, 25.11800842285159, 25.147384982639, 25.118733384874215, 25.12941012912332, 25.061129760742272, 24.854501681857716, 24.896512858072924, 24.94968532986121, 24.96240268283435, 24.99838867187515, 24.8714253743491, 24.87950575086815, 24.875457763672014, 24.8269334581164, 24.879129706488794, 24.7528337266711, 24.671716647678068, 24.700891791449767, 24.65186801486554, 24.631644354926266, 24.549572075737974, 24.592287868923716, 24.53625827365458, 24.634924316406302, 24.560122680664147, 24.549143134223204, 24.52046746148011, 24.55871955023882, 24.58540005154087, 24.505979749891594, 24.49934488932301, 24.512739054362132, 24.601701863606877, 24.569226413303017, 24.604559326172023, 24.582355753580753, 24.51193406846799, 24.507599216037438, 24.522528076172005, 24.563876003689376, 24.515338812934132, 24.545212131076482, 24.573992241753633, 24.602899848090416, 24.622653537326553, 24.59519755045585, 24.640194363064307, 24.64498257107211, 24.676704915364706, 24.688560655382066, 24.603819783528763, 24.516339111328193, 24.603042263454977, 24.620814344618136, 24.591760932074788, 24.621043226454088, 24.706553480360373, 24.730932278103392, 24.74031270345057, 24.783458116319576, 24.754840426974926, 24.794513278537426, 24.76773579915378, 24.827211507161604, 24.86234232584644, 24.907347615560052, 24.8303304036459, 24.91512315538203, 24.97497660319014, 24.964106580946368, 24.935590277777862, 24.955374145507864, 24.96138712565113, 25.016255357530458, 25.023136054145045, 25.06661783854177, 25.081053670247474, 25.040371365017524, 25.120073106553946, 25.15291917588981, 25.14073452419717, 25.159943983290002, 25.22574022081172, 25.25581631130653, 25.229577297634723, 25.260805257161508, 25.344924587673688, 25.328406778971402, 25.4551184760201, 25.5065277099611, 25.47885945638029, 25.552619425455834, 25.59325527615037, 25.6655775282119, 25.712941487630246, 25.667698838975827, 25.768205769856895, 25.8946773952909, 25.88932461208773, 25.83396470811643, 25.750116984049612, 25.849509345160698, 25.95034688313814, 26.05548570421007, 26.11259731716596, 26.075080023871674, 26.11134982638896, 26.243730333116407, 26.275921969943642, 26.389200846354225, 26.387479994032237, 26.34966125488296, 26.408639865451487, 26.394209120008743, 26.33553636338985, 26.38575236002616, 26.50288831922751, 26.491900295681507, 26.463998074001836, 26.52184617784295, 26.552485487196254, 26.59775390625009, 26.539931233724058, 26.517972140842062, 26.50360175238721, 26.482637532552207, 26.465385606553905, 26.557199096679824, 26.62139146592888, 26.523785739474913, 26.622154405382087, 26.517382134331626, 26.55448031955306, 26.641792127821265, 26.533517116970586, 26.487448798285683, 26.557628716362924, 26.53028971354176, 26.630146620008798, 26.632294718424607, 26.580023871527846, 26.437190416124263, 26.379501003689352, 26.38118625217021, 26.30923292371972, 26.259480455186708, 26.210663859049646, 26.3314483642579, 26.39205932617197, 26.390135023329112, 26.317858208550472, 26.34873860677097, 26.288942464192775, 26.168762885199744, 26.210284762912448, 26.178501383463697, 26.18650716145845, 26.17361314561636, 26.200689697265677, 26.206046888563474, 26.262259250217085, 26.212841118706688, 26.233562215169343, 26.247280205620694, 26.179103597005337, 26.228298272026993, 26.296505398220614, 26.380731540256154, 26.132526312934107, 26.081497870551384, 26.241231282552196, 26.288186984592187, 26.365463595920176, 26.416338772244014, 26.399164835612073, 26.361587185330052, 26.400328572591224, 26.579963175455834, 26.562632581922838, 26.446562364366418, 26.536001247829915, 26.559103732638977, 26.686447143554727, 26.783037990994064, 26.74034762912339, 26.722465684678884, 26.74357876247842, 26.818601142035675, 26.81576877170149, 26.662067667643328, 26.51633232964419, 26.60800408257383, 26.803209431966252, 26.81281297471806, 26.665534464518277, 26.677014838324755, 26.741113281250136, 26.91271023220499, 26.963577270507926, 26.74379035102004, 26.82015143500435, 26.821863471137288, 26.89848293728316, 27.014437527126788]}